brand,year,fuel_type,transmission,mileage_kmpl,engine_cc,horsepower,owners,insurance_valid,city,price_lakh
Mahindra,2015,Electric,Automatic,21.99,1971,187.0,1,Yes,Elizabethborough,5.55
BMW,2020,CNG,Automatic,16.65,2048,211.0,3,Yes,Dianestad,3.96
Hyundai,2007,Electric,Manual,15.87,1928,69.0,3,Yes,Hicksville,18.78
Mahindra,2010,Diesel,Manual,16.28,3203,97.0,2,No,Riveraside,10.54
Ford,2018,Electric,Manual,14.11,2361,164.0,2,Yes,Weaverfort,5.62
Hyundai,2022,Petrol,Automatic,12.08,2084,224.0,1,Yes,New Daniellehaven,5.3
Hyundai,2021,CNG,Automatic,8.0,1370,91.0,4,No,East Anthony,11.22
Mahindra,2008,CNG,Automatic,13.78,3420,271.0,2,No,Tonyafort,11.62
Honda,2019,Petrol,Manual,28.52,2749,73.0,2,No,East John,11.19
Ford,2015,Petrol,Manual,19.91,2777,289.0,2,,Thomasland,6.3
Mahindra,2007,Petrol,Manual,25.46,2780,191.0,3,No,North Gabrieltown,9.22
Ford,2007,Diesel,Automatic,16.73,1246,211.0,2,Yes,North Michael,8.44
Ford,2020,Electric,Manual,16.13,1582,155.0,1,Yes,Mckayton,4.25
Hyundai,2009,CNG,Manual,24.87,2080,69.0,1,No,North Brettfurt,4.29
BMW,2014,Electric,Manual,19.5,1743,75.0,2,Yes,Castillomouth,9.65
Ford,2023,Petrol,Manual,14.18,1436,226.0,4,,Cruzborough,8.79
Kia,2008,Petrol,Automatic,20.53,1330,155.0,2,No,Lake Michele,10.21
Hyundai,2023,Electric,Automatic,23.0,918,77.0,1,Yes,Johnborough,11.16
Honda,2015,CNG,Manual,12.29,865,66.0,4,Yes,Lake Joymouth,14.0
BMW,2006,Diesel,Manual,,3092,243.0,3,Yes,Rebeccafort,4.9
Kia,2014,Electric,Automatic,12.55,2904,304.0,2,No,East Joshuaberg,10.52
Kia,2015,Petrol,Automatic,,1867,141.0,1,No,Brandonfurt,11.0
Honda,2020,Petrol,Manual,18.92,3371,190.0,3,No,East Donnastad,6.75
BMW,2023,Diesel,Automatic,20.52,2713,188.0,1,Yes,Lake Jenniferhaven,8.49
Hyundai,2015,Electric,Automatic,17.13,1223,133.0,3,No,Port Christine,6.85
Toyota,2018,Diesel,Manual,10.87,1194,118.0,1,No,East Raymondport,16.43
BMW,2006,Diesel,Automatic,16.23,3297,131.0,1,No,South Jill,8.42
Honda,2009,CNG,Automatic,21.72,2080,219.0,3,Yes,Jacobston,9.81
Kia,2009,CNG,Automatic,25.97,2840,146.0,2,Yes,Jamesview,6.94
Hyundai,2023,Petrol,Automatic,19.13,1753,76.0,1,Yes,Jamesstad,6.08
BMW,2016,Electric,Manual,15.25,2619,148.0,4,No,Lake Traceyberg,2.79
Toyota,2022,CNG,Automatic,20.14,2659,208.0,2,No,Amandafort,12.4
Toyota,2008,Petrol,Automatic,21.36,1562,,4,Yes,South Davidmouth,11.07
Ford,2021,Electric,Manual,18.53,2429,143.0,1,Yes,Paigemouth,6.8
Ford,2014,Petrol,Automatic,18.28,2203,143.0,3,No,Mackmouth,4.4
Mahindra,2010,CNG,Manual,18.85,1242,309.0,2,No,East Anthony,8.72
Honda,2018,Petrol,Manual,18.17,3381,,3,No,New Melissaside,6.01
BMW,2015,Electric,Automatic,19.19,2297,131.0,3,Yes,West Francisberg,7.11
BMW,2015,Electric,Automatic,25.31,956,168.0,4,Yes,Lake Abigailmouth,2.95
Mahindra,2022,Petrol,Automatic,9.87,888,171.0,4,Yes,Port Markfurt,8.87
Kia,2022,Electric,Automatic,17.05,3049,231.0,2,Yes,Cunninghamville,8.95
Kia,2015,Petrol,Automatic,14.27,1779,246.0,2,,Marieport,12.38
Mahindra,2016,Electric,Manual,22.72,1261,,2,No,Johnsonton,7.4
Kia,2009,Petrol,Automatic,17.44,3301,227.0,4,No,Francofort,6.67
Ford,2013,Petrol,Manual,20.24,1179,141.0,4,Yes,Deniseside,1.77
BMW,2013,Petrol,Automatic,23.71,1200,134.0,3,Yes,Jonesmouth,12.4
Mahindra,2014,Diesel,Manual,13.68,1902,308.0,3,No,Port Scott,11.57
BMW,2023,Electric,Automatic,15.89,1350,190.0,3,Yes,Lake Sarahshire,8.11
Toyota,2005,CNG,Automatic,23.3,2209,260.0,2,Yes,West Donton,2.68
Ford,2011,Petrol,Automatic,13.52,1244,127.0,1,,Oconnorburgh,3.14
Hyundai,2008,Diesel,Automatic,16.02,2899,79.0,4,Yes,South Erika,5.81
Ford,2005,CNG,Automatic,11.6,2767,152.0,2,Yes,North Shelbyborough,11.86
Mahindra,2019,Petrol,Manual,23.45,2717,192.0,4,No,Schultzhaven,9.16
Hyundai,2012,CNG,Automatic,15.68,1128,194.0,1,No,North Courtney,2.03
Toyota,2016,Diesel,Automatic,19.4,2731,92.0,4,No,North Andrew,9.62
Mahindra,2022,CNG,Automatic,20.7,2790,91.0,4,Yes,South Katherine,4.64
Honda,2019,Petrol,Manual,14.79,1569,102.0,4,No,Josephburgh,5.91
BMW,2021,CNG,Automatic,10.38,2282,167.0,3,No,Lake Chelseaside,11.89
Toyota,2018,CNG,Manual,17.12,3345,,1,Yes,West Jeremy,11.06
BMW,2018,Petrol,Automatic,17.06,924,125.0,2,Yes,New Michelle,12.37
Kia,2022,Diesel,Manual,17.76,1003,68.0,2,No,Jonesside,7.91
Honda,2022,Diesel,Automatic,17.78,1442,289.0,2,,Port Davidshire,11.53
Honda,2020,CNG,Automatic,16.0,1844,280.0,1,Yes,North Felicia,5.66
Toyota,2005,Electric,Manual,15.85,1389,158.0,4,Yes,Lake Jesusburgh,6.97
Honda,2015,CNG,Automatic,19.19,2386,223.0,2,Yes,Jonesville,6.69
Hyundai,2019,Electric,Manual,14.7,3209,,1,No,North Nancystad,8.1
Honda,2016,CNG,Automatic,17.62,3208,228.0,3,Yes,West Justinbury,2.85
BMW,2012,Diesel,Automatic,15.75,1939,80.0,1,No,Claudiahaven,7.1
BMW,2010,CNG,Manual,19.18,854,87.0,3,No,Martinmouth,13.81
Mahindra,2007,CNG,Automatic,22.43,3139,142.0,1,No,Joneshaven,3.63
BMW,2017,Electric,Manual,22.6,1874,95.0,3,Yes,Garzafurt,2.68
Mahindra,2017,Diesel,Manual,,1641,292.0,2,Yes,Helenport,3.01
BMW,2006,Electric,Automatic,16.66,3101,163.0,1,No,South Lorrainetown,18.65
Hyundai,2009,CNG,Automatic,,1291,65.0,3,No,Rachelside,9.86
Mahindra,2021,Petrol,Automatic,12.92,1784,82.0,4,Yes,Caldwellmouth,6.92
Ford,2010,CNG,Manual,16.63,3420,229.0,2,No,Russellfurt,8.27
Kia,2006,CNG,Manual,16.77,1792,211.0,2,,Stephanieport,8.91
Toyota,2008,Electric,Automatic,15.53,2794,303.0,3,,Smithberg,5.44
BMW,2015,Petrol,Manual,15.51,2732,300.0,3,Yes,Rosestad,5.93
Honda,2012,Petrol,Manual,11.21,1760,105.0,1,No,East Cathy,7.37
BMW,2016,Electric,Manual,12.63,2686,134.0,3,No,Lake Connor,5.1
Honda,2012,Diesel,Manual,18.18,3072,255.0,3,No,Martinezchester,6.41
Kia,2015,Petrol,Automatic,18.33,2845,82.0,4,Yes,Mannfurt,9.41
Kia,2012,Petrol,Automatic,19.93,902,146.0,2,Yes,Lake Nancy,4.01
Kia,2012,Electric,Automatic,16.96,1769,180.0,3,Yes,Rachelburgh,18.44
Honda,2021,Diesel,Manual,18.05,1871,208.0,3,No,Michaelmouth,11.01
BMW,2020,Diesel,Manual,23.0,1536,209.0,4,No,New Charlesburgh,2.92
Kia,2018,CNG,Manual,17.79,2165,124.0,3,Yes,Hughesfurt,-1.91
Hyundai,2015,CNG,Manual,15.47,3080,219.0,4,Yes,East Christineshire,5.25
Mahindra,2011,Electric,Automatic,13.24,1027,141.0,2,Yes,Larsonborough,10.74
Honda,2020,Diesel,Manual,21.19,3369,66.0,2,No,Port Jeffrey,9.96
Honda,2017,Electric,Manual,11.19,2520,241.0,4,Yes,Warrenland,7.56
BMW,2019,CNG,Automatic,14.65,2415,73.0,4,Yes,Stuartburgh,5.59
Honda,2020,Electric,Automatic,19.67,2860,242.0,2,No,North Brian,4.38
Honda,2013,Electric,Automatic,10.37,1244,103.0,2,Yes,Wallaceview,6.39
Kia,2007,Petrol,Manual,15.54,3187,233.0,4,Yes,Chapmanfort,3.95
BMW,2023,Petrol,Manual,18.52,2147,73.0,1,Yes,West James,6.4
Kia,2009,Petrol,Manual,16.47,2419,132.0,2,Yes,New Nicole,13.32
Mahindra,2014,CNG,Manual,14.07,1397,282.0,2,Yes,Elliottburgh,4.92
Mahindra,2021,Electric,Manual,15.63,3004,61.0,4,No,New Tiffany,10.44
Kia,2019,Petrol,Manual,21.27,1981,269.0,4,Yes,Brownland,11.05
Mahindra,2012,Petrol,Automatic,,1597,149.0,4,Yes,Gibsonberg,3.68
BMW,2019,Petrol,Manual,18.56,3338,311.0,1,,Chapmanstad,4.63
Toyota,2018,CNG,Automatic,10.05,1634,106.0,4,Yes,New Richardshire,12.28
Kia,2011,CNG,Automatic,20.27,2832,222.0,1,No,West Brianna,4.3
Hyundai,2016,Electric,Automatic,16.41,1156,175.0,4,Yes,Port Kylefurt,7.77
Hyundai,2021,Electric,Manual,13.62,3209,138.0,4,No,Port Alyssa,16.16
Honda,2021,Electric,Manual,14.8,807,67.0,1,Yes,East Kelly,11.92
Mahindra,2014,Petrol,Automatic,14.97,3319,82.0,3,Yes,East Pamela,8.34
Hyundai,2023,Diesel,Manual,12.36,3019,90.0,2,Yes,Pamelaborough,11.36
Honda,2018,CNG,Manual,17.75,2943,229.0,4,No,Archerport,7.78
Toyota,2015,Petrol,Automatic,25.31,3455,189.0,3,Yes,South Christopher,12.07
BMW,2006,Petrol,Manual,13.6,2129,216.0,1,Yes,East Elizabeth,-0.19
BMW,2022,Electric,Manual,25.19,3321,81.0,4,Yes,South Brooke,7.44
BMW,2011,Electric,Manual,18.83,2773,185.0,1,Yes,Port Mistybury,-0.35
Hyundai,2016,Petrol,Manual,17.63,2288,228.0,1,Yes,Port Jennashire,8.65
Toyota,2006,CNG,Automatic,16.71,1413,225.0,1,,South Candiceville,7.06
Hyundai,2022,CNG,Automatic,14.78,1488,216.0,3,Yes,Kristiborough,13.44
Mahindra,2010,Petrol,Manual,19.17,1697,81.0,1,No,South Chelseashire,10.85
Hyundai,2014,Diesel,Manual,20.09,2151,271.0,2,No,Anthonyburgh,5.9
Toyota,2019,Diesel,Manual,8.3,909,223.0,4,,North Julia,6.38
Toyota,2009,CNG,Automatic,28.17,1509,195.0,4,Yes,Port John,9.52
Mahindra,2007,Electric,Manual,10.76,1960,311.0,2,No,Lake Shannon,5.71
Toyota,2009,Diesel,Manual,15.91,1448,264.0,4,Yes,North Amy,7.87
Toyota,2012,Diesel,Automatic,7.77,3196,301.0,2,No,East Catherine,13.27
BMW,2012,Electric,Manual,16.93,2803,120.0,3,Yes,Rossport,4.68
Mahindra,2012,Diesel,Automatic,16.15,3310,154.0,1,Yes,West Rachelmouth,6.21
Ford,2016,Petrol,Manual,,2466,207.0,3,Yes,Shawnchester,6.77
Ford,2012,Diesel,Automatic,19.22,2327,318.0,2,Yes,East Dennis,20.63
Toyota,2015,Electric,Manual,17.02,2713,89.0,1,Yes,Lake Jasmine,10.43
Ford,2018,Petrol,Manual,20.15,1045,77.0,3,,Martinezmouth,12.53
Ford,2012,Diesel,Automatic,13.05,2408,246.0,1,Yes,Taylorchester,11.07
Toyota,2014,CNG,Automatic,18.31,1597,271.0,1,No,Angelastad,11.34
Ford,2011,Petrol,Automatic,15.47,1873,94.0,3,Yes,New Alexanderbury,9.89
Hyundai,2021,Petrol,Automatic,16.52,1314,206.0,4,Yes,Juanfurt,9.46
Honda,2008,CNG,Automatic,19.08,3073,94.0,2,Yes,Brownside,2.2
Mahindra,2017,CNG,Manual,15.98,3425,,3,Yes,West Donald,9.43
Honda,2008,Diesel,Automatic,17.58,1305,131.0,3,Yes,Yorkfurt,7.57
Toyota,2009,Diesel,Automatic,13.38,954,308.0,4,Yes,Lake Christopherport,10.18
BMW,2008,Electric,Automatic,22.38,2806,116.0,2,Yes,Hectortown,7.72
Mahindra,2022,Electric,Automatic,20.91,2697,69.0,3,Yes,Derekport,11.05
Toyota,2010,Petrol,Manual,18.4,2303,272.0,1,Yes,Bobbystad,11.76
BMW,2006,CNG,Manual,17.03,910,296.0,2,No,South Bradfurt,-3.65
Honda,2015,CNG,Manual,17.58,3330,293.0,4,No,Frankstad,6.26
Toyota,2018,Electric,Manual,22.3,3121,282.0,3,No,Michaelville,0.57
Mahindra,2009,Petrol,Manual,20.63,3002,163.0,1,Yes,Davidchester,8.96
Mahindra,2010,Petrol,Automatic,22.36,2474,157.0,2,No,New Gracebury,6.8
Kia,2014,Electric,Manual,16.63,1990,285.0,3,Yes,Peterville,13.42
Hyundai,2012,Electric,Manual,19.93,1842,281.0,2,Yes,Josephstad,8.83
Ford,2018,Electric,Automatic,22.75,3192,,1,Yes,North Cynthiastad,6.06
BMW,2007,Diesel,Automatic,14.3,3416,212.0,1,No,North Nathanview,11.75
Kia,2016,Petrol,Manual,14.04,2721,283.0,2,No,South Kathryn,6.73
Ford,2020,Petrol,Manual,19.1,1093,178.0,1,Yes,Taylorland,6.01
Ford,2021,Petrol,Automatic,13.06,3492,273.0,1,Yes,Sotostad,9.57
Toyota,2005,Electric,Manual,10.74,2285,112.0,2,No,Rosetown,14.45
Ford,2014,Electric,Automatic,22.7,1137,279.0,2,No,East Jeffrey,11.41
Hyundai,2014,Electric,Automatic,23.4,2627,302.0,4,No,New Alanbury,10.27
Mahindra,2006,Electric,Manual,13.28,3299,112.0,3,No,Port Patrick,19.0
Kia,2013,CNG,Manual,12.27,3191,176.0,4,No,West Marc,5.07
Ford,2017,Electric,Manual,15.39,1516,101.0,4,No,Derricktown,4.98
Toyota,2020,Diesel,Automatic,23.01,1430,306.0,4,No,North Loriville,8.58
Hyundai,2022,CNG,Automatic,16.36,1564,307.0,4,No,Port Racheltown,14.06
Honda,2023,CNG,Manual,18.38,884,160.0,3,No,Peggyhaven,4.23
Mahindra,2016,Electric,Manual,19.3,1536,146.0,2,Yes,Leahburgh,15.02
Mahindra,2012,Petrol,Manual,18.7,2212,143.0,1,Yes,Annchester,2.24
Kia,2021,Electric,Automatic,23.98,1026,280.0,1,Yes,Port Carl,7.52
Mahindra,2019,Petrol,Automatic,15.12,2107,213.0,2,Yes,West Josephmouth,8.69
Ford,2014,Electric,Automatic,17.59,908,110.0,2,No,Chadland,4.47
Toyota,2019,Electric,Manual,18.93,934,97.0,2,Yes,West Marco,5.52
Mahindra,2019,Petrol,Automatic,17.8,1737,318.0,1,Yes,Mitchellstad,11.19
Mahindra,2011,Petrol,Automatic,13.12,1090,246.0,4,Yes,New Joshuamouth,13.77
Honda,2017,Petrol,Manual,12.11,2625,72.0,4,No,Rachelview,-0.46
Honda,2021,Petrol,Automatic,12.03,2536,282.0,4,No,Jonathanburgh,8.72
BMW,2013,Diesel,Manual,20.91,2452,146.0,3,No,Elizabethtown,7.55
Hyundai,2012,Petrol,Automatic,14.72,2667,318.0,4,Yes,Johnstonhaven,8.43
Ford,2022,Electric,Manual,19.88,3241,240.0,3,Yes,Christopherfort,6.73
Mahindra,2017,Electric,Manual,18.35,826,232.0,1,Yes,Richardsonbury,2.84
Mahindra,2020,Diesel,Automatic,14.1,2860,254.0,3,Yes,South Brettburgh,14.17
Toyota,2013,Petrol,Manual,14.2,1353,304.0,2,No,Kingville,12.64
BMW,2016,Electric,Automatic,18.54,1732,255.0,2,No,North Melissahaven,7.58
Hyundai,2016,Diesel,Manual,18.31,3292,121.0,1,Yes,Ramirezport,6.05
BMW,2010,Electric,Manual,19.97,3071,84.0,4,Yes,Hannahberg,5.56
Kia,2023,Diesel,Manual,16.17,2868,111.0,1,No,Lake Davidberg,-2.34
Hyundai,2011,Diesel,Automatic,14.61,2471,109.0,2,Yes,Lake Christina,9.42
Mahindra,2007,CNG,Manual,18.44,2149,111.0,4,No,South Matthewburgh,11.12
Mahindra,2020,CNG,Manual,23.68,2556,99.0,2,No,Woodstad,8.55
Hyundai,2022,Petrol,Automatic,10.49,1266,291.0,1,No,South Krystal,7.65
Mahindra,2020,CNG,Manual,14.8,2048,119.0,4,Yes,Ashleyburgh,8.53
Ford,2011,Diesel,Manual,20.36,2298,275.0,1,No,Beckerburgh,4.59
Hyundai,2008,Electric,Manual,18.87,1417,256.0,2,Yes,Brownberg,6.0
BMW,2012,Electric,Manual,20.42,1257,61.0,4,Yes,Patriciachester,7.33
Hyundai,2017,Petrol,Automatic,16.28,3487,165.0,2,No,Johnborough,10.79
Mahindra,2017,CNG,Manual,11.55,2036,275.0,4,Yes,Williamville,13.52
Ford,2021,Petrol,Manual,,1760,226.0,3,Yes,Richardtown,7.08
Ford,2021,Diesel,Automatic,22.34,2304,306.0,3,No,Hawkinschester,3.82
Kia,2009,CNG,Manual,17.9,979,,2,Yes,Port Samanthaview,8.14
BMW,2010,Petrol,Manual,14.63,3385,117.0,1,Yes,Port Aliciaville,16.05
Honda,2023,Electric,Automatic,16.04,3374,102.0,3,Yes,Bradleyview,4.17
Honda,2017,Electric,Automatic,18.92,2869,197.0,3,Yes,West Scottburgh,11.54
Hyundai,2018,Petrol,Automatic,16.99,2168,168.0,4,Yes,Robinsonfurt,13.34
Kia,2008,Petrol,Automatic,17.94,3424,107.0,4,,Lake Melanieborough,6.56
Toyota,2011,Petrol,Manual,24.44,1562,,4,Yes,Lake Benjamin,5.2
Hyundai,2012,Diesel,Automatic,21.69,1721,273.0,2,Yes,Jonesberg,10.3
Kia,2017,Diesel,Manual,13.32,1544,187.0,1,Yes,Port Kim,9.41
BMW,2010,Electric,Automatic,18.31,2231,257.0,1,Yes,East Jonathan,10.78
BMW,2010,Diesel,Manual,15.92,2310,261.0,4,No,Johnview,16.29
BMW,2007,Diesel,Automatic,19.19,2239,251.0,2,Yes,Murphyborough,8.67
BMW,2007,CNG,Automatic,17.75,2095,166.0,4,No,New Sherrishire,3.23
BMW,2017,Diesel,Manual,29.87,1436,253.0,1,Yes,Rodriguezborough,8.27
Kia,2006,CNG,Automatic,19.72,1823,297.0,2,Yes,East Michael,8.97
Kia,2020,Diesel,Automatic,17.46,951,191.0,4,Yes,Port Aliciaton,13.07
Ford,2010,Electric,Automatic,25.37,812,142.0,4,No,New Angelatown,7.21
Honda,2012,Petrol,Manual,18.82,1514,281.0,1,Yes,Caseland,6.36
Mahindra,2012,Electric,Automatic,11.93,1048,165.0,2,Yes,Alvarezport,2.52
BMW,2010,Diesel,Automatic,17.5,1944,125.0,1,Yes,East Luis,10.19
Toyota,2018,Petrol,Manual,20.45,1186,254.0,2,Yes,Santanamouth,21.39
Mahindra,2007,Petrol,Manual,19.94,1238,247.0,2,No,Salasport,7.11
Kia,2014,Petrol,Automatic,22.02,3147,106.0,4,Yes,North Corey,9.81
Toyota,2007,CNG,Manual,18.61,1520,84.0,1,No,South Melissa,5.81
Toyota,2016,Electric,Manual,18.33,1272,125.0,2,,Romeroburgh,2.87
Toyota,2021,CNG,Manual,12.39,1806,126.0,3,Yes,Blackside,9.74
Ford,2009,Petrol,Automatic,24.11,1432,256.0,4,No,Port Samanthaburgh,8.11
Kia,2013,Electric,Automatic,16.78,3268,305.0,1,No,Kathyfort,-1.54
Toyota,2011,Electric,Manual,14.08,823,159.0,2,Yes,Jacquelinehaven,14.44
BMW,2008,Diesel,Automatic,28.51,1337,237.0,4,No,Angelamouth,9.66
Hyundai,2017,CNG,Manual,24.72,3485,174.0,1,Yes,Tammyview,8.3
Toyota,2017,CNG,Automatic,16.21,2780,227.0,1,Yes,North Toddton,6.31
Ford,2014,Diesel,Manual,10.48,2610,178.0,4,Yes,Christopherchester,9.62
Mahindra,2022,CNG,Automatic,15.13,1339,224.0,2,No,West Joann,9.81
Kia,2021,Petrol,Manual,24.32,2526,278.0,4,No,West Davidside,9.61
Ford,2017,Petrol,Automatic,18.71,1220,256.0,3,Yes,Port Christopher,12.27
Toyota,2021,CNG,Automatic,12.6,1283,296.0,4,Yes,Lake Michael,13.18
Kia,2008,Diesel,Manual,21.14,1828,228.0,1,Yes,Christinaland,16.02
Hyundai,2005,Electric,Automatic,,3004,135.0,3,No,North Brent,4.65
Toyota,2005,CNG,Automatic,15.41,851,92.0,3,No,South Timothy,5.71
Ford,2019,Electric,Automatic,15.71,1042,289.0,2,Yes,Lopezborough,9.44
Honda,2017,Diesel,Automatic,23.23,2486,,4,Yes,Williamstown,4.88
BMW,2021,Electric,Automatic,20.19,3267,289.0,2,No,Parsonsview,5.53
Mahindra,2012,Diesel,Automatic,,2640,155.0,4,No,East Caitlinborough,9.9
Ford,2022,Diesel,Automatic,19.47,1224,230.0,1,No,East Maria,11.6
Kia,2017,Petrol,Automatic,18.43,2927,91.0,2,No,West Elizabeth,13.1
Toyota,2018,Petrol,Manual,16.32,1494,104.0,1,Yes,Bellstad,7.23
BMW,2012,Diesel,Automatic,16.53,1153,131.0,1,No,Robertsbury,9.85
Toyota,2012,CNG,Manual,14.54,2489,79.0,3,No,New Emilyside,8.97
Kia,2019,Petrol,Automatic,15.35,1092,298.0,2,Yes,Lake Calebberg,8.07
Toyota,2017,Diesel,Manual,19.16,1516,258.0,4,No,Sarahtown,4.74
Honda,2011,Electric,Automatic,16.89,1328,124.0,2,No,West Chadhaven,4.23
BMW,2009,Electric,Manual,20.18,1279,247.0,1,Yes,Lisaborough,10.67
BMW,2021,CNG,Manual,14.86,1276,148.0,3,Yes,Heidichester,4.67
Kia,2020,Electric,Automatic,20.83,824,260.0,2,Yes,Morganton,0.89
Mahindra,2006,Electric,Manual,23.26,3278,82.0,3,Yes,Sherrishire,7.87
Honda,2022,Diesel,Automatic,17.97,3164,189.0,3,No,Walkerport,13.82
Ford,2021,Electric,Automatic,20.08,1437,213.0,1,Yes,Williamton,-3.18
Toyota,2011,Electric,Manual,20.24,3205,137.0,2,Yes,Berryport,6.85
Hyundai,2017,Electric,Automatic,15.99,2099,249.0,2,No,Jaredmouth,10.7
Toyota,2022,Electric,Manual,20.25,1489,213.0,2,Yes,Tyronemouth,0.71
Toyota,2018,Diesel,Manual,8.93,1143,172.0,3,Yes,South Dana,7.15
Ford,2022,Electric,Automatic,7.33,2254,176.0,4,Yes,Sandersberg,3.44
Toyota,2017,CNG,Automatic,16.68,3406,64.0,2,No,Andersonton,3.97
Honda,2015,Petrol,Automatic,20.53,1511,94.0,1,No,Matthewberg,6.39
Honda,2020,CNG,Automatic,17.66,3410,,3,No,West Richardtown,3.51
BMW,2021,Petrol,Automatic,20.98,1238,,4,No,Mckeeton,3.17
Kia,2012,CNG,Manual,13.19,2254,73.0,2,Yes,Richardtown,7.76
Mahindra,2023,Petrol,Manual,21.53,942,84.0,4,No,Whitemouth,16.91
Hyundai,2019,Petrol,Automatic,24.52,2583,277.0,3,No,Morenoton,11.03
Toyota,2013,Petrol,Automatic,15.21,1667,313.0,4,Yes,Moorechester,12.04
Toyota,2014,Petrol,Automatic,21.08,3200,262.0,3,No,South Michael,11.19
Ford,2016,Diesel,Manual,18.09,2288,160.0,4,No,East Jay,5.21
Kia,2005,CNG,Manual,19.77,1267,288.0,4,No,Chungland,9.24
Honda,2013,Petrol,Manual,24.51,2287,258.0,3,No,New Amandaport,12.39
Hyundai,2019,CNG,Automatic,19.31,1676,237.0,4,No,West Christineshire,11.31
BMW,2005,Electric,Automatic,21.06,2217,189.0,1,Yes,East Phillip,8.78
Honda,2016,Petrol,Manual,12.95,1718,200.0,2,Yes,North Samantha,10.08
Kia,2007,CNG,Automatic,20.93,2609,72.0,4,Yes,Jessicashire,17.85
Mahindra,2015,Diesel,Automatic,24.44,2576,276.0,4,No,Jacksonberg,11.36
BMW,2006,CNG,Manual,14.31,1881,245.0,4,Yes,Millerstad,6.74
Mahindra,2020,Petrol,Manual,,1949,86.0,2,Yes,East Bailey,7.7
Ford,2013,Electric,Automatic,20.74,1640,277.0,3,No,West Sabrinamouth,3.78
Ford,2019,CNG,Manual,19.79,2899,73.0,2,Yes,Heidiberg,17.39
Toyota,2016,Electric,Automatic,12.56,1811,201.0,4,Yes,Lake Tina,14.42
Mahindra,2005,Diesel,Manual,18.66,1613,,3,No,Griffinport,8.33
Kia,2017,CNG,Manual,16.67,3116,250.0,4,Yes,Kaylaside,16.72
Hyundai,2018,CNG,Automatic,14.13,2943,148.0,3,Yes,East Jennifer,10.53
BMW,2012,Diesel,Automatic,23.43,1072,,4,No,Joemouth,6.28
Honda,2012,Diesel,Manual,18.02,2516,191.0,4,No,East Amanda,11.63
Kia,2016,Diesel,Automatic,21.93,2980,125.0,3,No,North Ellen,9.59
Kia,2005,Petrol,Manual,13.31,2936,207.0,1,No,New Tanner,11.35
Ford,2015,Petrol,Automatic,20.36,804,204.0,2,No,New Amyside,2.52
Mahindra,2012,CNG,Manual,22.25,1156,65.0,3,No,East Nathanport,4.76
Toyota,2014,CNG,Manual,17.03,2166,141.0,2,No,South Denisehaven,13.95
Toyota,2023,CNG,Manual,16.01,1003,182.0,1,Yes,East Maryton,14.77
BMW,2015,Electric,Automatic,12.78,2396,226.0,1,No,New Andrewmouth,13.66
Ford,2011,Diesel,Manual,14.53,3318,296.0,3,No,Lake Kara,16.87
Kia,2015,CNG,Manual,16.19,3311,164.0,1,Yes,Kempview,10.31
Hyundai,2021,Diesel,Manual,14.1,1296,297.0,1,No,North Briantown,10.03
Ford,2005,Petrol,Manual,14.93,1501,141.0,4,No,Nealtown,4.35
BMW,2012,Diesel,Automatic,18.63,1636,153.0,4,,Christopherside,5.68
BMW,2010,Electric,Automatic,19.11,862,125.0,1,Yes,Fryberg,0.05
Ford,2022,Electric,Manual,22.36,2379,171.0,4,Yes,Rebeccastad,6.71
BMW,2010,Diesel,Manual,14.95,1038,230.0,1,Yes,Richardborough,-0.23
Ford,2009,Electric,Automatic,18.09,1339,306.0,4,Yes,Patrickberg,12.32
Honda,2017,Electric,Manual,16.33,997,125.0,1,,North Sean,9.55
Ford,2023,Petrol,Automatic,16.05,1580,127.0,1,Yes,New Daniel,-0.1
Mahindra,2012,CNG,Manual,16.74,829,93.0,2,,West Tiffany,7.24
Ford,2013,Electric,Automatic,17.22,2032,60.0,1,Yes,Armstrongland,15.87
BMW,2021,CNG,Manual,19.0,1886,210.0,2,No,Joneshaven,7.5
Mahindra,2007,Diesel,Automatic,16.68,1880,,3,Yes,Shannonmouth,4.01
BMW,2023,Diesel,Automatic,22.91,2655,297.0,1,No,West Curtis,0.86
Toyota,2015,Electric,Automatic,11.18,2398,175.0,1,,Sarahfurt,0.98
Toyota,2021,Diesel,Manual,22.22,2428,135.0,2,No,Mauriceview,10.14
Mahindra,2023,Petrol,Automatic,16.53,3447,78.0,1,Yes,Petersonfurt,6.26
Honda,2006,Electric,Automatic,17.24,1817,94.0,4,No,Stevenstad,6.6
Toyota,2012,Electric,Manual,17.96,3467,300.0,2,No,Kellytown,6.28
Ford,2023,Electric,Manual,20.82,1869,66.0,2,Yes,Sherrychester,7.44
BMW,2011,Diesel,Manual,14.48,2924,96.0,4,Yes,Bennettport,3.09
Toyota,2021,Diesel,Manual,15.37,1992,212.0,1,No,South Michael,9.26
Toyota,2010,Electric,Automatic,20.0,1613,304.0,3,No,Aaronview,2.31
Honda,2023,CNG,Manual,11.21,1952,309.0,3,No,New Angelahaven,4.98
Mahindra,2010,Diesel,Manual,,2536,174.0,3,No,Boyerland,12.04
Mahindra,2006,Diesel,Manual,14.81,2683,100.0,2,No,New Elizabeth,9.5
Kia,2010,Electric,Manual,13.97,1067,121.0,2,Yes,Goldentown,10.74
Honda,2009,CNG,Manual,11.45,2573,228.0,4,No,Angelafort,16.6
Ford,2023,Electric,Manual,21.09,1384,201.0,1,No,Donovanstad,7.76
Mahindra,2008,Diesel,Manual,18.64,3266,317.0,4,Yes,Port Joyceshire,8.09
BMW,2021,Electric,Automatic,15.31,2690,147.0,2,,West Lisashire,6.94
Honda,2015,Electric,Automatic,,1984,107.0,3,No,Courtneybury,6.23
Toyota,2008,Electric,Automatic,13.63,1881,71.0,1,No,Port Keithside,3.96
BMW,2017,CNG,Automatic,15.86,1183,270.0,3,Yes,Johnsonfurt,8.34
BMW,2021,Electric,Automatic,17.21,3357,303.0,1,No,Carterview,9.42
Toyota,2013,Diesel,Manual,18.26,1229,298.0,3,Yes,Lake Jeannetown,9.64
Honda,2008,Electric,Manual,19.57,3425,256.0,1,Yes,Port Williamshire,8.26
Toyota,2018,CNG,Manual,10.78,1849,316.0,3,Yes,Lake Todd,11.7
Kia,2023,Petrol,Manual,19.58,2633,294.0,4,No,West Tonyberg,8.12
BMW,2007,CNG,Automatic,11.1,3436,246.0,2,Yes,West Christopherfurt,6.36
Hyundai,2018,Electric,Automatic,19.73,1597,260.0,4,No,Amberbury,4.29
Hyundai,2012,Petrol,Manual,17.15,1171,162.0,3,No,Riveraton,1.8
Ford,2005,Electric,Manual,22.37,1859,280.0,1,Yes,New Brittanyland,13.84
Mahindra,2014,CNG,Automatic,15.3,2613,246.0,4,No,East Marie,5.2
Toyota,2022,Petrol,Automatic,21.12,2648,158.0,3,Yes,Margaretbury,4.3
Toyota,2020,Petrol,Automatic,13.33,2090,,2,Yes,East Thomas,6.33
Ford,2012,Electric,Manual,,2987,81.0,1,No,Janeborough,6.89
Ford,2005,Electric,Manual,9.85,866,127.0,4,No,North Andreaton,14.55
Ford,2016,CNG,Automatic,,1814,124.0,2,No,Harperville,6.69
BMW,2012,Electric,Automatic,24.91,2353,276.0,3,No,Matthewhaven,18.53
Kia,2020,Petrol,Manual,15.21,2192,88.0,1,No,North Kyle,8.25
Toyota,2022,Diesel,Manual,18.49,3108,252.0,3,Yes,Davisbury,16.23
BMW,2008,Diesel,Manual,19.78,3474,115.0,1,No,New Karaland,11.58
Ford,2010,CNG,Manual,11.8,2501,271.0,2,No,Sandovalport,9.44
Toyota,2016,Electric,Automatic,15.0,1378,297.0,2,No,Lisatown,14.31
BMW,2013,CNG,Automatic,14.76,2405,259.0,2,Yes,Shaneview,12.49
Kia,2019,Diesel,Automatic,,2026,237.0,4,Yes,New Ryantown,10.54
BMW,2020,Diesel,Manual,,3486,212.0,4,Yes,New Ronnie,17.27
Kia,2016,Electric,Manual,17.13,2758,103.0,4,No,North Bradley,6.01
Ford,2018,Petrol,Manual,21.12,2778,227.0,3,Yes,North Eric,4.02
Kia,2017,Electric,Automatic,18.84,1209,256.0,4,Yes,Jasmineland,5.3
Toyota,2006,Diesel,Automatic,20.37,2511,133.0,1,No,Hardinview,15.01
Ford,2007,Petrol,Automatic,13.79,2960,230.0,2,No,Bakerland,13.8
Toyota,2014,CNG,Manual,23.49,3470,242.0,3,No,Jeffreymouth,5.9
Hyundai,2013,Diesel,Manual,14.93,1639,75.0,3,Yes,Brownfort,-1.42
Honda,2012,CNG,Automatic,15.14,988,127.0,4,Yes,New Amandaland,7.18
Kia,2014,Petrol,Manual,20.36,1076,101.0,1,Yes,Port Rachelstad,3.95
Honda,2023,CNG,Automatic,19.38,2560,169.0,2,No,Christopherport,6.02
Honda,2007,Diesel,Automatic,18.09,2950,,3,No,Ebonystad,3.78
Kia,2009,Electric,Automatic,21.36,2954,65.0,2,Yes,New Daniellestad,1.56
Ford,2007,CNG,Automatic,13.36,2739,240.0,1,Yes,Seanfort,15.53
Hyundai,2020,Diesel,Manual,25.38,2777,244.0,2,Yes,Lake Rodneyview,5.27
Toyota,2021,Diesel,Manual,16.0,3020,203.0,4,No,East Melissamouth,13.65
BMW,2019,Petrol,Manual,17.65,1798,159.0,2,No,South Austinhaven,7.11
Toyota,2007,Diesel,Manual,25.44,1521,149.0,3,Yes,Shawnberg,3.48
BMW,2016,Electric,Manual,15.16,2014,305.0,4,No,South Christineland,10.04
Toyota,2013,Electric,Manual,22.09,2493,298.0,4,,Oliviaton,6.44
Kia,2016,CNG,Automatic,17.14,3072,271.0,4,,Brentborough,7.17
Hyundai,2019,CNG,Manual,14.63,2507,140.0,4,Yes,Davidbury,8.58
BMW,2006,CNG,Manual,16.47,2981,174.0,3,Yes,New Katie,4.75
Mahindra,2022,CNG,Manual,20.27,1860,139.0,1,No,Port Michelleport,1.52
Ford,2016,Electric,Automatic,22.06,2940,115.0,1,No,Port Robert,7.79
Toyota,2008,Petrol,Manual,18.9,2922,238.0,4,Yes,North Timothyfort,11.86
Toyota,2020,CNG,Automatic,11.61,3030,108.0,1,Yes,South Reneeview,4.39
BMW,2020,Petrol,Manual,20.54,1516,319.0,3,Yes,Taylorfurt,8.62
Ford,2005,Diesel,Manual,17.43,1258,89.0,1,Yes,Port Spencer,14.02
Ford,2006,Diesel,Manual,13.59,2501,311.0,1,No,Lisafort,7.64
Kia,2007,CNG,Automatic,19.39,1426,122.0,3,Yes,Patrickton,8.34
Mahindra,2021,Diesel,Automatic,22.54,3256,,1,,Jamesburgh,8.22
Kia,2005,Petrol,Manual,18.03,1006,228.0,4,Yes,South Sherry,5.27
Kia,2010,Petrol,Manual,21.69,2156,217.0,4,Yes,Andrewland,4.03
Kia,2019,Diesel,Manual,19.85,1472,115.0,3,Yes,East Robertfurt,4.04
Kia,2018,CNG,Automatic,,2777,201.0,4,No,Kinghaven,9.47
Kia,2019,Petrol,Automatic,16.78,2739,208.0,4,No,South Travis,11.03
Hyundai,2018,Petrol,Manual,21.27,1072,285.0,4,No,West Nicholas,11.22
Ford,2009,Electric,Automatic,21.66,3226,84.0,4,Yes,East Bradley,6.49
Kia,2010,CNG,Automatic,21.17,3473,,4,Yes,Mcclainburgh,12.37
Ford,2021,Electric,Automatic,16.74,1849,154.0,1,No,East Vincentfort,9.23
Ford,2015,Diesel,Automatic,21.94,3391,112.0,3,Yes,Fisherborough,8.28
Honda,2020,Diesel,Manual,19.55,2677,129.0,2,Yes,South Michaeltown,-5.36
Hyundai,2016,Electric,Manual,14.11,890,235.0,3,Yes,Frederickmouth,4.73
Kia,2019,CNG,Automatic,16.47,1275,191.0,3,Yes,Lake Brandonbury,1.92
Toyota,2008,Petrol,Automatic,15.88,2846,272.0,3,Yes,South Biancaton,10.51
BMW,2022,Diesel,Automatic,10.05,1525,270.0,1,Yes,New Williamport,8.38
Mahindra,2007,CNG,Manual,22.01,2011,123.0,3,No,East William,3.71
Toyota,2012,CNG,Manual,30.4,1333,94.0,3,Yes,Trevorfurt,9.22
Hyundai,2007,Diesel,Automatic,22.83,884,71.0,1,,Lake Jamesland,2.31
BMW,2012,Diesel,Automatic,18.65,3439,307.0,4,Yes,Zacharyfurt,3.82
Hyundai,2022,CNG,Automatic,15.94,1640,171.0,2,,Catherineshire,5.16
Ford,2014,Petrol,Automatic,14.3,876,150.0,4,Yes,Lake Jessica,10.16
BMW,2021,Electric,Manual,18.6,3177,88.0,3,Yes,North Josebury,13.6
Ford,2012,Diesel,Manual,21.87,3230,71.0,4,No,Lake Joanne,5.66
Toyota,2015,Electric,Manual,15.3,3224,206.0,1,Yes,New Joshua,13.29
Toyota,2009,CNG,Manual,28.26,3188,196.0,2,No,Turnerhaven,8.19
BMW,2017,Electric,Manual,12.46,2000,216.0,4,No,Nelsonstad,8.94
BMW,2009,Petrol,Manual,18.9,3271,318.0,3,No,North Jordan,7.74
Kia,2017,CNG,Automatic,18.28,2790,146.0,2,No,East Patrick,7.21
Hyundai,2010,Petrol,Automatic,18.03,3021,217.0,3,Yes,Kimberlyhaven,9.76
Kia,2009,CNG,Manual,15.72,1205,245.0,4,No,South Michellemouth,10.96
Hyundai,2013,Petrol,Manual,18.33,2929,288.0,4,Yes,South Aprilchester,4.46
Kia,2020,CNG,Manual,16.2,820,,3,No,Johnbury,7.24
Ford,2006,Petrol,Automatic,23.15,1197,116.0,2,No,Reneetown,14.68
BMW,2005,CNG,Automatic,24.48,3177,87.0,2,No,Monicatown,8.71
Toyota,2012,Petrol,Automatic,16.45,3072,75.0,2,Yes,New Sierraborough,9.15
Hyundai,2023,CNG,Automatic,11.42,2600,72.0,4,No,New Katelynfurt,12.67
Hyundai,2015,Petrol,Manual,19.27,2608,259.0,4,Yes,Geraldland,6.0
Toyota,2016,Diesel,Automatic,19.13,1693,243.0,3,No,East Jennifer,7.86
Kia,2016,Electric,Manual,18.42,2744,217.0,3,No,Allenfurt,11.27
Hyundai,2011,CNG,Automatic,20.13,1237,318.0,1,No,Hallchester,12.96
Mahindra,2017,Petrol,Automatic,23.53,2095,216.0,1,Yes,South Luis,-1.46
Ford,2012,Diesel,Automatic,21.33,2103,,1,Yes,Lake Michaelbury,5.05
BMW,2013,CNG,Automatic,20.13,1022,80.0,3,Yes,Webbland,4.01
Toyota,2011,CNG,Manual,21.02,2410,186.0,2,No,Bartonbury,7.5
BMW,2019,CNG,Manual,19.01,2760,171.0,1,No,Smithland,4.31
Mahindra,2006,Electric,Manual,14.22,1308,293.0,3,No,Estradaview,10.66
Hyundai,2016,Petrol,Manual,23.8,3464,93.0,4,No,Williamsburgh,8.69
Hyundai,2005,Petrol,Manual,18.41,1865,139.0,2,Yes,Johnsonbury,11.56
Mahindra,2012,CNG,Manual,14.22,1999,142.0,1,No,Kathyland,11.81
Toyota,2009,CNG,Manual,13.49,2068,88.0,4,Yes,Chenburgh,10.72
Ford,2019,CNG,Automatic,14.33,2076,190.0,2,Yes,Bridgesbury,6.66
Honda,2005,Diesel,Manual,13.07,2097,70.0,2,Yes,Heatherburgh,8.42
Toyota,2005,CNG,Automatic,20.68,1403,,4,No,Reedbury,6.16
Honda,2014,Electric,Manual,17.3,1834,92.0,1,Yes,Carrshire,2.54
Mahindra,2014,Petrol,Automatic,21.1,2999,195.0,1,Yes,Jasonfurt,11.82
Kia,2019,Electric,Manual,22.68,988,147.0,4,Yes,Ryanhaven,7.66
Honda,2021,CNG,Automatic,21.64,1475,76.0,4,No,Smithborough,1.99
Ford,2010,Diesel,Manual,20.54,1437,150.0,4,Yes,Blairbury,10.15
Kia,2007,CNG,Manual,19.15,3058,312.0,3,Yes,Pierceville,7.1
Honda,2017,CNG,Manual,17.24,2796,132.0,2,Yes,Perezville,-0.24
Mahindra,2020,CNG,Manual,17.51,2644,265.0,1,Yes,West Antonio,2.51
Kia,2012,CNG,Automatic,20.34,3186,237.0,1,Yes,New Jennifer,5.2
Mahindra,2019,CNG,Manual,14.15,846,279.0,4,Yes,East Derek,8.84
Honda,2021,Petrol,Manual,17.78,1619,232.0,2,No,New Maurice,11.15
Mahindra,2021,Electric,Automatic,15.03,1880,224.0,4,Yes,North Nancystad,11.02
Ford,2017,Diesel,Manual,22.69,2077,279.0,2,No,Paulfort,10.41
Honda,2021,CNG,Automatic,20.87,3445,220.0,4,No,Danielport,7.86
Honda,2010,Diesel,Automatic,,3017,307.0,4,No,Hardingbury,14.89
Honda,2021,Petrol,Manual,14.97,1969,130.0,2,No,East Jefftown,10.8
Toyota,2020,Electric,Manual,15.4,1856,151.0,1,Yes,New Jenniferhaven,8.89
Toyota,2018,CNG,Automatic,18.23,2338,304.0,1,,Hammondchester,10.27
Toyota,2017,Petrol,Manual,15.1,1595,83.0,3,Yes,Gonzalesland,6.4
Ford,2010,Petrol,Automatic,20.15,3189,104.0,2,Yes,Port Joan,7.77
Kia,2007,Electric,Manual,17.8,847,248.0,1,Yes,North Virginiafurt,-0.33
Mahindra,2018,CNG,Manual,16.05,3211,142.0,1,No,Gravesburgh,6.45
Hyundai,2018,Electric,Automatic,22.35,2221,281.0,2,Yes,North Brandonville,15.04
Honda,2019,Electric,Manual,10.6,2018,278.0,1,Yes,East Nancyview,8.59
Mahindra,2012,Diesel,Manual,20.17,2560,277.0,2,No,Vincentstad,8.43
Honda,2019,Diesel,Manual,15.8,1524,249.0,1,Yes,Ashleyfurt,11.99
Ford,2017,Electric,Automatic,21.27,2144,126.0,4,Yes,Nelsonport,9.43
Honda,2021,Diesel,Manual,22.23,2617,90.0,2,Yes,East Julie,4.85
Toyota,2007,Petrol,Automatic,8.89,937,309.0,2,No,Port Frederick,8.09
Hyundai,2010,Electric,Manual,17.15,1154,113.0,1,Yes,Millerborough,3.46
BMW,2009,CNG,Automatic,18.23,2668,69.0,2,Yes,New Jonathanburgh,8.73
Honda,2021,CNG,Manual,8.57,1893,225.0,3,Yes,West Jesus,4.65
Mahindra,2006,Petrol,Manual,18.91,1610,212.0,3,Yes,Oscarside,11.71
Toyota,2019,CNG,Automatic,15.89,2405,91.0,2,,Johnmouth,5.96
BMW,2009,CNG,Manual,13.18,2543,76.0,3,No,Sarahburgh,4.7
Hyundai,2010,Electric,Automatic,15.4,858,205.0,1,No,Justinton,7.55
BMW,2010,Petrol,Manual,14.71,1570,134.0,1,Yes,Toddberg,9.46
Toyota,2022,Electric,Automatic,15.72,1188,183.0,2,Yes,Ryanhaven,3.17
Kia,2022,Petrol,Manual,18.74,1138,111.0,1,Yes,East Connorville,5.91
Kia,2008,Electric,Automatic,21.92,1556,249.0,1,No,Abigailville,8.42
BMW,2021,Electric,Manual,17.69,1395,200.0,3,No,Jonesfurt,13.35
Ford,2018,Diesel,Automatic,22.41,1235,147.0,1,Yes,East Angela,-2.11
Mahindra,2018,CNG,Automatic,13.82,2273,143.0,1,Yes,Port Robertville,10.46
Mahindra,2017,Petrol,Manual,18.61,1176,302.0,3,Yes,Port Jenniferstad,6.47
BMW,2011,CNG,Automatic,26.43,2782,165.0,4,No,West Robert,6.02
Honda,2016,Diesel,Automatic,11.64,3238,151.0,2,Yes,Lake Charleston,5.28
Honda,2019,Petrol,Manual,11.48,3328,80.0,2,No,Matthewfort,6.54
Mahindra,2023,Diesel,Manual,23.12,913,65.0,4,No,Davisport,10.48
Mahindra,2015,CNG,Manual,18.88,1573,280.0,3,Yes,North Lindachester,5.85
Kia,2019,Electric,Manual,15.59,2726,146.0,3,Yes,Timothymouth,14.63
Ford,2016,Diesel,Manual,13.48,3019,239.0,1,Yes,Port Benjamin,10.5
Toyota,2007,Diesel,Manual,17.86,817,305.0,1,No,Tanyaport,8.79
Honda,2021,Electric,Automatic,18.53,1034,233.0,2,Yes,New Whitneyside,7.34
Mahindra,2007,CNG,Automatic,18.55,2133,,2,No,South Susanborough,12.76
Kia,2023,Diesel,Automatic,13.44,2492,130.0,3,,Laurenton,13.34
Hyundai,2008,CNG,Manual,16.65,1080,217.0,1,Yes,Simmonsfort,3.35
Kia,2007,Electric,Manual,15.73,1630,296.0,3,Yes,Randallland,5.19
Honda,2020,Petrol,Automatic,20.59,1938,246.0,4,,Lake Christinatown,10.54
Honda,2016,Diesel,Automatic,13.68,2495,302.0,2,No,West Ericfurt,11.75
Kia,2012,CNG,Manual,18.3,2490,225.0,2,Yes,Brownberg,6.8
Toyota,2021,Electric,Automatic,28.54,2386,93.0,3,No,Douglasville,5.03
BMW,2011,Electric,Manual,13.41,1217,314.0,1,Yes,Lindsaymouth,8.31
Honda,2015,Diesel,Manual,15.01,3131,279.0,1,Yes,Antonioside,13.91
Kia,2022,Petrol,Automatic,17.62,1384,91.0,4,Yes,North Sandrachester,8.16
Mahindra,2005,Diesel,Manual,6.23,2151,316.0,4,Yes,Patelmouth,2.94
Kia,2007,CNG,Manual,12.29,2164,292.0,4,No,Whitebury,8.44
Ford,2008,Electric,Manual,19.24,3469,274.0,3,Yes,Matthewchester,11.13
BMW,2017,Petrol,Manual,17.3,3068,301.0,2,,Steventown,7.59
Hyundai,2010,CNG,Automatic,22.22,2856,304.0,3,No,East Deborah,13.03
Toyota,2018,Diesel,Manual,17.05,2732,79.0,3,No,Perezbury,11.46
Hyundai,2009,Electric,Manual,16.7,1631,269.0,1,Yes,West Michaelchester,7.75
BMW,2020,Diesel,Automatic,15.19,3222,269.0,4,Yes,Amberbury,8.17
BMW,2019,Petrol,Manual,16.63,1333,131.0,2,No,Christinaside,0.63
BMW,2019,Petrol,Manual,13.15,1922,221.0,4,No,New Jessicabury,12.84
Hyundai,2008,Petrol,Automatic,17.41,2505,237.0,4,Yes,Port Marcus,6.68
Mahindra,2012,Petrol,Automatic,14.11,2205,70.0,4,No,East Jay,6.4
BMW,2020,Petrol,Manual,13.16,2686,67.0,2,No,Williamschester,5.8
Kia,2020,Diesel,Manual,15.44,1246,252.0,1,No,South Jamesmouth,9.83
Hyundai,2008,Petrol,Automatic,19.8,3191,318.0,2,No,Huntton,3.49
BMW,2017,Petrol,Manual,18.57,3272,112.0,2,Yes,Sweeneyton,4.06
Kia,2017,Electric,Manual,20.67,1424,155.0,1,Yes,Stephenport,7.79
Mahindra,2006,Petrol,Manual,14.31,2663,151.0,2,,Lake Karen,5.49
Ford,2007,Electric,Automatic,17.95,3153,203.0,2,Yes,South Mary,9.34
Mahindra,2012,Electric,Manual,24.81,2995,77.0,3,,Martinview,5.64
BMW,2019,Electric,Automatic,23.59,1531,185.0,2,No,Bauermouth,14.38
Hyundai,2015,Diesel,Automatic,12.9,3301,213.0,3,No,Gibsonside,10.77
Honda,2013,Diesel,Automatic,13.97,1737,65.0,3,No,South Stevenhaven,10.72
BMW,2011,CNG,Automatic,24.79,2880,147.0,3,Yes,Davidtown,5.58
Honda,2017,CNG,Manual,,2555,124.0,4,Yes,Smithside,17.62
Kia,2006,Electric,Automatic,17.24,2324,225.0,1,No,Port Robert,6.24
Ford,2012,Diesel,Manual,16.79,2520,123.0,4,Yes,South George,5.14
Toyota,2011,Petrol,Automatic,18.91,2016,,1,Yes,Port Amanda,10.83
Mahindra,2016,CNG,Automatic,18.96,2003,65.0,2,No,Duaneberg,8.78
Ford,2023,Diesel,Manual,15.87,2690,180.0,3,Yes,Port Justin,4.73
BMW,2011,Petrol,Automatic,17.35,2341,191.0,4,Yes,New Angela,16.78
Honda,2014,Petrol,Automatic,15.73,1190,248.0,2,No,Jessicaland,11.9
Mahindra,2020,Diesel,Manual,18.67,3204,268.0,4,,Ryanberg,8.02
Honda,2007,CNG,Automatic,15.05,3420,101.0,2,No,Donaldmouth,17.6
Hyundai,2014,Diesel,Automatic,12.93,3311,137.0,4,Yes,Smithmouth,11.24
Honda,2010,CNG,Automatic,23.9,898,204.0,2,No,Lake Mary,7.95
Hyundai,2022,Electric,Manual,17.72,2995,230.0,2,No,Lake Joycefurt,17.13
Kia,2022,Diesel,Automatic,,1369,152.0,4,Yes,Matthewtown,10.64
Mahindra,2009,Diesel,Manual,10.27,1526,82.0,2,Yes,East Brittanyburgh,10.46
Mahindra,2011,CNG,Manual,12.2,1801,201.0,3,No,Harmonton,6.45
Toyota,2006,CNG,Manual,19.87,2370,207.0,3,Yes,Briannamouth,8.2
BMW,2015,Diesel,Automatic,17.73,1102,175.0,3,Yes,East Robert,6.36
Hyundai,2017,Petrol,Automatic,13.37,2851,,3,No,Tracyville,13.76
Toyota,2009,Petrol,Automatic,22.55,2954,84.0,1,No,Brandonburgh,1.56
Honda,2010,Petrol,Automatic,14.52,2922,174.0,4,Yes,Vargasmouth,13.46
Honda,2018,Electric,Manual,22.79,1863,153.0,3,No,Carterstad,4.49
Toyota,2016,Electric,Manual,17.72,1438,244.0,3,Yes,Wolfberg,7.77
Mahindra,2008,CNG,Automatic,,1942,214.0,3,Yes,East Ethan,6.82
Honda,2010,Electric,Automatic,15.33,2920,233.0,1,Yes,South Marcus,5.92
Kia,2014,Petrol,Manual,23.49,1351,232.0,4,Yes,Dawnville,10.76
Kia,2022,Diesel,Automatic,16.81,1776,213.0,2,No,Lake Richardmouth,7.98
Toyota,2019,Electric,Automatic,21.89,895,73.0,1,Yes,North Johnberg,5.33
Hyundai,2012,Electric,Automatic,23.6,1991,187.0,3,No,New Makaylachester,8.62
Hyundai,2013,Petrol,Automatic,17.68,3124,151.0,3,Yes,North Michelletown,5.22
Toyota,2009,Electric,Automatic,17.11,3106,281.0,1,Yes,Maryside,5.85
Hyundai,2014,CNG,Automatic,16.38,845,167.0,4,No,East Kimberlybury,2.01
Mahindra,2010,Diesel,Manual,19.41,1145,87.0,4,No,Murphybury,6.2
Mahindra,2020,Petrol,Manual,24.02,1646,,2,Yes,Fordport,9.98
Hyundai,2007,CNG,Manual,13.09,1876,259.0,1,Yes,Lake Ambermouth,8.15
Kia,2014,Petrol,Manual,18.88,1971,213.0,4,No,Adamsville,15.26
Hyundai,2015,CNG,Automatic,18.7,2356,129.0,1,,Port Michelle,18.45
Mahindra,2015,Diesel,Automatic,10.78,1032,219.0,4,No,Jenniferfurt,6.14
Ford,2021,Diesel,Manual,14.45,850,162.0,4,Yes,Christinamouth,4.67
BMW,2008,CNG,Manual,15.27,1464,295.0,3,No,Sextonstad,12.52
Honda,2008,CNG,Manual,21.06,1250,248.0,4,Yes,New Matthew,9.34
Ford,2021,CNG,Manual,21.76,2162,168.0,4,No,East Janetland,12.54
Hyundai,2013,CNG,Manual,10.5,1150,314.0,1,No,Rodgersborough,9.6
Kia,2023,CNG,Automatic,20.56,3496,252.0,4,No,South Gailfort,7.22
Toyota,2009,CNG,Automatic,20.04,2108,130.0,4,Yes,Weaverview,7.25
Hyundai,2010,Diesel,Manual,20.31,1382,268.0,1,No,Maxwellfort,9.73
Kia,2007,CNG,Manual,18.61,1044,235.0,4,No,Sandrachester,7.16
BMW,2005,Electric,Automatic,21.8,1349,298.0,1,Yes,West Thomasview,12.88
Hyundai,2020,Diesel,Automatic,22.69,1527,,1,No,East Michael,2.79
Mahindra,2015,Petrol,Automatic,11.46,1438,148.0,1,Yes,Rodriguezland,12.86
Toyota,2017,Diesel,Manual,17.81,1383,311.0,1,Yes,Rhondachester,0.51
Kia,2014,Petrol,Automatic,16.98,3073,158.0,3,Yes,Amyfort,8.58
Kia,2007,Petrol,Manual,15.71,1240,213.0,3,No,Kimberlyport,6.68
Kia,2013,Electric,Manual,,2267,90.0,3,No,Andersonport,1.93
BMW,2016,CNG,Automatic,18.75,2619,190.0,3,Yes,West Paul,-0.24
Hyundai,2018,CNG,Automatic,12.81,1211,,1,Yes,New Bethany,3.61
BMW,2005,Diesel,Automatic,20.68,1613,74.0,1,Yes,East Jennifer,8.18
Honda,2022,CNG,Manual,16.52,1045,102.0,1,,Hernandezmouth,5.59
Honda,2021,Electric,Automatic,21.5,1382,227.0,1,Yes,Adamville,3.84
Hyundai,2013,Diesel,Automatic,15.52,2530,,3,Yes,North Michaeltown,13.41
Mahindra,2013,Diesel,Manual,15.3,3347,229.0,4,No,Reedfort,3.07
BMW,2014,Diesel,Automatic,,1781,318.0,3,No,Lake Holly,10.72
Toyota,2023,CNG,Automatic,15.54,2774,137.0,1,Yes,New Candice,4.44
Kia,2019,CNG,Manual,14.79,1349,144.0,1,Yes,New Becky,3.51
Kia,2009,CNG,Manual,19.74,2964,208.0,4,Yes,Laraburgh,5.58
Hyundai,2019,Diesel,Manual,22.19,2187,260.0,1,Yes,East Paulburgh,10.48
Mahindra,2006,Diesel,Manual,19.55,2737,136.0,4,No,Dennisberg,2.51
Honda,2017,Petrol,Manual,17.69,1003,309.0,1,Yes,Port Cory,9.15
Honda,2020,Petrol,Automatic,19.95,1150,112.0,4,No,North Charlottetown,4.16
Kia,2019,CNG,Automatic,17.85,1118,168.0,2,No,Sanchezshire,4.88
Hyundai,2014,Diesel,Manual,18.11,3336,147.0,2,Yes,Michaelbury,9.6
BMW,2018,CNG,Automatic,,2492,225.0,2,No,North Joshuatown,16.69
Honda,2014,CNG,Automatic,21.35,906,152.0,2,Yes,Port Johnfort,4.36
BMW,2018,Petrol,Manual,,3019,232.0,1,No,Kimberlyport,10.88
Mahindra,2013,Electric,Manual,9.47,3366,123.0,1,Yes,Port Brent,6.75
Honda,2018,CNG,Manual,22.11,2678,185.0,1,No,East Ashleymouth,6.1
Honda,2007,Electric,Automatic,17.21,1757,289.0,2,No,Manueltown,12.29
Ford,2020,Electric,Manual,21.67,3375,164.0,4,Yes,Lake Alejandraville,4.63
Honda,2006,Diesel,Automatic,15.57,3167,268.0,4,No,Frankbury,3.38
Toyota,2014,Diesel,Automatic,24.7,1860,121.0,2,No,Billview,9.84
Hyundai,2007,CNG,Automatic,17.45,3346,299.0,1,No,Williambury,14.38
Hyundai,2015,Petrol,Automatic,19.8,3112,120.0,2,No,Paulfort,11.0
BMW,2015,Petrol,Manual,16.21,2491,71.0,3,No,Bonnieburgh,2.37
Mahindra,2017,CNG,Automatic,14.41,2472,196.0,4,No,Port Michaelfort,5.54
Honda,2011,CNG,Manual,11.04,1201,254.0,2,No,West Timothyfort,11.92
Toyota,2021,Petrol,Automatic,21.14,1401,133.0,2,No,Erinburgh,14.32
BMW,2006,Electric,Manual,19.58,1017,195.0,2,No,South Heatherside,8.91
Ford,2016,CNG,Manual,18.37,3177,102.0,2,Yes,Elizabethshire,5.68
BMW,2014,Electric,Manual,13.45,985,98.0,1,No,Levinefurt,14.58
BMW,2022,CNG,Automatic,,3056,90.0,4,,Suebury,7.7
Honda,2015,CNG,Automatic,18.42,1087,201.0,3,Yes,West Christinabury,5.58
Ford,2020,Electric,Automatic,20.81,887,103.0,1,No,Romeroburgh,4.9
BMW,2021,Electric,Manual,17.99,2983,247.0,2,,Phillipberg,3.22
Toyota,2023,Petrol,Automatic,13.64,3005,61.0,2,Yes,Williammouth,19.33
Toyota,2022,CNG,Automatic,21.97,954,83.0,2,No,West Ryan,13.68
Hyundai,2007,Diesel,Automatic,19.8,1019,163.0,2,Yes,Davisburgh,5.37
Ford,2020,Diesel,Manual,17.27,2282,121.0,4,Yes,Port Carolynport,14.93
Ford,2010,CNG,Automatic,19.73,1121,212.0,2,No,North Angelafort,10.13
Hyundai,2016,CNG,Automatic,,1640,302.0,3,Yes,Ruizstad,9.9
BMW,2015,CNG,Manual,20.64,2385,180.0,1,Yes,Hectorfurt,5.13
Ford,2019,Electric,Manual,11.15,2636,232.0,4,No,Janetport,5.94
Toyota,2019,Diesel,Manual,12.04,3359,162.0,2,No,Sheltonburgh,7.83
Toyota,2020,Diesel,Manual,20.93,2934,219.0,3,Yes,Santiagotown,0.14
Honda,2014,Diesel,Manual,15.22,2368,316.0,1,No,Rebeccaburgh,6.05
Ford,2016,CNG,Manual,13.81,3122,261.0,1,Yes,West Ashley,8.02
BMW,2017,Electric,Automatic,19.49,2988,104.0,4,Yes,Stephenport,13.24
Hyundai,2008,CNG,Automatic,13.68,2559,123.0,1,No,North Brent,5.53
Hyundai,2011,Petrol,Manual,,1424,255.0,2,Yes,Lake Joe,11.25
BMW,2006,Petrol,Automatic,21.41,1152,129.0,2,No,Port Rebecca,-0.24
Mahindra,2019,Diesel,Manual,,1828,240.0,3,No,Lake Krista,12.67
Kia,2012,CNG,Automatic,12.53,3229,306.0,3,No,Port Alexanderside,4.4
Honda,2011,Petrol,Manual,,2157,217.0,1,,Port Justinfort,8.52
Hyundai,2019,Petrol,Manual,14.56,1274,245.0,4,Yes,Lake Jennifer,9.63
Ford,2018,CNG,Automatic,18.33,2809,290.0,2,No,West Josemouth,8.84
Honda,2012,Electric,Automatic,15.52,1727,132.0,1,No,New Samantha,7.57
Ford,2016,CNG,Automatic,24.01,829,114.0,4,No,Jonesmouth,3.03
Mahindra,2017,CNG,Automatic,19.82,3441,302.0,1,Yes,South Chelsea,4.44
Toyota,2015,Electric,Automatic,,3340,,4,No,Tranview,11.99
Honda,2021,Diesel,Automatic,23.07,1294,74.0,3,Yes,Carrollhaven,5.61
Hyundai,2021,Diesel,Automatic,,1187,206.0,2,Yes,New Alexisberg,7.59
Honda,2008,Diesel,Automatic,21.47,1672,203.0,3,Yes,North Chad,2.03
Honda,2012,Electric,Manual,17.05,1634,84.0,2,Yes,North Sheliabury,11.43
Honda,2009,Petrol,Automatic,16.18,1429,158.0,4,No,Port Candaceport,2.72
Kia,2020,Electric,Automatic,20.44,829,238.0,4,No,Lake Tyler,11.66
Honda,2008,CNG,Manual,,3470,233.0,1,Yes,Toddstad,3.75
Ford,2019,Electric,Manual,18.73,1606,,4,Yes,Osborneside,12.06
Toyota,2016,Petrol,Manual,17.6,3189,204.0,4,No,Lisaside,8.04
Mahindra,2009,Petrol,Manual,19.23,2632,181.0,1,Yes,Eatonfurt,5.76
BMW,2020,CNG,Automatic,15.97,2110,,1,Yes,Larsonside,14.4
Honda,2018,Diesel,Automatic,21.71,2768,125.0,2,Yes,South Amber,7.72
Hyundai,2014,Petrol,Manual,9.82,2760,160.0,4,No,Vasquezchester,6.55
Honda,2011,Petrol,Manual,20.56,1043,153.0,1,Yes,Collinmouth,11.64
Hyundai,2017,Petrol,Automatic,10.44,1020,126.0,2,Yes,North Jacobville,2.08
Ford,2009,CNG,Automatic,14.99,1979,309.0,2,Yes,Joyberg,-2.11
Hyundai,2007,Petrol,Automatic,,2206,201.0,3,No,Petersonbury,12.63
BMW,2019,Diesel,Automatic,9.95,2571,99.0,1,Yes,Myersville,4.65
Toyota,2008,CNG,Manual,18.67,2143,274.0,3,No,West Teresa,11.46
Hyundai,2019,Diesel,Automatic,,3220,190.0,2,No,Lawsonburgh,8.18
Hyundai,2018,Petrol,Manual,14.12,1330,60.0,4,No,New Kimberlyside,3.34
Toyota,2023,Petrol,Manual,13.94,3062,,1,No,Thorntonbury,10.43
BMW,2017,Diesel,Manual,12.63,3214,203.0,1,Yes,Jonesborough,6.36
Honda,2014,CNG,Automatic,11.08,2961,197.0,2,Yes,Kimberlyburgh,3.69
Hyundai,2009,CNG,Manual,26.28,824,238.0,1,No,Paulatown,3.79
Toyota,2010,Diesel,Automatic,17.27,1944,203.0,2,Yes,North Mark,1.07
Ford,2008,Petrol,Manual,13.05,2565,249.0,1,Yes,Walkerborough,9.61
Toyota,2006,Electric,Automatic,15.75,3458,246.0,1,No,Payneside,4.26
Ford,2020,Diesel,Manual,18.15,1657,213.0,4,No,Hornehaven,7.86
BMW,2022,Diesel,Manual,16.49,1826,231.0,2,Yes,Sandershaven,7.27
Honda,2009,Diesel,Automatic,,1697,306.0,3,Yes,Hartmanstad,4.23
Toyota,2008,Petrol,Automatic,14.4,1572,70.0,4,Yes,South Aaronshire,1.91
Mahindra,2017,CNG,Manual,22.74,3292,106.0,2,Yes,Lake Daniel,18.13
Mahindra,2023,Petrol,Manual,12.39,819,170.0,1,No,Pricestad,7.81
Kia,2006,Diesel,Automatic,10.01,2027,311.0,2,No,Johnsonbury,15.29
Hyundai,2017,Petrol,Manual,16.45,1605,135.0,2,No,East Lauren,12.66
BMW,2015,Petrol,Automatic,10.27,2180,234.0,4,Yes,Tammyport,6.72
Toyota,2008,Diesel,Automatic,14.36,2975,,2,No,Emmaberg,8.72
Mahindra,2019,Petrol,Manual,12.99,3205,73.0,1,Yes,Anthonymouth,8.61
Hyundai,2008,Electric,Automatic,13.03,1680,240.0,3,No,Jamesstad,15.38
Mahindra,2013,Petrol,Manual,18.28,2133,102.0,3,Yes,Robertmouth,11.32
Toyota,2011,Petrol,Automatic,19.03,2484,161.0,1,Yes,Ashleyville,4.77
Ford,2023,CNG,Automatic,,2405,172.0,3,No,Joanneborough,9.41
Toyota,2023,CNG,Manual,17.62,1907,252.0,4,No,Jeffreyville,11.22
Kia,2010,Diesel,Automatic,14.58,3357,68.0,2,Yes,East Charles,3.3
Toyota,2010,Diesel,Manual,19.6,1243,208.0,2,Yes,West Claireton,9.98
Toyota,2019,CNG,Automatic,12.09,2842,283.0,3,No,East Amanda,13.38
Kia,2019,Electric,Automatic,18.66,2028,169.0,3,Yes,West Matthew,4.57
BMW,2013,Petrol,Automatic,18.96,2311,143.0,3,Yes,Anastad,5.12
Toyota,2008,Electric,Automatic,27.34,1578,102.0,4,Yes,Tranmouth,12.64
Kia,2022,Electric,Manual,10.98,3099,125.0,2,No,Katherinefort,6.58
Hyundai,2022,CNG,Automatic,28.62,2546,168.0,2,Yes,South James,4.07
Ford,2009,Diesel,Automatic,21.03,2678,,1,Yes,New Melissa,11.53
Ford,2015,Petrol,Automatic,25.31,1854,194.0,1,Yes,Nicolemouth,10.31
Toyota,2009,Diesel,Manual,21.62,1220,145.0,4,No,Port Annefort,8.38
BMW,2008,Electric,Manual,14.23,2651,143.0,2,No,Jennifertown,12.5
BMW,2016,Electric,Manual,,2908,286.0,2,No,Simmonston,12.78
Hyundai,2006,Diesel,Manual,15.34,1378,319.0,1,Yes,Hartmanchester,7.67
Toyota,2017,Diesel,Automatic,17.65,2049,79.0,1,Yes,New Ryan,15.9
Ford,2014,CNG,Automatic,13.3,2786,94.0,2,Yes,Melvinport,14.33
BMW,2013,Diesel,Automatic,,2158,302.0,4,Yes,South Terry,0.06
Toyota,2014,Diesel,Manual,,3426,282.0,3,Yes,East Jamesland,3.88
Mahindra,2011,CNG,Manual,19.75,3487,217.0,4,Yes,Thomasland,-1.02
BMW,2008,Diesel,Automatic,22.1,910,95.0,2,No,Jamesville,6.7
Kia,2023,Electric,Automatic,12.41,1290,88.0,3,Yes,North Jeffreyburgh,3.16
Mahindra,2014,Diesel,Automatic,10.52,2095,314.0,4,No,New Jennifer,4.74
BMW,2007,Petrol,Manual,22.41,2636,201.0,4,Yes,Lake Austin,12.36
Ford,2023,Electric,Automatic,22.11,2881,193.0,2,Yes,New Laurahaven,0.98
Honda,2006,CNG,Automatic,18.85,3059,203.0,1,No,East Ryanbury,8.52
Mahindra,2014,Electric,Manual,19.68,2196,304.0,4,No,Williamstad,8.49
Hyundai,2006,CNG,Manual,21.46,2972,313.0,4,Yes,North Jesusport,7.67
Hyundai,2006,Petrol,Automatic,18.73,2541,64.0,1,Yes,Lake Kathyton,8.52
Ford,2021,Petrol,Manual,20.15,1693,298.0,4,Yes,North Angelachester,-0.93
BMW,2020,Electric,Automatic,21.26,3178,309.0,4,No,Christopherchester,4.76
Toyota,2020,Diesel,Automatic,17.63,2675,90.0,1,Yes,New Debbie,14.17
BMW,2018,Electric,Automatic,16.62,2749,179.0,2,Yes,North Cindyburgh,3.21
Ford,2011,Electric,Automatic,19.53,2393,138.0,2,No,West Geraldtown,14.67
Hyundai,2015,Petrol,Manual,27.06,1211,68.0,2,No,Lake Julie,2.37
BMW,2005,CNG,Manual,14.61,2222,103.0,3,Yes,Williamstad,1.89
Hyundai,2015,Electric,Manual,16.28,2476,,2,Yes,Port Kevinchester,4.19
Mahindra,2008,Diesel,Automatic,10.97,1986,203.0,3,No,East Jonathanstad,12.52
Toyota,2011,Petrol,Automatic,19.74,2446,179.0,3,Yes,Annaburgh,5.82
Mahindra,2019,Electric,Automatic,15.88,1888,112.0,3,No,East Beverlyville,9.38
Hyundai,2022,Electric,Manual,12.4,2039,124.0,1,No,East Ronaldview,8.29
Hyundai,2016,Diesel,Manual,17.75,1402,235.0,3,Yes,Brownstad,7.78
Honda,2021,Electric,Automatic,23.98,2737,,3,No,Michelleberg,13.1
Honda,2005,Electric,Manual,16.59,825,180.0,1,No,West Patrickshire,11.09
Mahindra,2015,Electric,Manual,16.96,1383,262.0,4,Yes,Lake Alexis,3.43
Kia,2005,Electric,Manual,23.82,1867,239.0,4,No,New Jacob,6.9
Mahindra,2019,Diesel,Manual,17.98,1913,140.0,3,No,Bradleyton,14.97
Honda,2014,Electric,Automatic,13.17,1956,114.0,2,Yes,North Sallyview,9.28
Hyundai,2011,Electric,Manual,20.76,1984,238.0,4,Yes,Crossville,1.97
Ford,2006,Electric,Automatic,22.5,2567,157.0,2,No,Port Richardmouth,2.25
Mahindra,2014,Petrol,Manual,17.2,1179,169.0,1,Yes,Lake Amberport,11.56
Hyundai,2008,Diesel,Automatic,18.52,2084,212.0,4,No,Garciastad,10.81
Ford,2016,Petrol,Automatic,12.76,2206,184.0,1,No,Susanmouth,4.31
Ford,2023,Petrol,Manual,14.52,1168,150.0,3,No,New Chad,10.99
Honda,2015,Diesel,Automatic,16.67,1900,96.0,4,Yes,North Gabriel,14.4
Mahindra,2012,Petrol,Automatic,18.31,3056,64.0,3,No,Francesmouth,13.83
BMW,2022,Petrol,Manual,15.52,1836,209.0,3,No,Porterstad,14.42
Toyota,2015,Petrol,Automatic,16.52,2744,231.0,1,Yes,Markview,10.22
Honda,2015,Diesel,Manual,17.5,2393,86.0,4,Yes,Fergusonfurt,7.29
Honda,2017,Electric,Automatic,14.01,2721,114.0,4,Yes,Westport,6.39
BMW,2007,CNG,Manual,16.92,824,308.0,4,,Jacksonchester,7.93
Toyota,2016,CNG,Manual,22.62,1345,318.0,3,No,Port Deannafurt,4.5
Hyundai,2007,Diesel,Manual,15.62,1963,250.0,4,Yes,Hernandezville,6.56
Kia,2014,CNG,Manual,14.4,1074,,2,Yes,Markstad,13.1
Mahindra,2021,Diesel,Manual,26.34,3069,163.0,2,No,Parkermouth,1.56
Kia,2006,Diesel,Automatic,18.9,1952,318.0,3,No,South Claudiamouth,1.84
Hyundai,2021,CNG,Automatic,14.91,2146,220.0,1,Yes,Martinmouth,11.32
Honda,2020,Petrol,Manual,20.57,2256,230.0,2,Yes,West Mandy,6.6
Toyota,2006,Electric,Automatic,19.02,3065,168.0,1,Yes,North Michaelfort,0.3
Honda,2010,CNG,Automatic,15.72,2670,199.0,4,Yes,Sarahside,7.75
Ford,2014,CNG,Automatic,17.8,2071,152.0,2,No,Port Derekhaven,7.18
Honda,2014,CNG,Manual,16.83,910,162.0,3,Yes,Donshire,6.28
Honda,2012,CNG,Manual,21.96,2555,285.0,3,No,Lake Jennifer,10.74
Hyundai,2005,Diesel,Automatic,20.73,1507,219.0,1,No,Garciaside,2.67
Hyundai,2017,Diesel,Manual,9.43,2994,254.0,3,Yes,Nicholasville,8.05
Hyundai,2013,Electric,Manual,25.61,2167,204.0,1,No,Port Katherineborough,7.16
Kia,2014,Electric,Automatic,16.85,2328,301.0,1,Yes,North Jonbury,8.15
Ford,2019,CNG,Manual,24.89,1351,191.0,2,Yes,East Taylor,1.07
Hyundai,2009,CNG,Manual,20.86,933,152.0,2,Yes,South Johnstad,5.91
Toyota,2020,CNG,Manual,18.99,3311,251.0,3,Yes,Brownmouth,8.08
Kia,2017,Electric,Manual,17.62,2813,81.0,1,No,Debramouth,10.16
BMW,2022,CNG,Manual,,1986,253.0,2,Yes,Jamesberg,15.39
Toyota,2015,Petrol,Automatic,16.91,3303,229.0,4,No,Karastad,11.22
Mahindra,2013,Electric,Manual,15.31,1884,70.0,3,Yes,Hardingmouth,9.84
Mahindra,2020,Petrol,Manual,15.67,1828,240.0,3,No,Lake Mary,13.09
Toyota,2006,CNG,Automatic,18.0,1860,291.0,4,No,East Danielle,6.78
Hyundai,2006,Diesel,Automatic,,3307,88.0,4,Yes,Griffithtown,14.22
BMW,2016,Petrol,Manual,22.02,2560,79.0,4,Yes,Joshuaberg,12.48
BMW,2012,Electric,Automatic,21.03,2822,64.0,2,No,North Hollybury,6.22
Kia,2013,Petrol,Manual,,2551,93.0,4,No,Petersonburgh,15.7
BMW,2016,Electric,Automatic,17.09,2986,199.0,3,No,Barnettton,9.79
Mahindra,2013,CNG,Manual,20.71,3465,87.0,2,Yes,South Gail,16.77
Ford,2014,Petrol,Automatic,21.13,3446,157.0,1,Yes,Carolbury,9.21
Hyundai,2006,Diesel,Manual,17.68,1395,305.0,4,Yes,Cooktown,5.75
BMW,2020,Petrol,Automatic,19.12,810,78.0,3,Yes,North Sethchester,4.93
Kia,2011,Diesel,Manual,21.12,3174,71.0,4,No,New Lisa,6.58
Mahindra,2006,Electric,Manual,18.84,2521,84.0,1,No,Lake Julieside,5.71
Ford,2005,CNG,Manual,19.23,3226,72.0,2,No,Tammyfurt,13.09
Honda,2023,CNG,Automatic,23.63,3078,135.0,1,No,North Lisaton,7.88
Honda,2008,Diesel,Automatic,,1964,318.0,2,No,Victoriabury,1.54
Ford,2006,Electric,Manual,15.57,1417,83.0,3,Yes,South Shelleyville,8.85
Mahindra,2018,CNG,Manual,12.62,1564,67.0,3,Yes,Johnsonmouth,8.5
Kia,2006,Electric,Manual,18.45,848,287.0,3,,Lake Vanessa,6.13
Ford,2019,Diesel,Manual,16.67,1250,182.0,1,Yes,Clarkbury,9.07
Hyundai,2016,Diesel,Automatic,21.23,2598,149.0,4,Yes,Lake Patrick,7.82
Hyundai,2009,Petrol,Automatic,24.31,1290,283.0,4,Yes,Port Lauren,10.54
Honda,2011,CNG,Automatic,13.88,2692,283.0,1,Yes,Adamsview,10.3
BMW,2014,CNG,Manual,14.46,2232,,4,Yes,Griffinport,9.46
Kia,2018,Petrol,Manual,17.9,3254,62.0,1,No,Garrettmouth,2.8
Honda,2018,Diesel,Automatic,14.8,1874,207.0,4,No,New Peter,16.48
BMW,2009,Diesel,Automatic,17.11,3022,248.0,2,Yes,Richardstad,1.78
BMW,2022,Diesel,Automatic,,2084,246.0,3,No,Petersenstad,7.49
Hyundai,2018,Diesel,Automatic,13.97,3327,247.0,4,No,South Andrewchester,3.62
Mahindra,2006,Electric,Manual,21.3,2557,183.0,1,,Port Robertaport,9.59
Toyota,2016,CNG,Manual,18.3,1022,96.0,2,,Josephfort,8.55
Mahindra,2010,CNG,Manual,25.32,1068,208.0,4,Yes,Aliciaview,7.32
Toyota,2008,Diesel,Automatic,19.44,1700,165.0,4,Yes,Lake Amytown,14.07
Ford,2017,Diesel,Manual,23.15,1718,162.0,1,No,South Robertburgh,12.43
Hyundai,2008,Diesel,Automatic,15.08,3165,291.0,2,Yes,West Tammyport,6.69
BMW,2018,CNG,Automatic,15.04,1184,,3,Yes,Jonesport,11.22
Kia,2020,CNG,Automatic,26.88,2409,76.0,1,No,Lake Katie,14.26
Toyota,2008,Diesel,Automatic,15.56,1425,218.0,4,Yes,East Sharon,12.41
Mahindra,2005,Electric,Automatic,,2023,,3,No,Melissafurt,7.46
BMW,2017,Petrol,Manual,13.32,2707,232.0,4,No,South Thomas,1.64
Toyota,2008,Petrol,Manual,25.66,3490,222.0,1,Yes,Jimenezfort,9.3
Toyota,2022,Petrol,Manual,16.9,2162,262.0,2,No,Martinezfurt,10.67
Toyota,2010,CNG,Automatic,19.61,2514,214.0,3,Yes,Howardfurt,4.92
Kia,2007,CNG,Manual,18.61,3152,245.0,1,No,North Deborahbury,8.09
Hyundai,2017,Petrol,Automatic,15.11,2575,116.0,1,Yes,Matthewfurt,7.67
Kia,2020,Petrol,Manual,16.81,2068,276.0,3,Yes,West Justinton,13.55
Honda,2009,Electric,Automatic,21.38,1641,267.0,2,No,Jenniferbury,15.42
BMW,2008,CNG,Automatic,13.1,2452,261.0,4,Yes,West Ashley,12.7
Hyundai,2012,CNG,Manual,20.7,2031,133.0,3,,Danielview,7.66
Hyundai,2023,Petrol,Automatic,23.74,2547,144.0,1,No,North Christopherberg,12.59
Hyundai,2018,Electric,Manual,19.17,3358,179.0,3,Yes,Christopherville,10.6
Mahindra,2011,Electric,Manual,23.33,2082,73.0,3,No,Lake Michele,7.7
Hyundai,2018,Petrol,Manual,12.51,3010,188.0,2,Yes,West Michelle,16.37
Kia,2010,Petrol,Automatic,10.68,1537,,2,No,Lake Marcfurt,5.05
Hyundai,2016,CNG,Automatic,18.97,1140,301.0,4,Yes,Crystalmouth,10.42
Ford,2020,Petrol,Automatic,15.65,2751,112.0,3,No,East Christina,11.36
BMW,2021,Diesel,Automatic,21.52,2581,128.0,2,No,Wolfeside,6.85
Hyundai,2017,Electric,Manual,16.76,1329,99.0,2,No,Aprilstad,10.24
BMW,2018,Petrol,Automatic,18.59,833,243.0,1,No,Vasquezside,11.78
Ford,2011,Diesel,Manual,18.32,1122,192.0,2,No,West Laurie,8.98
Ford,2018,Electric,Manual,18.45,2004,115.0,3,Yes,Fieldsfurt,9.89
BMW,2019,Diesel,Automatic,15.83,2786,314.0,3,Yes,Rodgersshire,8.42
Toyota,2016,Diesel,Automatic,12.54,1146,64.0,1,No,Henryfurt,11.19
Honda,2021,Petrol,Manual,17.12,2529,128.0,1,Yes,Port Elizabeth,7.08
Mahindra,2013,Electric,Automatic,23.8,2015,111.0,1,Yes,North Robert,6.75
Toyota,2019,Diesel,Manual,15.56,2402,157.0,3,Yes,North Courtney,8.08
Toyota,2016,CNG,Automatic,,2502,220.0,3,No,Port Alexanderhaven,12.73
Kia,2006,Electric,Automatic,18.63,1044,124.0,4,Yes,Brendaberg,1.01
Mahindra,2009,CNG,Manual,13.29,2631,302.0,2,Yes,North Kimberly,4.36
Mahindra,2017,Petrol,Manual,22.01,932,271.0,1,No,Port Kayleemouth,17.1
Toyota,2012,CNG,Manual,13.67,2170,213.0,2,No,South Christopher,9.1
Hyundai,2018,Electric,Automatic,,2896,293.0,2,No,New Steven,6.37
Kia,2019,Diesel,Automatic,28.16,1887,199.0,4,No,Port Theresahaven,11.18
Kia,2015,Diesel,Automatic,13.43,2447,174.0,3,No,Port Curtis,4.86
Ford,2005,Electric,Manual,23.89,2691,189.0,2,Yes,South Adam,-0.41
Mahindra,2007,Diesel,Manual,18.48,2520,237.0,1,Yes,West Michael,9.42
Toyota,2021,CNG,Automatic,19.05,1927,154.0,1,Yes,Christophermouth,5.08
Ford,2023,Diesel,Manual,14.76,3060,160.0,3,No,Gailberg,8.41
BMW,2018,Diesel,Automatic,21.2,2340,255.0,3,Yes,Ninaburgh,9.32
Honda,2012,CNG,Manual,16.54,918,267.0,3,No,East Sheila,8.57
Kia,2017,CNG,Automatic,13.41,1694,154.0,1,Yes,Melissaville,1.16
BMW,2007,CNG,Automatic,23.82,2065,162.0,3,Yes,West Sharon,8.11
BMW,2009,Petrol,Automatic,16.46,3127,67.0,4,No,Port Mariabury,9.78
Hyundai,2013,CNG,Manual,10.56,3271,195.0,4,Yes,Calebfort,2.4
Honda,2010,CNG,Manual,16.93,1162,157.0,1,,East Toddville,1.92
BMW,2006,Petrol,Automatic,21.23,2573,206.0,4,No,Allisonview,3.72
BMW,2017,Diesel,Automatic,20.59,2540,244.0,2,Yes,Barbaraview,10.99
Honda,2009,CNG,Automatic,15.44,1113,291.0,3,Yes,Andreamouth,0.01
Honda,2012,Electric,Automatic,14.09,2336,160.0,4,Yes,Vincenttown,11.32
BMW,2005,CNG,Automatic,,2506,,3,No,North Zacharyfort,9.57
Honda,2016,CNG,Automatic,17.91,1886,264.0,4,No,East Peggy,6.97
BMW,2015,Petrol,Manual,18.6,1071,105.0,3,Yes,West Lori,2.08
BMW,2011,Electric,Manual,20.84,1860,163.0,1,Yes,South Louis,4.81
Hyundai,2019,Diesel,Manual,17.4,2589,281.0,2,No,Kristenport,11.13
Toyota,2015,Diesel,Manual,17.29,3190,177.0,3,No,Averyborough,13.03
BMW,2020,Electric,Automatic,16.89,3193,64.0,2,No,New Melissaview,3.87
Ford,2007,CNG,Automatic,,3080,270.0,3,Yes,Benjaminberg,12.57
Kia,2018,Petrol,Automatic,17.47,1789,114.0,1,,Lake Davidmouth,10.74
Mahindra,2007,Electric,Manual,21.76,3423,78.0,2,No,North Seanfort,7.97
Toyota,2005,Electric,Manual,19.24,3263,147.0,4,No,Port Shawn,5.05
Toyota,2019,Diesel,Automatic,18.43,1704,306.0,2,Yes,East Patricialand,5.67
Toyota,2005,Petrol,Manual,17.83,3114,,3,No,Ianmouth,15.29
Hyundai,2021,Electric,Manual,14.23,1543,229.0,2,Yes,Fergusonshire,8.71
BMW,2006,Petrol,Automatic,18.0,1710,,1,No,East Kendraside,13.32
Hyundai,2010,CNG,Automatic,15.41,3290,267.0,2,No,Port Eric,8.97
BMW,2012,Diesel,Automatic,19.39,3407,233.0,2,Yes,New Nicolemouth,6.19
Hyundai,2020,CNG,Manual,17.16,2685,186.0,2,No,North Rickybury,10.34
Hyundai,2023,Petrol,Automatic,24.66,2545,215.0,4,No,West Jasonshire,16.63
Kia,2005,CNG,Automatic,12.95,2923,239.0,2,,East Spencermouth,5.42
Ford,2007,Diesel,Automatic,5.6,1046,146.0,3,Yes,Rachelport,11.66
Hyundai,2007,Petrol,Manual,,2651,141.0,3,Yes,West Kimberly,8.76
Kia,2009,Electric,Manual,15.43,3427,123.0,2,Yes,West Josephmouth,2.2
Honda,2016,CNG,Automatic,18.64,3160,178.0,2,Yes,Lake Christopherberg,2.11
Ford,2016,Diesel,Automatic,13.06,1375,222.0,4,No,Carolmouth,6.19
Hyundai,2017,Electric,Manual,25.64,2415,237.0,1,No,North Michelle,9.39
Mahindra,2013,Diesel,Manual,16.45,3190,89.0,3,Yes,West Gregoryview,11.51
Toyota,2011,Petrol,Automatic,15.17,2005,220.0,4,Yes,Rebeccaside,1.72
Honda,2008,Petrol,Manual,25.56,1783,62.0,3,No,Lawrenceshire,10.61
Honda,2023,CNG,Automatic,21.36,3479,83.0,3,Yes,East Jenniferchester,7.53
Kia,2023,Diesel,Automatic,23.56,3246,118.0,2,Yes,Tashaside,8.01
Honda,2010,Diesel,Manual,17.31,1723,296.0,3,Yes,Mckaytown,10.35
Ford,2017,Diesel,Automatic,18.19,1091,299.0,1,No,Danielleville,14.98
Hyundai,2015,Petrol,Automatic,15.61,2901,219.0,1,Yes,Patrickbury,9.21
Hyundai,2017,CNG,Manual,15.15,2179,119.0,1,,South Sue,2.57
Mahindra,2017,Diesel,Automatic,19.59,3324,299.0,4,No,Lopeztown,7.25
Toyota,2019,Diesel,Manual,,821,118.0,1,Yes,Jacksonport,11.41
Kia,2017,Electric,Automatic,26.88,2115,112.0,1,Yes,Manningshire,11.54
Toyota,2015,Diesel,Automatic,21.37,1852,123.0,3,Yes,Nicholetown,10.66
Honda,2023,CNG,Manual,25.53,2761,180.0,4,No,West Diana,5.96
Mahindra,2012,Electric,Manual,,3007,178.0,2,Yes,Diazburgh,2.53
Toyota,2012,Electric,Manual,25.58,1709,77.0,4,No,North Maria,10.36
Ford,2014,Electric,Manual,8.46,1329,64.0,4,,Georgefort,3.14
Hyundai,2020,Petrol,Manual,,900,219.0,2,No,Lake Nicoleport,10.77
Honda,2023,Electric,Manual,10.99,2113,201.0,2,,Garyland,10.77
Mahindra,2015,Diesel,Automatic,18.97,3190,77.0,2,,South Michelle,6.13
Toyota,2017,Petrol,Manual,17.93,2751,127.0,3,No,North Tina,7.55
Kia,2013,Petrol,Automatic,21.18,2701,173.0,3,Yes,Christophertown,8.79
Ford,2023,Petrol,Manual,17.65,1378,81.0,3,Yes,New Yolandafurt,5.54
Ford,2020,Petrol,Automatic,22.9,2014,79.0,1,Yes,Grantview,2.47
Toyota,2011,Petrol,Automatic,14.27,1589,157.0,2,No,Meyersview,7.84
Hyundai,2023,Petrol,Manual,22.99,2166,,3,No,Angelaside,8.26
Toyota,2016,Petrol,Automatic,17.88,2972,64.0,3,Yes,Mcgrathmouth,13.44
Honda,2019,Electric,Automatic,27.42,2431,188.0,4,No,Aliciaborough,4.87
Toyota,2018,CNG,Automatic,21.49,2183,218.0,3,No,New Ashleyport,12.27
Ford,2015,Diesel,Manual,16.79,1302,310.0,2,,East Steven,3.41
Mahindra,2014,Diesel,Manual,17.86,972,142.0,2,No,Stewartside,2.62
Toyota,2015,Electric,Automatic,13.96,1686,177.0,1,No,Maloneport,6.8
Hyundai,2010,Electric,Manual,19.44,2217,88.0,1,Yes,Timothyburgh,4.24
Mahindra,2006,Petrol,Manual,16.78,2967,197.0,4,Yes,Port Kennethmouth,2.57
Kia,2015,CNG,Automatic,20.9,1072,216.0,1,No,New Thomasborough,15.78
BMW,2023,Petrol,Automatic,12.65,2209,90.0,2,No,Jerrystad,6.19
Toyota,2010,Electric,Manual,16.68,1657,,1,Yes,Lewismouth,17.25
Hyundai,2018,Petrol,Manual,13.36,2710,117.0,1,Yes,South Jamestown,4.02
Mahindra,2010,Diesel,Manual,13.61,2757,146.0,3,Yes,Williamside,1.17
Hyundai,2021,Diesel,Automatic,20.42,1060,182.0,2,Yes,Dixonborough,13.17
Kia,2014,Petrol,Manual,22.5,2152,250.0,4,Yes,Monicaville,5.09
Ford,2005,CNG,Manual,8.67,1947,87.0,1,Yes,South Robert,8.56
Hyundai,2007,Petrol,Manual,25.45,2299,214.0,1,,Sarahmouth,2.58
Mahindra,2012,Petrol,Automatic,23.62,1077,289.0,4,Yes,Jonesburgh,7.85
Hyundai,2012,CNG,Automatic,12.61,2940,96.0,4,No,Jamesfurt,2.51
Hyundai,2019,CNG,Automatic,21.31,1622,65.0,2,Yes,Hawkinsburgh,7.7
Hyundai,2011,CNG,Manual,16.16,2975,284.0,4,Yes,Kathleenborough,6.1
Honda,2015,Diesel,Manual,17.61,1331,92.0,1,Yes,New Peggy,8.92
Honda,2011,Petrol,Automatic,20.41,966,148.0,2,No,Gonzalezbury,10.5
Ford,2008,Electric,Manual,19.92,1630,99.0,2,No,North Scott,8.96
Toyota,2016,CNG,Manual,15.71,1035,228.0,4,Yes,West Shawn,9.8
Hyundai,2010,CNG,Manual,15.69,1855,77.0,2,Yes,Perryton,7.56
Kia,2018,Petrol,Automatic,15.93,2054,74.0,1,No,Freemanchester,6.26
Toyota,2016,Electric,Manual,,990,191.0,1,Yes,West Russell,9.88
Kia,2015,Petrol,Manual,10.55,1412,,1,No,Sanchezborough,7.55
Toyota,2023,Petrol,Automatic,17.35,2331,135.0,2,Yes,Kristenland,7.71
Ford,2009,CNG,Manual,24.29,3102,171.0,4,Yes,Myersfort,9.59
Hyundai,2018,CNG,Automatic,20.81,2523,131.0,1,No,North Taylor,3.87
Hyundai,2020,Diesel,Manual,22.2,1772,80.0,3,No,West Amber,13.72
BMW,2017,Electric,Automatic,17.41,1448,247.0,4,No,Lake Jamesfort,7.0
Kia,2008,Electric,Automatic,13.35,905,180.0,2,,Deniseborough,8.5
Toyota,2015,CNG,Manual,18.22,2404,200.0,1,No,Dillonfurt,7.82
Toyota,2021,CNG,Manual,15.24,991,263.0,2,No,Lake Blakestad,10.61
Honda,2011,CNG,Automatic,26.92,1802,268.0,1,No,East Joann,9.36
BMW,2018,Electric,Manual,17.37,2101,,2,No,West Katieland,7.8
Mahindra,2015,Diesel,Automatic,20.55,2367,244.0,3,No,North Justinfurt,13.8
Mahindra,2013,Electric,Manual,24.81,3022,260.0,2,Yes,East Franciscomouth,-4.81
Honda,2017,CNG,Manual,13.61,2593,123.0,2,Yes,East Laura,12.97
Honda,2022,CNG,Manual,8.88,1434,84.0,2,Yes,Thomasmouth,11.68
Honda,2015,Diesel,Manual,19.96,884,,1,Yes,Fischerton,0.66
Kia,2019,Petrol,Automatic,20.71,2811,,4,Yes,New Samanthaville,11.72
Kia,2023,Petrol,Automatic,16.34,1527,198.0,2,No,South Evanside,12.23
Ford,2005,Electric,Manual,13.37,1860,80.0,4,Yes,Timothyborough,10.25
Ford,2008,Petrol,Manual,19.24,2487,213.0,1,Yes,Raymondmouth,1.76
Honda,2018,Petrol,Manual,17.91,2399,127.0,2,Yes,West Wesley,10.73
BMW,2018,Electric,Manual,19.29,869,100.0,1,No,Lake Ricardochester,12.03
Toyota,2007,CNG,Manual,13.47,953,74.0,4,,West Davidtown,5.71
Kia,2021,Petrol,Automatic,19.3,2261,228.0,1,No,Millertown,9.76
BMW,2007,CNG,Automatic,21.28,3118,193.0,1,Yes,North Jamesberg,6.59
Hyundai,2020,Electric,Manual,11.98,3388,258.0,4,Yes,Billyfurt,11.54
Kia,2018,CNG,Automatic,23.84,2819,297.0,1,Yes,Lake Edgar,6.75
Kia,2017,CNG,Automatic,19.02,1897,171.0,4,Yes,East Michaelbury,5.68
Ford,2019,Electric,Manual,21.4,1370,111.0,4,Yes,Smithshire,7.84
Toyota,2018,CNG,Automatic,,948,196.0,2,Yes,Jasonchester,2.63
Toyota,2023,Petrol,Automatic,20.73,2857,314.0,2,No,Hensleyhaven,7.45
Mahindra,2010,Petrol,Automatic,11.42,3491,174.0,1,No,North Peterbury,9.45
Mahindra,2014,Petrol,Automatic,14.21,2909,217.0,1,No,Port Tyler,11.48
Mahindra,2019,Petrol,Manual,19.05,2211,158.0,1,No,Alanborough,9.0
Mahindra,2010,CNG,Automatic,16.9,2718,180.0,3,,New Mary,2.27
Hyundai,2014,Petrol,Automatic,18.11,1573,149.0,3,Yes,South John,13.41
Hyundai,2011,CNG,Automatic,25.71,2553,,2,Yes,East Curtis,13.74
Kia,2021,Diesel,Manual,18.05,2671,,4,Yes,North Joanne,8.45
Honda,2022,CNG,Automatic,20.84,3375,198.0,3,Yes,South Georgehaven,4.99
Ford,2021,Petrol,Automatic,17.73,2373,313.0,3,,Abigailbury,5.87
Ford,2013,Diesel,Automatic,17.61,2512,90.0,4,Yes,North Emily,7.19
Mahindra,2014,Electric,Manual,14.09,3292,221.0,1,Yes,Michelleborough,9.11
Kia,2014,CNG,Manual,19.47,2144,215.0,1,No,Edwardview,6.78
BMW,2011,Petrol,Manual,28.14,1906,176.0,3,Yes,Markville,4.57
Honda,2020,Petrol,Manual,18.35,816,250.0,3,No,South Tarastad,12.09
Kia,2022,Petrol,Manual,16.93,3216,235.0,4,Yes,Coleview,9.03
Honda,2010,Electric,Automatic,22.56,2491,64.0,4,Yes,Lake Debraport,3.79
Honda,2005,Diesel,Manual,22.09,1382,71.0,3,No,Port Sharon,9.17
Honda,2005,Diesel,Automatic,19.76,1054,118.0,4,Yes,Ramirezview,8.65
Kia,2016,Petrol,Manual,16.77,3303,309.0,1,Yes,Lake Kaylaport,5.13
Mahindra,2006,CNG,Manual,22.58,3490,,2,No,West Crystalmouth,12.78
Ford,2008,Petrol,Manual,18.48,1360,170.0,3,Yes,Danielside,8.54
Ford,2021,Petrol,Automatic,,3380,76.0,2,No,Port Vickiemouth,7.13
Mahindra,2008,CNG,Automatic,14.72,2215,279.0,4,Yes,Ryanmouth,7.67
Honda,2015,Petrol,Automatic,15.65,1119,64.0,2,Yes,South Michael,9.78
BMW,2008,Electric,Manual,18.39,1019,188.0,3,No,North Travis,7.71
Toyota,2005,Petrol,Manual,,1498,171.0,4,Yes,Andersonside,7.68
Kia,2011,Electric,Manual,16.52,2237,83.0,2,No,Aprilville,12.26
Toyota,2022,Petrol,Manual,12.88,831,88.0,1,Yes,South Williamfurt,2.33
Mahindra,2013,Diesel,Manual,11.82,1514,191.0,3,Yes,East Thomas,2.99
BMW,2007,CNG,Manual,27.74,1839,103.0,3,No,Amandaport,11.11
Kia,2012,Diesel,Automatic,,1208,266.0,3,Yes,Tracytown,17.66
Mahindra,2023,Petrol,Automatic,15.92,3020,275.0,3,No,South Edwardfort,11.51
Honda,2008,Petrol,Manual,18.32,1735,303.0,4,Yes,Robertobury,15.46
Ford,2022,Electric,Automatic,13.75,1927,90.0,1,No,New Fernando,6.26
Toyota,2015,Petrol,Automatic,15.99,2140,70.0,1,No,West Michael,5.45
Hyundai,2018,Petrol,Automatic,25.34,1506,141.0,2,No,Brownmouth,9.83
Hyundai,2022,Petrol,Manual,19.43,1582,215.0,3,No,New Sara,11.81
BMW,2020,Diesel,Manual,21.94,2004,225.0,3,Yes,East Ashleyberg,2.75
Honda,2007,Electric,Manual,24.29,2979,267.0,2,No,Lake Ethan,7.15
Toyota,2019,Diesel,Manual,18.84,1978,83.0,4,,Alexanderberg,7.89
Honda,2008,Electric,Automatic,17.12,3206,238.0,1,Yes,West Amber,5.28
Toyota,2009,Diesel,Manual,12.26,2058,109.0,3,Yes,Barryport,5.75
BMW,2021,Petrol,Manual,16.47,964,66.0,2,No,South Michaelburgh,11.37
BMW,2011,Diesel,Manual,17.35,3274,159.0,1,No,Stephanieton,9.88
Hyundai,2020,Diesel,Automatic,14.77,3335,140.0,2,,South Joanland,11.19
Honda,2018,Electric,Automatic,,1012,300.0,2,Yes,South Samantha,9.35
Kia,2020,Electric,Automatic,22.41,2748,240.0,4,,Brendahaven,4.51
Hyundai,2011,Diesel,Automatic,,1565,142.0,1,No,New Jennifer,9.69
Honda,2013,Electric,Automatic,17.54,3004,113.0,3,No,Susanborough,4.19
Hyundai,2008,Electric,Manual,13.87,3282,149.0,1,No,Stefanietown,6.75
Kia,2015,Electric,Automatic,23.31,2001,,4,Yes,North Gabrielbury,3.86
Ford,2006,CNG,Automatic,19.34,2619,90.0,3,No,East Kyleshire,5.56
Ford,2016,Electric,Manual,21.09,1444,252.0,1,No,North Patrickton,8.36
Ford,2016,CNG,Manual,20.48,2460,159.0,4,,Georgeborough,6.17
Ford,2008,CNG,Manual,19.24,3159,148.0,3,No,Lake Arthur,4.47
Mahindra,2022,Electric,Automatic,26.0,2655,182.0,3,Yes,East Danny,12.55
Toyota,2011,Diesel,Manual,15.37,926,106.0,2,Yes,New Allison,7.52
Mahindra,2005,Electric,Automatic,16.76,1176,205.0,2,Yes,North Misty,5.89
Mahindra,2017,Petrol,Manual,24.56,1024,62.0,4,Yes,Christinefort,3.67
Mahindra,2010,Diesel,Automatic,18.33,1296,77.0,3,No,West Daniel,0.51
Ford,2010,CNG,Automatic,17.5,2816,140.0,1,Yes,Laurenbury,7.11
Kia,2016,CNG,Automatic,16.99,1272,212.0,3,Yes,Rayshire,2.49
BMW,2012,Diesel,Automatic,20.72,2688,126.0,4,Yes,North Andre,10.85
BMW,2023,Diesel,Manual,17.08,1960,148.0,1,Yes,Romeroville,8.12
Toyota,2009,Electric,Manual,16.63,3322,194.0,3,Yes,South Jasonview,14.23
Ford,2022,CNG,Automatic,20.65,1016,261.0,1,No,New Donnaview,8.89
Ford,2009,Petrol,Manual,,995,238.0,2,Yes,New Tylerhaven,5.09
Ford,2014,Electric,Automatic,13.96,3048,138.0,1,No,Jamesport,0.48
Hyundai,2005,Diesel,Manual,18.13,1165,144.0,2,,Lake Melanie,11.23
Honda,2014,CNG,Manual,23.58,2351,80.0,1,No,Ingrambury,2.8
Hyundai,2009,Diesel,Automatic,21.06,3247,224.0,2,,Stephenfurt,6.37
Honda,2016,Diesel,Automatic,24.07,2348,87.0,4,Yes,Lake Spencerborough,14.7
Ford,2011,Diesel,Manual,,3437,296.0,1,No,Hernandezmouth,10.44
Ford,2013,Electric,Automatic,22.28,1013,244.0,3,,Patrickfort,9.56
Hyundai,2016,Petrol,Manual,15.41,3188,214.0,4,No,East Kaitlinhaven,11.78
Hyundai,2005,Petrol,Manual,13.07,918,182.0,4,No,Popefurt,11.63
Honda,2015,CNG,Manual,14.79,2516,146.0,1,Yes,Jasonside,14.32
BMW,2019,Diesel,Automatic,,1641,261.0,4,Yes,Juliehaven,5.59
Honda,2006,Petrol,Automatic,22.11,2472,99.0,2,No,New Brittanyburgh,6.49
Hyundai,2011,Diesel,Manual,19.24,2002,228.0,2,Yes,Port Dylanhaven,4.31
Kia,2016,CNG,Automatic,17.39,2255,129.0,1,No,Dawsonville,7.87
Hyundai,2022,Diesel,Automatic,13.87,2543,86.0,4,No,Rebeccafort,7.47
Kia,2007,Petrol,Manual,20.82,1744,190.0,3,Yes,Charlesfurt,0.98
Toyota,2011,Diesel,Automatic,21.85,3249,313.0,1,No,Bankston,5.38
Hyundai,2015,Petrol,Automatic,19.19,1365,144.0,1,,Katherineside,13.76
Toyota,2022,CNG,Manual,,3271,68.0,4,Yes,Bishopfort,8.98
BMW,2016,Diesel,Automatic,21.23,917,109.0,2,No,North Julie,10.86
Honda,2010,Petrol,Manual,22.91,1167,60.0,4,Yes,North Richardfurt,7.52
Kia,2009,CNG,Automatic,24.13,1929,63.0,3,No,Michelleshire,0.45
Honda,2005,Diesel,Automatic,16.25,3477,63.0,3,,West Rachel,7.49
Toyota,2016,CNG,Manual,19.75,2717,149.0,3,,Jamesfurt,12.17
Kia,2015,Petrol,Manual,15.86,2995,221.0,3,No,West Ryanberg,3.26
Honda,2008,Diesel,Automatic,14.31,2689,214.0,1,No,South Rachael,10.99
Hyundai,2022,Diesel,Manual,24.33,2997,74.0,3,Yes,East Tiffanyview,1.19
Ford,2008,Diesel,Manual,20.26,1615,91.0,3,No,South Kimberlyfurt,8.08
Toyota,2021,CNG,Automatic,23.17,3103,122.0,3,No,Port Mariaville,10.18
Honda,2006,CNG,Manual,13.1,2929,167.0,4,No,Parkershire,6.75
Toyota,2006,Petrol,Automatic,19.15,2863,73.0,2,Yes,Melissaland,17.89
Mahindra,2016,Electric,Automatic,20.03,1700,82.0,2,No,New Traceyside,6.03
Toyota,2010,Diesel,Manual,14.67,992,170.0,2,No,Lisaborough,5.69
Kia,2014,Diesel,Automatic,23.95,1897,219.0,3,No,East Danielfort,8.82
Mahindra,2020,Petrol,Manual,17.02,1884,100.0,4,Yes,Richmondton,4.98
Kia,2018,Diesel,Automatic,19.81,1750,203.0,1,No,North Kim,2.23
Ford,2011,CNG,Manual,15.8,3383,212.0,4,Yes,Melissaview,3.61
Mahindra,2023,CNG,Manual,13.22,3190,141.0,1,Yes,West Deborahmouth,11.03
Hyundai,2021,Diesel,Automatic,,3242,285.0,4,Yes,North Michelle,6.78
Toyota,2013,Diesel,Manual,19.52,1742,211.0,2,Yes,New Stevenbury,14.81
Honda,2017,CNG,Manual,18.95,1057,318.0,2,Yes,Bellfurt,6.24
BMW,2009,Diesel,Manual,16.89,2021,138.0,3,,Nunezton,10.84
Toyota,2009,CNG,Automatic,19.41,2900,254.0,2,No,West Bradley,10.04
Toyota,2014,Electric,Automatic,23.06,1450,,2,Yes,New Ryanmouth,6.18
Ford,2014,Electric,Manual,15.26,3118,289.0,2,Yes,Lake Jacob,4.48
Hyundai,2011,Diesel,Manual,20.24,3048,209.0,4,No,Lake Jessicachester,1.07
BMW,2019,Diesel,Automatic,18.81,1195,195.0,2,No,North Robertside,10.21
Mahindra,2011,Diesel,Automatic,17.26,3225,182.0,1,No,North Stuart,12.79
Mahindra,2019,CNG,Automatic,11.42,2714,169.0,3,Yes,North Crystalchester,1.64
Mahindra,2007,Electric,Manual,17.95,3382,202.0,4,No,New Johnport,6.52
Kia,2023,Electric,Automatic,20.69,1722,129.0,1,No,Port Jason,5.33
Kia,2014,Petrol,Manual,19.3,1197,113.0,4,Yes,Port Sabrina,10.21
Honda,2019,Petrol,Automatic,12.25,2005,99.0,2,Yes,Figueroaberg,6.69
BMW,2007,Diesel,Manual,22.99,2106,256.0,4,No,Lake Amber,13.29
Mahindra,2010,CNG,Automatic,24.59,1360,86.0,4,No,Nguyenstad,6.46
Kia,2016,Diesel,Manual,17.56,989,239.0,3,,New Christopher,3.05
Honda,2019,Electric,Automatic,27.24,1004,105.0,4,,North Sharifurt,6.12
Hyundai,2010,Diesel,Automatic,14.68,843,201.0,4,No,Boltonside,6.57
Honda,2017,Diesel,Manual,12.91,1803,157.0,3,No,Wagnershire,10.1
Kia,2023,Electric,Automatic,13.94,3487,185.0,4,No,West Jamesshire,6.51
Ford,2007,Electric,Automatic,18.98,2505,117.0,4,No,Cassandraton,9.76
Ford,2012,Electric,Automatic,10.89,2102,236.0,1,Yes,West Scott,4.84
Mahindra,2012,Electric,Automatic,16.76,1512,266.0,1,No,North Martha,6.82
Ford,2019,Petrol,Manual,29.74,3484,213.0,4,No,Marvinland,4.86
Mahindra,2008,CNG,Manual,11.98,1110,86.0,4,Yes,West Christopherstad,4.61
Mahindra,2023,CNG,Automatic,15.81,1677,222.0,2,No,Port Theresa,13.1
Kia,2007,Electric,Manual,13.86,1656,309.0,1,,Davischester,5.14
Ford,2017,CNG,Manual,16.86,3121,247.0,2,Yes,Port Charlesmouth,6.61
Mahindra,2012,CNG,Manual,16.61,2355,149.0,4,Yes,New Mary,12.18
BMW,2020,CNG,Manual,15.32,1330,190.0,2,No,Allenstad,11.0
Hyundai,2017,CNG,Manual,17.37,816,72.0,2,Yes,Mcneilmouth,14.56
Honda,2007,Electric,Automatic,20.53,1269,88.0,3,No,New Veronicaview,9.93
Honda,2020,Diesel,Manual,23.54,1610,91.0,3,No,New Markfurt,5.6
Kia,2013,Diesel,Automatic,,2127,209.0,4,,Taylormouth,16.23
Ford,2018,Diesel,Manual,18.02,1354,145.0,1,Yes,Deleonburgh,10.33
Ford,2017,Petrol,Automatic,19.85,2940,117.0,4,No,Gregoryton,7.38
Mahindra,2011,CNG,Automatic,,1681,116.0,1,No,Elizabethside,8.23
Toyota,2019,Electric,Automatic,17.39,3425,84.0,3,No,Jasontown,8.72
Mahindra,2011,Electric,Manual,15.98,3478,249.0,1,Yes,New Ashleyberg,7.05
Hyundai,2010,Petrol,Manual,21.81,1620,,2,Yes,Matthewview,2.5
BMW,2006,Electric,Automatic,25.01,1383,284.0,2,No,West Jacqueline,14.51
Honda,2013,Diesel,Automatic,14.89,1645,242.0,3,No,Trevorberg,7.91
Mahindra,2021,Petrol,Manual,,2796,213.0,4,No,North Randy,8.73
Toyota,2009,Electric,Manual,12.17,1641,82.0,1,No,Yoderfurt,16.31
Toyota,2016,Petrol,Automatic,18.8,3175,73.0,4,No,Carrollfort,5.27
Mahindra,2005,Petrol,Manual,19.04,2604,153.0,1,No,Thomastown,10.62
Kia,2014,Electric,Manual,12.06,1529,111.0,3,No,East Robert,4.83
Honda,2015,Diesel,Manual,14.69,1053,100.0,2,No,Larsenside,9.28
Kia,2020,Electric,Manual,14.3,2263,223.0,2,No,Lisamouth,8.81
BMW,2018,CNG,Manual,12.75,3418,65.0,1,Yes,East Deborah,11.16
Toyota,2012,CNG,Manual,7.34,3391,197.0,4,Yes,Port Timothymouth,12.83
Toyota,2021,Electric,Automatic,17.17,1650,158.0,3,No,Salazarmouth,5.68
Hyundai,2022,Diesel,Automatic,17.65,2967,283.0,3,No,South Tarashire,13.67
BMW,2016,CNG,Automatic,17.62,1621,89.0,4,Yes,South Kathleen,13.95
Toyota,2021,CNG,Automatic,21.06,3361,284.0,2,Yes,Lake Ronald,7.0
BMW,2018,Electric,Automatic,10.25,2372,306.0,4,Yes,Bensonhaven,7.97
Honda,2020,Electric,Automatic,,1778,138.0,2,Yes,New Cameron,6.02
Ford,2018,Electric,Manual,28.24,2944,244.0,1,No,Pearsonborough,6.78
Toyota,2013,Petrol,Manual,21.55,1670,239.0,3,No,Bullockfort,3.19
Hyundai,2008,Petrol,Automatic,21.57,2193,136.0,1,Yes,Port Amymouth,11.11
Honda,2015,Petrol,Automatic,13.93,1056,288.0,4,No,South Stephenview,-0.2
Mahindra,2010,Electric,Automatic,17.22,927,61.0,4,No,Nicholehaven,5.21
BMW,2019,Diesel,Manual,8.8,2182,76.0,1,No,Michaelland,7.82
Mahindra,2009,CNG,Manual,20.34,1979,71.0,4,Yes,New Jamieburgh,13.2
Kia,2015,Petrol,Manual,23.6,2904,241.0,4,Yes,Timothyborough,5.82
Honda,2022,Diesel,Manual,12.2,3429,66.0,4,No,South Jessicastad,9.71
Mahindra,2017,Electric,Automatic,13.36,2771,305.0,3,Yes,South Edwardview,7.68
Toyota,2015,Petrol,Automatic,17.87,1355,216.0,3,Yes,Waltersmouth,11.78
BMW,2018,Electric,Automatic,18.61,3005,233.0,2,Yes,Frankport,9.5
Ford,2022,Diesel,Automatic,15.83,884,240.0,3,No,Carrollchester,11.32
Honda,2023,Petrol,Manual,14.74,1121,296.0,1,No,Mirandaville,5.8
Toyota,2019,Petrol,Manual,14.78,3156,216.0,1,No,South Ronald,3.94
Hyundai,2013,Petrol,Automatic,17.8,2353,310.0,3,Yes,Port Erinberg,9.47
Kia,2012,Petrol,Manual,20.34,1083,280.0,1,Yes,West Saraport,6.05
BMW,2005,Diesel,Manual,17.8,2717,282.0,4,No,Hillbury,8.12
Honda,2008,Petrol,Manual,17.42,2981,270.0,3,Yes,Williamsburgh,9.27
Honda,2018,CNG,Manual,10.96,1413,193.0,2,Yes,Port Amy,12.97
Ford,2006,CNG,Automatic,21.47,3496,318.0,2,Yes,Jomouth,11.15
Ford,2020,Electric,Manual,17.79,2227,94.0,3,Yes,Sanchezhaven,5.28
Hyundai,2007,Petrol,Automatic,,2316,242.0,1,No,North Jenniferfort,3.42
Kia,2012,CNG,Manual,19.02,1028,220.0,3,No,South Melissa,14.83
Hyundai,2010,CNG,Manual,14.62,2629,152.0,3,Yes,Lake Elizabeth,1.67
Toyota,2020,CNG,Automatic,16.34,2129,256.0,2,No,Mileshaven,6.19
Toyota,2020,Diesel,Automatic,18.43,2732,265.0,4,,East Pamela,10.58
Hyundai,2011,Petrol,Manual,15.29,918,77.0,4,No,Ballhaven,14.56
Kia,2017,Diesel,Manual,11.42,3171,293.0,3,Yes,Brookeburgh,7.24
Hyundai,2017,Diesel,Automatic,10.77,1720,125.0,2,No,Stevenview,8.11
Kia,2009,CNG,Manual,19.78,3006,303.0,2,Yes,Port Kimberlyfurt,4.5
Kia,2022,CNG,Manual,17.88,3086,258.0,3,No,Lake Lisabury,8.51
Mahindra,2019,Electric,Automatic,17.73,3243,77.0,3,No,Manuelborough,3.4
BMW,2022,Petrol,Manual,13.35,1119,131.0,3,No,Port Joshua,5.0
Kia,2006,Petrol,Manual,,3156,214.0,4,No,Hernandezmouth,11.06
Ford,2014,CNG,Manual,16.4,3096,229.0,3,Yes,Bernardton,6.27
Kia,2017,CNG,Manual,15.6,3385,210.0,2,No,New Gary,11.67
Kia,2022,Petrol,Manual,17.7,1500,139.0,3,No,North Darrellland,7.39
Kia,2019,Electric,Automatic,19.19,3241,165.0,2,No,Kimberlystad,2.52
Mahindra,2016,CNG,Manual,25.0,3499,70.0,2,No,Hunterberg,12.67
Mahindra,2019,Electric,Automatic,20.26,1817,267.0,1,No,Port Elijah,2.74
Toyota,2017,Diesel,Automatic,21.43,1205,189.0,2,Yes,South Emily,5.59
Mahindra,2022,CNG,Manual,22.42,2004,230.0,1,Yes,Hurleyside,7.2
Ford,2019,Diesel,Automatic,14.94,2868,92.0,3,Yes,New Jessicafort,12.02
Ford,2015,CNG,Manual,16.72,2498,83.0,1,Yes,Walkerfort,5.89
Mahindra,2023,Diesel,Automatic,14.38,2406,,4,No,New Corey,4.29
Hyundai,2007,CNG,Automatic,15.27,954,105.0,4,Yes,Lorraineport,8.65
BMW,2011,Electric,Automatic,16.29,2651,290.0,4,Yes,Port Troy,7.14
Mahindra,2018,Electric,Manual,,1666,192.0,3,No,Lake Bethburgh,6.13
Kia,2018,Electric,Automatic,18.9,1358,144.0,2,Yes,Cookmouth,8.87
Honda,2017,Diesel,Automatic,19.73,993,64.0,4,Yes,Burkeborough,3.19
BMW,2016,Electric,Automatic,12.78,3246,280.0,1,No,Stevenport,1.11
BMW,2013,Diesel,Manual,16.75,3127,253.0,3,Yes,New Randy,16.55
Ford,2005,CNG,Manual,16.8,1833,128.0,3,Yes,Wallerhaven,8.42
BMW,2023,Diesel,Automatic,12.11,2199,235.0,1,Yes,Josephburgh,8.7
Mahindra,2015,CNG,Automatic,14.94,3319,298.0,1,Yes,West Jennifer,4.87
Kia,2023,Petrol,Automatic,21.49,2999,238.0,3,No,Robertville,11.59
Kia,2022,Petrol,Automatic,21.44,2831,315.0,3,Yes,North David,5.87
Toyota,2016,Petrol,Manual,11.48,1601,270.0,2,No,Williamhaven,-3.14
Kia,2005,Diesel,Manual,19.89,1352,286.0,3,No,West Eric,5.73
Kia,2023,Petrol,Manual,12.12,2247,131.0,1,No,New Kevinshire,6.87
Ford,2021,Petrol,Automatic,16.39,2346,124.0,3,No,South Jackieborough,7.32
Kia,2009,Petrol,Manual,17.61,1529,225.0,3,Yes,Ramoshaven,7.2
Toyota,2007,CNG,Automatic,21.01,3360,273.0,1,Yes,Pinedaborough,5.42
Honda,2006,Electric,Automatic,17.3,1812,76.0,2,Yes,North Codyburgh,5.03
Mahindra,2007,Diesel,Automatic,13.94,970,232.0,3,No,Lake Tina,6.81
Ford,2012,Petrol,Manual,13.26,1649,188.0,4,No,Hallfurt,1.42
Honda,2020,CNG,Automatic,18.67,1593,62.0,4,,Jodiburgh,0.17
Ford,2010,Electric,Manual,15.46,2388,307.0,1,,Johnport,8.39
Hyundai,2017,Electric,Automatic,16.37,924,129.0,1,Yes,Port Brandon,8.46
BMW,2020,Electric,Manual,21.88,974,111.0,1,Yes,New Patricia,11.52
Hyundai,2020,CNG,Automatic,19.74,3351,318.0,4,Yes,Maryview,6.98
Kia,2007,Petrol,Manual,24.35,2600,298.0,1,Yes,Sheilafurt,3.23
Honda,2017,Electric,Automatic,13.93,905,153.0,4,Yes,East Jeremy,0.24
Kia,2018,CNG,Manual,15.16,2770,106.0,2,No,Evanshire,4.44
BMW,2012,CNG,Automatic,18.73,2460,134.0,1,No,Lake Josephmouth,9.69
Ford,2016,Diesel,Automatic,25.28,3375,150.0,3,Yes,Patriciahaven,13.77
BMW,2012,CNG,Automatic,14.82,837,145.0,2,,Port Chad,8.22
Toyota,2013,Electric,Manual,18.15,1194,65.0,4,Yes,South Marcmouth,3.15
BMW,2005,Electric,Automatic,23.28,1720,289.0,1,No,New Ryan,4.48
Toyota,2010,CNG,Automatic,18.2,3324,102.0,3,Yes,Amandafurt,4.61
BMW,2023,Electric,Automatic,,2290,257.0,4,Yes,West Heather,6.38
Mahindra,2015,CNG,Manual,25.83,1521,241.0,2,Yes,Edwardsview,12.48
Toyota,2015,Electric,Automatic,19.18,2830,228.0,3,No,West Ericton,12.8
Honda,2017,Diesel,Automatic,19.83,3162,262.0,2,Yes,South Trevor,7.31
Kia,2015,Petrol,Manual,20.97,2108,253.0,1,No,Beckerhaven,8.73
Kia,2022,Diesel,Automatic,14.38,2829,90.0,3,Yes,Joanville,4.81
Hyundai,2019,Diesel,Manual,12.07,2503,161.0,1,No,Williamside,1.16
Kia,2005,Petrol,Automatic,18.63,2433,,4,No,New Patrick,15.15
Ford,2011,Electric,Manual,15.5,2252,150.0,4,Yes,West Elizabethville,-1.29
Mahindra,2017,Petrol,Manual,22.21,1164,309.0,2,Yes,New Kyle,0.66
BMW,2016,CNG,Manual,19.26,3028,242.0,1,Yes,Port Karen,15.19
Hyundai,2022,Petrol,Automatic,22.14,1533,264.0,1,No,Woodardstad,8.07
Ford,2023,Diesel,Automatic,13.19,1043,148.0,3,Yes,Jenniferland,3.5
Ford,2019,Petrol,Manual,22.01,1112,218.0,4,Yes,Johnfort,10.73
Toyota,2012,Electric,Automatic,8.8,875,189.0,1,No,North Rose,11.09
Kia,2023,Diesel,Automatic,13.52,3109,307.0,1,No,South Markberg,2.67
Honda,2014,CNG,Manual,20.53,1030,199.0,1,No,East Stevenside,5.87
Honda,2011,Electric,Manual,15.99,3493,248.0,4,Yes,Port Danielleville,11.5
Hyundai,2022,Diesel,Manual,16.37,2211,150.0,4,Yes,East Jesusport,4.73
Mahindra,2020,CNG,Manual,18.43,2148,115.0,4,Yes,Port Brittany,9.13
Honda,2010,Electric,Automatic,23.69,1641,285.0,2,Yes,Brittneyhaven,13.7
BMW,2013,CNG,Automatic,10.31,2279,224.0,4,No,Littleberg,-1.57
Honda,2017,Petrol,Automatic,22.99,1315,95.0,4,No,New Hailey,6.64
Hyundai,2012,Petrol,Automatic,23.23,3289,88.0,4,No,Jamesside,9.05
Honda,2020,CNG,Automatic,15.98,2372,139.0,3,Yes,Mcculloughville,0.83
BMW,2017,Petrol,Automatic,15.22,3430,228.0,3,No,Port Matthewburgh,5.88
Toyota,2017,CNG,Manual,17.53,3109,92.0,1,Yes,Warrentown,12.18
Mahindra,2021,Electric,Automatic,15.14,1618,152.0,3,No,Port Tracymouth,5.18
Hyundai,2009,Diesel,Automatic,19.38,1407,171.0,2,No,New Christopher,2.06
Toyota,2021,CNG,Automatic,19.9,1322,268.0,2,Yes,Smithberg,12.52
Toyota,2013,Diesel,Manual,11.78,2601,253.0,1,No,Hansenton,9.78
Toyota,2006,Diesel,Manual,14.32,2012,306.0,1,No,Jordanhaven,7.72
Ford,2022,CNG,Automatic,13.26,1836,177.0,2,Yes,Martinezshire,7.61
Mahindra,2013,Petrol,Manual,18.86,961,287.0,2,No,Kyleside,12.11
Kia,2010,Electric,Manual,21.49,2316,68.0,2,Yes,East Markview,9.18
Mahindra,2015,Diesel,Automatic,13.71,2852,258.0,1,No,South Jenniferberg,10.58
Ford,2010,Electric,Automatic,21.46,2831,188.0,2,No,Lynchville,5.23
Kia,2010,Diesel,Automatic,,1001,121.0,1,Yes,Perezmouth,0.33
Mahindra,2017,CNG,Manual,20.87,3263,61.0,2,Yes,Jessicafurt,10.49
Toyota,2015,Petrol,Manual,16.87,1835,231.0,2,Yes,Lake Kellyborough,12.4
Hyundai,2018,Electric,Automatic,16.23,1747,304.0,3,No,East Shannon,7.1
Kia,2006,Diesel,Manual,22.57,2220,147.0,2,No,West Michael,11.55
BMW,2012,CNG,Manual,25.15,2164,142.0,1,Yes,South Jacobchester,6.66
BMW,2007,CNG,Manual,10.23,1551,64.0,2,Yes,North Maryside,7.64
Honda,2007,Diesel,Automatic,20.4,1749,98.0,4,Yes,Bellmouth,15.01
Kia,2005,Diesel,Automatic,18.71,3220,134.0,3,Yes,Mitchellton,6.83
Hyundai,2023,Diesel,Automatic,20.63,2048,160.0,2,No,Lake Ashley,6.6
Ford,2022,Petrol,Automatic,12.25,2005,200.0,2,No,Johnberg,0.52
Toyota,2021,Diesel,Automatic,13.66,2120,152.0,4,Yes,New Joshua,10.76
Honda,2017,Diesel,Manual,15.31,2130,178.0,4,Yes,East Micheleside,5.16
BMW,2007,Petrol,Manual,18.85,1230,168.0,4,No,Lake Brittanyview,8.59
Ford,2005,CNG,Manual,15.07,2965,102.0,4,No,Loganland,6.74
Ford,2008,Diesel,Manual,16.71,1387,195.0,4,No,Lake Thomas,6.22
Toyota,2017,Electric,Manual,21.32,3074,276.0,4,No,North Heather,7.53
Kia,2021,CNG,Manual,26.2,2063,215.0,2,No,Ambertown,7.84
BMW,2015,Electric,Automatic,21.04,3195,98.0,1,No,South Williamfort,12.7
Hyundai,2006,Diesel,Automatic,,940,85.0,2,Yes,Cynthiafurt,14.08
Ford,2020,Petrol,Manual,17.27,1003,91.0,2,,South Maurice,10.6
Toyota,2006,Petrol,Automatic,14.44,1803,105.0,2,No,Port Michaelberg,13.09
Hyundai,2023,Petrol,Manual,16.7,2465,215.0,3,Yes,East Terri,11.42
Kia,2023,Diesel,Manual,17.77,1660,303.0,1,Yes,Wilcoxmouth,9.98
BMW,2020,Diesel,Automatic,,1644,94.0,1,No,East Leslie,13.82
Kia,2023,Electric,Automatic,21.26,3160,301.0,3,No,New Christopher,2.77
Ford,2013,Petrol,Manual,24.08,2738,318.0,1,Yes,West Dennis,5.26
Hyundai,2005,Diesel,Automatic,18.49,936,105.0,3,No,East Michaelburgh,4.72
Hyundai,2014,CNG,Manual,22.34,2451,296.0,2,No,Annaport,6.79
Hyundai,2023,Diesel,Manual,22.83,3198,67.0,1,Yes,Port Lisafort,10.74
Ford,2005,Diesel,Manual,13.86,2490,319.0,2,Yes,Jessicaland,3.54
Ford,2006,CNG,Manual,11.05,3020,,4,Yes,Kelliton,10.01
Kia,2020,Petrol,Manual,16.0,1953,297.0,2,,Port Holly,5.65
Honda,2016,CNG,Automatic,18.38,878,226.0,1,Yes,West Johnstad,6.61
Kia,2012,Petrol,Manual,13.22,1778,135.0,2,No,West Brian,8.8
BMW,2022,CNG,Automatic,23.69,1368,216.0,2,No,Clarkeside,14.72
Toyota,2006,Electric,Manual,25.8,2904,260.0,3,Yes,South Michaelside,5.15
Hyundai,2017,Petrol,Automatic,18.72,3210,293.0,1,Yes,Ryanmouth,7.68
Honda,2010,Diesel,Manual,14.07,933,291.0,2,No,Fergusonshire,3.69
Toyota,2010,Electric,Automatic,19.95,2861,271.0,3,No,East Courtneyfurt,5.11
Honda,2013,Petrol,Manual,14.06,1082,213.0,1,No,South Jacobberg,3.65
Mahindra,2020,Petrol,Manual,22.57,926,272.0,4,No,North Keith,8.98
Kia,2015,Petrol,Automatic,17.07,2826,146.0,2,Yes,Jeffview,9.7
Ford,2011,CNG,Automatic,20.91,2595,77.0,2,Yes,Johnshire,10.75
Hyundai,2014,Petrol,Automatic,21.61,2649,250.0,2,Yes,Timothyfort,4.99
Kia,2014,Diesel,Automatic,20.15,1017,113.0,2,Yes,Port Wendyton,10.03
Toyota,2022,Petrol,Automatic,25.14,1544,275.0,2,No,Jenniferberg,8.45
Mahindra,2013,Diesel,Automatic,18.71,1059,101.0,4,No,East Marcusburgh,7.77
Mahindra,2019,Diesel,Manual,15.99,2041,289.0,4,Yes,Leehaven,3.03
Mahindra,2008,Diesel,Manual,9.59,2643,289.0,1,Yes,Kennethborough,8.61
Toyota,2012,Electric,Manual,8.86,2481,241.0,1,No,South Philliphaven,8.74
Toyota,2013,Diesel,Automatic,20.61,2312,200.0,3,No,East Allison,8.41
Toyota,2017,CNG,Automatic,17.26,2266,141.0,3,No,New Anthonyland,9.6
Toyota,2013,Petrol,Automatic,14.74,898,226.0,3,Yes,East Huntershire,10.78
Mahindra,2008,CNG,Manual,13.54,981,113.0,4,,West Elizabethchester,3.61
Mahindra,2021,Electric,Automatic,20.96,3016,132.0,1,No,Lake David,7.13
Honda,2020,Petrol,Manual,14.07,3080,272.0,1,Yes,Turnerberg,10.06
Kia,2019,Diesel,Automatic,24.52,1755,230.0,4,No,Krystalfurt,6.93
Hyundai,2007,Petrol,Automatic,27.4,1916,278.0,1,Yes,West Richardport,11.84
Ford,2009,Electric,Automatic,14.4,1271,195.0,2,No,Alyssashire,8.36
Mahindra,2009,Electric,Manual,20.68,2339,94.0,1,Yes,Aguilarchester,0.18
Ford,2019,CNG,Automatic,19.76,1908,205.0,1,No,Gibsonview,11.36
Kia,2022,Petrol,Manual,14.05,1478,242.0,2,Yes,North Jenniferhaven,7.53
Kia,2019,Petrol,Automatic,14.07,2342,137.0,3,,New Kimberlyburgh,0.92
Ford,2006,Petrol,Automatic,17.51,1180,312.0,3,No,West Amandamouth,6.99
Mahindra,2017,CNG,Automatic,13.45,2055,295.0,3,No,West Edwardview,2.93
Ford,2008,Electric,Automatic,22.37,3098,136.0,4,No,Kimland,11.01
Honda,2014,Diesel,Manual,17.02,3166,132.0,2,Yes,North Rachel,7.86
BMW,2017,Petrol,Automatic,13.52,3040,86.0,2,No,Lake Ashleyberg,4.31
Mahindra,2014,CNG,Manual,17.64,2458,97.0,4,No,Christopherside,11.24
Mahindra,2013,CNG,Automatic,19.87,3448,313.0,2,No,West Brittany,9.83
Hyundai,2012,Diesel,Automatic,15.1,3454,145.0,1,Yes,South Annamouth,7.06
Toyota,2007,Electric,Automatic,10.03,2380,90.0,3,No,Jeffreytown,3.02
BMW,2020,Petrol,Manual,18.51,1564,264.0,2,Yes,New Johnchester,4.63
Kia,2018,Petrol,Automatic,13.13,1790,252.0,2,No,Port Craig,4.57
Mahindra,2013,CNG,Manual,14.83,2386,289.0,3,No,Kelseymouth,10.99
Ford,2015,Electric,Manual,19.88,3353,240.0,4,,Millerstad,1.28
BMW,2007,Petrol,Automatic,15.65,2912,304.0,3,No,North David,7.81
Hyundai,2009,Diesel,Manual,17.44,3069,99.0,4,Yes,New Alexandratown,7.0
Kia,2014,Electric,Automatic,23.81,1265,216.0,4,Yes,Jaimeshire,12.14
Toyota,2017,Electric,Manual,16.59,2919,227.0,1,No,Lake Jonathanville,8.93
Toyota,2008,CNG,Manual,26.09,1687,217.0,3,No,Marioland,10.14
Hyundai,2017,CNG,Manual,20.96,3321,189.0,2,No,New Alexander,5.9
Hyundai,2016,Petrol,Manual,14.27,818,,4,Yes,Kathrynview,3.08
Ford,2009,CNG,Automatic,16.09,3369,215.0,1,No,West Danielland,6.7
Mahindra,2014,Electric,Manual,12.95,1583,234.0,3,Yes,Carrillochester,11.11
Toyota,2013,Petrol,Automatic,20.55,2506,147.0,4,Yes,West Jerrychester,11.1
Kia,2011,Petrol,Manual,23.3,1214,161.0,1,No,South Donna,6.28
BMW,2006,Electric,Automatic,16.57,1163,307.0,2,Yes,Williamsborough,4.56
Kia,2011,Petrol,Automatic,10.55,3375,265.0,4,No,Coreyburgh,3.77
Honda,2012,Diesel,Manual,19.44,1903,148.0,4,Yes,South Jared,7.45
Honda,2011,Diesel,Manual,14.55,1595,155.0,2,No,Donnaville,8.55
Hyundai,2018,Petrol,Automatic,15.16,2013,218.0,2,No,Chadside,13.89
Ford,2023,CNG,Manual,19.25,1971,173.0,2,No,New Jennatown,8.49
Honda,2009,Diesel,Manual,22.93,2498,83.0,4,No,North Molly,10.46
Toyota,2022,Petrol,Manual,20.96,1242,222.0,1,No,New Aaron,4.88
Kia,2016,Diesel,Manual,19.72,3112,114.0,1,No,East Heather,8.17
Kia,2021,CNG,Manual,17.37,1449,123.0,2,Yes,Christiefurt,8.56
Hyundai,2017,Electric,Manual,12.72,1308,92.0,1,Yes,Rayside,7.44
Mahindra,2006,Petrol,Manual,19.39,1265,105.0,2,Yes,Lake Gregoryburgh,7.91
Mahindra,2017,Petrol,Manual,20.87,3212,278.0,2,No,Alexanderfort,8.5
BMW,2011,Petrol,Manual,15.62,2222,255.0,3,,Henryton,9.92
Hyundai,2014,Petrol,Automatic,16.53,3340,312.0,1,No,Markville,12.68
BMW,2010,Petrol,Manual,22.44,3389,295.0,4,No,Lake Charles,-1.06
Mahindra,2007,Petrol,Manual,16.43,2639,138.0,3,No,West Garyport,12.45
Hyundai,2007,CNG,Manual,16.92,2303,151.0,2,No,Victoriaborough,1.16
Hyundai,2022,Electric,Manual,17.65,2426,155.0,3,Yes,Liton,9.24
Hyundai,2015,CNG,Manual,20.66,1914,287.0,2,No,Meganborough,17.42
Mahindra,2009,CNG,Automatic,19.17,1522,294.0,2,No,North Adrianport,7.83
BMW,2023,Electric,Automatic,18.88,1641,161.0,2,No,Thomasberg,8.72
BMW,2023,CNG,Manual,24.07,3147,311.0,1,No,Mitchellchester,6.76
Hyundai,2019,Diesel,Automatic,16.36,3021,199.0,2,No,Rhondatown,10.67
Honda,2020,CNG,Manual,14.2,1445,202.0,2,Yes,West Brittanyberg,9.45
Ford,2013,Petrol,Manual,22.09,823,299.0,1,No,Finleyton,5.3
Mahindra,2008,Diesel,Automatic,18.92,1530,120.0,1,No,Molinaberg,7.54
Ford,2019,Diesel,Automatic,15.64,806,82.0,2,Yes,Port Ruth,3.53
Ford,2016,Electric,Automatic,16.56,2420,70.0,1,Yes,Michaeltown,7.52
BMW,2007,CNG,Automatic,12.9,2071,75.0,4,No,New Lindaside,6.32
BMW,2018,CNG,Automatic,,965,108.0,4,Yes,New Paulaside,8.55
Honda,2021,Diesel,Manual,12.15,1227,229.0,2,Yes,Kimberlymouth,5.16
Ford,2023,CNG,Manual,20.73,2992,178.0,3,No,Evansmouth,7.14
Ford,2010,CNG,Manual,15.91,2334,101.0,1,,South Jamesshire,8.04
Hyundai,2008,Electric,Automatic,12.42,1732,69.0,3,No,Port Patriciaview,8.31
BMW,2011,Diesel,Manual,22.39,3356,108.0,4,Yes,Aarontown,9.1
Ford,2023,Petrol,Automatic,27.03,3492,266.0,2,No,Michaelborough,7.3
Kia,2021,Diesel,Manual,19.75,2399,226.0,4,No,Ramosberg,4.85
Honda,2020,Electric,Automatic,16.86,2923,61.0,1,Yes,Port Tracy,8.33
Kia,2019,Electric,Automatic,14.16,2466,127.0,1,Yes,North Amberchester,7.28
Kia,2012,Electric,Manual,19.05,1623,269.0,2,No,Campbellland,12.1
Mahindra,2023,CNG,Manual,20.55,2142,198.0,1,No,New Joann,12.6
Mahindra,2012,Diesel,Manual,18.03,1861,96.0,1,Yes,Maryside,2.51
Honda,2022,CNG,Manual,21.58,1365,277.0,1,No,Flynnton,10.47
Kia,2020,CNG,Automatic,24.06,2465,239.0,3,Yes,Dawnborough,11.27
Ford,2023,Diesel,Manual,12.96,2337,64.0,2,Yes,Jasonborough,2.62
BMW,2014,Electric,Automatic,19.18,1963,189.0,2,Yes,Romerotown,10.32
Honda,2021,Petrol,Manual,10.39,2081,192.0,2,No,West Ryan,11.58
Hyundai,2017,Petrol,Manual,14.74,3464,158.0,1,No,Nielsenbury,4.2
Kia,2017,Diesel,Manual,20.88,3228,219.0,1,Yes,South Scott,7.05
Honda,2011,Diesel,Manual,17.81,2008,295.0,1,Yes,Barbarafurt,8.75
Toyota,2014,Electric,Manual,11.56,1102,206.0,2,No,Phelpsburgh,10.28
Toyota,2006,Diesel,Automatic,22.2,2317,174.0,3,No,West Williambury,4.05
Mahindra,2008,Diesel,Manual,15.83,1555,63.0,4,No,Port Lisafurt,12.63
BMW,2010,Electric,Automatic,21.4,963,146.0,2,Yes,New Danielle,-0.12
Ford,2022,Electric,Manual,20.05,2467,105.0,2,Yes,New Bradley,13.29
BMW,2010,CNG,Automatic,14.67,2026,142.0,3,No,Anthonyburgh,10.2
BMW,2021,Diesel,Manual,21.48,2033,213.0,4,Yes,Port Angelstad,5.51
BMW,2018,Petrol,Manual,19.27,2682,170.0,4,Yes,South Marktown,11.46
BMW,2015,Diesel,Manual,18.7,2948,176.0,1,No,Nicholasfort,3.81
Hyundai,2023,Petrol,Automatic,16.13,1697,156.0,4,Yes,Garciahaven,8.46
Hyundai,2006,Petrol,Automatic,13.59,1582,248.0,1,No,West Johnfort,8.95
Mahindra,2007,Petrol,Manual,16.33,2794,147.0,2,No,Millerchester,8.94
Honda,2015,CNG,Manual,16.24,2384,146.0,3,No,Wagnerburgh,4.64
Toyota,2010,Electric,Manual,21.41,3215,85.0,2,No,Sheilaport,6.02
BMW,2018,Electric,Automatic,11.4,1526,90.0,4,Yes,Port Joseph,8.51
Mahindra,2023,CNG,Manual,23.88,3219,185.0,2,No,Mooreview,5.09
Honda,2020,Electric,Automatic,24.1,2254,257.0,3,No,Susanton,9.09
Toyota,2011,CNG,Manual,15.44,3127,90.0,3,No,East Davidville,5.54
Kia,2012,Diesel,Automatic,23.61,3163,291.0,1,Yes,Lake Jenniferburgh,12.0
Ford,2023,CNG,Automatic,13.98,2812,104.0,2,Yes,New Mario,14.25
Hyundai,2020,Electric,Automatic,22.51,1900,248.0,3,Yes,Bennettview,6.81
Kia,2011,Electric,Manual,14.72,1615,111.0,3,Yes,Port Nicole,11.68
Toyota,2013,Diesel,Automatic,22.13,950,111.0,3,No,North Angelaside,7.15
Kia,2017,CNG,Manual,12.25,1808,138.0,3,Yes,South Ebonyland,4.25
Ford,2005,Diesel,Automatic,22.33,2319,108.0,4,Yes,Hernandezstad,6.3
Mahindra,2012,Petrol,Manual,23.15,2120,289.0,2,Yes,Warrenport,8.34
Toyota,2008,CNG,Automatic,12.12,1468,,2,No,East Justinmouth,0.85
Kia,2007,Diesel,Automatic,25.03,1206,,2,No,South Timothy,10.5
Hyundai,2007,Diesel,Manual,22.07,3134,278.0,4,No,New Monica,8.34
Hyundai,2017,Electric,Manual,10.01,1291,81.0,4,No,East Kristiland,12.0
Honda,2012,CNG,Automatic,16.04,1832,189.0,3,Yes,Port Kyleside,10.43
Kia,2011,Petrol,Automatic,22.15,2741,66.0,4,Yes,Jessicamouth,8.48
BMW,2005,Petrol,Manual,20.89,1955,103.0,1,Yes,Lake Matthew,6.58
Kia,2020,CNG,Automatic,18.45,1900,299.0,4,Yes,North Samuel,14.09
Mahindra,2010,CNG,Automatic,21.71,2978,124.0,3,Yes,Christineborough,16.68
Toyota,2011,Diesel,Manual,14.5,1796,,2,No,Guzmanchester,6.64
Toyota,2016,Electric,Manual,18.19,2711,132.0,4,Yes,Tylerton,12.17
Mahindra,2013,Electric,Manual,14.62,2235,130.0,2,No,Chandlerland,5.17
Kia,2015,Electric,Automatic,18.54,1913,256.0,2,No,Port Michaelburgh,5.65
Mahindra,2014,CNG,Automatic,22.0,3345,248.0,1,No,Fisherfort,6.46
Ford,2005,Electric,Automatic,21.13,3469,217.0,1,Yes,West Ashleyton,10.74
Mahindra,2022,Diesel,Manual,18.89,1688,84.0,4,Yes,Robertsville,3.7
Hyundai,2008,CNG,Automatic,21.96,1153,130.0,2,No,New Petertown,14.2
Mahindra,2009,CNG,Manual,22.35,3118,282.0,3,Yes,East Kristin,11.75
Toyota,2013,Electric,Manual,25.19,2215,219.0,2,Yes,New Julieside,10.65
Hyundai,2021,Petrol,Automatic,22.67,1231,134.0,2,Yes,East Jamesberg,6.82
Toyota,2007,Petrol,Manual,20.63,1538,197.0,1,Yes,Michaelberg,11.32
Honda,2020,Diesel,Automatic,21.74,3319,100.0,1,No,Gregorymouth,-3.67
BMW,2009,Electric,Manual,18.97,2579,75.0,1,Yes,Port Thomas,9.76
Toyota,2020,Electric,Manual,16.88,2131,248.0,1,Yes,Stewartville,8.64
Hyundai,2007,CNG,Manual,21.47,1307,87.0,4,Yes,Wattsborough,0.46
Honda,2019,CNG,Automatic,21.03,854,222.0,4,No,Morganshire,9.63
Toyota,2007,Electric,Manual,19.17,2884,114.0,2,No,East Jennifer,10.36
Ford,2018,CNG,Automatic,,1699,161.0,4,Yes,North Austinborough,0.59
Mahindra,2020,Electric,Manual,17.0,2902,101.0,3,Yes,Benjaminland,3.25
BMW,2021,Diesel,Manual,16.37,1323,230.0,2,Yes,North Alexander,16.26
Toyota,2022,CNG,Manual,23.02,1262,267.0,2,Yes,Hodgesville,7.25
Honda,2022,Electric,Automatic,22.71,1496,108.0,3,No,Jamesmouth,11.9
Ford,2018,CNG,Automatic,22.54,2301,119.0,2,No,Olsonside,12.51
Kia,2022,Diesel,Automatic,13.79,2572,65.0,3,No,Port Marthaport,9.58
Honda,2019,CNG,Automatic,16.56,1515,207.0,1,No,Davisland,12.07
Mahindra,2019,Electric,Automatic,16.97,2034,270.0,1,No,Paulton,-0.45
Honda,2010,CNG,Manual,15.58,2646,209.0,1,No,East Donna,7.08
Ford,2019,CNG,Manual,25.45,1788,144.0,3,Yes,Porterborough,-4.32
Honda,2022,Electric,Automatic,19.6,2628,219.0,4,No,Dennisberg,1.02
Ford,2008,Petrol,Automatic,19.31,1011,106.0,4,No,Perezton,5.82
Toyota,2012,CNG,Automatic,16.14,1553,221.0,2,No,Brownshire,5.34
Ford,2019,CNG,Automatic,21.45,1235,214.0,1,Yes,Port Richardfurt,8.17
Ford,2007,Diesel,Manual,26.77,2701,289.0,1,,Jeanneberg,7.92
BMW,2019,Petrol,Automatic,18.32,883,217.0,2,No,Snowstad,8.53
Ford,2017,Diesel,Automatic,17.07,2035,220.0,1,No,South Mark,8.7
Ford,2013,Electric,Automatic,17.64,1578,306.0,1,No,Payneville,9.33
Kia,2006,Electric,Automatic,16.71,1633,115.0,3,Yes,New Maria,4.16
Toyota,2012,Diesel,Manual,17.99,3308,210.0,2,Yes,East Jacqueline,5.1
Mahindra,2021,CNG,Manual,15.55,2760,113.0,3,Yes,Deborahport,7.85
BMW,2017,Petrol,Automatic,14.45,976,282.0,1,No,Davidbury,7.91
Kia,2005,Diesel,Manual,17.92,2606,313.0,1,Yes,Chadport,3.67
Hyundai,2006,Diesel,Manual,18.32,3159,127.0,2,Yes,Mooreborough,12.33
Toyota,2019,Electric,Automatic,16.91,2517,112.0,1,Yes,New Nicoleberg,10.9
Toyota,2016,CNG,Automatic,23.83,2524,304.0,4,Yes,Georgeton,4.56
Hyundai,2018,Petrol,Manual,19.66,985,99.0,3,Yes,New Lori,7.17
Mahindra,2006,Diesel,Manual,20.97,2294,197.0,3,No,Lake Scott,16.04
Ford,2022,Petrol,Manual,,2779,197.0,4,No,Prattport,8.64
Kia,2011,Petrol,Manual,18.42,2132,269.0,2,No,New Eric,9.58
Honda,2010,Diesel,Manual,18.87,1045,231.0,2,No,Stephaniemouth,5.56
BMW,2018,Petrol,Automatic,14.56,2652,244.0,1,No,West Jenniferville,6.75
Honda,2012,Electric,Manual,,1183,299.0,2,No,Lake Christopherfurt,14.05
Hyundai,2006,CNG,Manual,16.67,1084,270.0,4,Yes,Russellport,8.45
Toyota,2021,CNG,Manual,15.44,1787,210.0,2,Yes,Holmesmouth,7.72
Mahindra,2009,CNG,Manual,23.21,1099,183.0,1,No,Ericaland,8.03
Toyota,2018,Electric,Manual,12.67,1700,108.0,4,No,East Anthonyton,18.18
BMW,2007,Electric,Manual,24.88,2259,,1,No,Hansenstad,8.16
Toyota,2009,Electric,Manual,24.56,2192,127.0,3,No,Jonesview,4.68
Toyota,2020,CNG,Manual,17.11,3333,290.0,3,Yes,Lake Charles,5.38
BMW,2022,Petrol,Automatic,25.14,3283,68.0,2,Yes,Smithland,11.12
Kia,2021,Electric,Automatic,14.45,1605,184.0,4,No,New Rickybury,2.29
Kia,2015,Diesel,Manual,21.98,3028,171.0,4,No,North Heather,9.8
BMW,2021,Electric,Automatic,18.07,2721,113.0,4,No,Owenberg,5.1
Mahindra,2020,Diesel,Automatic,10.77,1676,148.0,1,No,New Mary,0.56
Hyundai,2006,CNG,Automatic,15.48,1493,154.0,4,,North Sherriville,4.08
Toyota,2008,Diesel,Automatic,17.3,3187,309.0,2,No,Millerburgh,8.11
Mahindra,2011,Electric,Automatic,21.12,3338,225.0,3,Yes,North Christian,13.58
Toyota,2006,Electric,Automatic,16.09,3342,286.0,2,Yes,East John,11.65
Hyundai,2010,Petrol,Manual,16.91,2796,195.0,3,Yes,Jonathantown,6.83
Kia,2021,CNG,Manual,20.16,1529,124.0,3,Yes,East Rose,11.89
Mahindra,2011,Diesel,Automatic,19.95,1986,64.0,2,No,Downsberg,6.57
Ford,2009,CNG,Manual,17.63,2381,179.0,3,Yes,Chandlershire,2.13
Ford,2009,Electric,Automatic,16.79,3303,278.0,3,Yes,Tracyshire,8.08
Ford,2020,Petrol,Manual,21.76,904,102.0,1,No,Barberfort,1.98
Kia,2023,Electric,Manual,16.77,1238,247.0,2,Yes,Angelamouth,11.17
Kia,2013,Electric,Manual,13.24,2321,85.0,2,Yes,Cherylburgh,11.22
Hyundai,2009,Electric,Automatic,16.42,2151,221.0,2,Yes,Jacquelinestad,4.48
Toyota,2012,Diesel,Manual,20.19,3498,292.0,3,No,West Scottberg,8.58
Hyundai,2013,Electric,Manual,17.4,1308,189.0,4,No,North Kristen,8.54
Hyundai,2009,CNG,Automatic,15.99,1050,80.0,4,No,New Samanthamouth,11.49
Kia,2014,CNG,Automatic,12.98,2014,187.0,3,No,Jacksonside,3.02
Ford,2006,Petrol,Manual,,2894,135.0,4,Yes,Fergusonbury,10.4
Honda,2013,CNG,Automatic,18.91,1678,132.0,4,No,Ericbury,2.73
Toyota,2015,Electric,Manual,13.97,2074,292.0,3,No,Carterville,11.11
Kia,2008,Electric,Manual,17.24,1817,165.0,2,No,Virginiahaven,12.25
Ford,2006,CNG,Automatic,13.62,863,68.0,1,Yes,North Bradleyfort,5.32
Mahindra,2010,Petrol,Automatic,17.48,1119,,2,Yes,New Darlene,12.88
Honda,2018,Petrol,Manual,24.9,1659,109.0,2,Yes,Port Bruceborough,1.7
Honda,2005,CNG,Automatic,18.69,2347,69.0,2,Yes,Garciaport,12.4
Kia,2022,Diesel,Manual,11.67,2876,172.0,1,No,Ryanmouth,13.75
BMW,2011,Diesel,Automatic,19.32,2474,137.0,2,Yes,New Sabrina,9.38
Toyota,2005,Diesel,Automatic,23.25,1236,95.0,4,No,Englishshire,7.22
Honda,2005,Diesel,Automatic,,2789,261.0,1,Yes,Josephburgh,9.25
Kia,2005,CNG,Automatic,13.82,2420,177.0,4,No,New Debraberg,5.58
Kia,2008,Petrol,Automatic,19.03,1562,249.0,1,Yes,East Jeremy,18.5
Ford,2008,Electric,Manual,17.65,1535,301.0,4,Yes,Andersonberg,5.65
Mahindra,2022,Electric,Manual,22.84,3298,228.0,2,Yes,Phelpsmouth,13.27
BMW,2015,CNG,Manual,17.28,1432,289.0,2,Yes,Lake Jessicaton,5.04
Toyota,2005,Electric,Automatic,21.3,2378,107.0,2,No,West Carlyhaven,14.39
Hyundai,2014,Diesel,Manual,24.11,1876,,4,Yes,Lake Kevin,16.05
Mahindra,2013,Petrol,Manual,14.53,3080,267.0,4,No,Lopezview,9.54
Mahindra,2008,CNG,Automatic,20.99,2630,120.0,3,No,South Brianmouth,9.15
Ford,2010,Petrol,Automatic,16.4,2698,176.0,4,Yes,Turnerland,4.17
Honda,2020,CNG,Automatic,9.14,999,298.0,1,Yes,Joefort,3.7
Honda,2006,CNG,Manual,19.91,1473,107.0,2,Yes,North George,9.19
Ford,2022,CNG,Manual,20.4,1348,304.0,1,Yes,New Melissaport,13.83
Kia,2014,CNG,Automatic,11.8,1736,64.0,3,No,West Kristen,5.81
Honda,2021,Petrol,Manual,16.18,2944,159.0,3,No,Joshuamouth,16.83
BMW,2017,Electric,Manual,15.51,848,264.0,4,,Brittneyport,5.56
Toyota,2022,CNG,Automatic,21.24,1695,239.0,2,No,Josephburgh,8.92
Mahindra,2017,Diesel,Manual,11.8,3369,76.0,1,Yes,Williamsbury,8.93
Mahindra,2021,CNG,Automatic,18.43,2887,149.0,3,No,North Nicholasview,7.59
BMW,2009,Petrol,Manual,8.64,1713,167.0,3,Yes,Deniseville,-0.18
Honda,2015,CNG,Automatic,19.52,1976,249.0,1,No,Zunigaburgh,5.52
Mahindra,2011,Diesel,Manual,18.5,3400,239.0,3,Yes,South Chelsea,8.8
Hyundai,2014,Petrol,Manual,15.96,1475,308.0,1,,Tammyton,7.62
Toyota,2021,CNG,Automatic,23.71,1569,310.0,2,Yes,Port Kelly,10.54
Toyota,2019,Diesel,Automatic,7.51,1010,,4,Yes,Johnborough,11.03
Mahindra,2022,Petrol,Automatic,17.93,3280,156.0,1,No,North Eric,7.04
Ford,2023,CNG,Automatic,22.79,3412,281.0,2,Yes,Haynesburgh,4.15
Mahindra,2006,Diesel,Manual,18.52,946,203.0,1,Yes,West Kevinhaven,14.19
Ford,2008,Petrol,Automatic,23.46,2322,66.0,3,No,Angelbury,2.58
Mahindra,2007,CNG,Automatic,16.2,3129,60.0,2,No,Lake Kimberlybury,5.62
Hyundai,2011,Petrol,Automatic,17.33,1294,117.0,1,Yes,Marktown,4.6
Kia,2022,Diesel,Automatic,22.93,3256,149.0,2,,South Valerie,10.99
Toyota,2014,CNG,Automatic,21.58,2449,134.0,1,No,Marquezshire,13.27
Mahindra,2011,CNG,Manual,27.6,3120,302.0,1,Yes,Lake Mario,7.31
Hyundai,2012,CNG,Automatic,18.41,3305,178.0,2,Yes,Port Kenneth,8.92
Ford,2010,Diesel,Automatic,18.8,1943,106.0,2,Yes,New Curtisstad,9.72
Ford,2005,Electric,Automatic,16.15,845,227.0,2,,West Timothy,15.22
Toyota,2008,CNG,Manual,17.18,1110,86.0,3,Yes,Shawnmouth,0.91
BMW,2018,Diesel,Manual,22.31,3409,60.0,4,No,Hawkinsville,10.98
Mahindra,2021,Petrol,Manual,18.0,1130,233.0,1,No,Port Ralph,9.51
Honda,2022,Petrol,Automatic,14.77,810,226.0,1,Yes,East Elizabeth,6.52
Ford,2015,Diesel,Automatic,16.5,1707,77.0,2,Yes,Stevenland,9.3
Kia,2018,Electric,Manual,17.64,2200,150.0,1,Yes,Lake Adam,10.96
Kia,2013,Diesel,Manual,15.03,2391,261.0,4,Yes,Thomasfurt,10.33
Ford,2019,Petrol,Automatic,16.17,807,80.0,4,No,North Samanthastad,16.63
BMW,2016,Petrol,Automatic,14.0,1783,215.0,1,No,South Laura,8.51
BMW,2014,CNG,Automatic,16.31,2550,73.0,1,Yes,Jimenezfort,8.11
Hyundai,2023,Electric,Manual,22.66,2193,79.0,2,No,West Lee,7.27
Kia,2023,Diesel,Automatic,18.19,1365,303.0,4,No,Richardsonmouth,10.21
Hyundai,2010,Petrol,Automatic,27.85,3120,232.0,1,Yes,Garciastad,7.87
Kia,2010,Petrol,Manual,,1700,181.0,4,Yes,New Samantha,8.05
Mahindra,2012,Petrol,Manual,19.94,2978,243.0,1,No,North Andreastad,8.07
Mahindra,2005,Diesel,Manual,18.89,3481,,3,No,Jamesside,7.46
Honda,2021,Diesel,Automatic,20.6,913,218.0,4,No,Wilsonfort,5.57
Mahindra,2021,Electric,Manual,15.58,1331,108.0,3,No,Shermanport,9.67
Honda,2019,CNG,Manual,16.53,2322,240.0,2,Yes,Josephshire,6.86
Mahindra,2011,CNG,Automatic,19.63,1844,200.0,4,No,Kristintown,10.45
Toyota,2023,CNG,Automatic,15.98,2543,77.0,1,Yes,Jacksonside,8.44
Mahindra,2007,Petrol,Manual,10.91,832,199.0,1,No,Toddville,6.45
Hyundai,2015,CNG,Automatic,23.24,932,131.0,3,No,South Zacharyville,14.26
Ford,2023,Petrol,Manual,21.55,2526,,4,Yes,Leachstad,7.59
Hyundai,2013,Electric,Automatic,16.33,1774,,4,Yes,Travisland,10.49
Ford,2014,Petrol,Automatic,18.87,825,254.0,4,No,Manningmouth,5.2
BMW,2006,Electric,Manual,22.03,3448,,2,No,West James,-0.1
Hyundai,2005,Electric,Manual,23.38,1344,85.0,4,Yes,Stephanieland,5.73
BMW,2020,CNG,Manual,18.42,2061,118.0,2,No,Barrettchester,-0.55
Honda,2022,CNG,Automatic,15.66,2865,111.0,1,Yes,Morrisshire,7.05
Honda,2021,Petrol,Manual,,1733,208.0,3,Yes,Smithland,13.87
Toyota,2010,Diesel,Automatic,18.38,3136,166.0,3,No,West Leonard,4.38
Mahindra,2018,CNG,Automatic,17.41,1850,118.0,4,No,New Wayne,-0.42
Hyundai,2019,CNG,Manual,19.05,1616,,3,Yes,North Alexander,14.0
BMW,2018,Diesel,Automatic,22.62,2734,78.0,4,Yes,Lake Rhondamouth,6.1
Ford,2007,Diesel,Automatic,17.84,907,225.0,1,Yes,Jonesberg,7.94
Honda,2023,CNG,Manual,21.94,1747,84.0,1,Yes,North Loriberg,11.15
Mahindra,2016,Diesel,Automatic,17.17,1537,63.0,1,Yes,Stephaniestad,10.09
Honda,2006,Petrol,Automatic,20.44,3171,62.0,3,Yes,West Joseph,11.0
Ford,2007,Electric,Manual,14.21,1592,86.0,4,No,Meganshire,11.6
Mahindra,2022,Electric,Manual,22.28,2667,278.0,2,No,Brandyshire,1.02
Mahindra,2005,CNG,Automatic,15.3,2155,103.0,1,Yes,New Kimberlychester,2.34
BMW,2010,CNG,Automatic,19.84,2185,271.0,1,No,North Aaronburgh,12.68
BMW,2009,Petrol,Automatic,12.05,1088,111.0,2,Yes,Johnsonshire,4.87
Hyundai,2005,Diesel,Automatic,18.1,2267,212.0,2,Yes,Madisonborough,5.31
Hyundai,2023,CNG,Manual,18.75,1860,261.0,3,Yes,Juliahaven,2.95
Kia,2005,Electric,Automatic,15.27,2171,70.0,1,No,Jenniferport,6.38
Kia,2020,Petrol,Automatic,17.56,842,127.0,3,No,Hughesmouth,6.6
Toyota,2016,Petrol,Automatic,19.05,1949,286.0,1,Yes,Carlosshire,4.25
Honda,2012,Diesel,Automatic,20.25,2856,180.0,3,Yes,Lake Sherry,3.79
Hyundai,2020,CNG,Manual,18.4,3031,,3,No,East Barbara,9.27
BMW,2005,CNG,Automatic,23.33,1876,116.0,2,No,New Shaunfurt,4.77
Ford,2008,Petrol,Manual,22.63,2673,123.0,4,Yes,Port Rickyhaven,5.57
BMW,2014,Electric,Manual,17.88,1332,289.0,4,Yes,West Marilynstad,-0.75
Honda,2015,CNG,Manual,12.68,2118,70.0,4,No,South Renee,15.75
Kia,2021,Electric,Manual,16.05,2031,180.0,1,No,Lake Tina,11.77
BMW,2011,Petrol,Manual,9.08,2300,283.0,2,Yes,Fosterfort,6.02
Toyota,2016,CNG,Automatic,,2793,284.0,2,Yes,East Amyfurt,4.4
Honda,2011,Electric,Manual,23.61,1753,184.0,2,Yes,East Bradleystad,8.04
Kia,2016,Petrol,Manual,21.16,868,207.0,1,Yes,Lake Charles,7.93
Ford,2019,Electric,Manual,18.33,2666,287.0,3,Yes,Jessicashire,2.9
Kia,2006,CNG,Automatic,15.09,2748,89.0,3,Yes,Lake Markville,-2.2
Mahindra,2018,Diesel,Manual,18.49,1100,69.0,4,No,Andrewchester,5.9
Toyota,2017,Electric,Automatic,26.52,826,113.0,4,No,Amandaburgh,1.75
Honda,2008,Diesel,Manual,23.95,3400,245.0,1,No,Wolfborough,8.69
Ford,2018,CNG,Manual,17.4,2953,266.0,1,Yes,Lake Michelle,8.71
Toyota,2018,Diesel,Automatic,12.07,1385,314.0,4,Yes,East Mary,4.11
Kia,2020,Petrol,Automatic,26.83,3419,,3,,Port Emmaview,5.86
Toyota,2011,Diesel,Automatic,15.08,1609,188.0,3,No,Port Matthewchester,15.05
Honda,2023,Electric,Manual,20.12,1433,117.0,2,Yes,Lucerostad,11.1
Hyundai,2006,Electric,Automatic,11.77,2538,254.0,4,No,Dennisborough,6.19
Toyota,2014,Diesel,Automatic,16.71,1458,,4,No,Huangtown,17.17
Mahindra,2022,Petrol,Automatic,11.75,2039,148.0,3,Yes,East Nicole,3.21
Toyota,2021,CNG,Automatic,13.35,3168,140.0,2,No,Moralesland,4.75
Kia,2009,Diesel,Automatic,14.3,1259,245.0,4,No,Millerchester,7.56
Kia,2016,Electric,Manual,19.91,3426,138.0,3,No,Lake Kayla,1.88
Ford,2010,Electric,Automatic,17.62,959,204.0,3,Yes,South Beth,15.16
Kia,2013,Diesel,Manual,28.85,1263,188.0,3,Yes,Jacobfurt,8.73
BMW,2005,Diesel,Automatic,22.54,1797,73.0,2,No,Andrewschester,4.84
Honda,2019,Diesel,Automatic,22.62,2345,178.0,2,No,Lake Lori,9.79
Honda,2010,CNG,Manual,20.01,3088,61.0,3,Yes,Davidside,8.58
Hyundai,2023,Electric,Manual,19.1,1735,63.0,2,Yes,Jamesmouth,6.78
Hyundai,2022,Electric,Manual,22.76,2478,303.0,2,Yes,North Andrew,3.17
Honda,2010,Electric,Manual,8.48,1664,125.0,2,Yes,East Kevinshire,2.26
Mahindra,2017,CNG,Automatic,15.51,1990,305.0,2,Yes,Brendashire,16.75
Hyundai,2005,Petrol,Manual,12.56,3497,149.0,1,No,East Kennethtown,2.59
Ford,2017,Electric,Automatic,10.46,3174,,4,Yes,Markland,14.79
Kia,2011,Electric,Automatic,,1664,119.0,4,No,Michaelton,4.62
Honda,2019,Petrol,Automatic,13.41,3376,291.0,2,,Lake Courtney,11.16
Hyundai,2016,CNG,Manual,22.78,2096,235.0,3,Yes,Joelmouth,9.86
Honda,2005,Petrol,Manual,18.37,2735,,4,,Port Ashley,10.66
BMW,2019,Petrol,Manual,9.96,1133,257.0,2,Yes,New Jacob,10.93
Toyota,2008,Petrol,Automatic,19.26,2443,119.0,4,No,Johnsontown,1.55
Kia,2017,Petrol,Manual,,3197,142.0,3,Yes,West Thomas,5.29
Honda,2009,CNG,Manual,18.25,3021,133.0,2,No,North Timothy,2.53
Toyota,2006,CNG,Automatic,19.57,2963,85.0,3,Yes,South Karen,8.76
Hyundai,2005,Petrol,Manual,15.0,2518,302.0,4,No,Andrewberg,2.71
Toyota,2020,Diesel,Automatic,18.87,3208,175.0,1,No,West Dannyburgh,0.08
Kia,2010,Diesel,Manual,19.61,2489,,3,Yes,South Jimmyfurt,7.05
Honda,2020,Diesel,Manual,17.34,2582,173.0,2,Yes,West Vernon,-0.84
BMW,2018,Diesel,Manual,15.12,2923,97.0,2,No,Royport,9.03
Mahindra,2007,Electric,Manual,,1904,136.0,3,No,Port Duaneville,2.97
Hyundai,2019,CNG,Manual,17.44,871,161.0,1,Yes,New Justin,4.64
Honda,2007,CNG,Automatic,19.27,1251,71.0,4,No,Washingtonport,-1.12
Kia,2006,Petrol,Manual,16.94,2578,108.0,4,No,West Sean,14.6
Hyundai,2005,Electric,Manual,13.23,3214,313.0,4,Yes,Cooperland,2.15
Ford,2013,Petrol,Manual,17.32,1625,308.0,4,Yes,East Matthew,6.54
Toyota,2013,Petrol,Manual,19.31,2135,131.0,4,,East Keithberg,0.83
Mahindra,2011,CNG,Manual,18.74,2957,256.0,2,No,Snydermouth,4.66
Kia,2007,Electric,Manual,,851,312.0,2,Yes,South Sierra,15.01
Ford,2022,Diesel,Manual,16.05,2762,281.0,3,Yes,West Christopher,9.19
Honda,2015,CNG,Automatic,15.85,1266,119.0,3,Yes,Coryfort,5.11
BMW,2011,Electric,Automatic,16.26,2474,216.0,4,No,West Randallport,7.86
Hyundai,2013,Electric,Manual,22.3,2732,261.0,4,Yes,Cookton,5.76
Toyota,2005,CNG,Automatic,,2161,94.0,4,No,Lewisland,7.63
Hyundai,2018,CNG,Manual,18.36,1586,314.0,1,Yes,Josephmouth,10.98
Mahindra,2010,Petrol,Automatic,12.97,1355,82.0,3,Yes,Ronaldmouth,6.68
Honda,2011,Petrol,Manual,21.06,2839,224.0,2,No,Lake Kristy,8.88
Hyundai,2014,Petrol,Manual,15.86,3106,87.0,4,Yes,Brianaview,8.95
Toyota,2011,Diesel,Automatic,14.7,2562,112.0,3,No,West Wendyhaven,6.7
Honda,2006,CNG,Manual,18.86,2912,144.0,1,Yes,West Josephbury,5.06
Hyundai,2008,Electric,Automatic,8.16,3010,183.0,1,Yes,Heatherstad,5.9
BMW,2021,CNG,Manual,12.8,2501,266.0,4,Yes,West Johnny,10.8
Kia,2005,Electric,Manual,19.44,2886,224.0,2,Yes,South Colleen,11.13
Honda,2014,Diesel,Manual,22.06,3167,106.0,3,Yes,East Tiffanymouth,3.45
Kia,2023,CNG,Manual,19.8,3207,215.0,2,No,North Andrew,6.96
Honda,2019,Electric,Automatic,18.56,3116,64.0,4,No,Port Stanley,4.99
BMW,2014,Electric,Manual,27.64,3171,141.0,4,No,Robertsberg,11.2
Kia,2023,Petrol,Automatic,19.97,3173,178.0,1,Yes,West Dylanberg,6.12
Ford,2016,Diesel,Automatic,13.82,2410,184.0,1,Yes,Edwardshaven,16.8
Toyota,2020,CNG,Manual,22.1,1056,274.0,3,Yes,East Sherryfurt,8.87
Ford,2013,Petrol,Manual,15.44,3047,87.0,4,Yes,New Rhondachester,12.73
Hyundai,2019,Diesel,Automatic,15.17,1409,84.0,4,No,Jeremiahview,3.94
BMW,2021,Petrol,Automatic,12.48,1927,66.0,3,No,Port Douglasville,8.05
Ford,2018,CNG,Manual,16.35,2195,253.0,2,Yes,Lake Rhonda,10.46
Honda,2022,Electric,Automatic,13.08,1704,139.0,1,No,Laraberg,3.87
Hyundai,2006,CNG,Automatic,20.23,963,95.0,4,Yes,Birdton,8.08
Hyundai,2008,Diesel,Automatic,17.5,1936,317.0,4,Yes,South Julieview,12.21
Ford,2022,CNG,Manual,12.56,1414,,2,Yes,New Megan,6.69
Ford,2011,Diesel,Automatic,17.68,2825,261.0,2,No,Lake Aprilhaven,4.59
BMW,2017,Petrol,Automatic,21.98,905,73.0,2,Yes,Matthewport,15.21
Toyota,2019,Diesel,Automatic,24.49,1498,214.0,1,,Freemanmouth,3.31
Ford,2005,Electric,Automatic,10.84,1163,144.0,3,No,Santosshire,8.62
Mahindra,2015,Electric,Manual,14.89,2821,,4,Yes,South Stephanie,5.17
Ford,2014,Electric,Manual,12.84,1952,156.0,1,No,Johnsbury,4.25
Kia,2009,Petrol,Automatic,19.41,1498,,2,Yes,Hansenland,10.97
Honda,2020,Diesel,Automatic,12.36,1546,248.0,4,No,South Robinshire,7.18
Mahindra,2015,Petrol,Automatic,22.24,2775,141.0,4,Yes,New Virginia,9.62
Mahindra,2010,CNG,Manual,22.81,2443,239.0,1,Yes,West Robertside,-1.02
Kia,2013,CNG,Manual,21.27,1760,,2,Yes,South Jessica,10.01
Kia,2017,CNG,Automatic,15.13,1008,269.0,2,Yes,Port James,5.12
Hyundai,2012,CNG,Automatic,15.38,2111,308.0,3,Yes,North Brandifort,0.48
Toyota,2018,Electric,Manual,16.17,2691,131.0,2,No,Grosstown,15.54
Honda,2005,Diesel,Automatic,22.42,1976,220.0,1,Yes,Fryehaven,10.4
BMW,2021,Electric,Automatic,11.21,3338,192.0,3,Yes,Carterview,8.91
Mahindra,2009,Diesel,Manual,19.54,2839,299.0,3,No,East William,13.0
BMW,2006,Diesel,Manual,14.27,2252,137.0,3,Yes,Lake Sharon,8.99
Ford,2013,Petrol,Manual,16.32,3349,,3,Yes,North Vickishire,4.81
Ford,2008,CNG,Manual,20.94,1465,184.0,3,,New Aprilview,7.3
BMW,2021,Diesel,Manual,11.94,2417,70.0,1,Yes,Ryanville,5.29
Ford,2021,CNG,Automatic,16.89,3068,86.0,4,No,Gainesland,6.0
Toyota,2022,CNG,Manual,17.48,1234,266.0,2,,Bakermouth,2.97
Kia,2020,CNG,Manual,17.85,3127,281.0,4,No,Owenside,4.12
Ford,2012,Electric,Manual,17.59,2446,309.0,4,Yes,Tannerchester,11.58
Hyundai,2015,CNG,Manual,20.23,3371,267.0,2,No,North James,9.33
Ford,2022,Diesel,Manual,16.19,2840,168.0,2,Yes,Lake Luke,5.99
Honda,2014,Electric,Manual,19.46,1962,120.0,4,No,Gibsonfurt,3.89
Toyota,2017,CNG,Automatic,,1466,181.0,2,No,Livingstonstad,6.38
Honda,2021,Petrol,Manual,19.14,2240,298.0,3,No,Port Monicaborough,1.26
Honda,2022,CNG,Automatic,20.11,2799,165.0,2,Yes,Port Aaron,8.51
Hyundai,2014,CNG,Automatic,19.13,1147,95.0,2,No,Lake Kenneth,11.78
Toyota,2020,Electric,Manual,17.64,1564,97.0,3,Yes,Amandaton,17.47
Toyota,2009,Diesel,Manual,12.92,1733,131.0,3,No,Davidport,3.59
Toyota,2017,CNG,Automatic,,982,115.0,3,No,Williamsburgh,11.62
Toyota,2022,Electric,Automatic,24.78,3355,226.0,2,,North Anthony,5.17
Toyota,2021,Electric,Automatic,16.56,3045,280.0,3,No,Loganborough,3.49
Hyundai,2013,Diesel,Manual,19.83,2505,135.0,3,,West Thomasmouth,3.48
Ford,2018,Electric,Automatic,15.81,1946,269.0,1,,West William,8.56
Honda,2021,Diesel,Manual,15.12,1180,270.0,1,Yes,East Sabrinaside,4.28
Toyota,2008,Petrol,Manual,18.22,1624,287.0,2,No,New Haley,5.57
Mahindra,2022,CNG,Automatic,29.23,2338,284.0,3,No,Sanchezfort,6.24
Ford,2019,Electric,Manual,24.38,2437,313.0,2,No,Jeffreyhaven,5.04
Ford,2015,Petrol,Manual,23.78,991,215.0,1,Yes,East Kyliefurt,4.75
Honda,2016,Electric,Automatic,20.08,1324,208.0,1,Yes,Woodsmouth,-1.72
Hyundai,2013,Electric,Automatic,14.33,1893,290.0,3,,Alexanderside,8.35
BMW,2017,Petrol,Manual,,3136,249.0,2,Yes,Leeburgh,8.27
BMW,2019,Electric,Automatic,6.63,904,284.0,1,Yes,Lake Jason,4.81
Ford,2019,Electric,Manual,19.56,2539,124.0,4,No,East Jennifer,9.44
Kia,2009,Petrol,Automatic,22.39,3160,167.0,3,Yes,Joshuafort,13.59
Kia,2023,Electric,Automatic,18.61,2476,139.0,2,Yes,Austinside,8.09
Honda,2018,Diesel,Automatic,24.64,3154,192.0,4,Yes,Christopherborough,13.32
BMW,2021,Electric,Automatic,12.3,1620,233.0,3,Yes,East Geoffreyland,16.95
Ford,2022,CNG,Manual,24.4,835,123.0,3,Yes,East Josephfurt,18.12
Hyundai,2007,Electric,Automatic,17.37,1848,269.0,1,,Jamesstad,3.25
BMW,2006,CNG,Manual,23.8,2672,157.0,2,Yes,Jensenton,3.27
Ford,2005,CNG,Manual,22.08,1860,231.0,1,Yes,Francisville,6.22
Ford,2014,Electric,Automatic,24.06,1842,148.0,4,Yes,Michaelberg,8.51
Toyota,2023,Petrol,Automatic,,2882,285.0,4,Yes,North Timothy,14.35
Hyundai,2021,Diesel,Automatic,,2241,202.0,4,No,West Lisa,10.51
Toyota,2016,Diesel,Automatic,23.46,2645,255.0,4,,Port Janice,3.19
Honda,2005,Electric,Automatic,18.22,2341,238.0,4,Yes,Grayberg,5.55
Toyota,2016,Petrol,Manual,20.41,1266,113.0,2,No,Daviston,7.83
Mahindra,2021,Petrol,Automatic,17.99,998,255.0,2,Yes,Robinsontown,2.04
Toyota,2007,Diesel,Manual,,2391,276.0,3,No,Port Paul,8.05
Mahindra,2015,Petrol,Manual,20.11,2034,84.0,3,Yes,Scottberg,3.25
BMW,2021,Electric,Manual,18.79,1040,126.0,2,Yes,West Christopherhaven,1.4
Kia,2007,Electric,Manual,23.03,1993,222.0,3,No,Alexandriachester,4.21
Ford,2012,Petrol,Automatic,17.23,2682,171.0,1,Yes,Lake Corey,9.64
Mahindra,2008,Electric,Automatic,14.96,1093,265.0,2,No,West Amber,9.62
Hyundai,2011,CNG,Manual,22.97,1721,196.0,1,Yes,Michellehaven,8.39
Toyota,2018,Diesel,Manual,18.25,2562,224.0,4,No,Port Dennis,11.97
Mahindra,2018,Electric,Automatic,14.84,2138,287.0,4,No,Walterborough,11.54
Hyundai,2008,Petrol,Manual,23.56,1267,186.0,3,No,West Jennifer,8.82
Kia,2020,Diesel,Automatic,21.71,3214,307.0,2,No,Jenniferside,8.27
Kia,2005,Electric,Manual,25.4,3163,95.0,4,Yes,Jaclynmouth,8.52
Toyota,2021,Diesel,Automatic,,1557,214.0,3,Yes,Port Christopherhaven,7.41
Honda,2014,Petrol,Manual,16.08,1913,204.0,1,No,New Stephaniemouth,-0.7
Toyota,2020,CNG,Manual,13.65,2341,319.0,2,Yes,East Debrafort,12.54
BMW,2020,CNG,Manual,15.73,3298,78.0,3,Yes,Christophermouth,9.59
Mahindra,2012,Electric,Automatic,16.45,1707,117.0,4,Yes,Johnsonfurt,3.13
Ford,2011,CNG,Automatic,20.73,2432,95.0,1,No,Bretthaven,13.71
Honda,2010,Electric,Automatic,14.28,3293,270.0,1,No,South Ashley,5.64
Toyota,2020,Diesel,Manual,15.35,1756,207.0,3,Yes,Transide,7.57
Hyundai,2020,Electric,Manual,24.79,2927,161.0,2,Yes,Waterston,12.09
Honda,2011,Electric,Manual,6.28,2985,135.0,3,No,South Emma,8.88
Mahindra,2013,Electric,Manual,19.92,3499,127.0,4,Yes,Bassberg,13.34
Honda,2018,CNG,Manual,12.84,2331,125.0,2,Yes,Joelbury,6.59
Mahindra,2015,Electric,Manual,14.78,1351,281.0,4,Yes,Hornton,14.76
Toyota,2018,Petrol,Automatic,,2921,210.0,1,No,Angelatown,4.89
Mahindra,2011,Electric,Automatic,18.29,2897,127.0,1,No,Reyeshaven,13.27
Honda,2005,Diesel,Automatic,28.63,1187,294.0,4,No,North Jameston,-1.06
Hyundai,2017,Petrol,Manual,20.51,3232,262.0,4,Yes,Deannaburgh,3.6
Kia,2007,Diesel,Automatic,14.68,1098,292.0,1,Yes,Whitetown,9.19
Honda,2008,Diesel,Manual,20.23,1138,222.0,3,Yes,Port John,6.4
Mahindra,2015,Diesel,Manual,22.52,1273,157.0,3,No,Greerhaven,7.7
Kia,2006,Petrol,Automatic,20.09,1415,68.0,3,No,South Cheryl,8.17
Mahindra,2018,Petrol,Manual,17.14,1761,308.0,4,No,Cherylfort,3.24
Hyundai,2016,CNG,Manual,11.24,1591,286.0,4,Yes,North Daniel,3.54
Mahindra,2021,Petrol,Manual,16.71,1993,300.0,1,No,Aprilchester,8.93
Toyota,2016,Electric,Manual,24.67,812,134.0,2,Yes,Annaville,5.33
Ford,2016,Diesel,Manual,14.81,1248,76.0,3,Yes,Nathanielville,13.36
Honda,2005,CNG,Automatic,16.35,3021,110.0,3,,Rollinston,7.23
Ford,2017,Petrol,Automatic,21.97,2497,287.0,3,Yes,East Samanthahaven,10.88
Mahindra,2018,Diesel,Manual,,2782,253.0,1,Yes,Collinsberg,9.77
Hyundai,2006,Petrol,Manual,12.76,1955,297.0,2,No,Foxmouth,5.6
Honda,2016,CNG,Automatic,17.57,3442,216.0,2,Yes,New Rodney,0.08
Mahindra,2020,Petrol,Automatic,23.63,2720,313.0,2,No,Lopezland,12.74
Kia,2008,Petrol,Automatic,18.11,2698,177.0,3,No,Harrisview,4.08
BMW,2012,Diesel,Manual,23.72,3116,109.0,4,No,South Brianna,6.38
Mahindra,2006,Electric,Automatic,23.95,2074,111.0,3,Yes,North Trevorshire,7.4
Ford,2014,Petrol,Automatic,14.29,2193,240.0,2,No,North Susanborough,7.8
Honda,2013,CNG,Manual,16.82,3465,90.0,1,No,Port Heatherhaven,11.85
Ford,2019,Petrol,Manual,20.63,1572,305.0,2,No,West Rhonda,8.02
Honda,2017,Petrol,Automatic,11.85,3373,149.0,3,Yes,Rodriguezhaven,7.49
Mahindra,2021,Electric,Manual,17.11,2415,90.0,4,Yes,Lake Danielbury,12.07
Toyota,2020,Diesel,Automatic,20.18,1687,161.0,2,Yes,Port Reginatown,10.4
Kia,2006,CNG,Automatic,15.51,3025,289.0,4,,East Rebeccashire,5.06
Mahindra,2018,Diesel,Manual,20.35,3106,156.0,2,No,Port Loribury,3.41
Ford,2007,Diesel,Manual,15.6,1059,126.0,4,No,Port Aaronborough,4.71
BMW,2016,Diesel,Automatic,15.55,2312,,4,Yes,South Amandamouth,7.8
BMW,2012,Petrol,Manual,20.98,1442,270.0,2,,New Amandaland,3.02
Hyundai,2006,Electric,Manual,23.47,2928,196.0,1,No,West Sheila,8.36
Honda,2008,Petrol,Manual,15.16,1882,243.0,3,Yes,Cuevasfort,7.48
Ford,2018,CNG,Manual,13.15,2062,115.0,3,Yes,New Matthew,-2.17
Hyundai,2020,Electric,Manual,17.85,2976,309.0,2,No,Monroemouth,2.38
Ford,2023,Diesel,Manual,19.87,1211,119.0,4,No,Angelside,-3.54
Honda,2006,Electric,Manual,15.12,3162,187.0,3,No,Bautistaton,6.62
Mahindra,2016,CNG,Automatic,24.64,3302,264.0,4,Yes,Collinsside,12.3
Mahindra,2018,Petrol,Manual,17.41,1414,273.0,1,Yes,West Veronicahaven,0.44
BMW,2010,Petrol,Automatic,,1698,186.0,2,No,Lake Lisa,2.71
Mahindra,2017,Diesel,Manual,25.73,1031,131.0,1,Yes,Timothyfort,7.35
Mahindra,2008,Petrol,Automatic,23.07,3458,275.0,4,Yes,South Trevor,3.74
Toyota,2022,Petrol,Manual,15.09,1529,149.0,4,,Bernardborough,3.73
BMW,2016,CNG,Automatic,22.27,2220,292.0,2,No,North Edward,10.17
Hyundai,2023,Electric,Manual,15.38,2572,292.0,4,Yes,Olivermouth,6.02
Kia,2012,Petrol,Automatic,21.07,2503,122.0,2,Yes,Kathleenville,2.05
Toyota,2011,CNG,Manual,25.11,2397,306.0,2,Yes,Jonathanburgh,-0.35
Hyundai,2020,CNG,Manual,13.16,1117,194.0,1,Yes,New Kristen,16.83
Honda,2023,Diesel,Automatic,15.85,2330,61.0,3,No,Frederickton,12.51
Toyota,2010,CNG,Automatic,15.94,3369,220.0,3,Yes,Floydland,6.19
Hyundai,2015,Diesel,Manual,19.06,1910,199.0,4,No,Sierraburgh,8.35
Honda,2009,Petrol,Automatic,19.89,1515,261.0,3,Yes,Lake Raymond,6.05
BMW,2020,Diesel,Automatic,17.64,2141,184.0,4,No,Gonzalesmouth,10.04
Kia,2011,CNG,Manual,11.27,1933,141.0,3,Yes,New Prestontown,4.58
Honda,2009,Electric,Automatic,13.08,2578,223.0,1,No,Villarrealshire,5.83
Mahindra,2015,Electric,Manual,14.47,1896,299.0,3,No,West Sarah,9.82
Ford,2019,Petrol,Automatic,20.24,1001,272.0,4,No,Allisonville,13.82
Honda,2007,Petrol,Manual,12.42,2940,208.0,4,,Kathleenport,10.97
Honda,2009,Electric,Automatic,,2472,131.0,3,Yes,North Andrea,12.94
Kia,2009,Diesel,Manual,13.47,1856,162.0,2,Yes,West Sarastad,6.75
Ford,2013,Petrol,Manual,19.37,1218,242.0,1,Yes,Chaveztown,5.51
Mahindra,2019,CNG,Automatic,22.53,3398,243.0,2,,Michealland,0.25
Hyundai,2007,Petrol,Automatic,18.62,1425,72.0,3,Yes,Petersonstad,8.29
Hyundai,2010,Diesel,Manual,25.97,1644,291.0,2,No,Molinashire,9.52
Honda,2021,Petrol,Manual,18.62,2678,209.0,3,No,Pamelafurt,6.8
Ford,2012,CNG,Automatic,17.62,2744,83.0,4,,South Christopher,4.89
Ford,2015,CNG,Automatic,14.86,1193,248.0,2,No,North David,12.97
Mahindra,2010,CNG,Automatic,18.81,3418,192.0,1,No,North Kevin,10.53
Kia,2012,Diesel,Automatic,,3481,109.0,2,Yes,Rodriguezstad,13.25
BMW,2014,Diesel,Automatic,14.08,1431,242.0,4,Yes,Taylorburgh,4.19
Hyundai,2007,CNG,Automatic,13.97,1121,85.0,4,,Robinview,5.17
Kia,2018,CNG,Manual,17.1,1373,197.0,4,Yes,Vasquezmouth,12.81
Toyota,2018,Diesel,Automatic,16.0,2493,70.0,2,No,Port Philipville,7.81
Hyundai,2014,Diesel,Automatic,28.62,1863,161.0,4,Yes,Port Jacob,5.72
Kia,2016,Diesel,Automatic,18.84,2276,70.0,4,Yes,Lake Steven,6.0
Hyundai,2010,Electric,Automatic,18.77,1947,171.0,2,No,Smithchester,7.96
BMW,2016,Diesel,Manual,15.79,1758,153.0,2,Yes,Port Nicholasview,12.01
Toyota,2018,CNG,Manual,30.26,847,319.0,3,Yes,Alexanderland,7.36
BMW,2006,Electric,Manual,14.3,3036,317.0,2,Yes,East Whitneyhaven,11.16
Mahindra,2013,Diesel,Manual,16.11,3151,226.0,4,No,Meyerton,9.87
Toyota,2014,CNG,Automatic,22.0,2382,268.0,1,No,Lorettaberg,4.49
Honda,2021,Petrol,Manual,,3216,104.0,4,Yes,New Williamborough,4.48
Kia,2021,Electric,Automatic,,1259,264.0,4,No,Kimberlyberg,6.2
Toyota,2007,CNG,Automatic,18.11,3094,101.0,4,No,South Jamiehaven,2.65
Mahindra,2023,Petrol,Manual,,3111,159.0,2,,Port Ronaldshire,5.94
Mahindra,2005,CNG,Manual,20.05,2029,65.0,1,Yes,Jonathanburgh,14.05
BMW,2016,Diesel,Automatic,20.64,2330,101.0,4,Yes,Port Victoriaview,7.87
Hyundai,2011,Diesel,Manual,26.74,1329,,2,Yes,West James,4.93
Toyota,2008,Petrol,Manual,19.09,2187,135.0,3,No,East Robertmouth,15.66
Kia,2014,Diesel,Automatic,21.18,2163,101.0,1,No,New Lisaport,4.28
Toyota,2017,CNG,Automatic,,1206,276.0,1,Yes,Calhounhaven,4.15
Ford,2006,Petrol,Automatic,25.46,1252,123.0,2,Yes,Bradleybury,12.92
Hyundai,2014,CNG,Automatic,18.26,2700,238.0,3,Yes,Kiddfurt,10.65
Kia,2008,CNG,Automatic,14.53,1613,88.0,4,Yes,East Brittany,7.48
Kia,2022,CNG,Manual,17.22,1377,275.0,3,No,Malikshire,11.33
Honda,2009,Diesel,Automatic,20.65,2731,113.0,1,Yes,Jamesborough,9.2
BMW,2023,Diesel,Automatic,22.14,946,139.0,2,No,West Michael,3.26
Honda,2006,CNG,Automatic,17.62,1205,253.0,3,Yes,North Louis,-1.59
Kia,2016,Electric,Manual,20.41,982,259.0,4,Yes,Port Lisaborough,5.73
Hyundai,2021,CNG,Automatic,16.95,1035,,3,No,Wagnerville,12.34
Toyota,2014,CNG,Automatic,19.97,1437,281.0,3,Yes,North Elizabethview,6.29
Toyota,2006,Petrol,Manual,18.83,978,252.0,2,Yes,Anthonyside,9.84
Hyundai,2010,CNG,Automatic,19.2,3279,299.0,2,No,South Timothymouth,8.74
Kia,2012,Diesel,Automatic,16.76,1324,158.0,1,No,Courtneyfurt,1.23
Mahindra,2023,Petrol,Automatic,19.61,2363,279.0,2,Yes,New Johnberg,6.37
Toyota,2015,Electric,Manual,,2714,163.0,3,No,Annastad,9.44
Mahindra,2016,Petrol,Manual,18.78,3170,124.0,4,No,Jenkinstown,4.85
Toyota,2013,Electric,Automatic,15.46,2084,204.0,1,Yes,East Brittney,6.55
Toyota,2006,Petrol,Automatic,14.03,2435,97.0,2,Yes,Joanneland,9.57
BMW,2012,Petrol,Automatic,15.18,2523,87.0,3,Yes,Leeborough,8.29
BMW,2015,Electric,Manual,17.17,3246,296.0,3,No,Maxwellborough,12.19
Ford,2008,Diesel,Manual,15.89,1136,185.0,1,No,Racheltown,9.53
Honda,2014,Diesel,Manual,19.59,918,144.0,1,Yes,Burnston,4.18
Hyundai,2020,Diesel,Manual,18.32,2381,296.0,2,Yes,New Michael,6.09
Hyundai,2012,Petrol,Manual,22.06,3260,305.0,2,Yes,Mitchellfort,8.08
Hyundai,2008,CNG,Manual,17.66,1379,308.0,4,Yes,West Jeanne,13.35
Ford,2014,Petrol,Automatic,18.72,3152,264.0,1,No,Samanthamouth,6.11
BMW,2016,CNG,Manual,25.46,995,287.0,1,Yes,Lake Taylormouth,1.07
Kia,2018,CNG,Automatic,16.24,1132,299.0,3,No,Campbellbury,9.76
Mahindra,2020,Diesel,Manual,16.86,1422,132.0,4,No,Carlosfurt,4.98
Mahindra,2022,CNG,Automatic,22.81,1457,218.0,2,Yes,Port Lisashire,2.86
Kia,2016,Petrol,Manual,14.17,1503,271.0,4,No,Lake Jeffrey,8.08
Ford,2022,Petrol,Automatic,23.26,2256,195.0,4,No,New Peter,11.89
Kia,2011,Diesel,Automatic,17.05,1682,223.0,3,No,East Christina,5.7
Hyundai,2011,Electric,Automatic,14.67,2249,196.0,1,Yes,North Andrea,9.99
Honda,2013,Petrol,Manual,21.62,2052,230.0,1,Yes,New Donna,10.73
Toyota,2005,CNG,Manual,17.0,1323,211.0,1,Yes,Alishaside,11.17
Mahindra,2010,Petrol,Manual,25.3,3064,224.0,2,,West Patriciamouth,5.07
BMW,2010,Petrol,Automatic,18.32,1789,,1,Yes,Smithmouth,3.52
BMW,2016,Petrol,Automatic,18.3,3222,281.0,4,Yes,East Daniel,4.06
Ford,2016,Electric,Automatic,15.66,835,188.0,4,No,Smithview,11.16
BMW,2014,CNG,Manual,17.41,1575,,1,No,South Kayleeberg,10.67
Hyundai,2010,Diesel,Manual,,827,232.0,4,No,North Meredith,4.17
Mahindra,2021,Petrol,Automatic,23.33,885,155.0,2,No,South Richard,16.53
Kia,2023,CNG,Manual,19.16,3035,111.0,1,No,Christopherbury,3.69
Hyundai,2022,CNG,Manual,20.82,3152,153.0,2,No,Amytown,12.0
Ford,2010,Diesel,Manual,18.39,2927,123.0,1,No,New David,14.08
Hyundai,2023,Petrol,Manual,16.36,985,,2,No,Jodifort,8.44
Kia,2014,Electric,Automatic,19.48,1828,165.0,2,Yes,New Rachel,4.92
Honda,2012,CNG,Manual,24.36,1357,259.0,2,Yes,Lindseystad,5.01
Ford,2010,Diesel,Manual,13.81,3356,159.0,4,No,Wagnerview,6.95
Honda,2011,Electric,Automatic,19.68,2437,86.0,2,No,Anthonyton,12.32
Toyota,2005,CNG,Automatic,23.99,1770,304.0,3,Yes,Jamesview,3.2
Honda,2022,Petrol,Manual,14.74,1825,122.0,2,Yes,Kimland,0.64
Toyota,2016,CNG,Manual,21.69,1016,,2,Yes,Seanton,9.45
Toyota,2020,Electric,Manual,21.69,1056,186.0,2,No,Lake Julie,10.33
Honda,2014,Electric,Manual,12.82,2276,130.0,2,No,Patricktown,15.87
Ford,2014,Petrol,Automatic,22.44,2247,193.0,1,Yes,East Jessicaville,2.47
Kia,2018,Petrol,Automatic,15.62,1123,312.0,4,No,East Sydney,7.46
Hyundai,2014,Diesel,Automatic,19.44,2404,72.0,4,No,Cunninghammouth,12.65
Hyundai,2014,Petrol,Manual,,3044,,4,Yes,New Tylerside,8.48
Kia,2015,Diesel,Manual,22.8,1303,149.0,1,Yes,Williamborough,7.22
Mahindra,2006,Electric,Automatic,11.86,1493,266.0,2,Yes,Powellshire,11.16
Mahindra,2012,Electric,Manual,25.15,1758,,2,No,Markchester,5.6
Toyota,2011,CNG,Automatic,23.67,2865,98.0,4,Yes,Traceyshire,11.41
Toyota,2012,CNG,Automatic,22.21,2954,119.0,3,Yes,South Sharon,2.99
Ford,2005,Diesel,Automatic,19.45,924,164.0,2,Yes,Rhondaborough,1.92
BMW,2006,Petrol,Automatic,16.26,1282,298.0,2,No,Port Gregory,6.91
Honda,2022,Petrol,Automatic,13.67,3474,186.0,2,No,Stephanieton,-2.25
Toyota,2019,CNG,Automatic,11.5,3198,142.0,1,No,Derrickbury,8.34
Hyundai,2005,Electric,Automatic,20.58,1150,279.0,2,Yes,Kevinside,1.07
Ford,2009,Diesel,Manual,22.21,1448,164.0,4,No,Bryantown,9.13
Honda,2006,Electric,Automatic,17.66,1027,133.0,2,No,Evansmouth,8.74
Ford,2007,Electric,Automatic,16.16,2863,194.0,4,Yes,Lake Deborah,7.73
Honda,2023,Petrol,Manual,18.28,2633,121.0,3,No,New Peter,9.75
Honda,2022,Diesel,Automatic,15.44,1224,60.0,1,No,Mcgrathville,8.82
Kia,2022,Electric,Manual,18.09,3311,138.0,3,No,Martinshire,6.83
Toyota,2018,CNG,Automatic,15.21,1523,124.0,2,No,Matthewberg,15.32
Ford,2012,CNG,Manual,20.45,2621,242.0,3,No,Lake Mike,9.57
Ford,2016,Petrol,Manual,22.98,1593,125.0,2,No,North Johnland,11.09
Kia,2014,CNG,Manual,,976,267.0,4,No,North James,12.29
Hyundai,2021,CNG,Automatic,,3390,113.0,2,No,North Jared,10.67
Hyundai,2015,Electric,Manual,21.96,3356,280.0,1,Yes,Rebeccastad,16.25
Mahindra,2006,CNG,Automatic,18.08,2385,295.0,3,Yes,Lake Julian,8.66
Toyota,2008,CNG,Automatic,,2478,159.0,2,Yes,Natalieside,7.97
Toyota,2005,Electric,Automatic,15.46,1363,162.0,4,Yes,Annachester,5.4
BMW,2019,Petrol,Automatic,15.97,3080,241.0,3,Yes,South Jonathan,6.97
Kia,2017,Petrol,Automatic,14.04,3338,167.0,1,Yes,Deanshire,5.08
Hyundai,2012,Diesel,Automatic,16.14,1816,71.0,2,Yes,North Jenniferburgh,10.71
Honda,2008,CNG,Automatic,21.93,1243,145.0,1,No,Wandaside,4.35
Ford,2014,Electric,Manual,14.51,2867,273.0,4,No,Lake Jason,8.3
Toyota,2023,Diesel,Automatic,8.78,910,103.0,3,,Lake Vincent,10.24
Ford,2022,Petrol,Automatic,16.34,3334,,3,No,Westchester,8.6
Ford,2009,Petrol,Manual,13.31,888,114.0,3,No,Port Tylerview,4.42
BMW,2023,Electric,Automatic,15.98,1941,130.0,4,Yes,New Tanner,10.8
Hyundai,2020,Diesel,Manual,26.43,3281,127.0,2,Yes,East Keith,7.66
Toyota,2005,Diesel,Manual,14.44,2741,239.0,2,No,West Shannonhaven,-3.49
Ford,2016,Electric,Automatic,20.53,871,233.0,2,No,Wagnerview,4.07
Toyota,2006,Electric,Automatic,17.68,1621,228.0,1,No,Lake Sara,13.6
Honda,2012,Diesel,Manual,19.49,1615,184.0,4,Yes,Port William,13.94
BMW,2022,Petrol,Automatic,15.96,1203,190.0,3,Yes,Johnsonburgh,10.1
Honda,2020,CNG,Manual,22.65,2498,293.0,4,No,West Ashleytown,11.14
Toyota,2009,Petrol,Manual,19.71,1050,213.0,4,Yes,South Teresatown,4.89
Mahindra,2017,Electric,Automatic,19.82,2842,184.0,4,No,Erikahaven,6.96
Toyota,2023,Diesel,Manual,18.4,2395,159.0,3,No,Gentrymouth,12.94
Hyundai,2007,Diesel,Automatic,23.02,2433,112.0,3,Yes,Floreshaven,9.7
Ford,2012,CNG,Automatic,20.24,2753,187.0,1,No,Pottsfurt,8.26
Ford,2016,Diesel,Manual,19.48,1667,73.0,4,Yes,East Melissa,7.25
Honda,2006,CNG,Manual,20.61,2690,64.0,2,No,Amyville,12.7
BMW,2015,Petrol,Automatic,10.96,1695,309.0,1,No,West Diana,12.49
Mahindra,2016,Petrol,Automatic,18.75,1055,86.0,3,Yes,Millsshire,10.6
Kia,2022,Diesel,Automatic,17.74,2731,184.0,3,Yes,Mariatown,8.27
Ford,2017,Diesel,Manual,22.67,1911,88.0,1,Yes,Sarahview,6.57
Hyundai,2009,Electric,Automatic,15.2,1672,62.0,2,No,Manningborough,10.77
Honda,2016,Electric,Manual,18.8,1291,287.0,4,,Jenniferstad,3.59
Honda,2006,Diesel,Manual,25.7,3183,196.0,4,No,East Richard,4.42
Kia,2009,Diesel,Manual,17.9,2361,316.0,2,,Nicholasmouth,2.2
Hyundai,2011,Petrol,Automatic,12.68,2230,299.0,4,,Lake Georgetown,12.94
BMW,2016,Diesel,Manual,26.7,1432,219.0,3,Yes,Dustinfurt,5.12
Hyundai,2020,Electric,Automatic,15.14,2112,65.0,1,Yes,Rebeccaville,9.62
BMW,2012,Petrol,Manual,,1161,202.0,2,No,Fosterchester,7.5
Hyundai,2013,CNG,Automatic,14.0,2264,240.0,1,Yes,Port Kristina,19.59
Hyundai,2019,Electric,Automatic,20.91,1718,89.0,4,Yes,Jamesview,9.77
Toyota,2009,Electric,Manual,23.19,1693,312.0,4,No,Kristenchester,0.55
Honda,2017,Petrol,Automatic,25.04,3484,99.0,3,Yes,Wilsonside,12.7
Hyundai,2009,CNG,Manual,18.06,2046,246.0,3,No,East Kevin,6.45
Kia,2015,Electric,Manual,14.05,1546,286.0,4,No,Jessicaville,7.2
Hyundai,2014,Diesel,Manual,15.72,1947,279.0,4,Yes,North Georgetown,5.31
Ford,2017,Electric,Manual,18.13,1802,102.0,3,Yes,Aguilarport,8.78
Honda,2013,Petrol,Manual,17.92,2821,203.0,3,No,South Taylorland,8.73
Ford,2018,Petrol,Manual,23.23,1806,233.0,2,No,Thorntonland,5.42
Honda,2022,Petrol,Manual,,1014,306.0,3,No,Jasmineside,5.97
Ford,2019,Electric,Automatic,13.54,2965,232.0,2,Yes,East Alexandraville,8.41
Hyundai,2014,CNG,Manual,16.76,1026,100.0,2,No,East Brandon,-1.37
Hyundai,2011,Diesel,Manual,19.48,1690,,1,No,Garciaberg,2.23
Toyota,2012,Petrol,Automatic,16.23,3291,239.0,3,No,South Samuelchester,14.68
Kia,2007,CNG,Automatic,15.9,3396,218.0,2,No,Donaldview,9.31
Ford,2019,Diesel,Manual,22.69,2431,96.0,1,Yes,Port Christopher,5.9
BMW,2020,Petrol,Manual,19.89,2826,86.0,1,No,Lake Gregory,1.22
Toyota,2008,Diesel,Manual,14.06,2260,315.0,3,Yes,New Stephenberg,7.77
Ford,2010,Diesel,Automatic,15.96,811,308.0,3,No,West Jillchester,11.94
Ford,2005,CNG,Manual,20.07,1945,240.0,1,No,North Shannonbury,18.56
Toyota,2008,Diesel,Automatic,12.96,3336,76.0,2,No,Kellerland,15.57
Hyundai,2015,Petrol,Manual,20.04,3426,184.0,3,No,South Christopher,4.45
Ford,2016,CNG,Manual,,2373,271.0,1,Yes,Richardton,6.02
Hyundai,2009,Electric,Automatic,19.45,2103,296.0,1,Yes,Sarahside,2.11
Toyota,2020,Electric,Manual,18.48,1541,259.0,2,Yes,Grosston,4.63
Hyundai,2017,CNG,Manual,13.53,2160,,4,No,East Charlesview,7.15
Honda,2017,Electric,Manual,15.45,3015,189.0,2,No,Nicoletown,6.53
BMW,2021,Diesel,Automatic,23.79,2776,180.0,1,Yes,East Codyborough,16.22
Mahindra,2011,Petrol,Manual,27.49,2124,246.0,2,Yes,Danielville,2.74
Ford,2012,Diesel,Manual,11.01,3047,286.0,3,Yes,Georgeview,7.82
Kia,2017,CNG,Automatic,22.17,2716,221.0,1,No,Warrenberg,-0.25
BMW,2020,Petrol,Automatic,19.18,2189,171.0,2,No,Valenzuelaborough,9.32
Mahindra,2008,CNG,Manual,26.33,2542,193.0,2,Yes,Villanuevaport,2.63
Hyundai,2012,CNG,Manual,15.77,1573,245.0,2,Yes,Angelfort,12.41
Ford,2020,CNG,Automatic,21.59,2944,234.0,2,Yes,Gabrieltown,6.84
Hyundai,2014,Diesel,Manual,16.79,2918,283.0,1,No,New Danielburgh,2.39
Honda,2016,Petrol,Manual,23.13,1792,311.0,2,No,Arianaburgh,-0.41
Toyota,2016,Petrol,Automatic,27.25,2638,123.0,3,No,Lake Gregory,4.09
Ford,2009,Petrol,Manual,18.85,2684,183.0,4,No,East Tinastad,8.96
Mahindra,2020,Diesel,Manual,13.44,3204,,4,No,Beckview,9.69
Mahindra,2005,Electric,Automatic,23.66,1611,297.0,4,Yes,South Danielchester,6.01
Honda,2013,Diesel,Manual,20.26,3391,134.0,3,Yes,South Trevorport,11.7
Honda,2016,Diesel,Manual,19.51,3101,69.0,4,No,Cookbury,3.46
Ford,2009,CNG,Manual,24.33,2675,147.0,1,Yes,Port Joshuamouth,-3.71
Hyundai,2007,Petrol,Automatic,13.45,803,109.0,1,No,Johnhaven,9.13
Kia,2009,Petrol,Manual,15.14,2286,202.0,3,Yes,Port Allison,13.16
Mahindra,2006,Electric,Automatic,20.38,2992,118.0,3,Yes,South Christopherbury,13.2
Mahindra,2018,Electric,Automatic,15.05,964,270.0,1,Yes,Shawnville,2.8
Honda,2006,CNG,Manual,16.74,1143,131.0,3,No,Rollinsstad,5.82
BMW,2017,Petrol,Automatic,23.1,2697,303.0,3,,Matthewbury,10.9
Honda,2011,Electric,Manual,19.73,1928,298.0,1,No,Velasquezstad,5.49
Kia,2014,Electric,Manual,13.28,2137,249.0,1,Yes,East Matthewfort,8.42
Hyundai,2017,Petrol,Manual,19.63,3367,109.0,2,Yes,Rogersborough,5.13
Hyundai,2020,Diesel,Automatic,22.96,2421,264.0,2,Yes,Port Rodneyside,3.64
BMW,2018,Electric,Manual,18.69,3456,113.0,4,Yes,Batesbury,4.41
Mahindra,2015,Petrol,Manual,21.49,3359,283.0,3,Yes,New Paulchester,11.82
Honda,2014,Electric,Manual,15.93,3256,215.0,1,Yes,West Randallfurt,8.06
Hyundai,2010,CNG,Automatic,19.04,3283,110.0,4,No,Fitzpatrickfort,13.09
Kia,2008,Electric,Automatic,11.69,2138,300.0,2,No,New Lynnhaven,10.08
Ford,2005,Petrol,Manual,20.52,1341,220.0,3,No,New Ashlee,14.43
Toyota,2011,Electric,Manual,19.44,1412,188.0,4,No,Garyside,11.27
Toyota,2013,CNG,Manual,12.84,1699,144.0,3,No,Jamesland,11.04
Toyota,2012,CNG,Manual,24.08,2684,128.0,4,No,East Albertland,7.52
Mahindra,2009,Electric,Automatic,20.28,1855,114.0,3,Yes,Ruizview,20.04
Honda,2023,Electric,Automatic,15.23,2422,144.0,3,,Andrewfurt,8.45
BMW,2014,CNG,Automatic,20.62,2286,139.0,1,Yes,Robersonburgh,0.11
Hyundai,2015,CNG,Automatic,14.06,3410,279.0,3,No,Barryshire,9.07
Ford,2019,Diesel,Automatic,14.62,3422,169.0,2,No,Port Nicholas,4.07
Kia,2010,Diesel,Automatic,14.08,3190,312.0,1,Yes,Port Joshua,12.07
Ford,2019,CNG,Automatic,13.97,2055,223.0,3,Yes,Lindashire,10.9
Kia,2009,Electric,Manual,19.75,3460,162.0,2,Yes,Howardberg,7.23
Mahindra,2023,Petrol,Manual,18.38,928,172.0,2,Yes,Josephland,4.45
Honda,2023,Electric,Manual,20.99,1842,311.0,4,No,East William,8.59
Toyota,2014,Electric,Manual,6.72,1156,211.0,1,Yes,Anthonystad,5.44
Honda,2016,Diesel,Manual,16.43,2242,310.0,1,No,Lake Victoria,11.15
Mahindra,2008,Diesel,Manual,,880,147.0,4,No,New Adamside,10.22
BMW,2022,Diesel,Automatic,18.21,2704,159.0,4,Yes,Natashafurt,19.74
BMW,2020,CNG,Manual,,1941,179.0,4,No,East Jason,6.22
Mahindra,2012,CNG,Automatic,18.91,2677,263.0,1,No,Hernandezfort,6.79
Kia,2008,Electric,Manual,18.36,1590,208.0,2,Yes,West Julie,7.38
Hyundai,2016,Electric,Automatic,16.16,3339,260.0,2,No,New Ronald,7.56
Hyundai,2006,Petrol,Automatic,16.4,2698,62.0,3,No,West Taylortown,12.11
Kia,2008,Electric,Manual,17.79,1024,127.0,1,Yes,Williammouth,6.89
BMW,2009,Electric,Manual,20.02,3266,213.0,1,Yes,New Jenniferstad,15.89
BMW,2007,Diesel,Manual,18.34,1579,241.0,4,Yes,Patrickfurt,10.33
BMW,2013,Diesel,Manual,14.86,936,72.0,1,Yes,Port Angela,6.06
Honda,2022,Diesel,Manual,14.65,1025,248.0,1,Yes,Richardport,5.04
BMW,2015,Diesel,Automatic,20.04,2052,79.0,2,No,Johnsonfurt,12.16
Ford,2007,Diesel,Manual,21.03,3170,69.0,1,Yes,Williamborough,8.11
Toyota,2006,Petrol,Automatic,22.28,1611,247.0,2,Yes,Andremouth,8.04
BMW,2013,Petrol,Automatic,16.04,3292,78.0,2,No,Michaelfurt,5.61
Kia,2018,Petrol,Automatic,,2740,202.0,1,No,Steeleport,7.75
Toyota,2008,Diesel,Manual,19.53,806,162.0,2,No,Brightburgh,5.44
Honda,2013,CNG,Manual,15.14,927,300.0,4,Yes,East Anthonychester,13.45
Kia,2017,Diesel,Manual,17.59,1066,211.0,2,Yes,Collinston,10.87
Toyota,2022,Diesel,Manual,,1727,247.0,1,Yes,South Adrianborough,7.3
Kia,2019,Petrol,Manual,20.21,1013,269.0,4,No,Hickmanstad,7.24
Honda,2014,Diesel,Manual,21.57,1046,236.0,4,Yes,Lake Joshua,8.37
Ford,2020,Petrol,Automatic,22.68,2441,253.0,1,No,Lynchfurt,7.98
Honda,2016,Diesel,Manual,23.28,2418,,3,No,Port Saraville,4.17
Honda,2009,Electric,Automatic,18.42,2627,125.0,2,No,Jonberg,0.4
Kia,2006,CNG,Automatic,11.25,1220,61.0,2,No,Victoriamouth,4.81
Mahindra,2014,CNG,Manual,15.56,2538,119.0,3,No,Wilsonfurt,7.49
Hyundai,2005,Petrol,Manual,23.63,1864,102.0,4,No,Cooperhaven,5.05
BMW,2011,Electric,Manual,18.6,2171,152.0,3,Yes,East Christine,11.28
BMW,2021,CNG,Manual,26.71,942,285.0,1,No,East Michaelborough,7.08
Ford,2020,Petrol,Manual,16.48,2988,122.0,3,Yes,Lake Courtney,15.49
Ford,2007,Diesel,Manual,27.25,3412,73.0,4,No,New Frederickville,5.75
BMW,2018,Diesel,Automatic,17.99,2954,87.0,1,No,Port Andrew,8.56
Hyundai,2014,Electric,Automatic,16.32,2880,201.0,1,No,Gibsonmouth,6.84
BMW,2011,CNG,Automatic,15.15,2966,,1,No,South Michelleside,9.76
Mahindra,2021,Diesel,Automatic,20.64,2623,137.0,2,No,Bryanfort,12.26
Hyundai,2010,Petrol,Automatic,12.35,1028,306.0,2,No,Staffordfort,10.43
Ford,2008,Diesel,Automatic,15.8,2787,71.0,1,No,Taylorburgh,-0.12
Toyota,2021,Diesel,Manual,17.79,1629,243.0,3,Yes,Walterhaven,10.0
Kia,2013,CNG,Manual,8.97,1649,299.0,2,No,West Courtneychester,3.96
Mahindra,2008,CNG,Manual,17.61,2038,132.0,4,Yes,Westberg,6.76
Mahindra,2011,Petrol,Automatic,24.88,1953,127.0,2,No,Elijahfurt,10.76
Ford,2006,Electric,Automatic,19.73,1644,279.0,3,No,Fieldsview,3.52
Ford,2021,Electric,Automatic,15.37,3119,106.0,2,Yes,Brianberg,12.62
Honda,2012,Diesel,Manual,16.09,3482,117.0,3,Yes,West Scott,6.59
Mahindra,2019,Petrol,Manual,,1202,83.0,3,No,Lake Yvette,16.68
Honda,2019,Electric,Manual,15.96,2402,83.0,2,Yes,West Jessica,8.27
Honda,2012,Electric,Automatic,19.87,1426,123.0,3,No,Austinstad,14.82
Kia,2020,Diesel,Automatic,15.84,2623,314.0,3,Yes,New Scott,12.79
Honda,2023,Petrol,Automatic,13.9,3464,207.0,4,Yes,East Charlesbury,5.56
Hyundai,2015,Electric,Manual,22.72,1780,175.0,1,Yes,East Jonathan,2.79
BMW,2006,CNG,Automatic,20.84,3384,157.0,1,Yes,New Alisonmouth,8.45
Toyota,2021,CNG,Manual,10.45,1876,298.0,2,Yes,Guzmanhaven,5.67
Ford,2020,Diesel,Manual,16.65,3094,152.0,3,No,West Patricia,14.32
Hyundai,2019,Diesel,Manual,22.17,3184,124.0,2,Yes,Bowersville,7.01
Toyota,2017,Diesel,Manual,17.34,832,233.0,2,Yes,South Jennifer,6.8
Mahindra,2019,Diesel,Manual,15.68,1598,294.0,1,Yes,Port Howard,2.42
Mahindra,2008,Electric,Manual,16.99,3395,226.0,3,No,Jessicaland,9.68
Mahindra,2020,Petrol,Manual,18.44,2166,296.0,2,No,Jonesfurt,3.3
Hyundai,2016,Diesel,Automatic,17.28,2062,66.0,2,Yes,East Joe,9.77
Hyundai,2008,Diesel,Manual,17.67,2891,102.0,1,No,New Maria,10.32
Ford,2007,Electric,Automatic,17.4,1103,212.0,1,No,South Cynthialand,5.0
BMW,2021,Diesel,Manual,14.11,2493,102.0,1,No,New Crystalburgh,11.83
Honda,2022,Diesel,Manual,13.9,3116,272.0,2,Yes,East Stephanieshire,6.9
Mahindra,2022,Petrol,Manual,13.64,2830,260.0,3,Yes,West Benjamin,2.12
Kia,2021,CNG,Automatic,18.37,2556,214.0,1,No,Lake Courtneybury,14.18
BMW,2016,Diesel,Manual,20.33,1199,279.0,1,No,Deborahbury,4.31
Kia,2008,Electric,Manual,,3450,212.0,3,Yes,Sandrabury,10.03
Ford,2016,Petrol,Automatic,12.0,1721,95.0,2,Yes,Elizabethborough,9.7
Ford,2019,Electric,Automatic,14.51,3278,285.0,2,No,Guzmanstad,9.56
Ford,2020,Petrol,Automatic,,1220,180.0,3,,South Meganton,9.49
Toyota,2009,Petrol,Automatic,16.75,2978,68.0,1,No,East Vincentfurt,4.12
Kia,2019,Diesel,Manual,17.14,2233,240.0,4,Yes,Stevensport,14.77
BMW,2021,Diesel,Manual,14.81,2048,80.0,3,Yes,Billyfort,11.82
BMW,2022,Diesel,Automatic,20.29,1966,253.0,4,Yes,Lake Beverly,9.9
Hyundai,2009,CNG,Manual,17.51,1377,85.0,2,Yes,Cynthiaview,2.67
Hyundai,2017,CNG,Automatic,15.09,1339,157.0,2,No,East Annestad,4.09
Mahindra,2023,Electric,Automatic,13.88,2972,278.0,4,Yes,Port Jillside,10.63
Hyundai,2017,Diesel,Automatic,19.51,2035,125.0,1,Yes,Lake William,-0.01
Ford,2022,CNG,Manual,19.06,1733,170.0,4,Yes,Charleshaven,9.35
BMW,2018,Diesel,Automatic,,2260,271.0,1,Yes,North Gina,2.68
Kia,2008,CNG,Manual,22.91,1391,230.0,3,Yes,West Lindsayfort,4.53
Ford,2008,CNG,Manual,15.43,2061,118.0,2,No,South Tracy,2.36
Toyota,2023,Petrol,Manual,9.1,1443,89.0,2,No,Sherrystad,8.98
Hyundai,2017,Diesel,Automatic,24.11,1127,213.0,4,Yes,North Arthurville,12.47
Ford,2016,Diesel,Manual,17.59,1942,61.0,3,No,East Stephanie,9.39
Ford,2011,CNG,Automatic,19.74,2893,228.0,4,Yes,East Kristen,9.83
Toyota,2016,Diesel,Manual,24.69,2931,273.0,4,No,Barbarastad,8.67
Honda,2008,CNG,Manual,13.99,1151,310.0,4,Yes,South Kyle,10.73
BMW,2006,Diesel,Manual,19.92,1836,90.0,1,Yes,West Ronald,9.87
Kia,2006,Petrol,Automatic,22.7,1436,242.0,2,No,Phillipschester,-2.86
Mahindra,2009,Diesel,Automatic,14.26,1995,248.0,2,Yes,Briannaton,11.63
Honda,2014,Petrol,Automatic,23.84,1033,272.0,4,Yes,Mendozaport,11.2
Hyundai,2014,Electric,Automatic,12.36,1580,,1,Yes,Lake Dawnmouth,6.55
Ford,2013,Diesel,Manual,17.62,2218,82.0,2,Yes,East Reneehaven,0.1
Toyota,2017,Diesel,Manual,13.7,1732,77.0,1,Yes,Rachelside,8.97
Toyota,2011,Diesel,Automatic,20.78,2623,,3,No,East Anthony,9.31
BMW,2009,Petrol,Automatic,14.14,1660,93.0,1,No,New Patriciachester,6.24
Honda,2014,Diesel,Automatic,15.53,2030,166.0,1,No,Foxstad,8.75
Mahindra,2014,Diesel,Automatic,14.48,2995,258.0,3,No,Mandyborough,12.29
BMW,2010,CNG,Manual,,1099,250.0,2,Yes,Manningchester,17.59
Ford,2023,Electric,Automatic,14.93,2755,291.0,2,Yes,Knightstad,8.59
BMW,2012,Petrol,Automatic,17.82,2276,121.0,1,No,Solisstad,9.34
Kia,2005,CNG,Manual,17.6,2823,101.0,1,Yes,East Joshuafort,4.7
Toyota,2021,Petrol,Automatic,17.13,3396,83.0,3,No,North Christopherberg,5.99
Toyota,2011,CNG,Manual,15.33,3230,222.0,3,,Adamstad,7.46
Hyundai,2018,Electric,Automatic,16.58,2770,242.0,2,Yes,Rodriguezborough,12.71
Hyundai,2021,CNG,Manual,11.66,1333,154.0,2,No,Port Thomasborough,11.28
Mahindra,2013,Petrol,Automatic,15.2,2056,142.0,3,No,Kingside,15.72
Ford,2021,Diesel,Automatic,17.11,2457,152.0,1,,Garrisonside,2.04
Kia,2009,Diesel,Automatic,19.18,1952,164.0,3,No,East Debbie,2.71
Honda,2012,Electric,Automatic,18.69,2552,144.0,2,No,Luisfort,12.41
BMW,2010,Petrol,Automatic,13.09,2483,120.0,1,No,Port Coryshire,13.8
Mahindra,2015,Petrol,Manual,19.71,3417,267.0,4,No,Katiestad,8.13
Ford,2023,Petrol,Automatic,18.49,1036,217.0,4,Yes,Stephanieton,-9.86
Hyundai,2008,Electric,Manual,23.76,1500,,3,No,Port Patriciaside,5.03
BMW,2022,Diesel,Manual,12.02,1374,293.0,2,No,West Anna,9.34
Hyundai,2005,CNG,Manual,,2520,198.0,1,No,Chelseyview,4.4
BMW,2017,Electric,Manual,22.13,1570,290.0,4,Yes,Alexisville,8.74
Honda,2018,CNG,Automatic,16.81,2564,110.0,1,Yes,East Jennaburgh,15.59
Ford,2005,Diesel,Automatic,14.35,1022,298.0,1,Yes,Velezville,13.7
BMW,2015,Electric,Automatic,14.74,1922,78.0,1,No,East Joel,11.24
Kia,2021,Diesel,Automatic,21.14,3404,237.0,1,Yes,Lake Ericton,7.74
Mahindra,2008,CNG,Manual,11.81,3120,268.0,3,No,Scottberg,6.02
Toyota,2016,Petrol,Manual,16.67,2222,190.0,1,No,West Chelseatown,11.03
Kia,2014,Petrol,Manual,14.5,2340,290.0,4,Yes,Anitafort,8.1
Kia,2010,CNG,Automatic,14.8,2805,151.0,4,No,Hughesport,8.24
Mahindra,2005,Petrol,Automatic,19.77,1229,90.0,3,Yes,Alvaradoville,1.8
Toyota,2011,CNG,Automatic,16.42,1322,308.0,4,Yes,Christophermouth,5.14
Kia,2020,Electric,Automatic,18.93,2171,183.0,1,Yes,Lake Sydneyside,11.01
BMW,2018,Electric,Manual,13.03,2374,195.0,4,Yes,South Kimberly,3.6
BMW,2010,Electric,Automatic,21.32,3298,159.0,2,No,South Amanda,9.06
BMW,2009,Petrol,Automatic,18.85,2774,278.0,1,Yes,Brownberg,9.65
Toyota,2022,Diesel,Manual,22.95,2889,163.0,3,Yes,South Amber,9.88
Kia,2019,Petrol,Manual,16.37,2538,156.0,2,No,East Andrewfort,10.24
Toyota,2010,Petrol,Automatic,19.8,893,262.0,4,No,West Amandaville,10.51
BMW,2023,Diesel,Automatic,21.13,3333,80.0,2,Yes,Nataliemouth,5.5
Mahindra,2005,Diesel,Manual,19.72,3364,257.0,4,Yes,Evanberg,2.13
Kia,2005,Diesel,Automatic,24.79,1973,171.0,4,Yes,West Samanthachester,4.51
Kia,2017,Diesel,Manual,11.35,1298,208.0,4,Yes,Cowanville,10.92
Hyundai,2007,Petrol,Manual,,3218,302.0,3,No,East Melanieview,3.2
Hyundai,2014,CNG,Automatic,16.38,1780,242.0,2,Yes,Billyborough,3.84
Honda,2007,Electric,Manual,16.09,1284,148.0,3,No,North Paul,3.82
Ford,2013,CNG,Automatic,23.97,1464,281.0,4,,New Emmaborough,0.62
Hyundai,2012,Petrol,Automatic,15.52,1427,307.0,1,No,South Christytown,3.41
Toyota,2007,Diesel,Automatic,21.41,2484,236.0,1,Yes,South Albert,12.0
Hyundai,2017,Electric,Automatic,13.78,1531,177.0,3,Yes,Jacquelinemouth,5.13
Honda,2010,Electric,Manual,22.08,991,233.0,1,No,Lake Shannonfort,1.0
Kia,2017,CNG,Automatic,17.91,2568,278.0,2,Yes,Edwardsland,5.95
Honda,2016,Petrol,Automatic,16.87,2044,277.0,1,No,Grossfurt,10.04
Kia,2017,Petrol,Manual,11.85,1870,136.0,1,No,North Tiffanytown,0.68
Mahindra,2006,Petrol,Automatic,16.88,2974,147.0,4,Yes,Matthewmouth,11.81
Mahindra,2020,Electric,Automatic,15.25,1495,137.0,2,Yes,Barberport,2.24
Kia,2010,CNG,Automatic,24.99,1939,260.0,2,No,Port Holly,6.42
Ford,2023,Electric,Automatic,18.21,1363,123.0,1,No,Port Mary,6.37
Hyundai,2017,Electric,Manual,15.61,3213,63.0,4,No,West Melissa,5.75
Toyota,2021,Diesel,Manual,15.44,3240,142.0,1,Yes,Greeneborough,7.74
Toyota,2013,CNG,Automatic,12.56,822,252.0,1,Yes,Lake Sabrinaland,11.11
BMW,2021,Diesel,Manual,24.09,1244,,3,Yes,Port Brentview,7.84
Kia,2006,Petrol,Manual,23.03,1576,252.0,4,No,Port Jessebury,5.58
Toyota,2023,Electric,Manual,17.73,2844,,3,,Sallytown,9.83
Ford,2023,CNG,Manual,26.72,1507,81.0,1,No,North Louisborough,8.83
Kia,2011,Petrol,Automatic,17.95,1232,204.0,1,No,Port Nancyhaven,5.32
Ford,2014,CNG,Manual,22.39,1272,204.0,4,Yes,South Teresaland,8.17
Toyota,2014,Electric,Automatic,20.26,847,61.0,2,No,Lake Davidburgh,4.99
Toyota,2013,CNG,Automatic,15.7,2714,284.0,1,No,East Johnmouth,4.54
BMW,2021,Petrol,Manual,18.73,1905,273.0,1,No,Port Nathan,11.22
Toyota,2019,Diesel,Automatic,19.49,3110,225.0,3,Yes,South Laurieberg,9.79
Kia,2006,Electric,Manual,12.78,2690,200.0,3,No,South Kimberly,11.08
Mahindra,2008,Diesel,Automatic,19.15,1157,123.0,4,No,East Elizabeth,10.54
Kia,2023,Electric,Automatic,22.56,1367,271.0,3,Yes,South Williamchester,4.45
Kia,2021,Petrol,Manual,15.23,1279,157.0,2,No,New Vincenttown,12.01
BMW,2009,Electric,Automatic,17.16,1666,225.0,1,Yes,Amandashire,6.81
BMW,2011,Diesel,Manual,13.56,1828,185.0,3,Yes,Kimberlyside,11.72
Toyota,2022,Electric,Automatic,16.07,2613,216.0,2,No,New Sherylchester,7.5
Honda,2011,Petrol,Automatic,16.38,2217,309.0,1,No,West Crystal,9.25
Honda,2021,Electric,Manual,24.31,1507,120.0,1,Yes,New Julia,9.37
BMW,2011,Diesel,Manual,16.73,3273,91.0,2,No,West Carlyside,11.25
Toyota,2008,Petrol,Manual,15.88,1850,80.0,1,No,South Royshire,1.46
Honda,2012,Diesel,Automatic,17.62,926,71.0,2,No,East Scottport,1.69
Toyota,2017,Electric,Manual,11.17,2982,303.0,2,No,Moralesview,10.69
Toyota,2008,CNG,Manual,8.57,3178,162.0,3,Yes,Robertchester,9.43
Toyota,2010,Diesel,Manual,12.47,2452,66.0,4,Yes,Cherylborough,4.9
Hyundai,2009,Electric,Manual,19.3,3239,189.0,2,No,Lake Feliciaport,9.46
Kia,2016,CNG,Automatic,17.99,807,156.0,3,,West Nathanton,2.37
Toyota,2008,CNG,Automatic,21.48,1412,232.0,1,Yes,Lake John,21.06
Hyundai,2013,Petrol,Automatic,,2084,264.0,3,Yes,Lake Williamfort,13.25
BMW,2008,CNG,Automatic,17.18,2022,162.0,2,No,Chanburgh,10.49
Honda,2023,Diesel,Automatic,11.63,1397,172.0,3,Yes,Smithchester,8.3
Kia,2018,Diesel,Automatic,19.07,2563,190.0,4,Yes,Rachelfort,5.53
Mahindra,2009,CNG,Manual,12.49,1185,98.0,1,Yes,South Tara,2.76
Honda,2022,Electric,Automatic,17.03,3319,67.0,3,Yes,Moorestad,7.54
Kia,2014,Diesel,Manual,18.83,978,105.0,1,Yes,East Ashleyside,4.56
Mahindra,2023,Diesel,Manual,16.44,3297,253.0,2,No,Michellebury,4.79
Honda,2016,Petrol,Manual,8.95,1614,65.0,4,No,North Henry,2.33
Kia,2022,Electric,Manual,24.65,2617,117.0,4,Yes,Micheleborough,9.0
Honda,2021,CNG,Automatic,16.01,1157,228.0,3,No,Ryanland,6.49
Honda,2015,Electric,Automatic,11.56,3223,181.0,1,Yes,Lake Laurenfort,10.14
Mahindra,2007,Petrol,Automatic,21.04,1501,,1,No,Fullerborough,9.83
Honda,2021,Petrol,Manual,21.19,2550,266.0,3,No,Port Johnbury,8.92
Honda,2005,Electric,Automatic,16.79,3385,174.0,3,No,Lake Jonathanshire,18.64
Mahindra,2019,Petrol,Automatic,24.14,1581,298.0,3,No,Port Randybury,11.29
BMW,2013,Petrol,Automatic,15.04,881,113.0,3,No,Brownmouth,2.96
Toyota,2019,Petrol,Automatic,,984,135.0,4,No,Hansenstad,9.83
Ford,2007,Electric,Automatic,20.04,3135,228.0,3,No,New Jacqueline,7.78
Hyundai,2023,Petrol,Automatic,24.06,1682,107.0,1,Yes,Millerton,2.63
Ford,2017,CNG,Manual,10.23,1306,,2,Yes,East Steven,2.31
Ford,2016,CNG,Manual,27.17,2841,129.0,1,Yes,East Steven,9.81
Kia,2005,Diesel,Automatic,22.7,2285,214.0,3,Yes,Georgeton,10.79
Toyota,2021,CNG,Manual,,829,106.0,4,Yes,Sheppardview,3.81
Kia,2017,Diesel,Manual,14.8,2732,261.0,3,No,Smithbury,11.88
Toyota,2005,Electric,Automatic,14.47,2878,201.0,2,No,South Miguel,9.14
Mahindra,2014,Petrol,Manual,19.15,2116,185.0,3,No,East Nicole,12.78
Mahindra,2019,CNG,Automatic,19.98,1996,212.0,2,Yes,Bradleymouth,12.36
Toyota,2011,Diesel,Manual,19.46,1951,124.0,3,No,Robertsville,7.37
Honda,2022,Electric,Automatic,18.64,885,155.0,4,No,North Seanside,14.54
BMW,2020,Diesel,Manual,19.73,2138,240.0,1,Yes,Port Katherinestad,3.5
Honda,2018,Petrol,Manual,9.26,2875,237.0,2,Yes,Romeroborough,17.56
BMW,2022,CNG,Manual,16.94,2969,188.0,1,No,Davisview,4.48
Kia,2011,Electric,Manual,12.47,2074,98.0,3,No,North Carlbury,7.81
BMW,2021,Diesel,Automatic,17.84,3420,192.0,1,No,Moraleshaven,5.73
Kia,2022,Electric,Manual,23.23,3250,168.0,4,No,Woodborough,6.49
Mahindra,2016,Diesel,Automatic,14.37,1482,131.0,4,Yes,Patriciastad,19.69
Ford,2012,Diesel,Automatic,15.16,1071,267.0,1,Yes,West Jennifer,6.15
Mahindra,2006,Petrol,Manual,14.6,2635,124.0,1,Yes,West Sethville,11.4
Mahindra,2011,Petrol,Manual,15.14,2960,300.0,4,No,North Lauraton,7.06
Ford,2008,Diesel,Automatic,20.22,2529,138.0,2,No,Olsonland,11.75
BMW,2022,CNG,Manual,21.15,2217,147.0,2,Yes,Jefferyborough,5.82
BMW,2010,Electric,Automatic,23.88,818,237.0,4,No,Freemanmouth,9.02
Kia,2013,Electric,Manual,13.98,2675,125.0,4,No,Warnermouth,10.51
Honda,2013,Petrol,Automatic,20.74,3452,164.0,2,Yes,Wadefort,5.11
Kia,2018,CNG,Manual,21.4,1264,157.0,1,Yes,Woodfort,19.03
Honda,2012,Diesel,Manual,24.61,1490,155.0,1,No,Dominguezmouth,10.72
Mahindra,2023,Petrol,Automatic,14.28,1810,105.0,3,Yes,Rodriguezbury,7.1
Ford,2007,Diesel,Automatic,9.99,2014,90.0,2,No,West Claudia,5.21
Mahindra,2022,Diesel,Automatic,16.89,2316,263.0,4,No,Port Cathy,8.37
Toyota,2009,Petrol,Manual,29.23,962,207.0,3,No,Amybury,3.14
BMW,2018,CNG,Manual,13.62,2435,191.0,1,No,Port Jennifer,15.13
Honda,2008,Electric,Manual,19.95,1094,245.0,2,No,Crystalmouth,9.73
Kia,2011,Petrol,Manual,9.13,1378,248.0,3,No,Port Michael,7.65
Ford,2016,CNG,Automatic,25.26,2567,186.0,1,Yes,Hendersonchester,12.18
Honda,2006,Diesel,Automatic,10.49,2385,,4,Yes,Christinaton,5.11
Kia,2015,Petrol,Manual,8.44,3149,180.0,1,No,Susanmouth,3.38
BMW,2018,Electric,Manual,18.4,2131,194.0,1,No,North James,7.48
Mahindra,2020,Electric,Manual,18.47,2971,258.0,2,No,Mossmouth,8.51
BMW,2010,Diesel,Automatic,23.68,994,230.0,4,Yes,Evanstown,10.12
Hyundai,2008,Petrol,Automatic,21.4,1641,319.0,2,No,Silvaborough,2.09
Toyota,2019,Electric,Manual,,3198,183.0,4,Yes,East Neilchester,6.17
Hyundai,2005,Petrol,Automatic,17.39,2666,301.0,3,Yes,Seanfurt,-4.33
Ford,2011,Electric,Manual,15.21,2591,130.0,1,No,New Charlesport,3.27
Honda,2016,Diesel,Manual,12.66,1288,118.0,2,Yes,North Crystal,10.86
Ford,2014,Diesel,Automatic,19.73,3047,168.0,4,Yes,Scottberg,11.84
Mahindra,2009,Petrol,Automatic,22.17,3355,100.0,2,Yes,Meghanside,3.43
Kia,2016,CNG,Automatic,14.78,2403,205.0,1,No,Montgomeryshire,6.7
BMW,2022,CNG,Automatic,16.67,1245,111.0,1,Yes,New Melissatown,8.1
Hyundai,2014,Diesel,Manual,16.94,879,235.0,3,No,Jonesfort,12.31
Hyundai,2010,Electric,Automatic,15.36,1544,224.0,4,Yes,Lake Austin,14.12
Mahindra,2016,CNG,Automatic,16.29,2660,311.0,4,Yes,South Shawn,8.61
Hyundai,2011,Diesel,Automatic,15.35,2265,,3,Yes,Alvaradoville,6.96
Mahindra,2022,Electric,Automatic,18.5,1730,112.0,3,Yes,North Taramouth,2.23
Ford,2006,Electric,Manual,15.65,2734,314.0,4,Yes,West Brandon,8.43
BMW,2014,CNG,Manual,19.71,1071,232.0,4,No,Adamston,16.3
Honda,2019,Diesel,Automatic,15.64,2166,310.0,2,No,Santiagomouth,13.16
Kia,2016,Electric,Automatic,20.59,2971,236.0,4,Yes,Parkview,8.7
Honda,2021,Electric,Manual,15.55,2313,108.0,2,Yes,Simmonsburgh,9.21
Ford,2008,Petrol,Manual,20.42,1485,170.0,2,Yes,Port Lisa,5.25
Kia,2011,Petrol,Automatic,14.61,2526,,2,,Mosesland,6.57
Hyundai,2013,CNG,Manual,21.54,1451,307.0,2,No,New Joseph,8.59
Toyota,2023,Petrol,Manual,10.89,1096,234.0,1,No,Timothymouth,8.6
Ford,2011,Diesel,Manual,17.98,1942,166.0,3,Yes,Griffinview,12.04
Ford,2006,CNG,Manual,15.73,1420,212.0,3,No,Millschester,11.85
BMW,2010,CNG,Automatic,17.82,2454,214.0,4,Yes,Barkerburgh,10.08
Honda,2022,Petrol,Manual,13.26,2454,199.0,3,Yes,West Brittanyberg,4.0
Ford,2010,Electric,Manual,17.22,3198,210.0,3,No,South Codyville,4.15
Ford,2017,Diesel,Automatic,13.56,2472,103.0,1,No,Lake Rachelhaven,4.45
Hyundai,2023,Diesel,Automatic,,1054,130.0,2,Yes,West Ambermouth,8.94
Hyundai,2006,Diesel,Automatic,16.68,2087,184.0,2,Yes,Cannonview,-0.11
Kia,2016,CNG,Manual,19.32,828,211.0,2,Yes,Johnsonport,7.97
Mahindra,2019,Diesel,Automatic,,3314,279.0,3,No,East Juan,13.63
Mahindra,2018,Electric,Manual,25.51,1858,274.0,3,Yes,South Kenneth,10.67
Toyota,2010,Electric,Automatic,15.96,1548,203.0,4,No,Angelaland,6.6
Mahindra,2022,Petrol,Manual,17.47,2117,166.0,1,Yes,East Michael,5.21
BMW,2009,Diesel,Automatic,30.74,1401,,1,No,West Kristinatown,11.22
Toyota,2022,CNG,Automatic,17.11,1891,65.0,4,No,Port Jessica,9.22
Kia,2007,Petrol,Manual,21.81,930,227.0,4,,Alejandrofort,7.01
Hyundai,2007,Electric,Automatic,20.31,910,232.0,4,Yes,Port David,5.64
Mahindra,2014,Diesel,Automatic,27.34,3371,178.0,2,Yes,Jennymouth,8.31
Honda,2023,Electric,Automatic,12.28,1630,285.0,2,Yes,South Charles,6.79
Hyundai,2007,Petrol,Automatic,11.82,1465,233.0,2,No,North Rachelton,11.14
BMW,2016,Electric,Automatic,13.53,1866,188.0,2,No,West Arthur,12.96
Hyundai,2020,Diesel,Manual,18.69,1674,246.0,4,No,Lake Frank,2.53
BMW,2021,Diesel,Manual,13.99,2117,122.0,4,No,Lake Amandachester,3.1
BMW,2011,Petrol,Automatic,9.47,1084,145.0,4,No,South April,13.39
BMW,2017,Diesel,Automatic,14.3,1363,269.0,2,,New Abigailmouth,8.66
Kia,2006,Electric,Manual,19.47,818,252.0,2,No,Smithborough,3.47
BMW,2008,Electric,Manual,14.39,1346,297.0,3,Yes,Kimberlymouth,11.93
BMW,2014,CNG,Automatic,22.57,847,79.0,4,No,West Rebecca,9.37
Honda,2011,CNG,Manual,13.5,2568,241.0,1,No,Port Jamesberg,16.81
Toyota,2021,CNG,Automatic,18.06,2842,107.0,1,No,Matthewview,7.06
Ford,2010,Electric,Automatic,16.44,1018,287.0,3,No,North Lisa,12.43
Toyota,2023,Electric,Automatic,18.75,1565,113.0,2,No,West Josephberg,2.2
BMW,2009,Petrol,Automatic,19.16,2878,161.0,4,Yes,New Dustinport,13.58
Honda,2014,CNG,Manual,24.34,3106,148.0,2,No,East Leslie,11.78
Hyundai,2013,Electric,Manual,20.76,1107,,2,No,Port Samantha,14.42
Honda,2017,Petrol,Manual,16.32,3154,207.0,1,No,Reyesberg,12.44
BMW,2023,Electric,Automatic,20.45,1367,289.0,1,Yes,Walshville,7.6
Honda,2010,Petrol,Manual,21.0,1922,309.0,4,No,Lowechester,3.32
Mahindra,2008,CNG,Automatic,26.18,2868,,4,No,Joelside,5.59
Honda,2007,CNG,Automatic,17.37,1030,220.0,2,Yes,Paulburgh,0.96
BMW,2007,CNG,Manual,17.67,881,227.0,2,No,Johnsonmouth,4.32
Kia,2008,Electric,Automatic,23.25,1016,169.0,3,No,East Paula,9.7
Mahindra,2009,Electric,Automatic,10.01,1134,232.0,2,Yes,Kellyville,7.81
Honda,2012,Petrol,Automatic,17.18,1358,302.0,3,Yes,Port Troyview,7.11
Ford,2020,Diesel,Manual,20.78,1673,268.0,2,Yes,Jasminemouth,4.83
Ford,2007,Diesel,Automatic,22.19,1552,302.0,2,No,Colonberg,0.91
Honda,2016,CNG,Manual,9.16,1393,313.0,2,No,Robinmouth,8.73
Kia,2012,Diesel,Automatic,12.65,2622,141.0,4,No,South Sherichester,9.52
Hyundai,2017,CNG,Manual,8.03,2478,90.0,4,No,South Haroldmouth,4.03
BMW,2008,Petrol,Automatic,21.49,1352,63.0,4,No,Clarkland,5.87
Ford,2018,Diesel,Manual,18.82,2282,253.0,3,,Patelmouth,14.17
Hyundai,2018,Diesel,Manual,23.68,1582,115.0,3,No,Lake Toddhaven,12.64
Honda,2017,CNG,Automatic,18.12,2934,140.0,4,Yes,Salazarchester,2.06
Hyundai,2010,Petrol,Automatic,26.96,1312,113.0,3,No,Harpertown,7.66
Mahindra,2021,Diesel,Automatic,14.23,1783,155.0,4,Yes,East Joshua,13.82
Toyota,2008,Diesel,Automatic,16.53,1386,316.0,1,Yes,Lake Adamview,7.13
Ford,2012,Diesel,Manual,19.65,2301,263.0,4,No,Lake Jasonport,6.92
Honda,2021,Petrol,Automatic,15.15,3345,270.0,1,Yes,Perezport,12.37
BMW,2007,Petrol,Manual,19.67,1755,,2,No,North Rhonda,11.95
Kia,2021,Diesel,Automatic,,1542,66.0,3,No,Thorntonton,11.74
Mahindra,2013,CNG,Manual,17.32,1248,184.0,3,Yes,South Elizabeth,6.95
Honda,2006,CNG,Manual,17.5,1387,167.0,4,Yes,Lake Aaronbury,10.65
BMW,2017,Diesel,Manual,20.82,1059,319.0,2,No,Jacksonview,13.98
Kia,2006,Petrol,Automatic,16.63,3310,129.0,2,No,North Roger,7.8
Kia,2015,Diesel,Automatic,13.52,893,97.0,2,No,East Deborahhaven,6.39
Honda,2019,Petrol,Manual,18.27,1820,234.0,2,No,Markberg,12.92
Mahindra,2015,Diesel,Manual,15.46,2759,247.0,3,Yes,Nathanfort,16.18
Hyundai,2007,Petrol,Manual,14.0,2175,286.0,4,No,West Jameston,16.46
Hyundai,2007,Electric,Manual,11.08,1931,317.0,4,Yes,Everettfurt,6.5
Kia,2016,CNG,Manual,21.72,3202,256.0,1,No,Joshuaton,6.9
Hyundai,2009,Electric,Automatic,20.65,3316,67.0,3,No,Justinview,3.88
Toyota,2011,CNG,Manual,23.63,2942,110.0,1,No,West Melissaside,8.47
Kia,2011,Petrol,Automatic,18.01,1667,281.0,2,Yes,South Shellyville,3.7
Kia,2017,Electric,Automatic,22.31,890,78.0,4,Yes,Lake Rebeccafurt,5.89
BMW,2013,CNG,Automatic,,2279,306.0,1,Yes,Johnfurt,10.8
Hyundai,2017,Diesel,Manual,10.37,1754,90.0,3,No,Danielhaven,9.56
Mahindra,2016,Petrol,Manual,14.99,3231,139.0,4,No,East Jessicastad,0.76
Kia,2017,Petrol,Manual,17.18,822,81.0,3,Yes,West Bethton,14.28
Mahindra,2014,Diesel,Manual,19.44,2525,301.0,4,No,Cynthiaberg,3.65
Toyota,2005,Diesel,Automatic,23.12,822,273.0,3,Yes,South Maureenmouth,4.16
BMW,2012,CNG,Automatic,19.29,2521,259.0,3,Yes,North Pamela,3.04
Honda,2020,Petrol,Automatic,,3158,224.0,4,No,Robinsonland,5.35
Mahindra,2017,CNG,Manual,18.48,2240,199.0,3,Yes,North Andrew,4.41
Kia,2007,Diesel,Manual,18.4,2156,72.0,3,No,South Kristine,4.51
Toyota,2007,Petrol,Manual,19.35,1374,85.0,2,No,East Timothy,-1.86
Ford,2009,Diesel,Manual,19.52,2950,81.0,4,Yes,North Jeremy,8.52
Toyota,2015,CNG,Manual,19.46,3347,135.0,1,No,South Sara,8.93
Toyota,2011,CNG,Manual,,1627,151.0,4,Yes,East Kristinview,16.98
BMW,2014,CNG,Automatic,21.41,988,107.0,4,Yes,Johnnyview,9.95
Honda,2014,Petrol,Automatic,28.02,1259,229.0,2,Yes,Robertshire,6.01
Ford,2006,Diesel,Manual,14.47,3036,304.0,1,No,Zavalafort,3.2
Hyundai,2007,Diesel,Automatic,17.84,1150,287.0,1,Yes,Hernandezbury,7.61
Hyundai,2012,CNG,Automatic,12.51,1380,246.0,1,No,Jacksonton,9.79
Mahindra,2015,CNG,Automatic,21.01,2961,227.0,3,Yes,North Elijahborough,5.99
Toyota,2017,CNG,Automatic,21.0,2951,262.0,3,No,Robertsborough,8.24
BMW,2011,CNG,Manual,11.98,1419,65.0,3,Yes,Maryville,15.59
BMW,2017,Electric,Automatic,12.75,2331,191.0,1,,West Ashley,6.46
Hyundai,2006,Electric,Manual,9.67,2168,304.0,4,No,Samanthamouth,0.45
Mahindra,2010,Electric,Manual,24.28,3234,150.0,4,,Crossstad,11.49
Mahindra,2013,CNG,Automatic,,2601,185.0,1,Yes,North Kristin,9.26
Mahindra,2006,CNG,Manual,17.46,2032,301.0,1,,South Michelleport,1.16
Ford,2022,Diesel,Automatic,16.53,3330,308.0,2,No,Lake Travismouth,9.71
Honda,2020,Petrol,Manual,21.95,1272,66.0,3,Yes,Smithbury,4.01
Ford,2016,Diesel,Manual,20.64,1658,147.0,3,Yes,East Philip,9.77
Kia,2011,Electric,Automatic,20.43,3240,,3,No,East Donaldmouth,15.63
Kia,2011,Diesel,Automatic,14.75,2512,,2,Yes,North James,7.29
Honda,2021,CNG,Manual,20.72,1315,257.0,2,No,Smithshire,12.33
Hyundai,2017,Electric,Automatic,,3193,223.0,2,No,Bennettview,3.09
Honda,2015,Electric,Manual,20.61,2175,204.0,1,Yes,Vanessabury,1.92
BMW,2010,Petrol,Automatic,12.84,3388,60.0,2,,Lake Kevinport,16.07
Kia,2018,Petrol,Manual,13.48,2894,179.0,4,No,Stevenchester,9.23
Toyota,2010,Electric,Manual,24.95,3190,,1,Yes,Darrenfort,10.55
Toyota,2010,Electric,Manual,25.78,1342,108.0,1,Yes,Jenniferberg,12.61
Hyundai,2006,Diesel,Manual,17.72,1859,83.0,3,Yes,Rebeccastad,5.89
BMW,2019,Electric,Manual,17.71,1556,270.0,3,Yes,Anthonyton,11.3
Ford,2021,CNG,Automatic,18.63,3198,122.0,2,No,Christinamouth,10.69
BMW,2012,Diesel,Manual,20.32,987,115.0,4,No,South Gabrielmouth,2.82
Toyota,2009,CNG,Automatic,12.23,3181,77.0,1,No,Millsstad,14.05
Toyota,2021,CNG,Automatic,18.92,1282,136.0,1,Yes,Randyport,13.23
Kia,2005,CNG,Manual,13.88,2039,319.0,1,No,Markstad,2.87
BMW,2022,Electric,Manual,17.92,1981,180.0,3,Yes,Richardton,8.8
BMW,2019,Petrol,Automatic,,1095,243.0,3,No,Aprilview,7.08
Toyota,2009,Petrol,Manual,15.41,844,107.0,4,Yes,New Joseph,13.67
Ford,2011,CNG,Manual,,3342,206.0,3,Yes,Lake Joseberg,2.36
Hyundai,2022,Electric,Automatic,15.53,2842,139.0,4,No,Nelsonport,22.41
Mahindra,2010,Diesel,Automatic,13.6,974,295.0,3,Yes,Keithport,7.3
Hyundai,2009,CNG,Automatic,23.81,2169,288.0,4,No,Port Paigeside,10.95
BMW,2023,Diesel,Automatic,13.66,2903,120.0,3,No,Jonesland,13.55
Hyundai,2014,Diesel,Automatic,8.76,3188,279.0,3,No,Baileyberg,7.22
Toyota,2019,Electric,Automatic,20.28,2600,148.0,2,No,New Melissa,7.54
Toyota,2014,Electric,Manual,16.84,2709,287.0,2,,Cassandrabury,5.99
BMW,2020,Petrol,Automatic,,2574,162.0,2,No,Petersontown,4.46
BMW,2016,Petrol,Automatic,18.63,2720,147.0,4,No,South Christybury,9.09
Mahindra,2022,Electric,Manual,23.08,3061,82.0,4,No,Deborahfort,7.46
Mahindra,2005,CNG,Manual,25.46,2322,76.0,4,Yes,Chamberstown,5.96
Kia,2020,Petrol,Manual,19.01,1557,221.0,4,No,Deborahborough,6.2
BMW,2010,Diesel,Manual,13.3,2220,137.0,2,Yes,Port Daniel,10.3
Ford,2007,CNG,Manual,18.58,3397,181.0,1,No,Joditown,4.81
Hyundai,2006,Diesel,Manual,,1296,171.0,3,No,Port Nicholasland,7.01
BMW,2006,Electric,Automatic,22.01,3020,298.0,3,No,West Jeanneberg,11.59
Honda,2017,Diesel,Manual,18.55,904,269.0,4,No,Lake Veronica,8.99
Kia,2013,CNG,Manual,15.76,1278,61.0,2,No,Lake Arthur,3.8
Honda,2020,Electric,Manual,14.37,2222,262.0,1,Yes,Toniview,7.9
Toyota,2009,CNG,Manual,17.53,3281,176.0,2,Yes,Moorestad,9.75
Mahindra,2011,Diesel,Automatic,12.0,3489,173.0,3,No,Jamesbury,11.96
Hyundai,2017,CNG,Manual,19.58,1492,133.0,4,No,New Williamburgh,4.98
BMW,2017,Electric,Manual,18.71,993,300.0,4,No,East Hollyland,5.77
Honda,2011,Diesel,Automatic,18.69,2289,113.0,2,Yes,North Sharon,5.22
Hyundai,2014,Diesel,Automatic,20.87,858,218.0,4,No,Barrborough,5.42
Toyota,2019,Petrol,Automatic,23.8,2686,168.0,1,Yes,Jadetown,9.62
Mahindra,2010,Petrol,Manual,17.72,1277,212.0,3,,Lake Jennifer,10.38
Ford,2009,CNG,Automatic,18.31,1926,222.0,1,No,Port Bonnie,12.2
Kia,2006,Petrol,Automatic,16.52,3380,116.0,2,No,Benjamintown,7.64
Hyundai,2019,Petrol,Automatic,20.21,2768,,3,Yes,West Timothy,2.38
Hyundai,2020,Petrol,Manual,17.97,1391,87.0,1,No,Jimenezberg,10.68
Ford,2023,Petrol,Manual,22.62,1638,263.0,1,Yes,Michaelstad,8.64
Hyundai,2013,Electric,Automatic,22.54,2145,92.0,1,No,Mitchellbury,8.24
Toyota,2023,Electric,Manual,19.26,1348,181.0,3,Yes,Port Lauren,2.87
Toyota,2011,Petrol,Manual,17.68,1020,75.0,3,Yes,North Amystad,7.22
Ford,2008,CNG,Manual,16.91,1675,213.0,4,No,Robertberg,3.23
Kia,2007,Electric,Manual,19.92,1996,277.0,2,Yes,Martinstad,9.93
BMW,2015,Petrol,Manual,19.93,1135,164.0,4,No,New Christopher,6.28
Honda,2005,Electric,Automatic,16.91,1024,136.0,2,No,Josephfort,5.92
BMW,2010,Diesel,Automatic,19.15,2882,146.0,3,No,Stephensberg,1.85
Hyundai,2015,Electric,Automatic,14.9,987,90.0,1,No,New Cheryl,12.11
Honda,2005,Electric,Automatic,19.8,2047,159.0,4,Yes,Rosefurt,6.97
Ford,2011,CNG,Manual,15.24,3490,214.0,3,No,Robertville,8.35
Ford,2010,Electric,Automatic,21.09,1762,165.0,3,Yes,Scottland,5.06
Kia,2018,CNG,Automatic,16.73,1293,289.0,3,No,Sandovalberg,1.4
Honda,2006,Diesel,Manual,24.7,2686,62.0,4,Yes,Danielshire,5.87
Toyota,2008,Petrol,Manual,18.16,1110,281.0,3,No,Lake Paulshire,6.51
Honda,2015,CNG,Manual,18.95,3368,180.0,2,,Rachelberg,9.17
Hyundai,2019,Electric,Manual,12.41,2404,219.0,2,No,Lake Russellport,6.58
Toyota,2022,Electric,Automatic,23.63,2363,253.0,1,No,Andersonmouth,5.13
Mahindra,2005,CNG,Manual,17.85,1168,277.0,4,No,East Timothy,1.99
Mahindra,2007,Diesel,Manual,24.96,1545,250.0,4,Yes,South Sherryfurt,8.19
Mahindra,2007,Petrol,Manual,18.19,2878,311.0,4,No,Amberport,4.81
Ford,2011,Electric,Manual,17.14,2055,285.0,4,No,Port Katherine,13.28
Honda,2005,Diesel,Manual,15.95,1797,60.0,4,Yes,Timothybury,8.6
Mahindra,2015,Petrol,Manual,20.57,1296,192.0,3,Yes,Port Michelleberg,10.25
BMW,2010,Petrol,Automatic,20.08,2389,149.0,3,No,Jessicamouth,7.0
Kia,2007,Electric,Automatic,12.66,1763,65.0,2,,Cobbbury,8.81
BMW,2023,CNG,Automatic,15.72,2804,303.0,4,Yes,South Kelsey,4.44
Mahindra,2006,Electric,Manual,,1998,192.0,4,,Stephanieside,3.29
Kia,2022,Electric,Manual,,3145,175.0,4,Yes,Katherineport,8.06
Hyundai,2016,Electric,Automatic,14.73,2614,132.0,2,Yes,East Maryview,10.28
BMW,2014,Diesel,Automatic,18.78,2188,215.0,4,Yes,Lake Crystal,0.22
Honda,2009,CNG,Automatic,18.35,1909,,4,No,Thomasport,6.0
Honda,2013,Diesel,Automatic,16.14,1376,128.0,3,Yes,New Monica,15.37
BMW,2006,Electric,Manual,,853,203.0,2,No,Devinstad,9.92
Mahindra,2006,CNG,Automatic,17.4,1028,258.0,3,No,Benjaminshire,14.15
Honda,2010,Petrol,Manual,12.94,1578,265.0,1,Yes,North Lauren,5.46
Hyundai,2014,CNG,Manual,11.52,2357,260.0,4,No,Lake Kerri,6.17
Toyota,2022,Electric,Manual,22.09,1784,298.0,1,No,South Jenniferberg,11.87
Mahindra,2016,CNG,Automatic,13.61,1172,127.0,4,No,North Dawn,10.49
Hyundai,2008,Petrol,Automatic,,1268,230.0,1,No,Christinabury,7.62
Kia,2021,Petrol,Automatic,14.5,3267,129.0,3,Yes,Pierceville,2.95
Hyundai,2019,CNG,Manual,17.59,2649,76.0,2,No,Lake Summermouth,12.63
Mahindra,2010,Petrol,Manual,19.39,1331,196.0,1,No,Larsonbury,18.04
Kia,2020,Diesel,Automatic,12.54,2223,278.0,3,No,South Jessicaton,1.71
Mahindra,2021,CNG,Manual,16.18,2007,65.0,1,Yes,Mcmillanmouth,13.61
Honda,2007,Petrol,Automatic,,1361,257.0,1,Yes,East Nicolehaven,6.13
Toyota,2014,Petrol,Manual,14.14,889,,2,No,South Lindaview,6.67
Mahindra,2009,CNG,Manual,16.5,2439,243.0,3,No,East Jonathan,9.08
Mahindra,2018,Diesel,Manual,15.5,2206,77.0,2,Yes,East Troy,3.18
Honda,2017,CNG,Manual,21.49,1168,,4,Yes,South Jamesville,7.85
Ford,2010,Petrol,Manual,15.14,2092,107.0,2,Yes,Adamstad,1.55
Honda,2016,CNG,Manual,19.8,814,88.0,2,No,Virginiastad,9.9
Kia,2012,Petrol,Manual,19.66,3191,212.0,1,Yes,West Travis,16.93
Honda,2009,Electric,Automatic,12.0,2018,297.0,1,Yes,Nicholasberg,5.44
Honda,2019,CNG,Manual,15.98,2745,258.0,1,No,North Anneburgh,7.33
Toyota,2020,CNG,Manual,17.56,1859,73.0,3,,Eileenhaven,7.52
Honda,2005,Petrol,Automatic,19.06,1716,69.0,2,Yes,New Sandraberg,11.95
Mahindra,2020,Petrol,Automatic,17.05,3052,,4,No,Johnhaven,9.62
Toyota,2009,Petrol,Automatic,22.17,2474,226.0,1,No,Lake Jennifer,11.68
BMW,2007,Petrol,Automatic,18.42,1575,206.0,4,No,South Gregory,5.98
Ford,2019,CNG,Manual,19.78,1880,,2,Yes,Lake Christina,9.73
Toyota,2017,Petrol,Manual,15.63,1933,129.0,2,No,Williamsland,-5.47
Kia,2020,CNG,Automatic,19.84,1485,163.0,2,No,New Christopher,10.67
BMW,2015,Diesel,Manual,25.75,1024,288.0,4,No,Hillshire,3.13
Toyota,2006,CNG,Automatic,20.11,863,197.0,4,No,West Olivia,6.69
Toyota,2010,Petrol,Manual,22.41,2587,95.0,4,No,Crystaltown,10.98
Ford,2010,Petrol,Manual,16.83,1760,177.0,2,No,Robertborough,1.86
Mahindra,2018,Diesel,Manual,21.7,2175,314.0,2,No,Kaylashire,12.36
Kia,2015,CNG,Manual,22.05,3167,79.0,1,No,Lopezfurt,7.5
Hyundai,2012,Diesel,Manual,18.98,1156,80.0,3,No,East Rachelton,13.81
Hyundai,2012,CNG,Automatic,17.7,892,315.0,4,Yes,New Jenniferview,4.39
Toyota,2005,Petrol,Manual,12.02,2123,307.0,3,No,South Laurieland,0.75
Honda,2011,CNG,Manual,17.87,2317,225.0,4,No,New Kevin,7.88
Kia,2010,Petrol,Manual,20.26,2477,314.0,4,No,Port Amandamouth,10.35
BMW,2012,Petrol,Manual,14.94,2212,137.0,3,No,Lake Christinaview,10.68
Honda,2023,Electric,Manual,12.92,2434,93.0,3,No,West Zacharyville,3.46
Honda,2012,Electric,Automatic,18.41,3281,158.0,4,No,Jeffmouth,1.5
Kia,2018,CNG,Manual,18.92,1925,202.0,2,Yes,Gonzalezfort,6.75
Mahindra,2022,Petrol,Automatic,12.61,1640,114.0,1,No,West Racheltown,10.07
Toyota,2020,Diesel,Manual,18.16,2201,62.0,4,No,Matthewland,9.86
Toyota,2013,Petrol,Manual,19.16,2406,278.0,1,Yes,Tinafurt,14.29
Toyota,2019,Diesel,Automatic,23.29,1697,270.0,2,,Kingshire,6.51
Toyota,2014,CNG,Manual,16.09,1291,208.0,2,Yes,Derekville,0.62
Hyundai,2020,CNG,Manual,26.35,2332,291.0,1,No,Carmenview,12.79
Toyota,2008,Diesel,Automatic,18.22,3239,147.0,4,No,Kimmouth,8.78
Hyundai,2017,Diesel,Manual,13.19,2777,270.0,1,No,East Sandra,9.13
Hyundai,2009,Petrol,Automatic,16.68,2598,282.0,4,No,New Michelle,11.07
Mahindra,2011,CNG,Automatic,13.55,2294,207.0,3,No,Christopherstad,13.05
Toyota,2013,Petrol,Automatic,17.33,2151,266.0,4,No,Waynebury,7.91
Ford,2012,Diesel,Manual,19.87,2868,286.0,3,Yes,Dorisfort,12.71
BMW,2020,Electric,Manual,19.07,1920,243.0,3,No,East Michellebury,10.21
Honda,2010,Electric,Automatic,13.48,2638,100.0,1,No,Davidfurt,5.38
Hyundai,2020,Electric,Manual,12.98,3360,241.0,3,Yes,New Joseph,7.07
Kia,2010,Diesel,Automatic,19.68,2463,103.0,1,No,West Danielhaven,10.47
Kia,2018,Petrol,Manual,20.58,3197,269.0,1,Yes,Michellemouth,5.16
BMW,2005,CNG,Automatic,16.04,1345,309.0,2,,West Rita,11.55
Kia,2013,Diesel,Manual,7.85,1398,143.0,1,Yes,Lopezchester,8.63
Ford,2017,Electric,Automatic,13.37,2879,198.0,2,Yes,Taylorshire,9.53
Kia,2023,Petrol,Manual,21.95,2844,290.0,2,No,New Ryanbury,13.76
Honda,2021,CNG,Automatic,15.05,1058,71.0,1,No,Lisaside,9.43
Honda,2015,CNG,Manual,16.61,1275,149.0,4,No,Port Williamberg,8.29
Hyundai,2012,Diesel,Automatic,20.21,2705,84.0,4,No,New Nathan,7.67
Toyota,2009,Diesel,Manual,16.77,1719,85.0,1,No,Leetown,7.46
Mahindra,2014,CNG,Manual,23.59,2880,212.0,3,No,New Crystalport,9.25
Ford,2011,CNG,Automatic,16.51,1187,119.0,1,Yes,Kiddshire,13.45
Hyundai,2014,Electric,Manual,14.56,2661,119.0,3,Yes,Haleymouth,5.55
Ford,2008,CNG,Manual,22.73,1597,230.0,4,Yes,Hillbury,5.25
Toyota,2013,Diesel,Manual,18.19,3303,135.0,3,Yes,Michaelton,13.14
Kia,2018,Petrol,Manual,13.69,2417,267.0,1,Yes,Williamston,5.74
Kia,2006,Electric,Automatic,19.89,2725,,3,No,Curtisview,8.86
Mahindra,2013,Electric,Manual,16.82,2615,239.0,2,No,Timothybury,5.63
Toyota,2005,CNG,Manual,13.42,2427,141.0,2,Yes,New Christopherborough,1.28
Hyundai,2014,Petrol,Automatic,18.38,3071,69.0,1,Yes,Christinemouth,8.79
Mahindra,2014,Electric,Manual,17.37,1016,302.0,1,No,Clarkport,12.46
Toyota,2007,Diesel,Automatic,11.25,3003,237.0,1,No,East David,7.75
BMW,2010,CNG,Manual,13.76,1588,316.0,4,No,Jacobbury,2.07
Honda,2010,Diesel,Automatic,,2343,63.0,4,No,Kennedyside,8.44
Mahindra,2006,CNG,Manual,,2883,274.0,4,No,Williamburgh,4.98
Mahindra,2022,Electric,Automatic,23.39,3483,89.0,2,Yes,Angelaberg,-2.48
Hyundai,2006,CNG,Automatic,19.24,2856,124.0,3,Yes,Perryland,7.68
Ford,2016,Petrol,Automatic,22.95,1863,183.0,2,Yes,Timothyborough,10.07
BMW,2009,Diesel,Manual,20.22,3026,212.0,3,,Kramerfort,12.71
Hyundai,2011,Petrol,Automatic,14.21,2464,,3,Yes,Jasonside,15.03
Toyota,2020,Diesel,Manual,20.43,3348,85.0,1,Yes,Curtisbury,10.6
Toyota,2005,Diesel,Automatic,14.19,1172,218.0,1,Yes,Lauraborough,11.73
Toyota,2005,CNG,Automatic,21.72,1769,,4,No,Joshuabury,2.86
Toyota,2021,Electric,Automatic,,2489,128.0,1,No,Roweport,14.49
Ford,2005,Electric,Manual,18.08,2247,60.0,2,No,Brownshire,13.07
BMW,2017,Petrol,Manual,16.25,1314,138.0,2,No,North Kathryn,6.53
Kia,2013,CNG,Automatic,,1163,287.0,2,Yes,Port Robert,10.73
Honda,2019,Electric,Automatic,17.37,2713,105.0,1,Yes,Maxhaven,10.32
Ford,2007,Diesel,Automatic,10.36,2751,167.0,1,No,Kylefort,13.88
Ford,2018,Diesel,Automatic,11.14,2274,183.0,3,No,Lake Nataliefort,7.4
Kia,2015,CNG,Automatic,12.92,2339,207.0,3,No,Churchfurt,5.02
Kia,2016,Petrol,Automatic,21.14,1573,311.0,1,Yes,Aaronmouth,6.04
Honda,2017,CNG,Automatic,21.44,1128,61.0,2,No,Denisemouth,11.59
Honda,2017,Petrol,Automatic,19.3,1593,281.0,1,Yes,Carrollfurt,0.32
Kia,2005,CNG,Manual,19.26,1761,248.0,4,No,Brookeside,-3.99
Toyota,2014,Diesel,Automatic,23.78,3217,130.0,4,No,New Erikaburgh,11.58
Ford,2007,CNG,Manual,19.37,1396,156.0,2,No,Brandonfurt,9.1
Hyundai,2008,Electric,Automatic,20.55,2677,291.0,4,Yes,Donnafort,8.07
Honda,2020,Electric,Manual,17.96,2210,89.0,1,No,Lake Kevinchester,2.78
Honda,2012,CNG,Manual,16.16,1937,89.0,1,Yes,Port Ariel,1.16
Kia,2020,Petrol,Automatic,16.88,1370,274.0,3,Yes,Schneiderville,5.46
BMW,2021,Petrol,Manual,26.2,1861,232.0,4,No,New Becky,9.45
Hyundai,2023,Diesel,Manual,13.65,2368,270.0,4,Yes,Jacksonberg,5.66
Hyundai,2019,Diesel,Automatic,19.26,1176,184.0,4,No,Port Matthew,11.6
Honda,2020,Petrol,Automatic,11.94,2947,139.0,4,No,Amyland,4.18
Toyota,2019,CNG,Automatic,15.56,2636,243.0,2,No,South Justin,5.92
BMW,2006,Diesel,Manual,21.1,2763,,2,No,Ericton,10.81
Hyundai,2015,Petrol,Automatic,10.76,2965,70.0,1,Yes,West Matthew,6.49
Honda,2005,Petrol,Manual,21.62,3268,148.0,4,Yes,Barbarafurt,6.69
Hyundai,2019,CNG,Automatic,26.19,2066,62.0,3,No,West Sarahborough,5.43
Mahindra,2023,Electric,Automatic,19.46,1340,83.0,1,No,Lake Matthewmouth,4.68
BMW,2008,Petrol,Manual,23.05,2050,148.0,1,,North Williamside,9.42
BMW,2015,Diesel,Manual,18.99,2675,68.0,2,Yes,New Alvin,9.93
Mahindra,2009,CNG,Manual,20.84,2036,105.0,1,Yes,West Elizabeth,8.91
Ford,2007,CNG,Automatic,19.82,912,153.0,3,Yes,East Jessicafurt,5.54
Mahindra,2017,CNG,Automatic,15.96,1172,130.0,4,No,North Jenniferstad,7.19
Kia,2014,Electric,Automatic,15.6,3146,247.0,1,Yes,West Charles,14.38
Kia,2015,Electric,Manual,22.73,2496,,3,Yes,Lake Theresaborough,2.32
Honda,2022,Diesel,Manual,17.83,1842,69.0,2,,Adamston,15.54
BMW,2006,Diesel,Manual,17.43,1575,62.0,2,No,Randystad,8.4
Ford,2011,CNG,Manual,17.35,1470,78.0,4,Yes,Port Kathrynport,7.28
Ford,2013,Diesel,Automatic,19.23,810,189.0,1,,Kellyshire,11.81
Hyundai,2014,Petrol,Manual,13.26,807,280.0,3,Yes,Vegaburgh,-0.27
Hyundai,2022,Electric,Manual,17.27,2373,189.0,2,No,Terrellside,13.52
Mahindra,2011,CNG,Automatic,19.24,2196,172.0,3,Yes,West Drew,15.43
Ford,2011,CNG,Automatic,12.88,1260,197.0,2,No,Herreramouth,12.35
Mahindra,2007,Petrol,Manual,18.84,3102,102.0,2,Yes,Sarahbury,-0.41
Mahindra,2016,Petrol,Manual,14.41,3433,277.0,4,No,Lisaport,11.06
Hyundai,2011,Petrol,Manual,19.25,2151,117.0,3,Yes,Cindyhaven,14.58
BMW,2021,Petrol,Manual,26.63,1161,172.0,3,No,Alexandraland,14.17
Mahindra,2005,CNG,Manual,17.52,2197,247.0,3,No,Moniquechester,2.37
Toyota,2009,Electric,Manual,13.69,1587,181.0,2,No,Sheafurt,12.07
BMW,2020,Electric,Automatic,18.95,1008,144.0,4,No,North Emily,15.18
Ford,2019,Petrol,Automatic,19.9,1066,165.0,3,No,South Michael,8.12
Ford,2006,Diesel,Automatic,14.25,1455,158.0,1,Yes,Port Albertfort,2.19
Mahindra,2013,CNG,Automatic,,1796,68.0,3,No,Duranmouth,11.31
BMW,2011,Electric,Manual,14.26,1353,65.0,2,No,Freymouth,12.22
Hyundai,2008,Petrol,Manual,17.81,2329,167.0,4,Yes,Jamesbury,7.44
Hyundai,2022,Diesel,Manual,16.18,2387,211.0,3,Yes,Wendymouth,3.24
Kia,2008,Diesel,Manual,22.31,1220,296.0,3,No,Jenniferland,11.93
Ford,2017,Petrol,Automatic,20.07,3155,,3,No,Johnchester,4.92
Honda,2005,CNG,Manual,18.41,2984,178.0,1,No,Jacobbury,9.59
Kia,2007,Electric,Manual,,2242,270.0,2,Yes,Velezland,14.23
Hyundai,2020,Diesel,Manual,20.52,3042,159.0,1,No,Port Paula,1.36
BMW,2008,Electric,Manual,25.92,1918,62.0,1,Yes,Joshuamouth,11.63
Hyundai,2020,Electric,Automatic,21.45,2313,76.0,2,Yes,West Ian,7.17
BMW,2023,Diesel,Manual,15.37,2726,165.0,2,Yes,Johnsonview,7.28
Kia,2005,Petrol,Automatic,17.45,1848,289.0,3,No,Port Michelletown,10.06
Ford,2009,Diesel,Manual,19.84,2055,236.0,2,No,South Megan,4.91
Hyundai,2023,Diesel,Manual,23.55,3453,143.0,3,No,North Christinehaven,3.3
Mahindra,2015,CNG,Manual,15.18,1020,255.0,1,No,Wardland,0.86
BMW,2017,Electric,Automatic,,3144,308.0,3,Yes,South Nathan,12.93
Ford,2009,Petrol,Manual,17.83,2026,208.0,2,No,Lake Valerieborough,6.51
Honda,2008,Electric,Manual,17.48,2771,265.0,3,,Middletonstad,10.28
BMW,2008,Diesel,Manual,21.17,1142,140.0,1,No,Prestonbury,6.06
Kia,2008,Petrol,Automatic,19.05,1392,248.0,2,Yes,Danielchester,3.35
Honda,2008,Petrol,Automatic,12.41,2028,265.0,2,No,South Reneestad,10.61
Honda,2022,Petrol,Manual,15.37,2784,314.0,4,No,Lake Gregorystad,9.31
Toyota,2022,Petrol,Automatic,15.49,1691,67.0,3,Yes,North Erin,7.05
Hyundai,2020,CNG,Manual,,2924,173.0,3,No,Espinozaberg,9.21
BMW,2013,Petrol,Manual,21.72,2373,64.0,3,No,Leehaven,4.16
Honda,2022,Diesel,Automatic,18.53,1506,132.0,1,Yes,Michaelside,12.24
Toyota,2006,CNG,Manual,15.84,2799,180.0,1,Yes,East David,13.17
Kia,2008,Diesel,Manual,21.61,1865,293.0,2,Yes,Lake Taylormouth,11.04
Ford,2016,Diesel,Automatic,19.21,2005,125.0,2,,Fletchershire,6.51
Mahindra,2011,Electric,Automatic,12.86,1556,289.0,1,No,Port Anna,8.24
Mahindra,2019,Petrol,Automatic,20.44,2018,90.0,3,No,Ryanchester,14.28
BMW,2011,Petrol,Automatic,23.49,3437,110.0,3,Yes,Ambertown,13.12
Honda,2021,Diesel,Manual,,2655,206.0,1,No,Lauratown,15.98
Mahindra,2020,Petrol,Manual,17.73,2799,154.0,3,No,Sullivanfurt,4.88
Hyundai,2023,CNG,Manual,18.43,3235,97.0,1,Yes,Davismouth,4.52
Mahindra,2013,Electric,Manual,13.13,3484,257.0,3,Yes,Jeremyberg,8.54
Mahindra,2018,Petrol,Manual,18.57,2988,300.0,3,No,Courtneyland,9.63
Mahindra,2021,Petrol,Manual,14.43,2144,232.0,4,No,Collinview,7.43
Toyota,2009,CNG,Manual,17.97,1247,,2,Yes,North Samantha,6.44
Honda,2006,Electric,Manual,18.66,2616,100.0,3,Yes,Jessicafort,13.07
Hyundai,2020,CNG,Automatic,20.12,3140,,3,Yes,Brownshire,7.64
Honda,2018,Diesel,Manual,20.27,2577,113.0,1,No,West Ryanstad,3.14
BMW,2018,Diesel,Manual,14.29,3304,145.0,4,Yes,Christinaberg,3.6
BMW,2005,Petrol,Manual,18.75,1638,271.0,4,Yes,South Adam,8.99
BMW,2007,Electric,Manual,21.82,2429,80.0,1,No,Walkerton,20.01
Kia,2011,Diesel,Manual,13.39,1463,274.0,1,Yes,South Angelatown,4.1
Mahindra,2019,CNG,Automatic,24.98,1564,248.0,1,Yes,Port Gregborough,6.74
Kia,2023,Diesel,Automatic,14.11,975,220.0,3,Yes,Kimland,17.62
Toyota,2006,Diesel,Automatic,24.51,1309,260.0,1,No,Andrewland,6.06
BMW,2023,CNG,Manual,14.18,1989,88.0,2,No,West Leah,9.82
Hyundai,2013,Petrol,Manual,17.78,1401,303.0,1,Yes,Robertbury,15.5
Honda,2023,Electric,Manual,17.23,1637,242.0,3,No,Amandaberg,4.19
Mahindra,2009,Petrol,Manual,12.53,1801,91.0,2,Yes,Port Luke,6.76
Ford,2022,CNG,Automatic,20.79,2898,95.0,3,No,Robertmouth,6.06
Hyundai,2020,Diesel,Automatic,,3113,152.0,2,No,South Michaelport,1.93
Mahindra,2008,Electric,Manual,20.48,1910,218.0,2,,Johnsonfort,14.28
Kia,2016,Petrol,Manual,17.01,3453,239.0,2,Yes,South Diana,5.66
Kia,2011,CNG,Automatic,15.19,2844,,3,No,Isaiahside,4.5
Hyundai,2018,Diesel,Automatic,22.4,1384,286.0,2,No,Briantown,6.22
Kia,2016,Diesel,Automatic,18.85,3186,271.0,4,No,East Jennifer,11.72
BMW,2007,Petrol,Automatic,14.97,1895,222.0,4,No,Lake Juan,8.45
Toyota,2009,CNG,Automatic,18.86,1173,217.0,3,Yes,New Morganfort,4.83
Honda,2021,Diesel,Automatic,,1379,169.0,4,No,New Meganburgh,9.64
Toyota,2014,Diesel,Automatic,18.43,1316,114.0,2,Yes,Allenfort,11.25
Mahindra,2014,Electric,Manual,20.62,2061,273.0,1,Yes,Rickyfurt,7.9
Honda,2015,Diesel,Manual,17.28,920,,1,No,Manuelville,7.06
Honda,2021,Petrol,Automatic,20.84,2236,212.0,2,No,Port Rebecca,12.06
Toyota,2009,CNG,Manual,21.25,2546,79.0,4,No,Lynnmouth,7.28
Hyundai,2017,CNG,Automatic,19.1,3417,111.0,2,Yes,Karaton,14.43
Honda,2014,Electric,Manual,25.07,842,143.0,1,Yes,North William,4.97
Toyota,2013,CNG,Automatic,23.42,2327,283.0,1,No,Bruceton,4.88
Honda,2021,Petrol,Manual,20.51,2842,188.0,3,No,Freemanbury,4.38
Ford,2005,Diesel,Automatic,19.42,2919,75.0,1,No,Shawland,7.04
Hyundai,2008,Electric,Manual,16.97,2938,,3,Yes,Turnerside,8.01
BMW,2008,CNG,Manual,15.41,1290,151.0,4,Yes,Andrewshire,2.7
Honda,2022,Electric,Automatic,21.19,2649,111.0,2,No,Heatherburgh,8.39
Ford,2013,Electric,Automatic,17.2,1548,180.0,3,Yes,New Rachelmouth,10.26
BMW,2022,CNG,Automatic,13.94,1182,109.0,2,Yes,East Ryan,2.14
BMW,2018,Electric,Manual,14.79,1604,179.0,3,Yes,Bradleyburgh,5.92
Mahindra,2019,CNG,Manual,15.32,2289,154.0,4,Yes,Padillaland,10.27
Honda,2010,Petrol,Manual,25.01,1977,208.0,4,No,North Andrea,3.64
Toyota,2014,CNG,Manual,21.39,3017,316.0,3,No,Allenton,6.74
Honda,2019,Diesel,Automatic,18.14,2095,243.0,3,No,Port Donald,12.35
Ford,2008,CNG,Automatic,19.66,1717,319.0,4,Yes,Derekview,15.18
BMW,2022,Diesel,Manual,20.12,950,209.0,2,No,New Mistyhaven,9.76
Honda,2022,Electric,Automatic,14.53,1230,264.0,4,No,Lake Scottbury,7.32
Toyota,2021,CNG,Automatic,13.33,3298,231.0,2,Yes,East Loriberg,5.99
Mahindra,2016,Diesel,Automatic,22.21,3490,,3,,Josephchester,11.64
Honda,2011,CNG,Automatic,12.6,2870,227.0,2,Yes,Robertchester,12.53
Hyundai,2020,CNG,Manual,17.93,3214,303.0,3,No,Port Catherine,3.37
Mahindra,2015,CNG,Automatic,15.11,1450,277.0,2,No,Taylorfort,11.64
Toyota,2018,Petrol,Automatic,18.88,1619,115.0,3,Yes,Port Rodneymouth,5.57
Ford,2007,Diesel,Automatic,16.99,3086,122.0,1,No,New Elijah,4.56
BMW,2023,Petrol,Manual,20.14,3281,162.0,1,No,East Nicholas,7.39
Honda,2022,Petrol,Automatic,8.76,1741,226.0,4,Yes,Lake Tracy,11.97
Toyota,2014,Diesel,Manual,22.48,1340,66.0,4,,Hoberg,9.24
Mahindra,2010,CNG,Manual,20.94,3480,201.0,3,No,Lake Adam,9.13
Hyundai,2017,Petrol,Automatic,22.05,3045,184.0,2,No,Mirandashire,9.41
Toyota,2014,Petrol,Automatic,21.59,2509,149.0,3,Yes,Marilynfurt,9.87
Kia,2022,Petrol,Manual,19.26,3329,275.0,1,,Tinamouth,7.54
Hyundai,2020,CNG,Manual,15.43,2002,182.0,1,Yes,Port Stevenmouth,10.53
Mahindra,2010,Petrol,Manual,19.75,1668,245.0,3,Yes,North Jason,5.36
Ford,2017,Electric,Manual,19.16,3370,212.0,1,No,West Joshua,10.6
BMW,2008,Diesel,Automatic,21.51,1450,308.0,4,No,New Wesley,11.43
Mahindra,2018,Electric,Manual,20.49,1236,173.0,3,No,Heidimouth,10.8
Ford,2005,CNG,Automatic,18.38,2588,155.0,4,No,Port Davidchester,11.0
Honda,2009,Petrol,Automatic,19.73,1113,257.0,4,No,Amberside,9.86
Toyota,2012,Diesel,Manual,20.09,818,62.0,4,Yes,New Jackie,12.69
Kia,2016,Petrol,Automatic,22.35,1983,208.0,1,Yes,Morrishaven,-1.09
Hyundai,2006,CNG,Manual,24.94,1617,170.0,2,,South Annette,11.41
Hyundai,2016,Diesel,Manual,,921,79.0,2,Yes,West Anthony,15.9
Toyota,2009,Electric,Manual,20.11,2919,262.0,2,No,Christopherview,5.51
Kia,2009,Diesel,Automatic,17.11,1878,241.0,4,No,Jennifermouth,5.07
Toyota,2017,Petrol,Automatic,16.63,3307,286.0,3,Yes,Lake Jesse,13.15
Honda,2013,Diesel,Manual,15.1,968,135.0,4,No,West Tonyaburgh,4.29
Ford,2014,CNG,Automatic,5.2,3429,282.0,4,Yes,Lake Thomas,5.33
Mahindra,2005,CNG,Automatic,14.64,1972,95.0,3,No,Lake Mollyfurt,8.68
Hyundai,2007,Diesel,Automatic,17.31,1428,149.0,2,No,Leemouth,4.8
Honda,2022,CNG,Automatic,16.77,825,88.0,2,No,Lake Michaelview,11.5
Ford,2016,CNG,Automatic,19.83,2071,235.0,2,No,Carterburgh,4.84
Honda,2007,CNG,Manual,14.78,2746,279.0,4,No,North Eugenemouth,9.44
Kia,2013,Electric,Automatic,,2529,195.0,4,No,Kylemouth,9.14
Hyundai,2006,Petrol,Automatic,9.55,2656,234.0,1,No,Kristopherbury,14.66
Mahindra,2007,CNG,Manual,19.89,1833,185.0,2,Yes,Sullivanland,12.66
Toyota,2018,Diesel,Automatic,14.45,1918,230.0,4,Yes,Callahanmouth,5.88
Toyota,2008,CNG,Automatic,15.14,2968,,1,No,Callahanport,2.94
Ford,2023,Electric,Automatic,20.26,925,,4,Yes,Lake Natasha,11.35
Mahindra,2017,Diesel,Manual,14.47,3396,159.0,4,Yes,East Kristytown,5.39
BMW,2011,Petrol,Automatic,19.52,1892,89.0,2,Yes,Garciaton,6.66
Kia,2016,Diesel,Automatic,13.17,3144,192.0,3,Yes,Port Jeffreyville,3.76
Ford,2007,Diesel,Manual,17.92,1485,198.0,4,Yes,Davidfort,10.72
BMW,2013,Diesel,Manual,15.56,1772,250.0,4,No,Ericstad,5.41
Honda,2006,Diesel,Automatic,16.93,1434,246.0,4,No,East Walter,7.86
Kia,2013,CNG,Manual,24.05,3229,199.0,2,No,East Sarah,7.92
Honda,2016,Petrol,Manual,11.44,2807,296.0,4,Yes,Allisonport,8.73
Mahindra,2016,CNG,Manual,23.69,1850,259.0,1,,Coreyview,10.65
Hyundai,2019,Electric,Automatic,14.32,1504,139.0,2,No,New Gregory,7.03
Kia,2006,Electric,Automatic,21.48,3344,318.0,1,Yes,Lake Melanie,5.03
BMW,2022,Diesel,Manual,22.27,1506,160.0,2,No,West Amyport,0.56
Hyundai,2017,CNG,Manual,19.72,2431,91.0,4,No,Port Nicole,8.41
Toyota,2018,CNG,Manual,13.13,2827,,4,Yes,Heatherhaven,7.37
BMW,2009,Petrol,Manual,19.09,2968,114.0,1,Yes,Morrisville,5.16
Ford,2014,Petrol,Automatic,28.24,2808,77.0,1,Yes,Clarkhaven,8.25
Toyota,2016,Petrol,Manual,18.04,1425,180.0,2,No,Richardschester,11.42
Toyota,2014,CNG,Automatic,17.6,1325,169.0,2,No,Mooreport,12.45
Ford,2015,Petrol,Manual,17.21,2397,120.0,3,No,Lake Jennahaven,1.86
Kia,2006,Petrol,Automatic,20.06,1866,186.0,3,No,East Robert,6.56
Toyota,2009,Petrol,Automatic,17.65,2746,196.0,3,Yes,Port Timothytown,11.84
Mahindra,2011,Diesel,Manual,19.14,895,137.0,4,No,Port Crystal,14.38
BMW,2010,Electric,Automatic,16.83,2874,,1,Yes,Prestonbury,4.73
Hyundai,2007,Electric,Automatic,13.86,1635,243.0,1,No,Foxland,13.51
Toyota,2017,CNG,Automatic,27.29,2718,148.0,3,No,Mathisport,2.6
BMW,2007,CNG,Manual,17.61,2065,288.0,3,No,New Brenda,12.59
Honda,2010,Diesel,Automatic,30.79,3334,123.0,2,No,West Jorgeside,6.87
BMW,2015,Electric,Automatic,19.7,2794,114.0,3,No,Conniebury,14.25
Hyundai,2021,Petrol,Manual,20.4,1039,247.0,1,No,Perkinsland,6.14
BMW,2014,Petrol,Manual,16.76,2127,250.0,2,Yes,Port Davidshire,6.76
Ford,2016,CNG,Automatic,15.63,2914,154.0,3,No,New Robert,7.47
Hyundai,2021,Electric,Automatic,16.85,1942,149.0,4,Yes,Lake Richard,1.85
Kia,2008,CNG,Manual,14.67,2215,306.0,3,Yes,Lake Melissaborough,0.95
Honda,2006,CNG,Manual,14.3,3078,134.0,4,No,Loriport,10.04
Ford,2015,Petrol,Automatic,25.14,3198,121.0,3,No,Karenstad,11.95
Kia,2011,Petrol,Automatic,21.2,1560,281.0,2,No,East Jenniferborough,10.43
BMW,2006,Electric,Manual,,2352,180.0,4,Yes,Zacharyfort,2.98
Hyundai,2022,CNG,Manual,22.5,1662,87.0,4,Yes,Lopezburgh,9.92
Honda,2008,Diesel,Automatic,15.59,1955,82.0,2,Yes,New Sherry,4.04
Ford,2012,Electric,Automatic,11.84,1156,158.0,4,Yes,Kimberlymouth,9.63
Kia,2018,CNG,Manual,16.16,2471,169.0,2,,East Hannahside,12.53
Kia,2016,Electric,Automatic,18.37,2128,,3,Yes,Tracyview,9.47
Honda,2022,Electric,Automatic,22.58,1829,165.0,2,Yes,Mcguireborough,13.87
Mahindra,2015,Electric,Automatic,17.78,3176,,2,Yes,Chanmouth,7.4
BMW,2012,Diesel,Automatic,29.87,2791,316.0,2,Yes,Diazmouth,7.13
Honda,2006,Diesel,Manual,16.27,3185,203.0,2,No,Williamston,8.27
Kia,2019,Petrol,Manual,,1681,84.0,1,No,Garnerport,2.63
Toyota,2013,Petrol,Automatic,15.61,1338,121.0,4,No,Conleyfort,6.39
Ford,2023,CNG,Automatic,19.63,1536,289.0,3,No,Lake Laura,6.74
Honda,2012,Electric,Automatic,17.5,2657,141.0,2,No,Jacquelinefurt,6.86
Mahindra,2023,CNG,Automatic,17.01,2330,270.0,1,Yes,New Misty,9.07
Kia,2009,Petrol,Manual,15.52,2569,256.0,1,Yes,Bradleyton,2.08
BMW,2015,Diesel,Automatic,18.59,1242,257.0,3,Yes,Schmidtberg,3.42
Kia,2019,Petrol,Automatic,21.34,1723,221.0,4,Yes,New Davidport,12.53
BMW,2012,CNG,Manual,14.1,2898,267.0,3,Yes,West Jeffreyton,-0.03
Honda,2023,Petrol,Manual,17.81,2996,103.0,2,No,South Josephmouth,10.47
BMW,2012,CNG,Automatic,19.97,2750,280.0,4,Yes,Christophertown,6.51
Hyundai,2023,CNG,Manual,20.73,2410,205.0,4,No,Lake Gregory,8.64
Hyundai,2022,CNG,Manual,25.45,2641,128.0,3,No,Hansonhaven,14.23
Hyundai,2014,CNG,Automatic,20.31,1167,199.0,3,No,North Thomaston,7.48
Mahindra,2011,Petrol,Automatic,16.4,1379,69.0,4,Yes,Gilbertfort,10.5
Mahindra,2013,CNG,Manual,15.73,2570,170.0,3,Yes,Port Carriehaven,8.23
Toyota,2005,CNG,Automatic,15.68,1455,96.0,4,Yes,Port Brettville,7.56
Mahindra,2023,Electric,Manual,15.46,2923,140.0,3,No,Yoderstad,7.07
Honda,2009,CNG,Manual,18.86,1026,155.0,4,No,Lake Bethanyport,10.8
Kia,2023,Petrol,Manual,19.68,1758,114.0,2,Yes,East Michael,5.07
Kia,2005,CNG,Automatic,21.3,1391,191.0,1,No,Eatonland,3.47
Toyota,2019,Diesel,Automatic,20.66,823,282.0,3,No,Brianside,8.3
Mahindra,2020,Diesel,Manual,22.98,2562,122.0,4,No,Bonnieberg,8.77
BMW,2011,CNG,Manual,15.32,2875,71.0,1,Yes,Micheleton,0.7
Toyota,2016,Diesel,Automatic,24.55,2968,205.0,1,No,Jessicaburgh,7.96
BMW,2012,Diesel,Manual,15.48,2313,91.0,1,Yes,Jessicahaven,3.09
BMW,2009,Petrol,Manual,19.39,1652,108.0,3,Yes,Port Larrybury,10.51
Ford,2014,Electric,Automatic,17.22,3471,246.0,3,No,Port Angela,0.79
Kia,2009,Diesel,Automatic,17.9,2168,158.0,2,No,Bowmanbury,15.7
Hyundai,2021,Diesel,Automatic,20.69,2822,226.0,3,No,Rodriguezville,6.65
Mahindra,2009,Electric,Automatic,12.25,2878,272.0,3,Yes,Frazierstad,4.54
BMW,2019,Electric,Manual,14.68,2478,,3,Yes,Melissaside,6.87
Ford,2017,Diesel,Automatic,21.0,849,305.0,1,,Lake Allison,10.23
Kia,2005,CNG,Automatic,17.99,2715,213.0,2,No,New Laura,11.56
Hyundai,2015,Diesel,Manual,16.97,3236,155.0,1,Yes,Alvareztown,6.9
BMW,2005,CNG,Manual,13.52,2604,122.0,2,No,Robersonfort,2.25
BMW,2015,CNG,Manual,17.0,2530,253.0,3,Yes,Whiteberg,3.15
Toyota,2022,CNG,Automatic,20.72,2589,149.0,4,No,Jessicaside,9.15
Toyota,2022,Electric,Manual,15.75,1814,144.0,3,No,Nicholeton,11.95
Kia,2020,Diesel,Automatic,23.46,3322,95.0,1,No,Ashleychester,12.47
Hyundai,2017,Diesel,Manual,22.31,3450,77.0,1,Yes,Lake Patrickville,8.67
BMW,2011,Petrol,Automatic,16.6,1829,136.0,1,No,West Philipport,11.87
Kia,2005,Electric,Manual,15.62,1211,108.0,2,No,Donaldburgh,15.65
Kia,2020,Petrol,Automatic,6.94,2781,295.0,1,Yes,Danaton,12.76
Honda,2005,Petrol,Automatic,13.69,1461,103.0,4,Yes,East Christopher,11.69
Mahindra,2021,CNG,Manual,13.45,2147,168.0,4,Yes,New Jefferyfurt,4.77
Toyota,2010,Electric,Manual,12.28,2105,188.0,3,Yes,East Markside,11.85
Hyundai,2006,Petrol,Automatic,17.86,990,66.0,2,,Brockborough,9.84
BMW,2021,Diesel,Manual,19.25,1384,171.0,2,Yes,Austinfurt,10.6
Kia,2010,Petrol,Automatic,25.26,1758,272.0,3,Yes,Elizabethmouth,13.04
BMW,2018,Electric,Automatic,18.27,2653,125.0,1,Yes,Lake Ann,9.43
Honda,2022,Diesel,Automatic,9.87,1299,90.0,1,No,Leemouth,7.59
Hyundai,2010,Diesel,Manual,15.01,1379,73.0,3,No,Barnettberg,3.72
Kia,2014,Diesel,Automatic,20.44,1615,117.0,3,No,East Rachelview,6.81
BMW,2022,CNG,Automatic,17.67,2276,301.0,3,No,West Thomasshire,8.85
Toyota,2013,Diesel,Automatic,21.43,2316,307.0,3,Yes,West Heatherport,9.11
Mahindra,2012,CNG,Automatic,15.95,2469,157.0,2,,Port Eric,8.98
Honda,2014,CNG,Manual,22.61,2837,221.0,2,Yes,Port Jacqueline,11.84
Hyundai,2021,Petrol,Manual,18.98,2130,306.0,1,Yes,Shawnstad,11.46
Honda,2010,Petrol,Automatic,,1579,63.0,2,Yes,Lake Phillip,7.75
Toyota,2018,Diesel,Manual,18.6,1949,104.0,2,No,Port Katherinefort,4.61
Hyundai,2010,Electric,Manual,14.94,3112,270.0,2,No,Jacobville,9.53
Honda,2011,Diesel,Automatic,17.77,806,303.0,3,Yes,Julianchester,16.99
Ford,2016,Petrol,Manual,19.18,2236,262.0,2,No,Reedland,9.28
Toyota,2007,Diesel,Manual,12.4,1494,262.0,1,Yes,Lake Joseph,6.82
Toyota,2018,Petrol,Manual,18.32,1791,86.0,2,Yes,Whitemouth,10.14
Toyota,2023,Diesel,Manual,22.86,2266,177.0,3,No,Port Logan,10.38
Ford,2020,Electric,Manual,19.74,2775,285.0,2,No,South Cherylton,10.34
Ford,2011,Diesel,Manual,23.47,1547,264.0,4,Yes,Lake Brandifurt,13.49
BMW,2012,Electric,Automatic,19.63,945,306.0,1,No,New Rebeccaburgh,9.54
Kia,2022,Electric,Manual,14.41,3088,108.0,2,,Pearsontown,13.3
Mahindra,2017,Diesel,Automatic,21.16,1656,312.0,1,Yes,Murphyhaven,8.92
Honda,2013,Electric,Automatic,13.44,1086,137.0,3,No,South Maryfort,14.05
BMW,2014,Electric,Automatic,17.17,1751,316.0,1,Yes,New Melissatown,12.83
Honda,2013,Petrol,Manual,16.9,825,179.0,4,Yes,East Jeremiah,11.69
Mahindra,2019,Petrol,Manual,15.29,1251,94.0,4,No,West Kaitlinmouth,11.16
Kia,2006,Electric,Automatic,27.52,2953,202.0,1,Yes,Mcintoshchester,17.21
Ford,2017,CNG,Automatic,17.71,1039,256.0,3,Yes,Fernandezport,12.31
Kia,2006,Diesel,Automatic,25.24,1131,319.0,1,No,Robertsfort,4.6
Ford,2023,Electric,Manual,19.37,2714,143.0,2,No,Alisonville,8.98
Mahindra,2006,Diesel,Manual,14.72,1865,251.0,2,No,Armstrongville,6.94
Kia,2007,Petrol,Manual,,1444,81.0,1,Yes,Courtneymouth,16.26
BMW,2010,Diesel,Automatic,17.85,2652,83.0,2,Yes,West Gabrielleshire,13.01
Hyundai,2007,Electric,Manual,16.63,834,134.0,2,No,West Jacobton,16.13
BMW,2014,Electric,Manual,16.9,3231,,3,No,North Taramouth,4.96
Honda,2010,Electric,Automatic,20.29,1610,226.0,1,Yes,South Amanda,12.41
BMW,2020,Electric,Manual,19.46,2111,169.0,2,No,East Brianland,2.54
Mahindra,2021,CNG,Automatic,20.76,2694,149.0,1,Yes,South Lesliemouth,1.63
Toyota,2023,CNG,Manual,24.11,1856,,1,Yes,North Joseph,6.41
Honda,2007,CNG,Automatic,16.11,2942,110.0,2,No,East Eileen,14.05
Kia,2022,Electric,Manual,22.46,1004,119.0,3,Yes,Derrickside,4.03
Honda,2011,CNG,Automatic,23.57,2877,131.0,3,No,Marthamouth,7.93
Hyundai,2013,Diesel,Manual,23.18,3113,187.0,4,Yes,Adamsville,12.76
Ford,2016,Electric,Automatic,10.96,2870,121.0,1,Yes,New Williamborough,11.39
Kia,2009,Petrol,Automatic,25.19,3456,238.0,4,Yes,South Jennifer,16.86
Honda,2007,Electric,Manual,15.45,838,87.0,3,No,Weaverport,8.01
Kia,2015,Diesel,Manual,10.64,972,299.0,2,Yes,East Scott,6.23
Kia,2008,CNG,Automatic,25.09,1559,,2,Yes,Davidshire,3.62
Kia,2009,Electric,Manual,20.05,2714,212.0,3,No,Port Josephport,6.53
Ford,2005,CNG,Automatic,20.22,1213,66.0,3,No,East Christopherburgh,3.59
Mahindra,2022,Electric,Automatic,16.67,1491,124.0,1,Yes,Makaylaville,0.81
BMW,2016,Diesel,Manual,18.73,3462,182.0,4,No,West Caseyborough,15.85
Kia,2017,Electric,Manual,17.44,3056,95.0,4,Yes,Jasmineland,8.2
Toyota,2013,CNG,Manual,15.5,821,297.0,3,Yes,South Kyle,18.37
Mahindra,2006,CNG,Automatic,18.09,2852,132.0,1,Yes,Johnview,4.64
Hyundai,2009,Diesel,Automatic,18.45,3498,89.0,2,Yes,South Jonathanmouth,6.28
Ford,2017,Electric,Manual,12.71,1013,286.0,3,Yes,North Petermouth,4.9
Honda,2020,Petrol,Automatic,18.22,2495,64.0,4,Yes,Armstrongtown,5.44
Ford,2020,Electric,Automatic,10.85,1719,124.0,1,No,Fergusonstad,11.49
Honda,2007,Diesel,Manual,25.68,1706,294.0,1,Yes,New Robertchester,10.27
Ford,2008,Petrol,Automatic,17.59,1599,174.0,1,Yes,South Kevin,11.5
Honda,2015,Diesel,Automatic,13.71,3164,305.0,4,No,Port Jenniferfurt,13.37
Kia,2018,Electric,Automatic,20.05,1592,76.0,1,Yes,New Monicaton,12.43
BMW,2007,Petrol,Manual,15.01,1375,96.0,2,Yes,Amyfurt,3.97
Honda,2020,Diesel,Manual,17.88,2527,278.0,4,Yes,New Matthewchester,5.9
Honda,2019,CNG,Automatic,19.82,2247,196.0,3,Yes,Lake Javier,8.49
Toyota,2014,Petrol,Manual,13.93,890,305.0,1,No,Lake Kelly,22.91
Honda,2013,Petrol,Automatic,25.8,1865,97.0,4,Yes,Lake Briana,11.09
Toyota,2015,Diesel,Manual,26.18,1560,310.0,3,,West Krista,8.43
Hyundai,2020,CNG,Automatic,15.9,1569,112.0,3,No,Villarrealmouth,10.69
Kia,2014,Petrol,Automatic,13.51,2160,262.0,2,No,South Michael,5.59
Toyota,2021,Diesel,Automatic,15.88,2848,108.0,3,Yes,Port Daniel,9.05
BMW,2023,Petrol,Automatic,16.09,2956,181.0,2,Yes,East Leonard,11.82
Mahindra,2006,Petrol,Manual,22.44,2802,75.0,4,No,North Randy,7.88
Kia,2006,Petrol,Automatic,15.95,1887,295.0,2,No,North Lucas,4.97
Toyota,2010,CNG,Automatic,13.35,1005,180.0,4,Yes,Munozton,7.69
Kia,2023,Electric,Manual,18.41,3437,198.0,4,Yes,West Susanmouth,6.72
Kia,2012,Electric,Manual,12.04,1422,146.0,1,Yes,South Amber,2.57
Kia,2007,CNG,Automatic,22.27,2477,189.0,2,Yes,South James,5.71
Hyundai,2018,CNG,Automatic,20.4,2351,311.0,4,Yes,Nicolefort,2.43
BMW,2020,Diesel,Manual,15.6,2671,106.0,1,No,West James,3.05
Ford,2005,Petrol,Automatic,16.04,878,138.0,2,No,Melanieton,3.44
Ford,2007,CNG,Automatic,18.99,3262,278.0,2,No,Johnland,11.81
Toyota,2022,Diesel,Automatic,13.59,2276,170.0,3,Yes,Reedchester,13.96
Kia,2013,Electric,Automatic,14.85,1972,286.0,1,No,Lake Aliciaside,1.86
Toyota,2010,Electric,Automatic,17.1,1438,315.0,3,Yes,Ramseyport,14.32
Hyundai,2005,Electric,Automatic,12.72,2493,98.0,4,No,Port Melissa,3.49
Hyundai,2014,Electric,Automatic,16.18,1861,194.0,2,Yes,North Walterside,10.99
Honda,2010,Diesel,Automatic,13.71,3180,157.0,4,No,Barkerview,9.03
Hyundai,2016,Petrol,Automatic,23.7,3135,93.0,1,,Nunezshire,10.54
Honda,2008,Diesel,Manual,16.39,2525,127.0,2,Yes,Robertton,3.34
BMW,2017,Petrol,Manual,14.21,2441,,4,Yes,North Russellhaven,0.75
Toyota,2021,Electric,Manual,20.7,1914,258.0,2,No,East Justin,4.79
Mahindra,2012,CNG,Automatic,15.49,2689,107.0,3,No,Johnmouth,9.71
BMW,2007,CNG,Automatic,13.59,960,318.0,1,Yes,Gordonfurt,15.83
Hyundai,2016,CNG,Automatic,21.55,2225,272.0,1,Yes,North Patricia,3.88
BMW,2011,Petrol,Manual,16.71,2533,221.0,1,Yes,Jessicamouth,7.6
BMW,2016,Electric,Manual,21.36,1119,172.0,2,No,South Nicoleview,5.0
BMW,2006,Diesel,Automatic,17.94,3211,196.0,4,No,North Melissamouth,7.93
Hyundai,2018,CNG,Manual,18.52,3322,71.0,4,Yes,West Hannah,0.28
Mahindra,2009,Petrol,Manual,20.25,1565,297.0,1,No,Lake Sabrina,13.99
Kia,2013,CNG,Automatic,15.46,1401,235.0,2,Yes,Gonzalezstad,8.1
BMW,2015,Diesel,Automatic,14.76,3159,284.0,2,No,Perezchester,11.67
Honda,2009,Electric,Manual,,2355,134.0,2,Yes,South James,7.07
Hyundai,2007,Diesel,Automatic,20.32,1388,194.0,4,Yes,North Marymouth,8.76
BMW,2021,Electric,Manual,17.73,2043,141.0,1,No,Mcculloughfort,12.52
Mahindra,2006,Electric,Manual,21.18,2497,142.0,4,Yes,Port Jonathonborough,8.53
Kia,2005,Electric,Manual,20.16,2320,201.0,3,Yes,Adamfurt,8.67
Hyundai,2011,CNG,Automatic,21.77,3190,268.0,2,No,East Christopherburgh,4.82
Ford,2018,Diesel,Manual,13.43,1705,274.0,3,No,Marktown,5.86
Kia,2009,CNG,Manual,17.74,2450,314.0,1,No,Port Lindastad,3.95
Honda,2023,Diesel,Automatic,,1917,247.0,1,No,Hollandchester,5.05
BMW,2015,Petrol,Automatic,,2324,306.0,4,,Cathyport,13.0
Mahindra,2006,Petrol,Manual,15.86,971,314.0,1,Yes,Pottshaven,15.23
Ford,2012,Diesel,Automatic,18.64,1425,221.0,1,Yes,Michaelhaven,3.01
Mahindra,2013,Diesel,Automatic,18.08,2845,226.0,4,Yes,Port Ryantown,9.58
Ford,2007,Diesel,Manual,13.02,1481,137.0,4,Yes,New Tracymouth,6.73
Hyundai,2006,Diesel,Automatic,16.85,2144,234.0,4,No,Scottbury,13.59
Ford,2011,Electric,Manual,11.69,2783,79.0,4,No,Port Heather,8.54
Honda,2009,CNG,Automatic,17.33,1110,155.0,1,Yes,South Jackiefort,7.97
Honda,2009,Electric,Automatic,13.85,2735,239.0,3,No,Jenkinsberg,5.02
Toyota,2017,CNG,Manual,18.68,3277,154.0,4,No,Davisville,1.87
Honda,2010,CNG,Manual,16.76,2785,130.0,1,No,Davidhaven,11.04
Kia,2022,CNG,Automatic,16.7,2323,249.0,1,No,West Jamesfurt,9.41
Ford,2006,Electric,Automatic,24.21,1084,191.0,1,No,Whiteheadhaven,9.51
Honda,2010,Diesel,Automatic,18.28,2083,198.0,1,Yes,West Bryan,5.6
Hyundai,2013,Electric,Manual,25.51,3342,161.0,1,No,Hodgefort,7.42
Mahindra,2007,Electric,Automatic,19.79,1154,88.0,4,Yes,South Christina,11.16
Mahindra,2005,CNG,Manual,21.26,3061,77.0,4,Yes,Stephenton,11.93
Toyota,2005,Petrol,Automatic,14.52,999,303.0,2,Yes,Hollyfurt,3.29
Mahindra,2023,Petrol,Automatic,15.23,2983,234.0,2,Yes,Ramseychester,5.47
Ford,2009,Electric,Automatic,18.07,2713,148.0,4,Yes,Paulfurt,2.44
Toyota,2017,CNG,Automatic,22.85,1747,79.0,4,No,Jacksonstad,8.81
Ford,2023,Electric,Automatic,16.55,3475,77.0,4,Yes,Haleychester,11.54
Hyundai,2016,Electric,Manual,12.27,1716,97.0,3,Yes,Changton,6.89
Toyota,2020,Diesel,Manual,19.59,2164,148.0,4,Yes,New Hailey,5.35
BMW,2023,CNG,Manual,18.26,2652,209.0,1,No,Port Luistown,6.66
Kia,2007,Petrol,Automatic,15.8,1141,263.0,3,No,Lindsayville,17.23
Kia,2016,Petrol,Manual,16.51,1187,292.0,3,No,Seanfurt,12.77
Ford,2009,Petrol,Manual,14.52,803,163.0,1,No,North Becky,10.92
Mahindra,2006,Electric,Automatic,21.7,1476,170.0,1,Yes,Johnside,9.28
BMW,2011,CNG,Automatic,18.09,2462,284.0,2,Yes,Christopherfort,7.95
Toyota,2017,Diesel,Manual,18.96,3246,280.0,1,Yes,East Davidton,4.37
BMW,2019,Petrol,Manual,15.61,3258,85.0,4,Yes,Lake David,3.75
BMW,2007,CNG,Manual,23.34,1012,123.0,4,Yes,Jeffreyfurt,5.73
Mahindra,2009,Petrol,Manual,18.88,1359,313.0,2,No,New Adrianside,4.18
Toyota,2012,Diesel,Manual,9.44,1357,308.0,3,Yes,Jamesborough,5.57
Hyundai,2005,CNG,Manual,19.84,3405,283.0,3,No,North Richardstad,7.59
Mahindra,2012,Electric,Manual,,3349,190.0,2,Yes,Davidland,7.9
BMW,2022,Electric,Automatic,17.34,3491,89.0,4,No,North Brandonchester,5.52
BMW,2020,Petrol,Manual,21.97,2794,69.0,2,No,Port Annette,9.98
Hyundai,2022,Petrol,Automatic,,3378,148.0,4,No,Rodriguezland,7.24
BMW,2016,CNG,Automatic,24.85,1752,,4,Yes,Montoyafort,8.86
BMW,2017,Diesel,Automatic,18.42,1274,186.0,1,No,South Danielleborough,5.02
BMW,2017,Petrol,Manual,16.13,2567,245.0,2,Yes,Hunterton,10.77
Kia,2014,CNG,Manual,10.75,841,183.0,2,Yes,South Mason,5.86
Mahindra,2011,Diesel,Automatic,15.13,3451,166.0,4,No,Walterfort,14.43
Honda,2018,Petrol,Manual,16.71,2895,65.0,4,No,Sheilaberg,7.1
Mahindra,2020,Petrol,Manual,23.87,2786,110.0,1,No,Harrisberg,7.62
Hyundai,2019,CNG,Automatic,16.16,1527,195.0,4,No,Garciabury,10.37
BMW,2016,Petrol,Manual,24.57,3068,61.0,4,Yes,South John,11.25
Mahindra,2013,Electric,Automatic,13.41,2444,77.0,3,Yes,Armstrongmouth,11.68
Kia,2012,Diesel,Automatic,14.91,1739,308.0,2,Yes,North Garyville,15.1
Hyundai,2022,Diesel,Automatic,22.51,1142,244.0,1,No,Amandatown,10.65
Ford,2022,Electric,Automatic,15.62,3002,281.0,1,No,Powellside,7.73
Mahindra,2017,CNG,Manual,,1640,287.0,4,No,Stephenshire,5.88
Ford,2022,Electric,Automatic,14.69,2827,,2,No,North Mark,7.46
BMW,2019,Electric,Manual,15.1,3234,269.0,3,Yes,Nelsonhaven,13.94
Kia,2008,Diesel,Manual,20.57,1693,131.0,1,Yes,East Jacqueline,2.45
Kia,2021,CNG,Manual,14.75,2732,,4,Yes,Hannahview,4.72
Mahindra,2009,Petrol,Manual,16.9,2138,64.0,2,No,West Samuel,7.12
Hyundai,2020,Electric,Automatic,19.58,837,66.0,3,No,New Erin,4.67
Hyundai,2013,Electric,Automatic,16.99,2164,80.0,2,No,Port Alisonberg,6.36
Kia,2014,CNG,Automatic,15.75,1650,96.0,1,No,Walkerport,15.22
Hyundai,2022,Electric,Automatic,13.17,1030,232.0,4,No,Darrenmouth,6.81
Kia,2021,CNG,Automatic,23.8,3299,121.0,4,Yes,Johnfurt,9.65
Mahindra,2022,Petrol,Manual,24.54,2165,265.0,1,No,Jamesside,1.37
Honda,2011,CNG,Automatic,19.32,3104,160.0,1,Yes,South Robertbury,3.59
Kia,2008,Petrol,Manual,17.07,3281,178.0,2,No,Rodriguezfurt,11.73
Ford,2009,CNG,Manual,17.29,1008,238.0,1,Yes,North Michellechester,14.67
Hyundai,2020,Electric,Automatic,21.33,2024,191.0,2,,North Lisafort,8.89
Kia,2007,Petrol,Manual,22.13,2984,134.0,4,No,Justinmouth,6.78
Kia,2022,Electric,Manual,15.84,3412,104.0,3,Yes,New Lauren,9.98
Mahindra,2018,Petrol,Automatic,22.3,2883,203.0,4,No,Elizabethtown,-2.39
Hyundai,2019,CNG,Automatic,20.46,2038,196.0,4,No,East Sherri,8.92
Honda,2021,CNG,Automatic,22.23,2874,267.0,3,No,Port Francisco,3.82
Mahindra,2005,CNG,Manual,11.59,2865,290.0,3,Yes,New Jodi,11.18
Honda,2021,Diesel,Automatic,16.32,1429,154.0,3,No,Pattersonmouth,-0.77
Mahindra,2015,Diesel,Automatic,17.31,1378,186.0,4,No,Gibsonburgh,5.49
Hyundai,2021,Petrol,Manual,16.12,1702,226.0,1,No,Harrisstad,7.84
Toyota,2018,Diesel,Automatic,25.67,2649,77.0,4,No,West Kelly,4.95
Hyundai,2023,CNG,Manual,16.36,1853,207.0,1,No,Burnsland,6.5
Hyundai,2011,Diesel,Manual,19.87,922,306.0,2,Yes,Lorifurt,11.62
Honda,2017,Diesel,Automatic,18.61,1756,189.0,4,Yes,Port Karen,7.9
Honda,2022,Electric,Manual,16.84,1800,101.0,3,Yes,Wuborough,4.28
Hyundai,2018,Petrol,Manual,15.17,1786,,4,Yes,South William,11.76
Hyundai,2005,Petrol,Automatic,,2051,240.0,4,No,Carrieburgh,9.0
Hyundai,2011,Petrol,Automatic,17.11,1137,240.0,3,No,Port Eric,9.17
Honda,2012,Diesel,Automatic,21.5,1790,203.0,2,Yes,Grayshire,4.43
Hyundai,2022,CNG,Manual,17.96,3120,120.0,2,,Henryborough,-2.19
Hyundai,2013,Electric,Manual,16.17,2260,268.0,2,Yes,Khanbury,4.38
BMW,2005,Petrol,Automatic,18.43,1701,225.0,2,Yes,Grantville,3.97
Toyota,2021,Diesel,Automatic,19.23,2886,202.0,4,Yes,Bellfort,5.55
Ford,2023,CNG,Automatic,16.12,1225,120.0,4,No,North Arthur,4.63
Toyota,2010,Electric,Manual,,3162,183.0,3,Yes,Carterbury,8.45
BMW,2007,Electric,Automatic,19.9,1413,297.0,1,No,Myersport,11.52
Ford,2009,Petrol,Manual,18.47,3004,89.0,3,No,Morganville,12.3
Mahindra,2006,Petrol,Automatic,15.39,1671,,2,Yes,West Anthony,11.35
Hyundai,2008,CNG,Manual,14.25,3104,149.0,1,No,Adamsfort,4.41
BMW,2014,Diesel,Manual,19.4,2799,198.0,3,No,South Larry,8.24
Mahindra,2014,CNG,Automatic,10.33,2693,266.0,2,No,New James,14.26
Hyundai,2015,Petrol,Manual,16.96,1434,152.0,1,No,South Stephaniefort,1.66
Honda,2020,CNG,Manual,18.54,3303,193.0,1,Yes,Justinburgh,13.39
Kia,2021,Diesel,Automatic,24.95,2894,263.0,2,No,Port Petermouth,4.02
BMW,2020,Electric,Automatic,18.04,2857,169.0,1,No,Lopezhaven,9.18
Honda,2011,Electric,Manual,16.8,2991,97.0,3,Yes,Carlshire,9.65
BMW,2020,Electric,Manual,19.14,2254,81.0,3,Yes,East Charleshaven,8.76
BMW,2007,Electric,Manual,15.13,1286,284.0,3,Yes,Robertside,16.91
Honda,2020,Petrol,Automatic,17.12,2696,227.0,1,No,West Allisonberg,6.8
Ford,2012,Petrol,Manual,,3438,194.0,1,Yes,East Kim,1.44
Toyota,2016,Diesel,Manual,20.52,2255,169.0,2,No,West Shane,9.43
Hyundai,2007,Diesel,Automatic,15.31,1006,283.0,2,Yes,Lake Maryhaven,7.32
BMW,2021,Diesel,Automatic,,2424,227.0,1,No,South Hannah,10.22
Hyundai,2022,Diesel,Automatic,10.84,2325,166.0,3,Yes,East Matthew,11.53
Kia,2015,CNG,Automatic,20.07,2282,83.0,1,Yes,Washingtonhaven,7.87
Honda,2008,Diesel,Automatic,,1058,270.0,4,No,Port Mary,9.75
Hyundai,2020,Electric,Manual,25.54,2152,230.0,3,Yes,Martinfort,8.58
Honda,2021,Electric,Manual,19.41,1253,,4,Yes,Anthonyville,15.17
Hyundai,2013,Electric,Manual,14.53,1598,281.0,2,No,Port Gary,6.52
Toyota,2010,CNG,Automatic,13.63,1174,,1,Yes,South Andreaport,5.25
Toyota,2006,Diesel,Automatic,20.65,3311,260.0,4,,Christopherton,11.52
Toyota,2013,Electric,Automatic,25.19,874,278.0,1,No,Port Kathleenmouth,4.28
Toyota,2010,Electric,Manual,23.96,1041,163.0,4,,West Megan,9.57
Toyota,2007,Electric,Automatic,13.15,1840,289.0,1,Yes,New Teresa,7.32
Toyota,2010,Electric,Automatic,18.81,2512,113.0,3,Yes,West Angelamouth,7.59
Honda,2011,Petrol,Automatic,22.51,922,248.0,2,No,Sheilashire,17.75
BMW,2005,Diesel,Manual,,2802,281.0,3,No,Christinaland,12.94
Hyundai,2005,Diesel,Automatic,22.15,2958,,2,Yes,Louisland,12.09
Toyota,2009,CNG,Automatic,15.19,3081,231.0,3,No,New Patrickstad,10.12
Honda,2010,Petrol,Manual,17.14,1296,101.0,2,Yes,South Tylerville,5.23
Honda,2017,CNG,Automatic,19.11,1945,,3,Yes,South Yvonne,9.05
Honda,2006,Electric,Automatic,22.27,2273,140.0,1,No,North Johnview,10.33
BMW,2019,CNG,Automatic,24.13,1526,267.0,3,No,Kristenborough,8.8
Hyundai,2019,Electric,Manual,16.71,2631,145.0,4,No,Lake Christopherton,8.38
BMW,2017,Electric,Automatic,,2621,291.0,4,No,Carrieton,6.41
Ford,2018,Diesel,Automatic,15.82,2616,236.0,1,Yes,Bobbytown,9.09
Mahindra,2011,Diesel,Manual,21.12,891,166.0,1,No,West Thomas,5.9
Honda,2018,Diesel,Manual,21.98,2769,198.0,1,Yes,North Tanyachester,10.81
Ford,2014,Diesel,Automatic,21.58,3184,161.0,4,Yes,Eugenebury,-0.06
Kia,2021,Diesel,Manual,19.08,1312,89.0,3,Yes,Lake Jeremy,13.43
Toyota,2018,Petrol,Automatic,19.47,1402,253.0,1,Yes,New Evelyn,2.75
Mahindra,2012,Diesel,Manual,17.08,1227,303.0,3,Yes,Mcdowellville,3.73
Toyota,2008,CNG,Automatic,17.45,2819,244.0,2,No,Saraport,9.64
BMW,2020,Electric,Automatic,21.42,2256,306.0,3,No,Woodborough,10.16
Mahindra,2017,Diesel,Automatic,19.06,806,177.0,3,Yes,Lake Ericborough,16.31
Hyundai,2022,Petrol,Manual,16.11,2967,132.0,4,No,New Karlamouth,9.19
Ford,2018,CNG,Manual,22.4,3234,128.0,3,No,West Lindastad,7.84
Hyundai,2022,CNG,Automatic,15.57,2173,301.0,4,Yes,Bowmanview,8.77
BMW,2009,Electric,Automatic,18.58,1440,211.0,2,Yes,Solomonhaven,14.36
Toyota,2013,CNG,Automatic,13.04,1921,153.0,4,No,Rodriguezside,17.7
Mahindra,2007,CNG,Automatic,14.22,1866,288.0,2,Yes,Benjaminborough,7.26
Hyundai,2012,CNG,Manual,18.08,3030,,2,No,Jessicaberg,10.17
Hyundai,2014,CNG,Manual,,1364,172.0,1,No,New Jeffrey,7.7
Toyota,2023,Petrol,Automatic,,2496,207.0,3,Yes,Hernandezview,7.62
Mahindra,2007,Electric,Manual,,1245,116.0,3,No,Lake Peter,15.52
Ford,2015,Diesel,Manual,17.5,2730,236.0,1,No,New Brendaville,4.3
Toyota,2015,CNG,Manual,21.6,999,115.0,1,Yes,North Kathleenchester,-1.34
Hyundai,2021,Petrol,Automatic,14.88,1312,296.0,3,Yes,Port Reginald,9.27
Ford,2020,Electric,Automatic,,1789,136.0,1,No,Port Davidbury,12.8
Ford,2011,Diesel,Manual,14.0,3060,183.0,1,Yes,Port Amanda,8.88
Toyota,2008,Electric,Manual,17.0,2201,87.0,2,No,Janetburgh,10.01
Hyundai,2023,Petrol,Automatic,20.36,2612,201.0,1,Yes,New Ericview,11.01
BMW,2016,Petrol,Automatic,18.05,1345,217.0,1,Yes,West Jenniferfort,8.44
Hyundai,2019,Petrol,Automatic,21.77,3333,226.0,4,No,New Joshuaside,10.23
Honda,2015,CNG,Manual,20.67,2809,244.0,3,No,New Vanessa,10.16
Mahindra,2009,Petrol,Manual,16.77,2605,71.0,4,No,Williamsburgh,0.17
Kia,2009,Diesel,Manual,23.19,3015,228.0,1,Yes,East Jamesport,8.46
BMW,2019,CNG,Automatic,19.75,1689,165.0,1,No,North Brandon,1.71
Ford,2022,Electric,Automatic,17.03,1730,313.0,4,Yes,Petersside,7.85
BMW,2015,Diesel,Automatic,18.58,1627,157.0,1,Yes,Gutierrezside,6.02
Mahindra,2016,CNG,Automatic,18.36,2984,,2,No,Hawkinsmouth,12.14
Ford,2006,Petrol,Automatic,18.81,2962,285.0,4,No,Moralestown,8.98
Mahindra,2019,Electric,Manual,17.43,2075,211.0,4,Yes,West Leahburgh,9.89
Ford,2008,Petrol,Manual,19.49,2316,262.0,3,No,North Curtisstad,7.23
BMW,2022,Diesel,Manual,21.16,2112,222.0,4,Yes,West Kristinahaven,12.21
Ford,2010,Diesel,Automatic,19.7,1872,181.0,2,Yes,New Kellyside,1.61
Ford,2023,CNG,Manual,19.57,1315,75.0,1,Yes,West Maryhaven,4.42
Honda,2015,Diesel,Automatic,17.6,2714,165.0,4,No,South Whitney,13.15
Hyundai,2006,Electric,Manual,14.46,1487,79.0,4,Yes,New Kimberly,6.26
Hyundai,2012,CNG,Manual,13.48,1819,303.0,3,Yes,Lake Cameron,-0.58
Kia,2015,Electric,Automatic,15.17,2095,303.0,3,No,Erinberg,13.81
Kia,2009,Petrol,Manual,16.33,1849,271.0,1,No,Cummingsfurt,12.31
Honda,2022,Electric,Manual,24.69,1893,283.0,4,No,Lake Barbarafort,10.84
Kia,2022,Electric,Manual,23.01,3140,279.0,2,Yes,North Douglaston,8.38
Mahindra,2018,Diesel,Manual,15.63,2057,67.0,1,No,South Eric,14.64
BMW,2014,Petrol,Manual,19.8,3078,73.0,2,Yes,Lake Elijahmouth,13.03
Toyota,2007,Diesel,Manual,17.73,2409,189.0,4,Yes,Peterbury,14.19
Mahindra,2013,Petrol,Manual,18.94,1944,81.0,1,Yes,Brittanyville,10.78
Toyota,2007,Petrol,Automatic,15.81,1317,284.0,3,No,Robertochester,8.49
Toyota,2015,Electric,Manual,26.97,1505,294.0,3,Yes,Port Andreahaven,6.4
Honda,2016,Diesel,Automatic,25.46,3224,258.0,2,Yes,West Meghan,2.92
Mahindra,2016,Electric,Manual,16.83,2734,193.0,1,No,Lake Christyberg,10.01
Honda,2007,Electric,Automatic,15.61,3284,237.0,2,Yes,Lake Gregory,10.34
Ford,2011,Electric,Automatic,21.7,2545,103.0,3,No,Lake Andrew,6.6
Toyota,2018,Petrol,Manual,13.16,2468,67.0,4,No,Riggsfort,10.45
BMW,2015,Diesel,Automatic,21.38,1769,86.0,3,No,Lake Kaylachester,6.67
Kia,2011,Diesel,Automatic,18.5,3346,110.0,4,No,South Shannonmouth,11.47
BMW,2014,Electric,Manual,12.26,1997,128.0,2,Yes,Loriburgh,4.47
Kia,2015,Petrol,Automatic,17.39,2486,103.0,2,Yes,South Phillip,3.78
Toyota,2019,Diesel,Manual,15.38,3447,234.0,2,Yes,North John,7.04
Toyota,2023,CNG,Automatic,,2332,178.0,4,Yes,Taylorland,11.32
Toyota,2020,Diesel,Automatic,,1577,240.0,2,No,Acostafurt,3.36
Honda,2016,Electric,Automatic,12.61,2133,112.0,2,Yes,West Willieburgh,12.2
Mahindra,2022,CNG,Automatic,16.66,2917,250.0,1,No,Port Caitlyn,1.43
Kia,2017,Petrol,Manual,20.3,3052,253.0,4,Yes,West Christopher,7.01
Mahindra,2009,CNG,Manual,20.99,3188,99.0,2,Yes,Arthurhaven,2.35
Honda,2008,CNG,Manual,16.55,917,137.0,2,No,Normanmouth,-2.44
Honda,2018,Electric,Manual,19.83,814,248.0,4,Yes,Dennisview,9.47
Hyundai,2012,Diesel,Manual,19.07,2145,,4,Yes,Thomaston,7.29
BMW,2013,Petrol,Automatic,17.79,2841,84.0,3,No,Port Rachel,2.41
BMW,2023,CNG,Manual,19.86,2842,162.0,3,Yes,Blairshire,5.93
Ford,2007,Electric,Automatic,14.3,1710,218.0,1,Yes,Davidhaven,9.77
Honda,2009,Diesel,Manual,18.0,3474,267.0,2,Yes,West Ashleychester,6.53
Kia,2022,CNG,Manual,11.58,2355,153.0,4,No,Kennedymouth,7.21
Hyundai,2005,Electric,Manual,17.78,1489,98.0,2,No,Wiseville,6.41
Hyundai,2012,Electric,Manual,23.7,1573,223.0,3,Yes,Charleneburgh,5.67
Mahindra,2023,Electric,Automatic,16.72,2414,114.0,3,Yes,West Beverly,5.62
BMW,2021,Petrol,Manual,23.3,2334,131.0,3,Yes,New Robert,5.5
Honda,2021,Diesel,Automatic,16.79,919,101.0,4,No,New Johnfort,4.99
Ford,2015,CNG,Automatic,13.66,2873,191.0,2,Yes,East Margaretchester,3.93
Honda,2006,Diesel,Manual,,2536,80.0,4,No,Johnstad,6.48
Mahindra,2010,Diesel,Automatic,19.86,863,60.0,2,No,Emilyhaven,5.44
Toyota,2018,CNG,Automatic,27.28,1259,225.0,1,Yes,West Emmaton,3.71
Honda,2007,Diesel,Manual,14.08,2549,119.0,3,No,Heatherside,11.06
Mahindra,2016,Petrol,Automatic,19.43,3161,135.0,3,No,New Kennethfort,12.93
Toyota,2008,CNG,Manual,19.57,2413,150.0,3,No,Amybury,8.0
Toyota,2016,CNG,Manual,22.23,2363,266.0,3,No,North Vanessa,8.27
Ford,2017,Electric,Automatic,20.12,1781,147.0,4,No,Lake Jane,5.23
Kia,2006,Diesel,Automatic,16.85,3426,141.0,3,Yes,Douglasfort,12.27
BMW,2006,CNG,Automatic,13.72,1949,76.0,2,No,Ruizhaven,14.95
Honda,2019,CNG,Automatic,19.39,1771,269.0,2,No,South Charlotte,7.34
Toyota,2021,Petrol,Automatic,19.5,1506,,3,No,North Destinyville,5.91
Honda,2011,Electric,Automatic,20.53,2509,187.0,3,No,Gibbsfurt,9.37
Kia,2018,CNG,Automatic,16.84,2166,205.0,4,No,South Nicholas,8.52
BMW,2016,Petrol,Manual,19.11,2646,307.0,4,Yes,Beckberg,6.0
Kia,2021,CNG,Manual,11.82,1194,,2,Yes,Gilmoreside,9.88
BMW,2018,CNG,Manual,13.88,1283,100.0,2,No,Salazarfort,11.75
Hyundai,2010,CNG,Automatic,21.74,1465,132.0,1,Yes,Lake Briannatown,4.86
BMW,2023,Petrol,Automatic,18.72,1255,219.0,2,No,North Sarah,18.17
Ford,2010,Diesel,Automatic,19.9,1009,271.0,1,Yes,North Christopherstad,1.87
Kia,2022,CNG,Manual,15.61,1324,198.0,3,Yes,Port Laurenfurt,4.59
Toyota,2009,CNG,Manual,15.1,1475,102.0,3,No,Deanland,8.94
Hyundai,2010,Diesel,Manual,16.31,1801,238.0,3,No,Porterside,16.99
Ford,2006,CNG,Automatic,18.95,1695,248.0,2,No,Ayalamouth,5.75
Honda,2012,Electric,Manual,20.74,1803,305.0,2,No,Carsonmouth,3.74
Kia,2019,CNG,Manual,17.0,2399,213.0,3,Yes,East Anthony,10.2
Mahindra,2019,Electric,Automatic,11.36,3154,163.0,4,No,Karenchester,7.01
Mahindra,2015,Diesel,Manual,19.6,859,70.0,3,Yes,North Glendamouth,10.66
Toyota,2005,Petrol,Manual,19.07,1185,84.0,1,No,South Patrick,7.72
BMW,2022,Diesel,Manual,19.92,2903,84.0,4,,North Jasonhaven,4.57
Toyota,2016,CNG,Automatic,21.43,3015,143.0,4,Yes,South Emily,17.4
Mahindra,2016,Electric,Manual,21.11,2235,165.0,2,No,Rodriguezhaven,-3.82
Honda,2015,Petrol,Automatic,23.44,2594,300.0,2,No,Lake Robertville,15.28
Hyundai,2012,CNG,Automatic,18.11,3329,178.0,1,Yes,Mcdanielberg,11.73
Hyundai,2011,Petrol,Manual,16.27,2742,167.0,3,Yes,Mullentown,5.02
Kia,2006,Petrol,Manual,22.16,2390,239.0,3,No,South Anthonyberg,15.49
Hyundai,2015,CNG,Automatic,21.63,3187,190.0,2,Yes,Joshuaville,2.51
Kia,2014,Diesel,Automatic,17.07,1595,150.0,2,No,North Julieview,12.03
Kia,2007,CNG,Automatic,22.42,1691,300.0,3,Yes,Spencerview,-0.33
Kia,2014,CNG,Automatic,18.3,2082,306.0,4,No,New Edward,3.42
Mahindra,2022,Diesel,Automatic,23.11,1400,227.0,1,Yes,Brandonfort,3.41
Mahindra,2018,Electric,Manual,24.92,3284,282.0,1,Yes,Port Donnaview,5.0
BMW,2022,CNG,Automatic,28.56,2045,249.0,1,Yes,Claudiastad,8.05
Ford,2012,Petrol,Manual,18.25,2236,78.0,2,No,South Austin,4.7
Kia,2014,CNG,Automatic,23.66,2173,73.0,4,No,Kennedyfort,-0.15
Kia,2017,CNG,Manual,21.42,1882,302.0,1,No,Banksmouth,9.85
Ford,2012,Petrol,Automatic,21.79,951,168.0,4,,Patriciaton,8.2
Toyota,2008,Diesel,Manual,19.7,1733,249.0,2,,Davidfurt,9.64
Kia,2008,Electric,Manual,21.8,3387,277.0,2,Yes,West Amber,8.69
BMW,2009,Electric,Automatic,12.5,3072,295.0,3,Yes,North David,11.82
Hyundai,2005,Petrol,Automatic,17.88,2141,227.0,4,No,Lake Raymond,7.7
Hyundai,2021,Diesel,Manual,15.39,3410,252.0,4,Yes,Gainesport,12.05
Honda,2006,CNG,Manual,15.05,1357,301.0,4,Yes,West Markburgh,4.9
Honda,2012,CNG,Manual,12.26,2297,221.0,3,No,Higginsville,5.13
Hyundai,2011,CNG,Automatic,15.89,2669,194.0,1,No,Lake Travismouth,13.5
Hyundai,2019,CNG,Automatic,17.3,1417,252.0,1,Yes,East Sharonside,13.42
Mahindra,2009,CNG,Automatic,18.74,2619,148.0,2,Yes,Port Bobbyhaven,10.29
BMW,2006,Petrol,Automatic,17.95,823,101.0,3,Yes,Lake Scott,4.44
Ford,2011,CNG,Manual,22.21,2342,152.0,4,No,Matthewfort,4.12
Honda,2012,CNG,Automatic,14.42,3215,274.0,3,Yes,New Melodyfort,13.31
Mahindra,2011,Diesel,Automatic,10.23,2819,60.0,2,Yes,Matthewsfurt,13.09
Mahindra,2011,CNG,Automatic,20.13,1798,223.0,1,Yes,West Russellbury,7.75
Ford,2018,Electric,Automatic,17.81,3182,165.0,1,No,East Brent,17.37
Mahindra,2022,Petrol,Automatic,17.73,2256,291.0,2,Yes,Andradehaven,9.84
BMW,2010,Petrol,Manual,15.15,802,105.0,3,No,Deniseville,3.57
Hyundai,2008,Petrol,Automatic,21.64,1807,,2,No,South Ryanchester,6.9
Kia,2014,Electric,Manual,16.32,2081,80.0,4,No,Daniellefurt,8.02
Ford,2022,CNG,Automatic,14.47,1062,236.0,4,No,South Brittany,8.35
Hyundai,2016,Petrol,Automatic,24.7,920,226.0,2,No,East Misty,13.0
Hyundai,2020,Electric,Automatic,20.77,2543,67.0,4,Yes,Jenniferton,4.17
Toyota,2011,Diesel,Automatic,17.84,820,271.0,4,Yes,West Rachel,2.67
Ford,2010,CNG,Manual,8.24,1704,222.0,1,No,Port Julieland,10.41
Mahindra,2009,Electric,Manual,17.06,939,,3,No,Hillbury,5.97
Kia,2007,CNG,Automatic,17.91,2615,292.0,1,Yes,Ambershire,17.69
Ford,2016,Diesel,Manual,23.85,2112,112.0,1,No,East Tony,11.77
Mahindra,2019,Electric,Manual,11.0,1005,292.0,3,Yes,Fishermouth,5.9
Hyundai,2014,CNG,Automatic,24.24,842,,1,Yes,Port Valerieport,12.85
Kia,2023,Electric,Manual,19.75,1828,65.0,4,No,Karentown,10.92
Mahindra,2020,Petrol,Manual,13.17,3054,,2,Yes,Lake Marc,10.53
BMW,2015,CNG,Automatic,21.69,3482,150.0,2,Yes,Lake Jessica,7.51
Mahindra,2012,Electric,Automatic,17.02,2662,255.0,3,Yes,Griffinmouth,9.68
Toyota,2007,Petrol,Manual,11.35,1144,63.0,2,No,Dianamouth,-0.41
Hyundai,2011,Diesel,Automatic,16.22,1965,180.0,2,Yes,Melissabury,13.27
Mahindra,2011,CNG,Automatic,19.02,3219,122.0,2,Yes,North Adamborough,-5.74
Honda,2018,CNG,Automatic,18.25,3394,151.0,2,Yes,East Elizabeth,6.23
Honda,2006,Diesel,Manual,20.57,2187,306.0,1,,Mariaview,1.62
Toyota,2014,Petrol,Automatic,22.39,1783,278.0,4,No,North Ashleyside,6.0
BMW,2023,Diesel,Automatic,13.61,1134,290.0,4,No,Sheilahaven,7.7
Hyundai,2013,CNG,Manual,17.92,2858,247.0,2,No,Port Mistyville,3.21
Ford,2020,Electric,Manual,15.56,2922,227.0,3,Yes,Dianahaven,-3.1
Toyota,2023,Petrol,Manual,13.0,2123,164.0,1,Yes,Williamton,8.83
BMW,2022,Petrol,Manual,17.79,1575,283.0,2,Yes,Lindafort,16.35
Ford,2013,Petrol,Manual,19.73,1685,174.0,2,Yes,Morrisonhaven,6.59
Honda,2020,Diesel,Automatic,19.96,2835,294.0,3,No,West Kerriville,11.84
Honda,2017,Diesel,Manual,16.42,1535,289.0,1,No,Taylorfort,14.02
Ford,2014,Electric,Automatic,13.97,3481,276.0,2,No,West Dennisside,0.4
Toyota,2018,Electric,Manual,15.42,1851,93.0,3,Yes,North Julie,6.17
Honda,2016,Petrol,Automatic,10.49,2286,,1,No,New Judithside,2.89
Hyundai,2023,Electric,Automatic,13.24,1195,273.0,1,No,Angelaburgh,4.77
Kia,2011,Diesel,Manual,13.59,1482,105.0,2,Yes,Lynchburgh,14.81
Mahindra,2019,Electric,Manual,21.38,2801,299.0,3,Yes,Joshuatown,8.89
Ford,2020,Diesel,Manual,21.38,3268,313.0,3,Yes,Keithport,11.16
Ford,2012,Electric,Manual,26.52,1163,287.0,2,No,South Ashleyview,7.82
Honda,2014,CNG,Manual,18.96,2654,280.0,2,Yes,North Carol,3.16
Toyota,2008,Diesel,Manual,16.06,2581,225.0,2,No,West Ian,10.71
Hyundai,2023,CNG,Automatic,18.05,892,132.0,3,No,Michaelstad,13.01
Toyota,2023,Diesel,Automatic,17.32,2398,284.0,1,Yes,Dianechester,9.27
BMW,2019,Electric,Automatic,15.47,1065,145.0,2,,Danielside,9.96
BMW,2018,CNG,Automatic,19.28,3053,,4,No,West Travisshire,3.06
Kia,2005,Electric,Automatic,18.77,2884,274.0,4,Yes,Donnaville,10.83
Honda,2020,Diesel,Manual,17.67,1834,223.0,2,No,Mortonstad,13.38
Honda,2014,CNG,Manual,16.82,1913,299.0,4,No,Lopezhaven,9.62
Honda,2023,Petrol,Automatic,20.53,1543,128.0,1,No,Lisastad,0.81
Kia,2007,Electric,Automatic,15.79,2866,196.0,1,Yes,Josephmouth,14.54
BMW,2009,Diesel,Manual,16.39,1173,211.0,4,No,Pittmanshire,4.22
Toyota,2013,CNG,Manual,19.9,2609,156.0,3,Yes,Lake Kristin,9.55
Kia,2022,Electric,Manual,22.05,893,217.0,2,Yes,Cordovaland,11.81
Kia,2015,CNG,Manual,21.68,831,245.0,3,No,Port Helenbury,12.32
Toyota,2020,Electric,Automatic,16.96,939,227.0,1,Yes,Port Justin,0.8
Honda,2006,Electric,Automatic,12.94,2393,303.0,4,No,Ginabury,8.47
Hyundai,2016,Electric,Manual,16.84,2042,178.0,2,Yes,Joshuaport,8.2
Toyota,2010,CNG,Manual,18.29,2364,255.0,4,Yes,South Laurastad,13.76
BMW,2015,CNG,Automatic,13.54,2382,124.0,4,No,South Christopherton,9.83
Ford,2012,Electric,Automatic,16.77,2731,221.0,3,Yes,South Monicaburgh,13.79
Ford,2016,Petrol,Automatic,22.83,857,144.0,3,No,Johnsonton,10.16
Mahindra,2006,Petrol,Manual,18.59,2098,118.0,4,No,Zamoraton,7.7
Mahindra,2013,Petrol,Automatic,15.84,2987,209.0,1,No,Baxtertown,8.78
Kia,2019,Diesel,Manual,18.12,1846,180.0,2,No,Hallchester,14.09
Ford,2006,Petrol,Manual,18.33,1177,314.0,4,No,East Jonathan,2.81
Hyundai,2005,CNG,Manual,16.51,1721,283.0,4,Yes,Jenniferburgh,11.62
Honda,2014,Petrol,Automatic,21.09,1172,114.0,4,No,North Lucasmouth,5.49
BMW,2006,CNG,Automatic,10.69,2387,195.0,4,No,West Kevinview,4.63
Mahindra,2016,Diesel,Manual,19.89,1577,249.0,3,No,Zacharyburgh,12.09
Hyundai,2012,CNG,Automatic,15.71,2165,312.0,3,No,Port Laura,4.47
BMW,2009,CNG,Manual,22.18,966,143.0,1,Yes,Karenborough,9.51
BMW,2005,CNG,Automatic,12.9,3370,236.0,2,Yes,Greenberg,6.04
Honda,2019,Petrol,Manual,21.75,2811,153.0,4,Yes,Heatherhaven,-1.43
Kia,2010,Electric,Manual,14.84,1383,94.0,1,Yes,Taylorview,9.91
Ford,2016,CNG,Automatic,19.29,3348,271.0,3,No,Port Olivia,8.51
Honda,2012,Petrol,Automatic,16.14,1798,185.0,2,No,South Kristen,0.36
Hyundai,2017,Petrol,Manual,22.51,1359,,1,No,Jeremystad,5.21
Kia,2023,Petrol,Automatic,17.24,1811,227.0,2,No,Port Jenniferfort,0.77
Hyundai,2005,Electric,Manual,15.11,1032,73.0,2,No,West Christopherberg,10.93
Kia,2015,Electric,Manual,23.6,1359,133.0,2,No,Loriview,13.55
Mahindra,2005,Electric,Manual,16.88,2031,111.0,3,No,Woodburgh,11.4
Hyundai,2012,Electric,Manual,20.09,2562,266.0,4,No,Spearsshire,11.96
Honda,2009,Diesel,Manual,21.76,2324,102.0,2,No,West Brentport,5.93
Kia,2021,Electric,Manual,14.48,1720,62.0,1,No,Georgestad,10.19
Kia,2012,Electric,Manual,19.69,2042,154.0,2,Yes,Josetown,7.96
BMW,2014,Electric,Manual,20.23,880,297.0,2,Yes,North Michael,8.74
BMW,2006,CNG,Automatic,11.81,3461,226.0,3,No,South Michaelmouth,11.83
Toyota,2013,CNG,Automatic,19.29,1502,78.0,1,No,Lake Catherine,12.7
Hyundai,2007,Electric,Manual,16.58,1340,266.0,2,Yes,Wareton,6.44
BMW,2022,Diesel,Manual,24.48,2649,289.0,3,No,Lake Kennethshire,2.37
Toyota,2011,CNG,Manual,21.46,2074,273.0,3,No,South Bethanyport,7.25
Mahindra,2019,Petrol,Automatic,19.76,3453,115.0,4,No,Lake Tiffany,7.12
Mahindra,2022,CNG,Manual,9.83,1421,191.0,4,No,South Michaelbury,9.14
BMW,2007,Petrol,Manual,19.78,2040,68.0,4,No,West Scottmouth,11.33
Hyundai,2018,CNG,Manual,14.96,3043,290.0,2,Yes,South Kevin,0.34
Kia,2006,Electric,Automatic,21.49,2120,212.0,2,No,New Matthewland,5.32
Ford,2018,CNG,Automatic,17.36,2891,249.0,2,Yes,Wilsonmouth,4.14
Hyundai,2015,Electric,Automatic,15.92,3240,75.0,3,No,Lake Russellton,13.0
Honda,2020,Electric,Manual,16.25,2266,262.0,2,No,Port Ambermouth,7.17
Mahindra,2012,CNG,Manual,16.52,1913,,3,No,Evansland,5.95
BMW,2011,Petrol,Automatic,12.61,3002,227.0,1,Yes,West Christine,10.15
BMW,2015,Petrol,Manual,13.14,2444,93.0,2,Yes,North Henrychester,5.63
Kia,2007,CNG,Automatic,16.66,858,288.0,1,No,East Susan,7.94
Honda,2021,Electric,Automatic,24.22,2957,60.0,4,Yes,Lake Chad,15.26
Kia,2018,Petrol,Manual,20.86,1278,,1,Yes,Danamouth,15.15
Honda,2010,Diesel,Manual,21.22,3465,273.0,1,Yes,Lindafurt,6.37
Ford,2012,Electric,Manual,,2722,313.0,3,No,Port Courtney,7.27
Mahindra,2009,CNG,Manual,19.12,2556,204.0,3,Yes,South Bethfurt,5.52
BMW,2012,Electric,Automatic,16.17,2598,106.0,3,Yes,New Aaron,0.3
BMW,2006,Diesel,Automatic,16.36,2417,237.0,3,Yes,Barronstad,12.14
Ford,2019,Diesel,Automatic,14.7,1583,272.0,4,No,Aguilarhaven,17.69
Toyota,2016,Petrol,Automatic,21.24,2200,304.0,1,Yes,Josephshire,6.23
Mahindra,2021,Diesel,Automatic,14.26,1855,312.0,4,Yes,North Michaelmouth,4.73
Kia,2005,Electric,Automatic,26.36,2309,265.0,4,No,Nelsonshire,6.91
Ford,2019,Petrol,Manual,14.39,3448,131.0,3,No,West Carlside,8.34
Kia,2018,Diesel,Automatic,22.89,3378,281.0,1,No,Matthewsshire,3.46
Hyundai,2020,Petrol,Manual,22.91,1826,274.0,1,Yes,New Bryan,6.17
BMW,2013,Petrol,Manual,20.5,1177,200.0,4,No,West Ashleymouth,12.06
Kia,2005,CNG,Automatic,24.48,1371,215.0,3,No,South Christopher,8.51
Honda,2021,Petrol,Automatic,17.22,2754,281.0,4,Yes,Port William,13.08
Kia,2017,Petrol,Manual,18.51,2364,290.0,1,No,Lake Erintown,9.46
Hyundai,2009,Diesel,Manual,18.9,1386,201.0,3,Yes,Markfort,3.64
Mahindra,2014,Electric,Automatic,20.36,2418,134.0,4,No,East Krystal,5.7
BMW,2010,Electric,Automatic,10.72,1156,99.0,1,No,Ramosmouth,8.99
Ford,2023,Diesel,Manual,17.58,1484,129.0,2,Yes,Rickfurt,3.51
Hyundai,2017,Electric,Automatic,21.43,2746,170.0,3,Yes,South Deniseton,2.99
BMW,2005,Petrol,Automatic,16.51,1458,293.0,1,Yes,Mcdowellchester,3.23
Kia,2019,CNG,Automatic,25.84,2096,256.0,3,Yes,Jamieberg,10.06
Mahindra,2018,Petrol,Automatic,18.51,2325,258.0,1,No,North Tony,6.54
Toyota,2012,Petrol,Automatic,20.06,2882,83.0,3,No,Julieville,12.73
Mahindra,2014,CNG,Manual,24.2,3308,206.0,2,Yes,Josehaven,4.41
Toyota,2013,Diesel,Automatic,18.52,2493,121.0,4,No,South Jennifer,-1.83
Honda,2021,Petrol,Automatic,24.14,2457,126.0,4,Yes,East Jamesport,7.48
Mahindra,2013,Petrol,Manual,,1311,89.0,4,No,Lake Morgan,14.59
BMW,2007,Diesel,Manual,20.34,1871,166.0,2,Yes,Port Erik,8.14
Toyota,2015,Petrol,Automatic,14.44,3338,225.0,3,Yes,South Maria,2.51
Ford,2016,Petrol,Automatic,22.43,3120,180.0,3,Yes,Stephanieburgh,1.5
BMW,2014,Electric,Manual,15.57,2436,70.0,1,Yes,Audreyfort,12.79
Ford,2021,Diesel,Automatic,17.25,1812,131.0,1,,Atkinsonchester,4.77
Mahindra,2021,Petrol,Automatic,23.04,3374,312.0,3,Yes,North Justin,14.17
Ford,2015,Petrol,Automatic,16.53,1951,178.0,2,Yes,Suttonberg,10.62
Toyota,2008,CNG,Manual,19.39,1009,67.0,2,No,Scottland,4.92
BMW,2011,CNG,Automatic,17.78,1423,274.0,4,No,West Michael,12.67
Kia,2018,CNG,Automatic,17.92,2605,280.0,4,Yes,East Jessicaburgh,4.3
Hyundai,2011,Petrol,Manual,17.4,1965,139.0,4,No,New Isaiah,2.21
Toyota,2012,Petrol,Automatic,13.86,972,131.0,3,No,North Darleneberg,4.53
Toyota,2005,CNG,Automatic,20.18,2688,259.0,1,Yes,Nunezmouth,11.07
Kia,2008,Electric,Automatic,20.54,1246,,3,Yes,Changview,12.55
BMW,2016,Electric,Automatic,15.67,810,293.0,3,Yes,Smithtown,6.42
BMW,2007,Electric,Manual,16.23,1560,204.0,2,,Jessicaton,0.53
Mahindra,2017,Electric,Manual,21.65,2127,81.0,2,No,Johnview,1.77
Ford,2010,Diesel,Automatic,16.94,2583,137.0,1,No,New Carlosmouth,3.73
Mahindra,2015,CNG,Automatic,18.37,1977,289.0,1,Yes,Rickyville,2.82
Kia,2008,Petrol,Automatic,14.47,3170,219.0,3,Yes,Weaverville,9.06
Mahindra,2020,CNG,Automatic,17.75,1776,73.0,3,No,Dillonstad,15.75
Kia,2011,Electric,Manual,14.5,3292,295.0,3,Yes,Lake Heatherchester,11.18
BMW,2015,Petrol,Manual,15.58,3189,207.0,3,No,Christensenmouth,3.49
Ford,2005,Diesel,Manual,14.94,3068,209.0,2,No,New Susanchester,5.22
Mahindra,2011,CNG,Automatic,21.45,2957,89.0,4,Yes,Port Michael,6.0
Toyota,2016,Petrol,Automatic,12.68,3257,220.0,4,Yes,Paigefurt,9.56
Honda,2011,Petrol,Automatic,19.07,3352,77.0,4,No,Fisherland,14.29
Hyundai,2011,Electric,Manual,17.11,2600,122.0,1,Yes,Jesusfort,6.13
Toyota,2014,Electric,Manual,23.59,839,194.0,1,Yes,West Bethport,14.16
BMW,2020,CNG,Manual,21.12,2282,216.0,1,Yes,Timothystad,16.42
Hyundai,2012,Diesel,Manual,13.04,3110,,1,Yes,Port John,6.6
Honda,2013,Petrol,Manual,15.76,2649,313.0,2,Yes,New Bettyfort,6.5
Honda,2013,Electric,Automatic,17.94,1622,246.0,3,,Monroetown,6.56
Ford,2006,CNG,Automatic,15.76,1260,258.0,1,No,New Thomas,8.25
Hyundai,2017,Electric,Automatic,,1941,230.0,4,Yes,Tiffanyview,6.57
Ford,2017,CNG,Manual,18.68,1016,65.0,1,No,Debramouth,11.54
Toyota,2008,Electric,Automatic,17.23,2540,315.0,4,No,East Michael,1.8
Kia,2016,Diesel,Automatic,21.92,2924,307.0,3,,South Jasonburgh,5.86
Kia,2021,Petrol,Manual,13.29,2244,278.0,2,Yes,Juliamouth,9.32
Kia,2006,Electric,Manual,16.94,1995,63.0,2,No,Lewisstad,11.48
Hyundai,2017,Petrol,Manual,18.99,3237,60.0,1,Yes,Kingtown,16.78
Kia,2022,CNG,Automatic,17.43,1951,90.0,1,No,North Karen,2.84
Toyota,2019,Diesel,Manual,5.58,1173,176.0,4,No,East Austin,5.39
Ford,2012,Petrol,Automatic,19.36,1453,256.0,1,No,Matthewport,-1.07
Hyundai,2019,Electric,Automatic,20.01,1703,236.0,2,Yes,South Michael,3.56
Ford,2005,Petrol,Manual,13.95,1543,295.0,1,,Sarahshire,0.92
Hyundai,2014,Petrol,Automatic,9.27,3270,138.0,4,No,Jenniferberg,5.91
Ford,2016,CNG,Manual,15.29,1652,302.0,3,,New Justin,7.09
Honda,2009,Diesel,Manual,17.19,2570,264.0,2,No,Saraside,9.88
Ford,2013,Diesel,Automatic,17.56,1630,270.0,2,No,Davidmouth,6.81
Kia,2012,Petrol,Automatic,10.13,2361,150.0,3,No,Port Andrewberg,9.88
Honda,2020,Petrol,Automatic,18.81,1772,225.0,3,,Suttonville,8.46
Ford,2018,CNG,Manual,22.12,3476,220.0,2,No,Port Susanside,3.87
Hyundai,2017,Petrol,Automatic,21.83,3417,65.0,4,No,Robinsonbury,1.25
Hyundai,2017,CNG,Manual,22.89,2093,200.0,4,Yes,South Michaelstad,10.33
Hyundai,2009,Diesel,Manual,13.15,2152,264.0,1,No,East James,14.59
BMW,2020,Diesel,Automatic,21.52,2118,79.0,4,Yes,Carolynberg,18.14
Toyota,2015,CNG,Automatic,14.26,921,159.0,2,Yes,North Lynn,11.74
Hyundai,2009,Petrol,Automatic,21.16,958,224.0,1,Yes,Danielton,13.83
Honda,2017,Diesel,Automatic,15.05,1106,104.0,4,Yes,Hernandezland,9.85
Hyundai,2015,Electric,Manual,19.41,1912,286.0,3,No,East Whitneyhaven,9.21
BMW,2023,CNG,Automatic,24.14,1550,111.0,4,No,South Saraland,8.44
Kia,2007,Diesel,Manual,21.73,1861,205.0,1,Yes,New Maryfort,7.58
Honda,2019,Diesel,Automatic,14.31,2696,182.0,3,Yes,West Connieville,10.43
BMW,2011,Diesel,Automatic,13.44,1390,266.0,1,No,Kristinview,5.92
Kia,2011,Electric,Automatic,21.11,2680,161.0,1,No,Millerburgh,7.41
Mahindra,2010,Electric,Manual,23.28,1145,188.0,3,No,Reedchester,3.29
Mahindra,2007,Electric,Automatic,19.72,948,226.0,1,Yes,Catherineside,9.9
Honda,2017,Petrol,Manual,15.96,1839,,2,Yes,Williamsberg,4.16
Ford,2011,CNG,Automatic,18.17,2190,161.0,1,Yes,New Bradleyview,8.13
Toyota,2009,Petrol,Automatic,19.73,1580,130.0,2,No,Taylormouth,10.0
Toyota,2022,Electric,Manual,17.64,917,67.0,3,Yes,West Karenstad,10.34
BMW,2012,CNG,Manual,14.31,1503,221.0,1,Yes,Joelburgh,11.09
Kia,2021,Petrol,Automatic,22.25,3164,,4,No,South Charles,7.15
Toyota,2005,Petrol,Automatic,25.51,1087,86.0,1,No,Lake Colton,9.94
Kia,2018,Petrol,Manual,23.71,2174,228.0,2,No,Jacksonville,6.05
Kia,2021,Electric,Automatic,9.32,3144,132.0,2,No,New Alexander,0.12
BMW,2014,Diesel,Manual,22.62,2824,268.0,4,No,South Erika,10.12
BMW,2016,CNG,Automatic,20.31,1242,158.0,3,Yes,New Georgebury,9.19
BMW,2020,Electric,Manual,15.37,1700,90.0,2,Yes,North Peter,12.05
Toyota,2018,CNG,Manual,10.15,1100,92.0,2,No,Lake Laura,7.9
Mahindra,2020,Electric,Manual,17.55,3273,272.0,2,,North Eric,1.59
BMW,2012,Petrol,Manual,19.45,1049,204.0,1,No,Lake Albert,7.63
Toyota,2014,Petrol,Manual,13.57,2757,158.0,1,Yes,Shaneshire,11.55
BMW,2021,Diesel,Automatic,22.93,2566,239.0,1,No,North Karenhaven,9.9
Hyundai,2022,Diesel,Automatic,22.83,2338,194.0,1,No,Marquezville,7.41
Kia,2020,CNG,Automatic,19.87,1485,249.0,1,Yes,South Gregorymouth,1.35
BMW,2021,Diesel,Automatic,12.51,1797,89.0,4,No,Donovanside,3.9
Honda,2020,Diesel,Automatic,16.95,1205,141.0,2,No,Cindyshire,9.91
Kia,2023,CNG,Automatic,20.89,1043,116.0,4,No,North Deniseshire,1.34
Kia,2012,Electric,Automatic,20.63,3214,233.0,2,Yes,Thomasberg,6.73
BMW,2010,Diesel,Automatic,15.2,2967,267.0,1,Yes,South Davidton,8.15
Mahindra,2010,Electric,Automatic,15.79,2405,242.0,1,No,South Tara,12.6
Ford,2013,Petrol,Manual,15.1,1232,294.0,3,Yes,Charlesland,10.46
Mahindra,2008,Diesel,Manual,16.87,982,166.0,3,Yes,Doyleborough,11.85
BMW,2016,Petrol,Automatic,16.05,2284,245.0,4,No,North Gwendolyn,9.21
Kia,2016,Petrol,Manual,15.32,1941,191.0,2,Yes,North Renee,4.62
Honda,2021,Electric,Automatic,17.45,830,230.0,4,No,Nataliemouth,5.55
Kia,2019,CNG,Manual,18.16,1972,83.0,3,No,South Scottmouth,4.27
Mahindra,2013,Diesel,Manual,22.35,3375,255.0,2,No,West Danielle,10.36
Honda,2011,Electric,Manual,10.87,2096,158.0,4,No,Smithtown,5.22
Toyota,2014,CNG,Automatic,22.88,2703,160.0,3,Yes,New Jennifer,6.42
Hyundai,2020,Petrol,Automatic,15.01,901,179.0,1,No,East Joseph,8.09
Kia,2016,Diesel,Automatic,25.44,1895,262.0,4,Yes,North Christopher,14.57
BMW,2011,Petrol,Automatic,20.69,2528,149.0,1,Yes,Clarkville,10.63
Toyota,2022,Petrol,Manual,20.19,3470,254.0,4,Yes,East Michaelmouth,4.91
Hyundai,2019,Diesel,Automatic,17.58,3255,,2,No,South Gregory,8.61
BMW,2010,CNG,Manual,26.25,2190,,2,No,Matthewfort,14.61
Ford,2016,CNG,Automatic,17.88,1629,91.0,2,No,Vincentburgh,10.46
BMW,2015,Diesel,Manual,24.05,1417,274.0,2,No,Jordanborough,1.61
Honda,2007,Diesel,Manual,15.7,3396,302.0,3,No,Hintonland,4.34
Honda,2006,Electric,Manual,20.87,1090,129.0,1,No,Davidtown,4.03
Ford,2010,Electric,Manual,25.59,3269,130.0,3,No,West Christopher,13.76
Toyota,2009,Petrol,Automatic,,980,170.0,4,Yes,North Paulview,13.03
Hyundai,2022,Diesel,Automatic,19.97,2961,217.0,4,Yes,West Danielmouth,5.5
BMW,2020,CNG,Manual,15.17,2061,96.0,1,No,Morgantown,5.41
Honda,2012,Petrol,Automatic,19.72,1059,94.0,1,No,Seanville,8.18
Toyota,2015,Petrol,Automatic,25.58,3091,118.0,3,Yes,Thomasfort,8.3
Ford,2014,Petrol,Manual,14.27,3270,266.0,2,No,Lake Tammy,4.15
Mahindra,2016,Petrol,Automatic,18.62,1134,,3,Yes,Estesstad,7.0
Kia,2010,CNG,Automatic,14.66,1846,292.0,3,Yes,Parksbury,2.19
Mahindra,2009,Petrol,Automatic,17.48,2696,216.0,4,No,Randolphfort,13.09
Mahindra,2013,Diesel,Manual,20.48,1070,165.0,3,No,New Randytown,0.96
Honda,2020,Electric,Automatic,16.81,3301,213.0,1,,New Ginaton,0.91
Ford,2018,CNG,Manual,24.3,2207,77.0,2,Yes,Joshuamouth,9.74
BMW,2012,Diesel,Manual,19.93,3441,319.0,4,No,East Kimberly,3.05
Mahindra,2023,Diesel,Manual,12.71,2200,178.0,1,Yes,Port Kathleen,6.0
Mahindra,2018,Diesel,Automatic,19.28,1809,161.0,4,No,Brianside,8.25
Hyundai,2011,Electric,Automatic,23.84,2261,84.0,3,,Andersonburgh,10.7
Honda,2009,Electric,Automatic,20.17,2404,239.0,3,No,North Lindsey,7.12
Honda,2022,Electric,Manual,19.04,931,221.0,1,No,South Alexandriaborough,15.12
BMW,2006,Diesel,Automatic,16.81,2544,274.0,1,Yes,Stewartton,8.0
Kia,2015,Electric,Manual,17.61,3348,183.0,4,No,Franklinhaven,12.76
Toyota,2012,Petrol,Automatic,18.04,2345,215.0,2,No,South Curtisside,9.11
Hyundai,2005,Electric,Manual,8.22,934,252.0,4,Yes,Jacksonmouth,16.52
Honda,2016,CNG,Automatic,19.85,1566,112.0,3,Yes,New Alyssafurt,12.23
Hyundai,2006,Diesel,Automatic,21.99,1569,229.0,1,Yes,South Marcuschester,8.17
Honda,2022,Diesel,Automatic,15.01,2941,157.0,1,No,Pearsonbury,10.52
Hyundai,2011,Petrol,Manual,18.93,2707,206.0,4,Yes,Amberhaven,6.96
Ford,2021,Electric,Manual,19.41,2064,89.0,1,Yes,Grossfort,6.92
Mahindra,2018,Electric,Automatic,21.24,2572,133.0,1,No,Haleyton,2.79
Honda,2011,CNG,Manual,18.05,964,231.0,3,Yes,Kellyshire,4.77
Hyundai,2007,Petrol,Manual,20.16,1124,143.0,2,Yes,East Robertmouth,16.24
Toyota,2010,CNG,Manual,13.35,1419,132.0,1,Yes,Fullerstad,3.18
Ford,2006,CNG,Automatic,13.94,1030,291.0,1,Yes,Ferrellfurt,5.38
Ford,2021,Diesel,Automatic,19.72,3429,186.0,4,No,Lake Bryanton,7.63
Toyota,2016,Diesel,Automatic,17.08,2002,144.0,2,No,South David,7.76
Hyundai,2016,Electric,Manual,11.68,2177,313.0,3,No,Lopezton,9.53
BMW,2021,Electric,Automatic,19.39,2691,211.0,1,Yes,Smithberg,6.12
Toyota,2014,CNG,Manual,12.9,1202,66.0,2,Yes,Ericchester,9.78
Hyundai,2007,Electric,Manual,28.81,2968,195.0,2,Yes,New Michael,12.57
Toyota,2022,CNG,Automatic,9.3,1184,243.0,4,No,Lake Christophermouth,13.07
Toyota,2017,Electric,Automatic,18.21,2563,286.0,3,Yes,Collinsberg,6.93
Honda,2016,Electric,Automatic,13.54,2248,303.0,2,No,Montesmouth,10.45
Hyundai,2021,Diesel,Manual,21.66,3323,310.0,3,No,South Robinfort,3.42
BMW,2008,Diesel,Manual,16.39,3407,229.0,2,Yes,West Denise,5.11
Mahindra,2014,Diesel,Automatic,22.05,1990,113.0,1,Yes,Gomezhaven,3.31
Honda,2015,Diesel,Manual,21.07,1188,191.0,3,Yes,North Deniseport,7.82
Toyota,2010,Petrol,Automatic,13.73,2346,153.0,4,No,East Bonnie,4.56
Mahindra,2010,Diesel,Automatic,15.09,2573,105.0,2,Yes,Fieldsstad,1.92
Kia,2013,Petrol,Automatic,16.62,1589,158.0,1,Yes,North Peggy,6.46
Mahindra,2019,Diesel,Automatic,17.73,2294,293.0,2,Yes,Port Megan,1.09
Toyota,2006,Electric,Automatic,17.21,2347,96.0,1,Yes,Daniellechester,13.31
Toyota,2008,CNG,Automatic,20.91,2900,134.0,3,Yes,Lake Joel,5.77
Hyundai,2009,Electric,Manual,18.94,3414,117.0,4,No,Daughertyburgh,11.94
Hyundai,2021,Electric,Manual,15.55,1620,78.0,1,Yes,New Joshua,6.03
Honda,2012,Petrol,Automatic,14.35,1844,247.0,2,No,Ronnieshire,3.22
BMW,2012,Diesel,Automatic,14.74,1842,198.0,1,No,Butlerville,12.7
Honda,2016,CNG,Manual,19.32,2679,202.0,1,Yes,Lake Shelley,8.35
Ford,2012,CNG,Manual,17.23,1661,167.0,4,No,North Susan,15.55
Toyota,2023,Diesel,Automatic,26.32,2279,280.0,3,No,Jermaineport,6.13
Mahindra,2007,Petrol,Automatic,18.0,3169,204.0,1,Yes,Sarabury,6.22
Kia,2022,Petrol,Manual,18.75,3280,64.0,1,No,Romeroport,12.02
Toyota,2023,Petrol,Automatic,10.8,2594,115.0,2,No,South Sarahfurt,12.05
Toyota,2023,CNG,Manual,12.65,2263,,2,No,Port Sean,8.61
Honda,2019,Petrol,Automatic,,2707,281.0,3,No,Terrellbury,21.34
Kia,2010,Petrol,Manual,15.87,2905,107.0,3,Yes,Franklinbury,6.88
Kia,2020,CNG,Automatic,12.07,1550,222.0,3,,South Joseph,2.92
Kia,2012,CNG,Automatic,13.38,2116,295.0,2,Yes,Cassandratown,3.99
Honda,2020,Electric,Automatic,20.66,981,307.0,1,No,West Mike,6.9
Toyota,2022,CNG,Manual,14.56,2704,159.0,3,No,Kellyton,14.08
Honda,2020,Diesel,Automatic,17.84,3454,80.0,2,Yes,North Jasonbury,7.25
Hyundai,2015,CNG,Manual,20.37,1760,161.0,2,No,Willisborough,14.26
Hyundai,2011,CNG,Manual,21.79,904,64.0,3,,New Kathryn,9.74
Honda,2021,Petrol,Manual,19.17,2084,256.0,2,Yes,Port Julie,12.33
Kia,2021,Electric,Manual,19.41,3454,208.0,1,Yes,South Lance,9.55
Toyota,2016,Petrol,Automatic,21.91,1789,270.0,4,Yes,North Jessicachester,9.52
Honda,2017,Electric,Automatic,19.66,1283,219.0,2,Yes,Scottport,11.01
Honda,2014,Petrol,Automatic,22.14,2525,205.0,2,Yes,South Stephanie,5.73
Honda,2011,Diesel,Manual,9.43,2976,117.0,4,Yes,South Kenneth,5.78
Ford,2018,Petrol,Automatic,17.67,3166,299.0,1,Yes,Jacobmouth,9.4
Hyundai,2005,Petrol,Manual,18.22,1506,138.0,3,Yes,Royburgh,15.76
Mahindra,2021,Diesel,Manual,17.53,3356,211.0,2,No,West Ashleybury,1.84
Kia,2008,Diesel,Manual,18.49,819,64.0,1,Yes,Jasonview,-0.12
BMW,2009,CNG,Automatic,16.37,1551,240.0,3,No,Morrisville,6.95
Mahindra,2011,Petrol,Manual,21.16,1034,260.0,1,No,Allenmouth,12.12
Kia,2014,Diesel,Automatic,15.86,2420,192.0,4,No,Melissaview,8.21
BMW,2021,Diesel,Automatic,17.13,1405,181.0,2,Yes,Johnnytown,3.32
Ford,2011,CNG,Automatic,23.78,1353,228.0,1,Yes,Port Michele,8.32
Honda,2005,Electric,Manual,23.22,2699,,3,No,Port Tamaraland,1.07
Ford,2011,Diesel,Automatic,18.63,3300,78.0,3,,West Ashleytown,10.52
Ford,2015,Diesel,Manual,15.45,1385,191.0,3,Yes,South Emilyton,6.76
Mahindra,2013,Petrol,Manual,11.46,1783,155.0,4,Yes,Port Denisemouth,7.67
Toyota,2016,CNG,Manual,17.47,2450,269.0,1,Yes,Jeremiahport,9.71
Mahindra,2007,Petrol,Manual,20.03,1222,64.0,1,No,South Kimfurt,8.82
Hyundai,2008,Electric,Automatic,15.12,2853,187.0,3,Yes,South Cameron,5.83
BMW,2008,CNG,Automatic,18.02,1257,113.0,3,No,Port Dominique,12.13
Honda,2017,Petrol,Automatic,16.61,2714,257.0,3,Yes,East Jocelyn,11.19
Mahindra,2023,Diesel,Automatic,11.11,3401,265.0,4,,Port Raymond,0.9
BMW,2014,Diesel,Manual,18.47,3369,239.0,4,No,North Sarahhaven,7.08
Kia,2009,CNG,Manual,19.74,1645,,2,Yes,New Marymouth,3.68
BMW,2011,Diesel,Manual,18.64,1350,197.0,2,Yes,Stephensbury,2.93
Kia,2020,Petrol,Manual,24.45,2220,82.0,2,No,Fryeport,10.14
Mahindra,2005,CNG,Automatic,16.71,2794,179.0,3,No,Jerrymouth,6.32
Hyundai,2016,Diesel,Automatic,16.39,2858,174.0,4,Yes,Susanburgh,7.43
Mahindra,2006,Diesel,Manual,26.67,2445,141.0,4,,New Michealstad,5.32
Kia,2011,Electric,Manual,13.01,1296,255.0,2,,Sarahville,9.48
BMW,2015,Electric,Manual,15.52,3336,239.0,3,Yes,Lake John,10.71
BMW,2017,CNG,Manual,19.44,3305,234.0,1,No,Smithshire,16.68
Kia,2006,Electric,Automatic,22.5,3311,257.0,3,Yes,South Megan,7.28
Ford,2011,Petrol,Manual,21.74,2890,85.0,3,Yes,Lake Aprilhaven,2.21
Hyundai,2019,Diesel,Automatic,13.84,1338,158.0,2,Yes,Lake Patrickstad,5.98
Toyota,2015,Diesel,Automatic,24.51,1367,292.0,4,No,East David,11.39
Honda,2006,Diesel,Manual,19.86,920,250.0,4,Yes,New Jessehaven,4.91
BMW,2011,CNG,Manual,14.72,3472,125.0,1,,Alexanderberg,2.07
Honda,2008,CNG,Automatic,15.06,1115,305.0,4,Yes,Port Benjamin,4.99
Toyota,2015,Electric,Automatic,18.29,1938,163.0,4,,West Lauren,5.87
Mahindra,2006,Diesel,Manual,26.61,1420,250.0,1,No,Shaunberg,3.67
Honda,2020,Diesel,Automatic,18.85,1253,200.0,1,Yes,Ericborough,8.87
Toyota,2011,Diesel,Manual,26.57,3471,238.0,2,No,East Jacobmouth,7.68
Kia,2017,Diesel,Manual,21.51,1411,234.0,2,No,Brianberg,11.16
Ford,2009,Diesel,Automatic,12.95,2343,223.0,2,Yes,West Victor,6.22
BMW,2021,Petrol,Automatic,23.63,1758,78.0,2,No,Sandramouth,10.23
Toyota,2016,Diesel,Manual,14.22,2808,79.0,4,Yes,North Christopherton,6.03
Honda,2023,Petrol,Manual,15.54,1446,298.0,2,Yes,Lake David,3.48
BMW,2011,Diesel,Automatic,19.1,1562,103.0,3,Yes,Lake Laurenmouth,5.83
Ford,2010,CNG,Automatic,17.89,2160,255.0,1,No,East Glennchester,1.53
Kia,2012,CNG,Automatic,21.57,1039,254.0,2,No,Smithport,15.15
Mahindra,2017,Petrol,Automatic,20.01,2209,108.0,1,No,East Cristianborough,8.57
BMW,2009,Diesel,Manual,17.53,1968,118.0,4,No,Powellstad,4.82
Mahindra,2006,CNG,Manual,24.8,3224,191.0,2,Yes,West Jacqueline,6.49
Toyota,2013,CNG,Manual,16.1,2851,226.0,3,No,Eduardochester,-1.8
Ford,2015,Diesel,Automatic,,996,194.0,1,Yes,South Kelseyshire,13.74
Honda,2010,Diesel,Automatic,19.85,3236,148.0,2,,West Stephen,13.35
Ford,2011,CNG,Manual,17.93,1060,175.0,3,No,Port Lisa,8.43
Ford,2011,Diesel,Automatic,18.98,3450,255.0,4,No,New Jessicamouth,9.28
Hyundai,2023,Electric,Automatic,20.95,2594,167.0,3,Yes,Cynthiashire,2.93
Ford,2010,Diesel,Automatic,17.26,2757,,4,Yes,New Brianbury,3.22
Ford,2015,CNG,Automatic,25.43,893,300.0,1,Yes,Rodriguezstad,1.21
BMW,2015,CNG,Automatic,19.06,2080,289.0,2,Yes,Susanberg,7.36
Honda,2011,Petrol,Automatic,16.2,935,304.0,3,No,Cunninghamstad,12.24
BMW,2006,Electric,Manual,20.36,3372,309.0,3,,Meyermouth,6.47
BMW,2023,CNG,Manual,17.66,2803,136.0,3,No,Steventon,9.39
Toyota,2008,Electric,Manual,18.45,3345,,4,No,Lake Matthew,11.92
BMW,2010,Diesel,Manual,13.58,2001,118.0,1,Yes,New Lauren,1.5
Hyundai,2021,CNG,Automatic,14.03,2959,297.0,1,Yes,Aguilarfurt,15.38
Hyundai,2009,Petrol,Manual,22.25,2087,248.0,2,Yes,East Jamieburgh,12.63
Mahindra,2011,CNG,Manual,13.06,1168,115.0,2,No,Michaelmouth,10.06
Toyota,2013,Petrol,Manual,17.51,1735,137.0,1,No,Port Annfurt,11.7
Mahindra,2005,Electric,Manual,19.3,1567,281.0,1,No,South Chad,11.88
Mahindra,2005,Petrol,Automatic,23.65,3433,106.0,1,No,Lake Deniseport,9.17
Kia,2023,Diesel,Automatic,16.07,1472,197.0,3,,Smithland,13.71
Honda,2010,Diesel,Manual,21.04,1310,83.0,4,No,Robertstad,6.19
Honda,2022,Diesel,Manual,17.52,1512,88.0,1,No,Taylorfort,9.85
BMW,2014,CNG,Automatic,9.28,1619,194.0,2,Yes,Port Amberfurt,13.29
BMW,2015,Diesel,Automatic,18.18,3224,248.0,4,Yes,Stantonborough,-2.76
Kia,2005,Diesel,Manual,17.73,1344,130.0,3,,South Jacob,9.75
BMW,2005,CNG,Automatic,19.7,2920,265.0,4,No,Lake Karl,10.9
Honda,2017,Electric,Automatic,15.43,1303,301.0,1,No,East Amber,1.17
Mahindra,2009,Diesel,Manual,15.86,1604,,4,No,West Arielmouth,9.13
Ford,2005,Diesel,Automatic,22.8,1509,,2,,Smithberg,4.83
Hyundai,2007,CNG,Manual,16.66,3172,289.0,4,,East Melissastad,9.59
Ford,2022,Electric,Manual,10.35,1187,100.0,1,No,Katherineborough,7.62
Ford,2013,Electric,Automatic,19.96,1039,221.0,4,Yes,Thomasland,4.21
Honda,2018,Electric,Automatic,21.45,1897,217.0,4,Yes,Melissaburgh,12.44
Ford,2021,CNG,Automatic,21.42,2878,80.0,4,No,Savageborough,6.33
Kia,2018,Petrol,Automatic,15.54,3326,69.0,2,Yes,East Gregorymouth,9.08
Toyota,2008,Petrol,Automatic,18.0,2139,146.0,4,No,Davismouth,13.26
BMW,2009,Diesel,Automatic,20.13,867,92.0,4,No,New Mackenzietown,4.33
Toyota,2021,Diesel,Manual,21.86,3385,262.0,3,No,New Michaelview,8.03
Mahindra,2006,Diesel,Automatic,20.01,2743,63.0,4,No,Hensonside,6.02
Hyundai,2009,Petrol,Manual,21.1,2519,82.0,4,Yes,Caseyton,6.91
BMW,2008,CNG,Automatic,15.07,2472,256.0,3,No,Murrayshire,16.62
Ford,2008,Diesel,Automatic,8.84,1090,166.0,2,No,North Christopherville,9.83
Hyundai,2010,CNG,Automatic,22.21,1774,259.0,2,Yes,East Jessica,9.25
BMW,2017,Diesel,Automatic,14.22,2871,274.0,3,No,Derrickborough,10.1
Kia,2009,CNG,Automatic,17.31,1214,61.0,3,Yes,Georgeport,9.72
Kia,2011,CNG,Manual,21.23,1650,180.0,4,Yes,Brandonview,0.7
Kia,2005,Petrol,Manual,18.11,2948,,2,No,Port Barbara,17.19
Kia,2018,CNG,Manual,20.81,1345,208.0,2,No,South Ryan,2.14
Ford,2008,Electric,Automatic,27.82,2886,211.0,4,Yes,East Nathanport,14.93
Toyota,2021,Petrol,Automatic,20.21,3058,112.0,1,,North Samantha,10.47
BMW,2018,Diesel,Automatic,15.09,1541,225.0,4,No,New Reneeside,8.72
Ford,2020,Petrol,Manual,12.21,2614,226.0,1,No,Lake Thomas,6.78
Kia,2018,Electric,Manual,20.71,1391,130.0,4,No,Jeffreytown,18.42
Mahindra,2020,Electric,Automatic,18.33,1549,187.0,3,No,Lake Christinefurt,10.42
Toyota,2012,CNG,Manual,12.48,3019,92.0,4,No,Klineville,8.07
Mahindra,2007,Electric,Automatic,22.72,1637,216.0,3,No,South Loganfort,5.86
Hyundai,2023,Electric,Automatic,20.9,3289,263.0,1,No,West Vincentview,5.38
Mahindra,2005,Electric,Manual,17.95,1333,254.0,1,No,Dixonmouth,8.2
Hyundai,2006,Electric,Manual,26.75,1164,168.0,3,Yes,Nicholashaven,4.28
Hyundai,2019,Diesel,Manual,22.09,1166,218.0,3,Yes,Brettport,10.72
Kia,2014,Diesel,Manual,14.04,2573,,2,Yes,Beverlychester,5.42
Hyundai,2022,Petrol,Automatic,22.69,3143,286.0,2,Yes,Thomasburgh,12.02
Honda,2018,CNG,Automatic,19.02,3453,311.0,4,No,Larsontown,11.93
BMW,2021,Diesel,Manual,25.57,3370,193.0,3,No,New Andrewborough,7.78
BMW,2017,Electric,Manual,21.77,2452,,1,No,Mendezview,10.32
Kia,2005,CNG,Manual,19.94,1064,102.0,2,,Aprilborough,10.52
Honda,2009,Diesel,Manual,19.71,1861,78.0,3,Yes,Lake Selena,2.15
Mahindra,2017,Petrol,Automatic,13.25,2834,75.0,1,No,North Brittany,14.93
Ford,2018,Electric,Automatic,15.95,1181,164.0,1,Yes,North Catherinemouth,6.98
Mahindra,2007,CNG,Automatic,18.83,1966,262.0,3,No,Lake Annette,10.78
Ford,2019,Diesel,Automatic,12.51,3278,267.0,4,No,South Alice,10.89
Hyundai,2023,CNG,Automatic,19.87,1188,225.0,2,,New Courtneybury,-1.96
Toyota,2021,Diesel,Automatic,15.03,2901,118.0,2,Yes,Port Laura,5.37
Ford,2007,Petrol,Automatic,16.43,2871,107.0,3,No,Garciaton,11.36
Toyota,2020,Electric,Manual,20.84,1194,207.0,4,Yes,Timothyborough,8.25
BMW,2018,Petrol,Automatic,15.78,3480,237.0,1,No,Castrochester,10.76
Toyota,2016,Electric,Manual,19.88,2966,173.0,4,No,West Rachel,8.37
BMW,2016,Electric,Manual,18.58,1782,277.0,2,No,Port Peter,12.92
Honda,2015,CNG,Manual,13.77,3039,221.0,3,No,West Eugeneborough,8.46
Honda,2021,Diesel,Automatic,21.53,2762,95.0,2,Yes,North Jasonton,13.7
Kia,2012,Petrol,Automatic,,3334,134.0,3,No,Barrettville,4.08
Kia,2021,Petrol,Automatic,,3480,,4,Yes,Lake Gary,7.49
Hyundai,2015,Petrol,Automatic,25.63,1520,238.0,2,No,Gabrielberg,5.63
Ford,2006,CNG,Manual,16.36,3231,218.0,4,Yes,Perkinsberg,9.55
Hyundai,2014,CNG,Automatic,10.2,3193,302.0,2,No,South Spencerbury,6.89
BMW,2014,CNG,Manual,15.37,1272,263.0,4,,New Brandymouth,7.08
Hyundai,2015,Electric,Automatic,21.84,2603,202.0,2,Yes,Hansenland,5.18
Toyota,2010,Petrol,Automatic,17.67,2775,67.0,3,No,Sonyachester,6.16
BMW,2008,Electric,Manual,12.38,2850,175.0,4,No,Carlamouth,7.96
Kia,2016,Petrol,Manual,11.27,1724,235.0,4,No,North Johnside,-0.09
Honda,2015,Petrol,Manual,23.68,1675,273.0,3,No,Kevinton,-1.21
Kia,2017,Diesel,Automatic,20.43,1772,274.0,1,Yes,Louistown,8.24
Ford,2009,Petrol,Automatic,16.01,1178,116.0,2,Yes,New Lesliebury,-3.08
BMW,2010,CNG,Manual,25.53,2121,288.0,2,No,Raymondborough,7.23
BMW,2005,CNG,Automatic,28.6,2985,,3,No,South Sarah,6.49
Toyota,2010,CNG,Manual,22.14,924,283.0,2,No,New Shannon,10.17
Ford,2022,Diesel,Automatic,21.02,2225,,4,Yes,South Rebecca,5.31
Honda,2013,Diesel,Manual,20.11,1279,159.0,4,No,Josephhaven,14.28
Mahindra,2019,Electric,Manual,21.42,3417,134.0,3,Yes,West Catherinemouth,11.39
BMW,2012,Petrol,Automatic,25.83,2185,271.0,4,Yes,Jimmyville,1.95
BMW,2023,Petrol,Manual,14.11,2913,250.0,1,Yes,East Angelaview,6.86
Toyota,2020,CNG,Automatic,16.64,1231,122.0,2,Yes,Lake Kevin,14.11
Hyundai,2010,CNG,Automatic,17.81,2758,171.0,3,No,North Stacy,5.21
Honda,2010,CNG,Manual,20.3,1912,202.0,3,No,Christopherbury,7.79
Kia,2007,CNG,Manual,24.26,1400,158.0,2,Yes,Kevinland,13.62
Ford,2014,CNG,Automatic,,1655,284.0,1,Yes,Kelleyport,5.84
BMW,2005,CNG,Automatic,20.5,2853,134.0,3,No,South Edward,12.49
BMW,2018,Petrol,Manual,,957,257.0,2,No,Robertborough,4.36
Kia,2008,Diesel,Manual,18.09,3177,243.0,1,No,East Rebekah,-3.55
Honda,2016,CNG,Manual,16.34,1926,116.0,3,No,New Lee,12.91
Hyundai,2010,Petrol,Automatic,18.3,1022,308.0,1,Yes,New Jessicaborough,9.75
BMW,2015,CNG,Automatic,15.38,3249,173.0,3,,Rivasberg,10.02
Honda,2016,Electric,Automatic,15.45,2506,199.0,2,Yes,Amyberg,3.63
Kia,2014,Electric,Manual,19.47,1344,100.0,2,No,West Christine,3.95
Toyota,2022,Petrol,Manual,16.09,3356,212.0,2,Yes,West John,12.6
Hyundai,2011,Diesel,Automatic,,3031,291.0,1,No,East Williammouth,8.97
Ford,2011,Electric,Automatic,18.59,3428,164.0,4,No,East Gregory,7.53
BMW,2015,Electric,Manual,23.44,1337,165.0,1,,East Jefferyshire,8.88
Honda,2008,Diesel,Automatic,13.02,2236,189.0,2,No,South John,14.03
Toyota,2005,Electric,Manual,,3365,220.0,3,Yes,West Katherine,10.89
Ford,2017,CNG,Manual,17.56,3142,316.0,4,No,East Andrew,6.1
Mahindra,2022,Diesel,Manual,21.75,1059,288.0,1,No,Lake Charles,2.39
Honda,2013,Electric,Automatic,16.04,1625,241.0,1,,North Nicoletown,10.35
Honda,2013,Diesel,Automatic,17.6,1115,73.0,3,Yes,Dennisland,4.3
Ford,2013,CNG,Manual,22.0,1545,159.0,3,Yes,Moralesstad,3.27
Toyota,2014,Electric,Manual,16.45,1518,284.0,2,Yes,North Erica,13.26
Mahindra,2006,Petrol,Automatic,14.97,1900,290.0,1,No,Port Davidview,11.49
Kia,2010,Electric,Manual,20.83,1260,112.0,3,No,Greerchester,9.54
Toyota,2019,Electric,Automatic,12.78,1904,65.0,3,No,Lopezstad,3.05
Hyundai,2007,CNG,Automatic,16.51,2502,149.0,4,No,South Wesleyhaven,15.16
BMW,2015,Petrol,Automatic,18.46,2206,123.0,2,Yes,East Adrian,12.12
Ford,2010,Petrol,Manual,20.12,2996,147.0,2,No,Port Lisa,6.78
Kia,2007,Petrol,Manual,21.29,3192,92.0,1,Yes,Sethmouth,5.94
Mahindra,2015,CNG,Manual,21.91,2613,131.0,3,No,New Miguel,8.31
Ford,2019,CNG,Manual,16.79,2614,,2,Yes,Garzafurt,6.09
Ford,2017,CNG,Automatic,21.83,2541,312.0,1,Yes,Hoodport,16.85
Toyota,2014,CNG,Manual,20.02,1773,166.0,2,Yes,West Davidport,6.46
BMW,2010,CNG,Automatic,20.88,1721,61.0,1,Yes,Joneston,3.73
Hyundai,2019,Petrol,Manual,15.46,829,195.0,3,Yes,Wesleybury,14.35
Honda,2022,Diesel,Manual,20.66,1781,176.0,2,Yes,Kimberlyberg,5.72
Honda,2022,CNG,Manual,17.39,1030,180.0,1,,Allenchester,11.15
Ford,2011,Diesel,Manual,18.19,1985,153.0,1,Yes,Port Manuelburgh,10.7
BMW,2019,Electric,Manual,18.66,2051,,3,No,Sparksburgh,7.77
Mahindra,2022,Electric,Automatic,26.45,2044,147.0,2,Yes,Port Elizabethmouth,4.11
Mahindra,2022,CNG,Manual,14.34,1896,241.0,1,No,Youngland,7.81
Kia,2013,Electric,Manual,22.76,1198,250.0,1,Yes,West Wanda,3.32
Toyota,2006,Diesel,Manual,23.72,894,267.0,1,No,Lesterchester,7.91
BMW,2012,Electric,Manual,21.3,2763,111.0,1,No,Paulland,11.09
BMW,2006,Electric,Manual,15.86,1274,303.0,2,Yes,Michealmouth,14.87
Toyota,2015,Diesel,Automatic,24.79,2729,241.0,4,No,Pagechester,3.65
Mahindra,2011,Electric,Manual,16.67,2578,270.0,2,No,Amandabury,7.0
Mahindra,2010,CNG,Automatic,20.75,1574,257.0,1,No,Torreston,5.9
Mahindra,2014,Diesel,Manual,18.48,1947,92.0,2,Yes,Blairmouth,9.09
Ford,2009,Diesel,Automatic,16.52,2323,161.0,2,Yes,Alvarezport,1.91
BMW,2015,Petrol,Manual,20.19,1420,296.0,3,Yes,New Robertburgh,4.29
Honda,2005,Petrol,Manual,25.52,1763,275.0,3,Yes,Brettmouth,1.23
Toyota,2006,Diesel,Automatic,19.03,2942,186.0,1,No,North Timothyton,2.25
Mahindra,2005,Diesel,Manual,25.91,2300,153.0,4,No,Lake Yvonne,5.36
Kia,2023,Petrol,Automatic,17.27,2880,133.0,3,No,Port Omarburgh,14.68
Mahindra,2006,CNG,Manual,18.31,2126,187.0,2,No,West Traci,9.39
Mahindra,2008,Electric,Automatic,13.1,921,133.0,1,,West Austin,8.26
Hyundai,2016,Electric,Automatic,15.77,1017,315.0,4,Yes,New Kellie,13.39
Ford,2022,Electric,Automatic,17.13,1876,161.0,3,Yes,Reyesville,9.53
Toyota,2005,Diesel,Manual,16.68,1982,106.0,1,Yes,New Karibury,9.91
Hyundai,2005,CNG,Automatic,14.16,2494,224.0,4,No,South Amychester,6.11
Hyundai,2018,Petrol,Manual,14.95,1594,315.0,1,No,New Ivanview,5.45
Kia,2008,CNG,Automatic,16.85,2424,307.0,4,No,South Rickeybury,2.76
BMW,2009,CNG,Automatic,22.75,975,263.0,3,Yes,Josechester,5.6
Kia,2015,Electric,Automatic,12.02,1091,145.0,2,No,Franciscostad,6.88
BMW,2017,Petrol,Manual,9.67,1290,223.0,2,No,Port Andreastad,9.38
BMW,2020,CNG,Manual,10.96,1433,116.0,3,No,Port Joshua,7.85
Toyota,2017,Petrol,Manual,14.61,2060,265.0,3,No,Johnborough,6.54
Mahindra,2006,Diesel,Automatic,20.55,2972,207.0,3,No,Johnmouth,4.35
Toyota,2020,Electric,Manual,16.57,2690,80.0,4,No,Carterchester,9.6
Ford,2010,Petrol,Manual,16.52,1403,196.0,4,Yes,East Pamelaton,6.01
BMW,2018,Diesel,Automatic,16.43,1928,69.0,4,No,East Samanthaberg,9.42
Hyundai,2005,Diesel,Automatic,10.49,1865,104.0,4,Yes,Kellyport,0.35
Mahindra,2021,Diesel,Manual,21.45,2464,308.0,4,,South Brianmouth,9.35
Honda,2015,CNG,Manual,23.24,2283,89.0,4,Yes,Ellentown,10.99
Ford,2023,CNG,Manual,16.66,1290,284.0,4,No,Ortizton,10.48
Toyota,2007,Electric,Automatic,18.34,1364,,3,No,Lake Bryanstad,7.21
Kia,2015,Electric,Automatic,18.47,967,155.0,4,Yes,South Gary,11.66
Ford,2009,Diesel,Automatic,13.73,1558,76.0,1,No,New Thomas,2.91
Ford,2021,Electric,Automatic,16.23,1997,87.0,4,No,North Brandyborough,7.64
Mahindra,2011,CNG,Automatic,25.14,2704,185.0,2,No,Gentryberg,7.23
Ford,2014,Electric,Manual,17.98,1973,246.0,2,Yes,New Amy,12.15
Ford,2015,Petrol,Manual,18.89,3096,201.0,3,No,Jenniferport,-0.08
Honda,2007,CNG,Manual,15.23,2450,197.0,2,No,Robertfurt,3.77
Kia,2014,Diesel,Automatic,16.28,979,288.0,2,Yes,South Tonitown,14.99
Kia,2014,Diesel,Automatic,20.59,827,,2,Yes,West Kristen,-1.72
Kia,2018,Electric,Manual,14.64,2644,117.0,3,No,Jessicaberg,11.26
BMW,2016,CNG,Manual,24.48,2964,77.0,3,No,Port Kelseyfurt,5.2
Hyundai,2019,Diesel,Manual,11.53,1061,239.0,4,Yes,Millerville,9.02
Kia,2014,Diesel,Automatic,15.47,3473,217.0,2,,Port Jill,13.66
Ford,2014,CNG,Automatic,12.08,996,315.0,4,Yes,New Timothyside,9.17
Ford,2023,CNG,Automatic,,2260,96.0,3,No,Port Tony,13.74
Kia,2005,Diesel,Automatic,17.85,2462,138.0,4,No,Port James,6.03
Mahindra,2014,Electric,Automatic,16.85,2233,213.0,4,No,South Travisborough,6.56
Kia,2006,Electric,Manual,,1132,217.0,2,No,Port Christopher,11.15
Ford,2021,Electric,Manual,23.6,1981,134.0,3,No,East Jesse,6.24
BMW,2011,Petrol,Automatic,18.86,2575,114.0,2,No,Ryanberg,10.39
Toyota,2011,CNG,Automatic,22.57,878,265.0,4,Yes,South Alyssafurt,12.74
Toyota,2013,Diesel,Manual,16.83,2667,274.0,3,No,South Kelly,11.47
Kia,2006,Petrol,Automatic,14.15,2692,68.0,4,No,Paulafort,1.68
Honda,2018,Electric,Automatic,18.93,996,165.0,4,Yes,Stevenhaven,6.63
Kia,2021,Petrol,Manual,15.21,2583,304.0,2,Yes,Joshuamouth,9.13
Mahindra,2005,Diesel,Automatic,20.75,1025,162.0,3,Yes,Clarkport,7.02
Kia,2013,Diesel,Automatic,16.36,3442,92.0,3,Yes,Lake David,8.32
Toyota,2023,CNG,Manual,17.66,2361,167.0,2,Yes,Georgemouth,9.18
Ford,2008,Electric,Automatic,9.04,1534,132.0,1,Yes,Lake Andrewberg,5.89
Kia,2012,Electric,Automatic,17.5,2162,240.0,2,Yes,Dayview,7.23
Ford,2017,Petrol,Manual,17.03,2379,211.0,2,Yes,Larryborough,3.28
Ford,2008,Electric,Manual,22.65,2419,127.0,1,Yes,West Paul,6.09
Honda,2013,Petrol,Automatic,21.48,2842,256.0,3,No,South Joannestad,1.89
Ford,2013,Diesel,Manual,18.1,3384,,1,No,Lake Heidi,8.47
Toyota,2022,Diesel,Manual,11.48,1019,,4,No,Brianport,7.23
BMW,2016,Diesel,Automatic,16.24,3140,,4,Yes,Donaldland,4.34
BMW,2014,Diesel,Manual,22.66,2027,318.0,2,No,New Deborahhaven,15.14
Hyundai,2015,Diesel,Automatic,17.21,2528,234.0,4,Yes,North Edward,7.02
Mahindra,2011,Petrol,Manual,13.73,1001,74.0,1,Yes,Charlesside,9.15
Kia,2013,Diesel,Manual,22.61,2689,110.0,4,Yes,East Dorisborough,5.45
Mahindra,2010,Petrol,Automatic,11.51,2879,166.0,3,Yes,Charlesborough,6.34
Toyota,2023,Diesel,Automatic,17.55,2513,269.0,2,No,New Emily,9.3
Ford,2020,Petrol,Automatic,20.23,1552,261.0,2,No,North Kelliberg,6.67
BMW,2019,Petrol,Manual,18.5,1816,277.0,3,Yes,Lake Jaketon,8.01
Mahindra,2011,Petrol,Automatic,13.03,914,100.0,3,No,Port Timothyhaven,11.23
Toyota,2020,Electric,Automatic,14.28,2045,318.0,2,No,Jimeneztown,5.93
BMW,2009,Petrol,Manual,15.21,3029,262.0,3,Yes,Lake Rachaelside,2.67
Ford,2020,Petrol,Manual,21.14,1268,158.0,4,No,Jillianmouth,1.89
Mahindra,2005,Diesel,Manual,18.68,1225,208.0,4,No,Port Amy,13.75
BMW,2023,Petrol,Automatic,16.45,2375,164.0,4,No,Mooneyshire,11.72
Kia,2009,Petrol,Manual,19.64,2665,262.0,4,Yes,Charlesland,10.62
Kia,2011,CNG,Manual,15.0,1633,154.0,1,No,Jacksonstad,6.26
Hyundai,2023,Electric,Automatic,20.95,2828,236.0,1,No,Rosebury,2.67
Hyundai,2009,CNG,Manual,19.8,3332,124.0,1,Yes,Mistyborough,6.87
BMW,2021,Diesel,Manual,17.1,810,100.0,1,No,East Geoffreychester,7.63
Toyota,2012,Electric,Automatic,17.35,2208,283.0,4,No,West Dustinfort,3.47
Kia,2005,Electric,Manual,16.63,2889,126.0,4,Yes,South Dillonfurt,2.12
Toyota,2006,CNG,Automatic,21.98,2525,314.0,3,Yes,Port Larry,1.08
Toyota,2019,Electric,Automatic,18.86,2970,128.0,1,No,Richardsonton,10.63
BMW,2022,CNG,Automatic,17.13,3099,230.0,1,Yes,Meyersside,3.18
Toyota,2015,Petrol,Automatic,14.12,1772,160.0,2,No,Dyerfort,9.24
Kia,2014,CNG,Automatic,20.36,1403,199.0,3,,Williamborough,6.41
Ford,2008,Electric,Manual,20.17,1012,,4,Yes,Annaview,10.36
Hyundai,2009,Electric,Automatic,15.9,3115,,3,Yes,South Benjamin,9.34
Ford,2008,Diesel,Automatic,,1339,,3,No,West Austin,7.07
Toyota,2017,Diesel,Automatic,17.53,1505,215.0,2,No,New Nicole,8.52
Ford,2017,Diesel,Automatic,13.39,2558,183.0,2,Yes,North Amber,7.56
Kia,2022,Diesel,Manual,18.29,3466,73.0,3,Yes,West Alvin,5.54
Kia,2006,Electric,Manual,11.42,2484,86.0,1,No,Lake Angelamouth,11.92
Toyota,2020,Diesel,Manual,12.88,1958,304.0,4,,New Barbara,6.31
BMW,2005,CNG,Automatic,15.96,1297,109.0,2,,Lowefort,7.65
Ford,2023,Petrol,Manual,15.49,1581,246.0,2,Yes,New Amyborough,2.34
BMW,2013,Electric,Manual,19.81,2709,116.0,4,No,Allentown,9.1
BMW,2007,Diesel,Automatic,19.13,925,318.0,2,No,Port Thomas,5.56
Honda,2011,Electric,Automatic,23.51,2326,214.0,3,Yes,West Judith,6.09
Toyota,2014,Diesel,Manual,18.37,1640,93.0,4,Yes,Juliebury,4.64
Hyundai,2005,Electric,Manual,18.82,1782,85.0,1,No,Lake Jamesland,7.5
Kia,2014,Diesel,Manual,13.35,2141,309.0,2,No,Samanthastad,-0.03
Kia,2013,Petrol,Manual,13.36,811,145.0,2,Yes,New Lisa,10.73
Toyota,2019,Diesel,Automatic,18.26,2300,219.0,3,Yes,East Chelseamouth,7.85
Mahindra,2019,CNG,Automatic,18.33,2117,259.0,1,Yes,Lake Zachary,6.13
Mahindra,2007,Electric,Automatic,19.16,2263,165.0,2,No,New Stephanie,1.81
Mahindra,2009,Electric,Automatic,,2630,317.0,4,Yes,Victoriamouth,9.73
Hyundai,2013,CNG,Automatic,13.53,1315,279.0,4,No,Travisfurt,5.46
Kia,2013,CNG,Manual,24.76,3163,74.0,3,Yes,New Michaelshire,13.22
Toyota,2011,Petrol,Automatic,12.04,2503,,3,Yes,West Ianburgh,9.95
Kia,2016,Electric,Automatic,19.49,1947,118.0,2,Yes,North Adam,14.14
BMW,2013,Petrol,Manual,13.01,3161,141.0,3,No,West Jillstad,8.55
Ford,2010,Electric,Automatic,20.9,3394,177.0,4,No,Adamsfort,12.31
Ford,2006,Electric,Manual,12.06,2348,172.0,3,Yes,Adamsfort,9.85
Kia,2013,Petrol,Automatic,7.07,2886,316.0,4,Yes,Schwartzfort,6.2
Honda,2021,Electric,Automatic,18.58,3100,294.0,2,Yes,South Danielleport,8.75
Hyundai,2005,Electric,Automatic,17.5,3150,,4,No,East Andrewside,4.66
Mahindra,2023,Petrol,Manual,,1778,225.0,3,Yes,East Monica,16.28
Hyundai,2010,Diesel,Automatic,18.31,3105,290.0,4,Yes,Riverabury,7.6
Hyundai,2009,Petrol,Manual,15.02,3389,280.0,4,No,Evansmouth,8.1
BMW,2006,Electric,Automatic,15.84,2806,143.0,1,No,New Juliefort,9.56
Hyundai,2013,CNG,Automatic,30.86,3487,,1,Yes,Adamsville,3.65
Ford,2018,Diesel,Manual,14.5,2646,281.0,2,No,Gutierrezmouth,13.29
BMW,2008,CNG,Manual,20.1,3399,213.0,4,No,Erinmouth,3.9
Toyota,2008,Diesel,Automatic,19.61,3308,113.0,4,No,West Lisafort,2.99
Hyundai,2019,CNG,Manual,20.19,1023,178.0,4,No,Fieldsville,7.33
Hyundai,2012,Diesel,Automatic,19.86,2939,257.0,1,No,Lake Toddberg,2.88
Toyota,2008,Petrol,Automatic,16.93,1079,257.0,4,No,Albertport,14.25
Hyundai,2020,Diesel,Manual,10.95,1993,187.0,1,No,West Katherine,7.08
Toyota,2008,Diesel,Manual,18.62,2619,151.0,2,No,Andrewburgh,-4.88
BMW,2020,Diesel,Manual,17.95,2557,68.0,4,Yes,Wellsport,8.8
Ford,2016,Electric,Automatic,18.5,2845,286.0,4,Yes,Moonborough,10.21
Toyota,2020,CNG,Manual,20.26,1047,105.0,3,No,Lake Davidshire,6.31
Honda,2023,Petrol,Automatic,,2184,193.0,1,No,Burnsport,2.58
Toyota,2012,CNG,Manual,15.52,2172,75.0,3,Yes,Lake Ashley,7.59
Hyundai,2010,CNG,Manual,21.6,2925,274.0,2,Yes,Petersmouth,6.07
Mahindra,2014,Petrol,Manual,16.68,3305,171.0,1,Yes,Martinhaven,4.1
Mahindra,2009,Electric,Manual,16.03,3433,216.0,4,Yes,Harmonton,3.74
BMW,2022,Diesel,Manual,15.68,844,257.0,4,Yes,Floreschester,8.62
Kia,2014,Electric,Automatic,20.38,2885,117.0,4,No,South Alice,11.61
BMW,2014,Electric,Manual,17.16,1215,137.0,4,No,East Nancy,9.85
Kia,2011,Diesel,Manual,26.85,3092,301.0,2,Yes,Port Aimee,1.09
Mahindra,2022,CNG,Automatic,18.23,3340,,4,No,Teresahaven,10.46
Mahindra,2005,Diesel,Automatic,13.17,3170,65.0,4,Yes,North Kylemouth,11.09
Toyota,2011,Petrol,Automatic,16.25,2075,271.0,4,Yes,Parkerfort,13.57
Ford,2005,Diesel,Automatic,20.62,3315,143.0,3,No,East Miranda,4.2
Honda,2019,CNG,Manual,15.6,1884,171.0,2,No,South Willie,7.77
BMW,2008,Electric,Manual,17.93,1942,257.0,1,No,Boydstad,10.27
Hyundai,2014,Electric,Automatic,21.91,886,87.0,2,No,Dianaland,5.89
Kia,2013,Diesel,Manual,22.52,2927,200.0,2,Yes,Port Nicolasport,10.21
Hyundai,2006,Petrol,Automatic,15.9,1027,232.0,2,No,South Scottport,7.9
Ford,2018,CNG,Automatic,16.97,3330,79.0,4,,Acostamouth,4.61
Kia,2020,Electric,Manual,18.39,2638,176.0,3,No,Port Williamburgh,4.96
BMW,2005,Diesel,Manual,23.37,1422,113.0,3,No,Mooreside,13.0
Toyota,2006,Petrol,Automatic,13.6,2406,286.0,3,Yes,East Victor,4.01
Hyundai,2011,Petrol,Manual,19.44,1284,,3,Yes,West Francesmouth,3.33
Ford,2014,Electric,Automatic,18.22,824,290.0,1,Yes,New Christopher,9.38
BMW,2005,Electric,Automatic,14.41,2614,288.0,3,No,Nelsonburgh,7.88
Mahindra,2017,CNG,Automatic,22.95,2025,146.0,4,Yes,Smithborough,2.75
Mahindra,2005,Petrol,Automatic,21.96,2048,,4,No,West Diana,5.92
BMW,2009,CNG,Manual,24.15,1578,130.0,3,Yes,Ronaldview,4.73
BMW,2020,Petrol,Automatic,22.72,1730,287.0,1,Yes,East Richardborough,5.43
BMW,2019,Petrol,Automatic,18.04,2402,172.0,3,No,South Paulchester,18.1
Kia,2021,Diesel,Automatic,20.48,2382,164.0,4,No,South Mark,6.79
BMW,2020,Electric,Manual,19.33,1552,68.0,4,Yes,New Tannerstad,4.47
Hyundai,2017,Petrol,Automatic,14.37,2513,224.0,4,,New Michaelland,16.09
Ford,2015,CNG,Automatic,12.78,1900,119.0,2,No,North Vanessaborough,11.55
Kia,2021,Electric,Manual,19.48,1225,165.0,4,No,Lake Joan,10.9
BMW,2021,CNG,Automatic,18.39,1459,170.0,3,Yes,Keithberg,4.67
Honda,2006,Electric,Automatic,16.65,2317,148.0,4,Yes,Andersonfort,12.77
Honda,2017,Electric,Automatic,17.63,1346,289.0,1,,South Chloeborough,11.27
Ford,2018,Petrol,Automatic,25.08,1900,130.0,2,Yes,Theresaville,8.59
Mahindra,2015,Diesel,Manual,9.28,2902,178.0,1,Yes,Turnerland,1.13
Toyota,2014,Petrol,Manual,,2296,162.0,4,No,Port Samanthafort,7.92
Toyota,2007,Electric,Manual,21.37,2262,261.0,2,Yes,Joshuaborough,14.92
Mahindra,2021,Petrol,Automatic,21.87,2535,82.0,2,No,Fergusonbury,8.88
Kia,2019,Petrol,Manual,12.49,2571,149.0,2,No,Acostahaven,6.49
Kia,2013,Electric,Manual,16.83,3161,152.0,4,Yes,Thompsonville,7.09
Kia,2014,Electric,Automatic,16.63,2143,230.0,1,No,New Moniqueberg,7.36
Toyota,2012,Petrol,Manual,19.17,3067,280.0,4,No,East Bradleyport,4.8
Honda,2017,Petrol,Manual,13.48,2194,83.0,2,No,Butlermouth,7.84
Toyota,2022,Petrol,Manual,19.51,2039,261.0,4,Yes,Aguilarmouth,13.77
Hyundai,2009,CNG,Automatic,14.46,848,183.0,2,Yes,Jonville,13.32
BMW,2010,Petrol,Automatic,16.81,2620,201.0,2,Yes,South Troy,4.98
Kia,2021,CNG,Manual,23.38,3310,111.0,2,No,Bryanttown,13.1
Honda,2015,Diesel,Manual,21.37,2965,129.0,4,No,Chavezberg,11.04
Ford,2020,CNG,Automatic,18.5,2929,319.0,4,Yes,Port Brenda,10.53
Ford,2013,Petrol,Automatic,12.43,2546,245.0,2,Yes,Madisonchester,9.73
BMW,2006,Diesel,Automatic,19.33,1295,266.0,3,No,North Kimberly,4.28
Honda,2009,CNG,Automatic,19.6,1433,,1,Yes,Hughesville,6.38
Toyota,2005,CNG,Manual,9.6,1401,125.0,2,No,Taylorchester,11.33
Toyota,2008,Electric,Automatic,19.4,975,72.0,2,Yes,Haleybury,3.17
Hyundai,2008,Diesel,Manual,,1438,253.0,2,Yes,North Edwardchester,3.84
Hyundai,2007,Electric,Automatic,12.08,1096,192.0,2,Yes,Billymouth,9.22
Toyota,2013,Diesel,Automatic,13.51,2083,254.0,2,Yes,Owenschester,4.84
Ford,2016,CNG,Automatic,9.35,2674,137.0,3,No,Lake Jeff,11.3
Kia,2014,Electric,Automatic,16.37,1274,309.0,4,Yes,Garybury,4.98
Ford,2006,Petrol,Manual,13.98,2446,291.0,3,No,Tracyborough,8.98
Hyundai,2015,CNG,Manual,22.56,2758,239.0,2,No,North Sara,9.31
BMW,2014,Diesel,Manual,16.56,3383,236.0,2,Yes,New Laurabury,6.07
Toyota,2010,Diesel,Automatic,15.12,1860,88.0,2,No,South Craig,7.04
Hyundai,2022,Electric,Manual,11.63,2588,225.0,4,No,Fieldsfort,5.28
Hyundai,2006,Electric,Automatic,16.29,824,285.0,1,Yes,North Yvonnebury,7.93
Kia,2006,Diesel,Automatic,23.41,1148,195.0,1,Yes,Smithmouth,4.15
Toyota,2014,CNG,Manual,24.19,1436,246.0,3,Yes,North Lisaview,7.11
Kia,2020,Electric,Automatic,16.54,1026,,3,Yes,Davidbury,10.99
Toyota,2016,Petrol,Automatic,17.72,2171,61.0,1,Yes,Port Victor,3.45
Kia,2005,Diesel,Manual,20.81,837,76.0,2,Yes,New Nancy,6.05
Ford,2012,Petrol,Automatic,13.9,2206,118.0,4,No,Johnsonside,10.07
BMW,2020,Diesel,Automatic,19.48,3417,147.0,3,No,Port Sarahbury,-0.31
BMW,2022,Petrol,Manual,27.47,3083,282.0,4,Yes,North Michaelland,15.42
Toyota,2017,CNG,Manual,21.06,2004,117.0,2,No,Isabellaview,12.18
Honda,2019,Diesel,Automatic,20.93,2961,251.0,2,No,Sherryville,1.85
Mahindra,2016,CNG,Manual,23.38,3153,109.0,3,No,Lake Andrewfurt,-0.42
Hyundai,2012,Electric,Automatic,21.62,2979,272.0,1,Yes,Port Joshua,8.12
Hyundai,2014,Diesel,Manual,16.99,1147,289.0,1,Yes,West Bradley,3.52
Toyota,2018,CNG,Automatic,13.28,2003,213.0,1,Yes,East Sandra,11.85
Kia,2009,Petrol,Manual,17.47,3262,105.0,2,Yes,Underwoodside,9.58
Honda,2022,CNG,Manual,14.12,1782,177.0,2,No,Silvaview,8.49
Ford,2023,Diesel,Automatic,16.87,1531,235.0,4,Yes,Allenfort,5.72
Kia,2019,CNG,Manual,14.52,3232,127.0,4,Yes,Jasonville,14.4
Kia,2010,Petrol,Manual,16.44,3359,310.0,4,Yes,Elizabethborough,11.01
Toyota,2015,Petrol,Automatic,12.06,1866,,2,No,Sarahberg,10.41
Toyota,2015,Petrol,Manual,15.23,2303,259.0,1,No,Staceyport,12.8
Hyundai,2022,Electric,Manual,19.62,1941,205.0,2,,New Joseph,3.92
Toyota,2022,Diesel,Manual,20.63,2394,110.0,4,Yes,Ronaldchester,13.14
Toyota,2014,Petrol,Automatic,19.76,2908,245.0,4,Yes,East Leslie,6.94
Toyota,2006,Electric,Manual,16.5,3400,258.0,4,No,Hamptonville,9.34
Hyundai,2013,Petrol,Automatic,18.5,2609,204.0,4,No,Heathermouth,7.37
Ford,2018,CNG,Automatic,25.78,3035,118.0,3,No,Normanton,0.49
Ford,2023,Diesel,Manual,15.12,1252,254.0,4,Yes,South Brian,11.83
Mahindra,2014,CNG,Automatic,24.42,3034,202.0,2,Yes,East Kevinville,0.7
Mahindra,2008,Electric,Automatic,12.22,2563,282.0,3,No,Hernandezburgh,4.13
Toyota,2010,CNG,Automatic,11.16,963,159.0,1,No,Mendozamouth,6.19
Mahindra,2018,CNG,Automatic,17.41,2247,85.0,2,No,Normanbury,0.19
Hyundai,2008,Petrol,Manual,17.85,901,73.0,2,Yes,Greenstad,3.6
Ford,2019,CNG,Manual,13.48,2252,181.0,1,Yes,Jameschester,8.98
Kia,2020,Petrol,Manual,16.68,1490,66.0,2,No,Parkerstad,6.61
Ford,2011,Petrol,Automatic,19.61,2250,278.0,3,No,Virginiafurt,6.94
Ford,2021,Diesel,Automatic,14.1,3425,279.0,1,Yes,Danielport,4.34
Hyundai,2023,Electric,Manual,22.06,3458,242.0,3,No,Hayesmouth,8.18
Mahindra,2023,Electric,Automatic,22.5,2766,167.0,4,,North Traciville,6.7
Kia,2021,Electric,Manual,22.98,1335,183.0,1,Yes,Youngton,1.44
Hyundai,2010,Petrol,Automatic,14.37,2825,229.0,3,No,Port Davidshire,7.2
Toyota,2015,Electric,Manual,14.89,2500,316.0,4,Yes,Shawnmouth,3.03
BMW,2020,Petrol,Manual,17.31,2263,68.0,3,Yes,Jamestown,11.59
Ford,2012,Diesel,Manual,16.91,2429,184.0,3,Yes,New Dustin,6.43
BMW,2015,Electric,Automatic,16.7,2678,221.0,2,Yes,New Malikside,18.09
Hyundai,2011,Petrol,Manual,21.02,923,95.0,4,Yes,Riosbury,11.87
Hyundai,2023,Electric,Automatic,20.45,3196,63.0,2,Yes,Donaldhaven,7.48
Hyundai,2014,Electric,Automatic,14.5,1048,146.0,4,No,South Kyleton,10.32
BMW,2013,Diesel,Manual,13.44,2771,150.0,4,Yes,North Daniel,-0.36
Hyundai,2008,CNG,Manual,13.04,2094,117.0,2,Yes,Kristaview,11.85
Toyota,2019,Electric,Automatic,14.48,2252,199.0,2,Yes,Jamesfort,4.72
Hyundai,2017,Diesel,Automatic,21.38,2393,231.0,2,Yes,Lake Ronnie,8.36
Honda,2006,Electric,Manual,18.57,1512,319.0,4,Yes,Buckleytown,5.09
Mahindra,2006,Electric,Manual,21.7,1046,84.0,4,No,East Richardville,5.51
BMW,2020,Electric,Automatic,11.2,1280,257.0,4,Yes,Middletonhaven,7.28
Honda,2013,Electric,Manual,19.09,2945,126.0,4,Yes,Thomasstad,8.31
Hyundai,2017,CNG,Manual,19.04,3176,177.0,4,No,Port Jason,7.89
Toyota,2007,CNG,Manual,22.8,2248,,4,Yes,North Joshuatown,7.99
Ford,2013,Electric,Manual,16.36,1828,156.0,3,No,Allenfort,1.5
Kia,2017,Electric,Automatic,16.08,2813,131.0,2,No,Bennettview,17.33
Mahindra,2006,Diesel,Automatic,24.03,1258,317.0,4,Yes,Gibsonburgh,8.93
Kia,2012,Diesel,Manual,,1392,97.0,3,No,East Christinatown,9.75
Hyundai,2013,Petrol,Manual,18.71,1297,115.0,1,No,Melissafurt,6.64
Mahindra,2020,CNG,Automatic,19.91,2934,162.0,3,Yes,Edwardport,4.5
Mahindra,2006,Electric,Automatic,11.33,3249,162.0,2,Yes,Raymondside,8.6
Toyota,2010,CNG,Automatic,18.16,2116,275.0,1,No,North Kathleen,9.16
Mahindra,2012,Diesel,Automatic,13.02,996,80.0,4,No,East Julie,13.21
BMW,2009,CNG,Automatic,17.65,826,174.0,2,Yes,Port Pamelaberg,16.31
Honda,2013,CNG,Manual,16.82,2517,269.0,1,Yes,South Barrystad,13.91
Honda,2005,Electric,Manual,15.97,2982,262.0,3,Yes,Raymondview,0.93
Honda,2013,Electric,Automatic,20.51,1913,247.0,1,Yes,Port Rogerberg,6.16
BMW,2014,Diesel,Automatic,18.39,3053,210.0,2,Yes,East Jacob,9.34
Kia,2008,Electric,Manual,13.76,2238,,1,No,Angelamouth,6.4
Toyota,2007,Diesel,Automatic,13.62,1402,273.0,3,No,East Valerie,7.82
Mahindra,2014,Diesel,Automatic,21.36,1891,,1,No,Port Debraside,-0.58
BMW,2019,Petrol,Manual,17.85,1161,253.0,3,No,Lake Karen,11.66
Honda,2015,Petrol,Manual,12.3,2083,309.0,1,Yes,North Monicaton,0.5
Hyundai,2018,Petrol,Manual,16.33,1886,140.0,3,No,Arellanoport,1.71
Ford,2010,CNG,Manual,17.37,2815,100.0,3,No,Cherrytown,3.94
Mahindra,2016,Petrol,Automatic,13.06,1771,79.0,3,No,South Tracyburgh,7.61
BMW,2017,Electric,Manual,15.45,2515,68.0,4,Yes,Fosterborough,1.51
BMW,2021,Electric,Automatic,21.67,2446,183.0,3,Yes,Davidburgh,3.76
Toyota,2020,Petrol,Automatic,27.96,2526,262.0,2,Yes,Lewisside,12.6
Toyota,2007,CNG,Automatic,19.21,1707,137.0,3,Yes,Foxborough,7.55
BMW,2006,Diesel,Automatic,12.58,1045,269.0,4,No,Ricardoburgh,9.73
Honda,2015,CNG,Manual,17.13,3125,77.0,4,No,Tracystad,3.06
Ford,2013,CNG,Automatic,18.49,1146,295.0,2,No,North Reginald,7.78
Mahindra,2007,Diesel,Automatic,21.15,2760,259.0,3,No,Amyside,7.46
Toyota,2022,Diesel,Automatic,,1171,311.0,4,No,North Luismouth,4.82
Mahindra,2019,Diesel,Manual,23.46,1608,298.0,4,No,Port Carlos,7.8
Honda,2018,Electric,Manual,17.99,2970,178.0,1,No,West Jeffborough,0.43
Mahindra,2006,Diesel,Manual,18.07,959,66.0,1,No,New Christian,9.75
Hyundai,2021,Diesel,Manual,10.45,1950,312.0,2,Yes,Tracychester,6.4
Toyota,2012,CNG,Manual,13.95,2134,187.0,1,No,Nicholasstad,6.97
Honda,2014,CNG,Automatic,12.55,1317,151.0,3,,West Christina,11.41
Honda,2022,Petrol,Manual,14.64,2088,65.0,1,Yes,South Jessicachester,9.73
Ford,2023,CNG,Automatic,13.39,1545,133.0,4,No,Port Williammouth,6.73
Ford,2012,Diesel,Manual,13.66,3135,115.0,2,No,Stevenshaven,3.53
Hyundai,2012,Electric,Automatic,22.36,1219,297.0,1,Yes,West Erin,13.31
Honda,2007,CNG,Manual,10.31,2351,81.0,2,Yes,West Debraland,2.64
Kia,2007,CNG,Automatic,17.21,939,100.0,3,No,West Hollyhaven,10.52
Honda,2016,Diesel,Manual,21.46,2632,317.0,3,Yes,East Johnnybury,1.61
Ford,2021,CNG,Automatic,16.79,1506,107.0,1,Yes,Edwardsland,11.67
Kia,2008,CNG,Automatic,23.31,1497,198.0,1,Yes,South Melissaside,12.04
Toyota,2021,Diesel,Automatic,15.6,1274,261.0,1,Yes,Port Stephanie,0.35
Toyota,2018,CNG,Automatic,25.0,2460,199.0,4,No,New Austinside,9.8
Mahindra,2023,Electric,Automatic,11.73,2701,201.0,3,Yes,South Matthew,9.47
BMW,2013,Petrol,Automatic,23.32,3236,292.0,4,Yes,Nguyenshire,10.81
Ford,2016,CNG,Manual,14.42,1310,217.0,1,No,Lake Benjaminburgh,9.46
BMW,2009,Electric,Manual,23.78,1337,97.0,3,Yes,East Victoriabury,4.15
Kia,2015,CNG,Automatic,16.13,3060,134.0,4,Yes,Tammyborough,7.13
Ford,2007,Petrol,Automatic,22.42,2336,234.0,4,Yes,West Sandy,14.66
Hyundai,2019,Diesel,Automatic,23.1,2088,98.0,2,No,Sylviachester,3.57
Honda,2018,Petrol,Automatic,15.69,2166,132.0,4,Yes,Briannamouth,9.29
Hyundai,2015,CNG,Automatic,22.09,1861,117.0,1,Yes,North Stephanieland,12.61
Kia,2012,Petrol,Automatic,17.89,1032,148.0,1,Yes,North Susan,4.04
Ford,2008,Petrol,Automatic,12.15,3107,193.0,4,Yes,Allisonchester,2.33
Kia,2016,Diesel,Manual,20.03,1107,202.0,2,Yes,North Stephanieport,2.94
Honda,2012,CNG,Automatic,13.93,1202,154.0,2,Yes,North Sarah,9.58
Toyota,2010,Petrol,Automatic,15.39,1796,215.0,2,No,North Breannafort,2.9
Toyota,2019,Petrol,Manual,14.43,2084,260.0,4,Yes,Averyberg,7.46
Kia,2016,Diesel,Manual,19.51,2299,219.0,4,No,Lake Zachary,13.49
BMW,2020,Electric,Automatic,14.06,1549,270.0,2,No,Port Allisonberg,7.79
Ford,2020,CNG,Manual,13.09,1929,231.0,4,No,Ruizview,4.89
Ford,2008,Electric,Manual,13.83,1103,129.0,3,No,New Carriemouth,8.5
Toyota,2015,Electric,Manual,15.16,3190,204.0,1,Yes,Everettmouth,7.73
Mahindra,2017,Diesel,Automatic,19.99,2270,,4,Yes,Port Karen,9.81
Hyundai,2013,Diesel,Automatic,21.64,1861,176.0,3,Yes,Macdonaldbury,14.48
Mahindra,2008,CNG,Manual,21.58,1654,244.0,4,Yes,Turnerborough,9.59
Honda,2016,Electric,Automatic,17.86,1869,262.0,3,Yes,New Barbara,16.14
Hyundai,2013,Petrol,Automatic,17.76,2545,221.0,2,Yes,Lake Malik,9.82
Hyundai,2017,Electric,Automatic,,2428,247.0,1,No,West Derrickfurt,4.93
Kia,2020,Diesel,Manual,19.78,3103,102.0,4,Yes,Coxchester,17.15
Toyota,2010,Petrol,Manual,22.48,2984,260.0,3,Yes,New Staceyville,7.5
Mahindra,2014,Petrol,Manual,,2054,290.0,3,No,Port Debraview,3.78
Mahindra,2017,Diesel,Manual,20.13,1617,63.0,2,Yes,East Ericstad,17.29
Toyota,2011,Petrol,Automatic,13.04,2537,299.0,1,No,South Geoffreymouth,5.07
Mahindra,2023,Electric,Automatic,21.41,1772,265.0,1,Yes,Abigailside,4.91
Toyota,2023,Diesel,Automatic,18.86,837,153.0,1,Yes,Jamesville,5.79
Kia,2021,CNG,Manual,13.87,1978,291.0,3,No,Douglasview,8.66
BMW,2017,Diesel,Manual,22.28,904,219.0,4,Yes,South Julia,11.72
Hyundai,2017,CNG,Automatic,,1054,172.0,4,Yes,North Yvette,-2.6
Kia,2006,CNG,Manual,8.9,3335,311.0,2,No,East Gordon,11.71
Ford,2014,Diesel,Manual,21.39,2781,281.0,1,Yes,Santosfort,5.78
Honda,2017,Diesel,Automatic,19.54,3305,153.0,4,Yes,Brandonfurt,6.35
BMW,2013,CNG,Manual,,3375,226.0,3,Yes,Travisville,14.86
Ford,2005,CNG,Manual,19.42,1390,,3,Yes,New Douglasberg,8.85
Hyundai,2018,Petrol,Automatic,22.68,1324,269.0,1,No,Nathanstad,9.79
Mahindra,2020,Diesel,Manual,19.04,1169,315.0,2,No,Richardview,7.81
Toyota,2019,Diesel,Automatic,27.75,901,132.0,2,No,East Lindaland,11.05
Hyundai,2005,Petrol,Automatic,14.6,1463,273.0,1,,Carlosborough,14.47
Kia,2021,Diesel,Manual,9.06,1489,210.0,3,No,Tonyaburgh,-1.9
Honda,2017,Petrol,Automatic,12.36,2726,294.0,2,Yes,Nathanstad,12.34
Kia,2019,Petrol,Manual,8.82,3446,275.0,3,Yes,Simmonsburgh,14.19
BMW,2020,Diesel,Manual,26.56,3447,168.0,3,No,East Matthew,10.0
BMW,2020,Electric,Manual,17.98,3388,179.0,4,No,East Samanthafurt,5.29
Honda,2006,CNG,Manual,25.76,2335,157.0,2,Yes,North Blakefort,3.39
Ford,2021,Diesel,Manual,16.58,3236,269.0,3,No,East Ryan,17.45
Ford,2015,Electric,Manual,14.38,3210,91.0,4,,Port Ashley,4.38
BMW,2012,Petrol,Manual,11.08,2828,285.0,3,Yes,New James,14.07
BMW,2007,Electric,Manual,16.41,1730,274.0,1,Yes,West Daniel,9.56
Mahindra,2016,Diesel,Manual,21.38,2656,182.0,2,No,East Justin,16.18
Toyota,2020,Diesel,Automatic,17.1,3459,,3,No,East Catherinestad,6.73
Mahindra,2018,Electric,Automatic,11.61,2789,111.0,2,Yes,Jeromeland,1.57
Mahindra,2020,Diesel,Manual,20.61,3190,239.0,4,No,Justinhaven,8.01
Ford,2021,CNG,Manual,21.36,2982,246.0,2,No,Ericport,2.05
Honda,2015,Electric,Manual,15.88,2685,167.0,3,Yes,Brooksburgh,18.71
Ford,2021,Petrol,Automatic,15.38,1777,185.0,2,,Thompsonfurt,10.52
Toyota,2023,Electric,Automatic,11.16,2794,253.0,1,No,East Larry,11.11
Kia,2005,Electric,Manual,20.51,1179,93.0,1,No,Cordovaburgh,11.12
BMW,2016,Electric,Manual,16.15,2313,241.0,4,Yes,South Kevin,5.23
BMW,2019,Electric,Manual,7.28,1948,298.0,3,Yes,North Isaacbury,7.47
Toyota,2022,Petrol,Automatic,12.06,2885,205.0,2,,Jeffreyburgh,8.44
Mahindra,2018,Petrol,Manual,20.25,1580,103.0,4,No,Campbellmouth,15.78
Honda,2005,Petrol,Automatic,16.63,1109,318.0,4,No,South Angelaland,3.37
BMW,2017,Electric,Automatic,13.46,2953,78.0,3,No,Arnoldview,5.09
Hyundai,2019,CNG,Manual,18.22,1355,274.0,2,Yes,Coleland,6.55
Mahindra,2011,CNG,Automatic,14.64,1196,,4,No,Richmondmouth,5.31
BMW,2019,Petrol,Manual,15.43,3000,290.0,4,Yes,South Coryhaven,2.16
Hyundai,2014,CNG,Automatic,16.92,3383,64.0,3,No,Kristinshire,-2.82
Toyota,2018,CNG,Automatic,24.74,2683,221.0,3,,Port Danielle,0.69
Toyota,2010,CNG,Manual,24.72,1969,275.0,4,Yes,Lambhaven,12.4
Mahindra,2018,CNG,Manual,10.12,3430,159.0,2,No,Williamville,7.97
BMW,2016,CNG,Automatic,17.74,1000,230.0,4,,North Jillfort,11.34
Ford,2015,Diesel,Automatic,12.19,2690,,1,Yes,Keithhaven,5.67
Hyundai,2023,Petrol,Automatic,13.75,811,228.0,3,No,New Leslie,7.61
Honda,2006,Electric,Manual,10.56,1875,97.0,1,No,North Robert,14.45
BMW,2005,CNG,Manual,14.53,2776,287.0,2,No,East Donnatown,14.21
Honda,2012,Diesel,Manual,13.23,2125,184.0,3,No,New Charlesborough,11.77
BMW,2018,Electric,Manual,,2695,196.0,2,,North Cynthiafurt,8.81
Ford,2013,Diesel,Automatic,14.63,1719,167.0,1,No,Mooreton,10.07
Ford,2006,CNG,Automatic,10.22,3368,127.0,2,Yes,Hortonfort,9.48
Mahindra,2009,CNG,Automatic,17.99,2947,163.0,3,No,North Susanbury,7.33
Mahindra,2012,CNG,Automatic,17.29,1670,305.0,1,No,Hollystad,6.38
Ford,2020,CNG,Automatic,16.95,1165,224.0,3,No,Lake Brittneyshire,12.49
Kia,2020,Electric,Manual,20.44,1456,251.0,1,Yes,Port Vincent,2.82
Ford,2017,Electric,Manual,22.93,960,254.0,4,No,Jefferychester,13.95
Toyota,2019,Diesel,Automatic,16.89,974,191.0,2,No,Aprilberg,6.9
Toyota,2005,Petrol,Automatic,19.06,2303,203.0,2,Yes,North Teresaton,2.74
Kia,2007,CNG,Automatic,16.99,1344,278.0,3,Yes,Christophermouth,5.82
Hyundai,2010,Diesel,Automatic,20.03,3324,85.0,4,,Christopherport,4.5
Honda,2018,Diesel,Automatic,12.12,3130,310.0,3,Yes,Karenmouth,5.7
BMW,2008,Diesel,Automatic,20.47,2561,154.0,3,,South Laurieberg,5.62
BMW,2022,CNG,Automatic,19.13,1756,259.0,1,No,Port Debbie,5.47
Kia,2019,CNG,Automatic,14.16,1251,162.0,4,Yes,Mariestad,6.77
Toyota,2013,Diesel,Manual,26.83,881,252.0,1,No,Port Lawrencehaven,7.74
Mahindra,2022,CNG,Automatic,12.56,2036,61.0,3,Yes,Christopherchester,11.06
BMW,2007,Diesel,Automatic,19.32,1615,306.0,1,Yes,Lake John,7.02
Toyota,2014,Electric,Manual,14.17,3367,150.0,1,No,Gregorystad,9.3
Hyundai,2021,CNG,Manual,20.31,2981,104.0,2,No,North Brentton,8.03
Honda,2011,Electric,Automatic,26.0,1246,62.0,4,No,East Michellemouth,10.16
Hyundai,2019,Petrol,Manual,,2965,123.0,2,Yes,Daviston,8.19
Kia,2005,CNG,Manual,17.54,2419,194.0,4,No,Shannonborough,5.41
Ford,2015,Petrol,Automatic,21.71,2593,235.0,2,No,Franklinside,4.33
Ford,2021,Diesel,Manual,15.64,1548,179.0,3,No,Christianstad,8.84
Ford,2009,CNG,Automatic,19.96,1973,233.0,2,Yes,Randyfurt,13.09
Hyundai,2011,CNG,Automatic,18.35,2709,177.0,4,No,Jennifershire,7.08
BMW,2023,CNG,Automatic,13.13,2356,244.0,4,No,Katherinemouth,5.2
Honda,2019,Petrol,Manual,24.83,1445,302.0,4,Yes,North Christineside,6.98
Ford,2007,Petrol,Manual,22.98,1178,273.0,2,No,Johnsland,5.75
Kia,2019,Diesel,Automatic,14.58,3455,180.0,1,No,Milesport,5.33
Kia,2009,Electric,Automatic,22.1,3372,122.0,2,No,New Aliciamouth,2.23
Ford,2016,Electric,Manual,13.29,1940,208.0,1,No,Patriciaburgh,7.02
Ford,2009,Petrol,Automatic,19.85,3423,88.0,2,Yes,Lawrencefurt,8.94
Honda,2007,CNG,Manual,18.19,1736,284.0,3,,Shannonside,3.67
Ford,2013,Electric,Manual,24.71,2813,232.0,3,,East Tonyaburgh,4.49
Honda,2013,Electric,Manual,,1461,303.0,2,No,Gardnerside,4.21
Kia,2011,Petrol,Manual,11.82,2140,190.0,2,No,Jerryfort,2.45
Ford,2006,Diesel,Manual,22.08,1675,79.0,2,No,Port Donald,4.18
Hyundai,2020,Petrol,Manual,16.24,811,,3,Yes,Davidhaven,7.21
Mahindra,2013,Petrol,Automatic,16.05,1913,294.0,1,No,Craigshire,2.63
Hyundai,2017,CNG,Automatic,18.12,1187,280.0,4,No,Josephside,7.45
Kia,2023,Petrol,Manual,15.7,2930,229.0,1,No,West Rebecca,5.19
Honda,2021,CNG,Manual,25.18,2719,105.0,2,Yes,West Erictown,4.28
Hyundai,2010,Diesel,Automatic,21.22,1195,119.0,3,No,Krauseborough,9.51
Honda,2008,CNG,Automatic,13.42,3392,155.0,4,Yes,Stacymouth,5.44
Hyundai,2005,Diesel,Automatic,15.09,1439,90.0,1,No,Jenniferchester,6.12
Hyundai,2022,Diesel,Automatic,12.76,899,175.0,2,No,West Roberto,13.19
Honda,2023,Diesel,Automatic,21.87,1256,121.0,3,Yes,South Williamhaven,4.32
BMW,2013,Petrol,Automatic,17.73,2822,205.0,3,No,Wintersstad,14.26
Hyundai,2017,CNG,Automatic,14.09,3175,112.0,4,No,Jessicaborough,6.61
Ford,2012,Electric,Automatic,24.29,873,110.0,1,Yes,Jonchester,3.46
Mahindra,2017,Petrol,Manual,20.02,2939,228.0,3,No,Nicolehaven,5.78
Kia,2019,Diesel,Automatic,18.74,3177,254.0,2,No,Lake Joshuamouth,8.28
BMW,2015,Electric,Manual,,2663,142.0,2,No,Port Kenneth,13.02
Honda,2016,Petrol,Automatic,12.57,974,193.0,4,Yes,North Elainefort,11.2
BMW,2018,Electric,Automatic,20.24,2560,140.0,1,Yes,Mccarthyville,8.26
Toyota,2008,Diesel,Automatic,16.32,3162,278.0,3,No,New Kevin,13.04
Toyota,2005,Electric,Automatic,21.48,1296,61.0,4,No,Port Stephen,0.48
Hyundai,2008,Electric,Automatic,20.56,2092,310.0,1,Yes,East Molly,9.0
Hyundai,2023,Diesel,Manual,17.76,1227,,1,,New Amber,9.24
Ford,2013,Electric,Automatic,17.47,834,215.0,3,No,Erinfurt,9.29
Mahindra,2014,Petrol,Manual,24.64,2966,96.0,4,Yes,Lake Benjamin,1.56
Kia,2008,Electric,Manual,12.65,2194,288.0,4,Yes,East Alison,3.93
BMW,2013,CNG,Automatic,15.71,2180,204.0,4,Yes,Stacyfurt,7.33
Toyota,2017,Petrol,Manual,,3237,115.0,4,No,Louisshire,12.46
Hyundai,2016,Electric,Automatic,23.94,975,180.0,1,No,Port Juanland,15.66
Kia,2015,CNG,Automatic,17.45,2953,270.0,4,Yes,East Jerryberg,5.34
BMW,2016,CNG,Automatic,15.2,1391,319.0,4,No,Lake Julie,2.76
Hyundai,2022,CNG,Manual,15.28,1986,162.0,3,,Millerview,11.26
Hyundai,2016,Electric,Automatic,12.26,1713,294.0,2,No,West Kevinborough,18.46
Toyota,2020,Diesel,Manual,26.01,2090,97.0,1,No,West Morganville,12.43
Toyota,2009,CNG,Automatic,17.41,2386,167.0,3,Yes,Port Markton,5.01
Hyundai,2016,Diesel,Automatic,19.86,2102,283.0,3,No,Jacobberg,19.44
Honda,2015,Petrol,Manual,19.9,2126,243.0,3,Yes,South Travisville,10.75
Hyundai,2013,Diesel,Manual,23.94,1752,214.0,1,,Johnsonshire,4.84
Kia,2022,Diesel,Manual,16.32,1660,91.0,2,Yes,Port Lee,15.74
Hyundai,2007,Diesel,Manual,16.6,2974,293.0,1,Yes,Davisberg,4.52
Ford,2021,Diesel,Manual,21.32,2069,309.0,4,No,Benjaminmouth,5.52
Mahindra,2018,Diesel,Manual,10.82,1033,117.0,2,Yes,East Christieberg,10.91
Ford,2005,Petrol,Automatic,23.96,2262,222.0,1,No,Lake Ianland,7.9
Ford,2021,Petrol,Manual,24.95,2984,76.0,1,No,West Jenniferton,8.15
Honda,2012,Diesel,Automatic,,2609,313.0,4,Yes,Lake Diane,8.15
Honda,2009,Diesel,Automatic,14.25,3403,205.0,1,Yes,Port Karlastad,12.46
Hyundai,2009,CNG,Automatic,21.41,1972,288.0,2,Yes,West Jason,-1.3
Ford,2013,Petrol,Automatic,17.24,855,299.0,3,,Landryton,9.14
Honda,2007,Electric,Automatic,18.57,3203,75.0,1,No,Michaelmouth,6.84
Toyota,2023,Petrol,Manual,18.87,1612,,1,No,Lake Samuel,4.99
Hyundai,2013,Electric,Automatic,15.37,2649,319.0,2,Yes,Danielmouth,4.98
Kia,2022,CNG,Automatic,19.39,2759,63.0,1,Yes,Davisstad,-2.55
Mahindra,2020,Diesel,Automatic,12.15,1886,310.0,3,Yes,Browntown,4.81
BMW,2005,CNG,Manual,9.22,1605,144.0,4,No,Gonzalezland,13.16
Hyundai,2006,Diesel,Manual,19.46,2375,122.0,4,,West Robert,11.33
BMW,2018,Petrol,Manual,22.17,1399,159.0,4,No,Troyton,7.23
Ford,2018,Diesel,Manual,,3415,302.0,3,No,Port Dianeside,2.35
Mahindra,2005,Electric,Automatic,15.72,1411,221.0,4,Yes,North Anna,11.29
BMW,2020,Electric,Manual,20.59,2038,237.0,2,No,Hicksberg,13.24
Ford,2019,CNG,Automatic,17.92,2988,,2,No,Hatfieldstad,12.14
Toyota,2019,Petrol,Manual,15.74,2749,101.0,3,No,Davisburgh,4.13
BMW,2016,Electric,Manual,19.22,2330,301.0,3,Yes,North Ericabury,4.54
Mahindra,2020,CNG,Manual,18.03,1360,150.0,3,Yes,East Steven,14.62
Hyundai,2018,Petrol,Manual,,3346,87.0,2,No,Juliestad,3.16
Ford,2019,Petrol,Automatic,17.56,1426,214.0,3,Yes,Perkinsville,9.91
Hyundai,2019,CNG,Manual,18.73,3349,178.0,3,No,Parkerburgh,0.89
Mahindra,2023,Electric,Automatic,15.86,2410,279.0,4,Yes,West Theodoreland,6.8
Honda,2012,Electric,Automatic,21.7,1474,180.0,3,No,South Angelaview,10.34
Ford,2006,CNG,Automatic,19.93,848,105.0,1,Yes,Sarahmouth,7.88
BMW,2006,Electric,Automatic,16.89,2186,174.0,4,,Toddview,10.1
Ford,2014,CNG,Automatic,18.53,2702,227.0,2,No,Deanbury,3.1
Hyundai,2007,Electric,Automatic,16.49,1426,305.0,2,Yes,West Sierraborough,4.72
Toyota,2021,Electric,Automatic,17.1,1076,293.0,2,No,New Brianshire,9.93
Ford,2012,CNG,Manual,17.25,2894,81.0,4,Yes,Donovanport,10.79
BMW,2008,CNG,Automatic,10.92,1015,261.0,2,Yes,Billyfort,8.88
Honda,2018,Electric,Manual,18.11,1029,127.0,4,Yes,North Kathleenchester,11.79
Kia,2014,CNG,Manual,19.27,3170,195.0,4,Yes,New Karenburgh,1.37
Toyota,2005,Electric,Automatic,27.85,3072,290.0,1,No,Adamside,6.14
Honda,2008,Diesel,Automatic,19.76,2485,117.0,1,No,Elizabethmouth,15.29
Ford,2005,Petrol,Manual,15.39,2110,74.0,1,No,East Davidstad,13.13
Hyundai,2021,Petrol,Manual,11.44,845,229.0,1,No,Stephanieport,10.53
Mahindra,2021,Electric,Automatic,13.77,2636,228.0,1,Yes,Tracyview,7.38
Hyundai,2011,Petrol,Automatic,,1837,107.0,2,Yes,Port Cynthia,12.14
BMW,2019,Electric,Manual,16.07,1432,155.0,2,No,Port Donaldfurt,9.72
Hyundai,2017,CNG,Manual,17.05,3222,103.0,2,No,Perryview,1.93
Toyota,2006,Diesel,Automatic,16.39,1786,299.0,1,No,Bryantton,11.98
Hyundai,2023,Petrol,Manual,17.08,1132,129.0,3,No,North Bradleyville,4.54
BMW,2017,Petrol,Manual,16.31,2679,312.0,2,Yes,Port Tiffanyhaven,11.04
Kia,2015,CNG,Automatic,18.07,3013,125.0,2,No,Edwardsland,1.54
Ford,2019,Diesel,Manual,14.39,1306,,3,Yes,Manuelville,14.4
Mahindra,2014,Diesel,Automatic,12.96,916,273.0,1,Yes,Port Stephanieside,6.9
Ford,2013,Diesel,Automatic,,1742,240.0,4,Yes,Paulatown,3.56
Hyundai,2013,CNG,Automatic,19.74,1435,261.0,3,Yes,West Teresabury,5.25
Honda,2005,Petrol,Manual,13.52,2389,127.0,3,Yes,Randallfurt,6.65
Ford,2021,Petrol,Automatic,15.7,2262,84.0,2,Yes,North Jameshaven,7.98
Kia,2016,Diesel,Manual,17.42,3304,307.0,2,Yes,Petersberg,13.27
Hyundai,2014,CNG,Automatic,17.32,2791,219.0,1,No,North Martin,8.28
Mahindra,2009,CNG,Automatic,21.01,1668,316.0,4,No,South Michaelton,-0.68
BMW,2022,CNG,Manual,21.76,2094,170.0,4,Yes,New Tonya,3.08
Kia,2019,Diesel,Manual,18.89,2534,106.0,3,No,East Alexanderfurt,19.03
Hyundai,2010,CNG,Manual,,3063,238.0,1,Yes,South Theresa,8.54
Kia,2011,Diesel,Automatic,16.52,912,95.0,4,No,Port Ashley,11.8
Ford,2021,Diesel,Manual,21.36,3063,257.0,3,No,Donnashire,6.77
Mahindra,2010,Diesel,Automatic,,1226,101.0,2,No,New Melissa,3.98
BMW,2012,Electric,Manual,19.18,1958,149.0,4,No,New Bryce,6.07
Hyundai,2016,Diesel,Automatic,20.58,1866,127.0,3,No,New Elizabethborough,8.51
Toyota,2018,CNG,Automatic,18.22,1083,129.0,4,No,Perryville,6.16
BMW,2016,Electric,Automatic,14.14,1633,169.0,1,No,New Brittany,15.67
Toyota,2014,Petrol,Automatic,11.31,1029,81.0,3,No,West Melissahaven,5.53
Kia,2019,Petrol,Manual,20.23,2719,254.0,1,Yes,Josephton,3.78
Honda,2011,CNG,Manual,16.91,2466,104.0,3,Yes,Port Charles,11.24
BMW,2013,CNG,Automatic,17.19,1184,170.0,2,Yes,Port Anthony,11.73
Kia,2014,CNG,Automatic,24.0,958,268.0,4,No,South Ricardomouth,8.12
Toyota,2014,CNG,Manual,14.22,1623,289.0,2,Yes,West Suzanne,5.59
Ford,2020,Electric,Manual,20.96,3318,237.0,1,Yes,Jonmouth,0.4
Ford,2011,CNG,Manual,15.05,1007,309.0,4,No,Howardstad,12.88
Honda,2009,Diesel,Manual,17.29,973,70.0,2,Yes,Aaronland,11.47
BMW,2007,Petrol,Manual,13.66,2623,311.0,3,Yes,Millertown,6.24
BMW,2022,CNG,Manual,15.02,1904,294.0,3,No,South Chelseachester,8.24
BMW,2015,Diesel,Automatic,19.65,1841,195.0,2,No,Rayport,7.09
Kia,2019,CNG,Manual,23.18,1816,313.0,4,Yes,Grayland,14.51
Mahindra,2009,Diesel,Manual,19.69,1507,113.0,1,No,North Paulmouth,3.85
Mahindra,2016,Electric,Automatic,,2183,188.0,3,No,Port Jamesburgh,5.52
Honda,2008,Petrol,Manual,28.2,2691,285.0,1,Yes,Youngstad,5.13
BMW,2019,Petrol,Manual,20.24,2102,79.0,4,No,Port Elizabethchester,9.24
Kia,2013,Electric,Manual,14.27,3244,159.0,4,Yes,West William,8.22
Ford,2011,Diesel,Automatic,11.27,1476,116.0,3,No,Ericchester,8.8
Toyota,2014,CNG,Manual,19.52,3364,285.0,1,No,Cruzshire,4.48
Kia,2017,Diesel,Automatic,12.37,1461,200.0,4,Yes,Phelpsmouth,13.94
Mahindra,2012,Petrol,Manual,13.99,2363,184.0,1,No,Douglasburgh,6.18
Mahindra,2016,Electric,Automatic,,2060,111.0,3,No,North Christopherview,12.75
Ford,2023,Electric,Manual,22.16,3153,193.0,3,Yes,Robertstad,20.56
Ford,2005,Diesel,Manual,,1157,212.0,4,No,South Angelaport,4.51
Toyota,2020,Diesel,Manual,13.18,2108,245.0,4,No,New Troyville,9.37
Ford,2021,Electric,Automatic,17.41,2116,298.0,1,,East Robertfort,7.47
Honda,2022,Petrol,Manual,16.91,1218,242.0,4,No,Kingview,16.12
Toyota,2015,CNG,Manual,18.47,2291,62.0,3,Yes,Danielland,6.88
Ford,2022,CNG,Automatic,,1441,,4,No,North Jasonshire,8.99
Hyundai,2011,Diesel,Automatic,14.65,2393,225.0,2,No,Cartershire,8.91
Kia,2022,Electric,Automatic,22.09,1306,200.0,3,No,Donovanside,7.6
Ford,2012,Electric,Manual,21.05,2481,170.0,1,No,New Kristimouth,11.02
Honda,2010,Electric,Automatic,22.66,2301,247.0,4,No,North John,8.37
BMW,2011,Petrol,Manual,10.6,2185,244.0,4,Yes,Garnerbury,9.93
Ford,2014,Diesel,Automatic,14.46,1111,151.0,3,No,Port Sarahfort,8.85
Mahindra,2015,Diesel,Automatic,21.96,2457,253.0,3,Yes,Crystalmouth,5.58
Mahindra,2017,Diesel,Manual,20.37,1044,,1,Yes,Wrightton,6.92
Mahindra,2013,Petrol,Manual,19.63,1276,203.0,3,Yes,East Amanda,10.22
BMW,2011,Diesel,Manual,16.55,1414,208.0,1,,Briannatown,10.21
Mahindra,2013,CNG,Manual,15.52,3283,,4,No,Port Stephen,12.98
Hyundai,2017,Diesel,Automatic,18.13,1049,193.0,1,Yes,Johnborough,15.44
Ford,2007,Diesel,Automatic,16.21,3324,256.0,1,No,Greenestad,5.92
Mahindra,2007,Diesel,Automatic,20.11,2395,96.0,1,No,North Levimouth,8.54
Toyota,2005,Petrol,Manual,18.15,2573,246.0,4,Yes,Sharpview,7.23
BMW,2006,CNG,Manual,14.12,2729,272.0,2,Yes,Mayshaven,3.57
Hyundai,2007,CNG,Automatic,20.54,2675,169.0,2,No,New Nicolefurt,10.26
Toyota,2019,Electric,Automatic,23.02,1310,246.0,1,Yes,West Daniel,11.11
Toyota,2010,Electric,Manual,23.28,2469,137.0,3,No,Nathanmouth,3.69
Toyota,2017,CNG,Automatic,20.69,2672,184.0,2,Yes,South Meganberg,6.5
Toyota,2005,Diesel,Automatic,20.75,1573,61.0,4,No,North Jonathan,6.11
Ford,2023,Diesel,Automatic,13.36,2165,130.0,1,No,Dunnborough,1.97
Mahindra,2005,Diesel,Manual,15.31,1723,271.0,2,Yes,East Sarahview,7.85
Kia,2006,Petrol,Automatic,17.33,873,67.0,4,Yes,Shellyside,3.42
Ford,2019,Diesel,Manual,20.37,1608,243.0,1,Yes,Perezburgh,8.64
Ford,2018,Petrol,Automatic,15.6,1845,223.0,2,Yes,New Johnview,9.08
Hyundai,2023,CNG,Manual,16.77,3067,140.0,1,No,South Jesusfort,9.57
Hyundai,2015,Diesel,Automatic,20.24,2926,164.0,2,Yes,Lewistown,9.77
Mahindra,2019,Diesel,Automatic,18.55,1034,87.0,2,No,Cruzview,14.12
Kia,2010,Electric,Automatic,19.34,3004,106.0,3,No,West Bonnie,4.77
Hyundai,2013,CNG,Manual,14.89,3174,,2,No,Paulborough,4.97
Mahindra,2009,Diesel,Automatic,16.72,1441,138.0,3,No,South Christinefurt,10.62
Mahindra,2006,Petrol,Automatic,16.12,1420,60.0,4,Yes,Marymouth,7.47
Honda,2010,CNG,Manual,18.0,1784,227.0,2,Yes,Richardhaven,12.5
Kia,2022,Electric,Manual,16.27,2098,82.0,1,No,Toddport,10.25
Hyundai,2023,CNG,Automatic,15.72,3453,287.0,3,No,Munozton,15.67
Kia,2013,Petrol,Automatic,18.5,2417,319.0,2,Yes,Port Edwardfort,7.63
Ford,2010,Electric,Automatic,26.39,2595,223.0,3,Yes,New Heidichester,2.07
Ford,2018,Petrol,Automatic,20.33,1659,69.0,1,No,Rodriguezmouth,9.36
Kia,2017,CNG,Automatic,10.88,3420,175.0,1,No,South Gregory,7.71
Honda,2015,Electric,Manual,19.41,2885,217.0,1,No,East Andrewtown,10.14
Honda,2016,Petrol,Automatic,15.94,2965,217.0,4,Yes,Port Ann,10.65
Kia,2023,CNG,Manual,14.24,3237,261.0,4,,Evansbury,5.86
Hyundai,2023,Petrol,Manual,20.82,1176,180.0,1,,Thompsonfurt,3.96
BMW,2023,Diesel,Automatic,18.31,2697,198.0,4,No,Amytown,7.42
Honda,2017,CNG,Manual,27.95,1175,221.0,4,Yes,West Adamshire,-1.52
Toyota,2018,Electric,Automatic,17.54,2404,267.0,4,No,Schaeferport,8.32
Ford,2022,Electric,Manual,17.1,1394,114.0,4,,Bauertown,6.37
Kia,2016,Diesel,Manual,22.79,1865,319.0,4,No,Staceychester,11.45
Toyota,2008,Petrol,Automatic,18.09,2807,103.0,4,Yes,Tracieville,0.06
Kia,2014,Petrol,Automatic,13.77,3305,218.0,1,No,Port Eric,8.03
Mahindra,2021,Electric,Manual,14.48,1851,157.0,4,No,Karaborough,14.3
Ford,2008,Petrol,Automatic,16.69,1428,85.0,4,No,Herbertborough,10.7
Ford,2016,CNG,Automatic,20.63,3173,257.0,3,Yes,Lake Stevenfort,11.92
Honda,2017,CNG,Manual,23.09,2332,156.0,3,Yes,North Donna,9.36
Honda,2008,Electric,Manual,21.21,3466,298.0,4,No,West Emily,1.35
Toyota,2014,CNG,Manual,20.27,3172,71.0,2,No,Stevenside,8.67
Mahindra,2007,Electric,Automatic,22.39,2630,104.0,2,No,North Thomasview,9.63
Kia,2019,Petrol,Automatic,20.48,1983,68.0,4,No,Nicholasfurt,3.69
Mahindra,2006,Petrol,Automatic,14.39,3363,60.0,1,No,Parsonston,7.49
Ford,2021,Petrol,Manual,17.12,1545,269.0,1,No,Lake Jessicashire,-3.6
Toyota,2010,Diesel,Automatic,15.94,2077,113.0,3,No,Matthewside,6.66
BMW,2012,Electric,Manual,23.05,2751,163.0,1,No,Jasonville,6.25
Toyota,2007,CNG,Manual,14.18,3095,211.0,1,No,Youngborough,13.61
Hyundai,2022,Petrol,Manual,14.26,3245,69.0,1,Yes,Lake Paigemouth,5.59
Toyota,2005,Diesel,Manual,18.68,3429,99.0,4,No,Lake Kevin,6.93
Mahindra,2020,CNG,Manual,25.72,3050,103.0,4,No,Courtneytown,7.68
Hyundai,2011,CNG,Manual,20.94,2125,214.0,2,No,Hutchinsonburgh,5.64
Hyundai,2007,CNG,Manual,22.17,1971,141.0,3,No,Lake Kathleen,10.88
Hyundai,2008,Petrol,Automatic,13.57,1020,256.0,2,Yes,Stephaniefort,0.03
BMW,2013,CNG,Manual,20.68,2671,111.0,1,No,Roberthaven,12.55
Toyota,2009,Electric,Automatic,13.56,3110,282.0,1,No,Murrayshire,7.95
Mahindra,2023,Diesel,Automatic,20.92,3143,118.0,2,No,East Joseph,13.21
Toyota,2019,CNG,Automatic,11.72,3139,169.0,2,No,North Matthewside,-2.99
BMW,2012,CNG,Automatic,16.64,1483,89.0,4,No,West Lauren,-1.74
Ford,2010,Electric,Automatic,9.79,1675,,4,Yes,Anthonychester,6.83
Honda,2022,CNG,Manual,14.46,1854,154.0,3,No,New Sarah,10.02
Mahindra,2023,Petrol,Automatic,12.3,2762,266.0,4,No,Beanland,5.78
Mahindra,2019,Petrol,Automatic,20.6,3402,231.0,1,No,Diazfort,10.34
Toyota,2011,Petrol,Automatic,,1148,138.0,1,Yes,Markport,11.93
Honda,2014,CNG,Manual,16.13,1018,309.0,2,Yes,Justinburgh,10.66
Kia,2010,Diesel,Automatic,18.47,1822,277.0,3,Yes,Port Karaland,8.41
Kia,2018,Diesel,Automatic,14.68,1249,116.0,4,Yes,Emilyberg,8.38
BMW,2021,CNG,Automatic,19.29,1303,206.0,3,No,South Alexistown,5.54
Kia,2013,Diesel,Automatic,17.69,885,293.0,1,No,North John,7.78
Mahindra,2023,Diesel,Manual,27.12,2088,76.0,1,Yes,Mcintyrefurt,3.9
Kia,2009,CNG,Automatic,24.53,1322,256.0,4,Yes,Hebertborough,4.86
Ford,2011,Petrol,Manual,21.76,3308,248.0,4,No,West Caitlin,10.06
Ford,2023,CNG,Manual,19.17,1429,191.0,4,Yes,Cohenchester,6.15
Ford,2011,Petrol,Automatic,19.68,3099,307.0,2,No,Brianberg,5.05
Kia,2006,Petrol,Automatic,22.96,817,209.0,1,Yes,West Christina,9.8
BMW,2020,Diesel,Manual,19.15,2068,261.0,2,Yes,South Cynthiamouth,9.52
Hyundai,2017,Diesel,Automatic,19.4,1976,272.0,1,Yes,Port Laurenfort,7.14
Hyundai,2012,Petrol,Automatic,15.69,2432,276.0,4,Yes,North Robert,7.4
Honda,2010,Petrol,Automatic,15.25,1299,65.0,1,Yes,Port Trevorburgh,9.66
Hyundai,2010,Diesel,Manual,,1257,217.0,1,Yes,East Ronaldmouth,11.88
Hyundai,2013,Electric,Manual,7.54,914,134.0,3,No,North Samanthastad,8.8
Ford,2008,Petrol,Automatic,17.88,1552,310.0,1,No,East Amyport,3.23
Ford,2015,Petrol,Automatic,17.03,1568,105.0,1,No,Morsetown,7.11
Kia,2009,Petrol,Manual,21.52,3294,288.0,3,No,Lynchstad,6.37
Honda,2021,Diesel,Manual,22.9,3200,241.0,4,Yes,Tonyaport,3.79
Toyota,2011,CNG,Manual,28.29,3472,142.0,3,No,West Ashleymouth,9.99
Mahindra,2019,Petrol,Manual,20.32,2670,204.0,4,Yes,Mirandastad,10.3
Honda,2019,Petrol,Manual,18.61,3388,109.0,4,Yes,Port Erikfort,10.9
Honda,2018,Petrol,Manual,15.74,1121,159.0,4,Yes,Smithland,4.04
BMW,2017,CNG,Manual,13.8,2772,279.0,1,No,Christopherview,8.63
Kia,2015,CNG,Automatic,21.66,1025,198.0,3,,Steinshire,7.97
BMW,2017,Petrol,Manual,17.89,1160,73.0,3,Yes,West Sharon,9.23
Honda,2013,Petrol,Manual,19.7,2354,72.0,3,Yes,New Joeltown,8.52
Honda,2014,Electric,Automatic,18.07,1633,309.0,3,Yes,Port Stacyport,7.95
Honda,2008,CNG,Automatic,18.18,911,231.0,2,No,North Nathanshire,7.47
Hyundai,2021,Electric,Automatic,18.88,1011,165.0,1,Yes,Barnesport,12.43
Mahindra,2018,Petrol,Manual,19.69,2056,248.0,2,No,Ebonymouth,4.55
Mahindra,2022,Petrol,Manual,21.76,1747,76.0,1,Yes,Port Alec,7.31
BMW,2015,Petrol,Automatic,13.07,958,109.0,3,No,East Heather,12.33
Honda,2020,Petrol,Automatic,20.34,3419,308.0,2,No,North Tanner,4.76
Mahindra,2005,Diesel,Automatic,12.85,2708,286.0,4,No,Anthonyton,4.96
Ford,2011,Diesel,Manual,20.81,2147,138.0,3,No,South Caseyborough,10.94
Mahindra,2014,Diesel,Automatic,19.28,2071,,3,No,North Jared,2.3
Kia,2013,Electric,Manual,17.69,1710,76.0,4,No,Russellton,10.64
Kia,2007,CNG,Manual,17.85,3251,310.0,3,No,West Kellyhaven,6.04
Mahindra,2018,Petrol,Manual,18.55,1203,143.0,1,Yes,Rosetown,9.64
Ford,2019,CNG,Manual,22.36,2641,256.0,3,Yes,South Margaretshire,3.12
Kia,2006,Diesel,Automatic,22.01,3448,77.0,1,No,South Leahchester,12.74
Hyundai,2018,Petrol,Automatic,21.54,2490,280.0,1,No,South Antonio,3.13
Mahindra,2020,Petrol,Automatic,12.61,2263,,3,No,North Chasebury,10.9
Hyundai,2011,Electric,Manual,20.3,2056,235.0,4,Yes,Bakerton,3.3
Mahindra,2008,CNG,Automatic,8.41,992,131.0,1,Yes,Randyberg,15.23
Toyota,2022,Electric,Manual,9.48,1922,150.0,2,Yes,New Samantha,7.71
Toyota,2009,Diesel,Manual,22.5,2774,82.0,1,No,Melaniefort,15.8
Toyota,2010,CNG,Manual,12.21,2442,272.0,4,No,South Kimberly,4.72
Kia,2011,Diesel,Automatic,17.28,1799,187.0,3,No,Parkberg,6.23
Hyundai,2019,Electric,Manual,23.62,2539,118.0,4,Yes,New Alicia,12.84
Hyundai,2005,Electric,Manual,20.34,1322,144.0,4,No,Kristinshire,2.3
Hyundai,2008,Petrol,Automatic,19.48,1149,288.0,3,No,Halestad,5.2
Ford,2005,CNG,Automatic,17.78,3163,171.0,2,No,Port Anthony,9.98
Hyundai,2015,CNG,Automatic,18.5,2540,175.0,2,Yes,North Ethanshire,3.92
Ford,2022,Petrol,Manual,15.5,2744,297.0,1,No,Danielfort,10.09
Toyota,2018,CNG,Manual,16.08,2360,111.0,1,No,Harrisland,8.68
Toyota,2015,Diesel,Automatic,18.35,1451,143.0,2,Yes,Fernandezberg,1.95
Kia,2014,Diesel,Manual,18.93,1434,,3,Yes,North Heather,11.87
Mahindra,2021,Electric,Manual,,2601,259.0,4,Yes,Nealhaven,2.95
Toyota,2008,Diesel,Automatic,9.05,1392,278.0,3,Yes,East Timothymouth,11.09
Mahindra,2019,CNG,Automatic,24.26,3291,,4,No,Danielburgh,8.51
Mahindra,2020,Petrol,Automatic,21.75,3468,80.0,4,No,Angelabury,6.18
Kia,2017,Electric,Automatic,17.18,2031,235.0,2,No,East Curtis,3.58
Honda,2013,Petrol,Automatic,21.87,1555,115.0,2,,Tammyshire,9.32
Honda,2015,Electric,Automatic,16.57,2099,202.0,3,Yes,Port Haley,4.51
BMW,2015,Electric,Automatic,19.27,1296,285.0,4,Yes,Brianmouth,12.83
Kia,2010,Petrol,Automatic,10.31,1572,67.0,3,Yes,Lake Russellshire,12.98
BMW,2005,Diesel,Manual,19.03,3221,183.0,1,No,Mahoneyland,14.57
BMW,2010,Diesel,Manual,16.87,2398,,2,No,Amytown,9.12
Honda,2017,Diesel,Manual,18.87,983,160.0,2,Yes,South Raven,6.38
Kia,2009,Diesel,Manual,24.84,831,152.0,4,No,Nancyhaven,6.81
Honda,2019,Petrol,Manual,,1082,313.0,2,No,Kristenhaven,6.52
BMW,2022,CNG,Manual,16.17,1635,139.0,3,Yes,South Marioburgh,8.99
Kia,2018,Electric,Manual,16.21,2255,90.0,4,No,Gilbertland,9.75
BMW,2019,Petrol,Manual,12.34,1485,71.0,4,No,Nixonchester,12.93
Hyundai,2009,Diesel,Manual,19.62,1261,186.0,1,No,Brianborough,8.08
Mahindra,2008,Diesel,Manual,20.14,1670,246.0,3,Yes,Juliefort,2.39
Kia,2006,Petrol,Manual,18.26,1167,128.0,4,Yes,North Ian,6.37
Kia,2011,Electric,Automatic,21.68,965,70.0,2,Yes,Lake Alexander,14.22
Mahindra,2014,Petrol,Manual,21.72,2528,82.0,2,Yes,Crystalborough,1.77
BMW,2020,Petrol,Automatic,18.28,1401,,4,No,Brownland,10.96
Hyundai,2014,CNG,Manual,20.34,3441,274.0,2,Yes,Sylviafurt,6.44
Ford,2022,Petrol,Automatic,26.69,2973,182.0,4,No,Marybury,4.47
Mahindra,2021,CNG,Manual,14.71,837,132.0,4,No,Port Jameschester,9.58
Honda,2017,Electric,Automatic,21.09,1147,269.0,4,Yes,Port Jonathanburgh,14.24
BMW,2005,Petrol,Manual,18.35,2036,153.0,2,Yes,Bryantville,9.36
Mahindra,2005,Petrol,Automatic,22.18,2821,295.0,2,Yes,Lopeztown,6.95
Mahindra,2019,Diesel,Manual,14.83,1533,213.0,3,Yes,Lake Philip,2.82
Kia,2005,Petrol,Automatic,18.8,1225,272.0,1,No,South Aaronside,7.6
Honda,2010,Diesel,Manual,15.28,2070,187.0,2,No,Destinyside,2.67
Honda,2017,Diesel,Automatic,10.93,1447,292.0,4,,Thomasside,6.76
Honda,2005,Diesel,Automatic,23.62,3133,100.0,2,Yes,Orozcomouth,7.75
Mahindra,2009,Electric,Automatic,16.26,1119,102.0,2,Yes,Peterville,-1.44
Ford,2013,CNG,Automatic,,1311,87.0,4,Yes,West Joeview,13.55
Toyota,2021,Diesel,Automatic,15.69,3072,,3,Yes,Leeborough,3.05
BMW,2020,Petrol,Automatic,25.3,3353,204.0,4,No,Moorefort,7.26
Toyota,2012,Petrol,Automatic,23.24,2522,221.0,3,Yes,Lisabury,10.14
Mahindra,2021,Diesel,Automatic,17.13,2556,305.0,2,No,Port Ashley,13.23
Toyota,2019,Diesel,Manual,21.45,2577,270.0,4,No,Deborahborough,4.83
Mahindra,2005,Petrol,Manual,13.7,3315,282.0,2,No,New Ruben,-2.04
Toyota,2016,Diesel,Manual,20.09,2339,129.0,4,Yes,Lake April,12.31
Honda,2009,CNG,Automatic,16.28,1737,79.0,2,Yes,Hullport,3.0
Hyundai,2010,CNG,Automatic,19.74,1564,180.0,2,No,Port Krystal,9.44
Honda,2005,Electric,Manual,12.5,3010,232.0,2,Yes,Port Richardstad,9.69
Honda,2005,Diesel,Manual,15.62,1452,93.0,4,Yes,Graychester,-5.01
Kia,2014,Electric,Automatic,,2929,130.0,3,Yes,North Nathanielstad,1.54
Kia,2014,Electric,Automatic,18.69,1280,92.0,2,No,New Kristina,6.16
Toyota,2007,Electric,Manual,12.15,1315,168.0,4,No,Port Ryan,-2.34
Mahindra,2021,Diesel,Automatic,14.11,2463,82.0,4,No,Sandramouth,2.65
Honda,2023,Electric,Manual,19.69,986,205.0,2,No,East Douglas,8.49
Toyota,2015,CNG,Automatic,19.22,945,73.0,2,No,East Jean,7.65
Kia,2022,Electric,Manual,20.62,1805,95.0,3,Yes,Adamville,9.21
Hyundai,2006,CNG,Manual,18.76,951,112.0,2,Yes,Port Monicaport,9.8
BMW,2013,CNG,Automatic,13.79,2186,107.0,3,No,Wilsonhaven,1.27
Toyota,2021,Diesel,Manual,16.58,892,70.0,1,No,Anthonyton,2.86
Hyundai,2018,Electric,Automatic,20.12,2649,317.0,4,No,Shawnfort,11.05
BMW,2008,Diesel,Automatic,13.99,3387,269.0,3,No,Bobbychester,14.1
Ford,2021,CNG,Automatic,13.5,3496,71.0,2,,South Jenniferborough,4.13
Toyota,2021,Petrol,Automatic,16.79,1401,310.0,3,No,Craigview,9.04
Toyota,2016,Electric,Automatic,19.09,848,219.0,2,Yes,West Alicia,11.23
Ford,2022,Diesel,Manual,,2702,95.0,3,No,Heidishire,8.95
Ford,2007,Petrol,Automatic,17.03,3388,208.0,4,Yes,New Sonya,7.0
Toyota,2015,Electric,Automatic,20.07,3003,257.0,3,Yes,Daychester,5.44
Ford,2022,Electric,Manual,20.86,1574,305.0,1,Yes,West Helen,15.94
Honda,2008,Diesel,Automatic,13.98,1345,263.0,4,No,East Rogerview,8.38
BMW,2021,Petrol,Manual,19.49,2263,103.0,3,No,Wangfort,9.56
BMW,2022,Diesel,Automatic,,2060,265.0,1,No,Padillabury,9.3
BMW,2009,Electric,Manual,20.43,1449,300.0,1,No,North Kathleenshire,4.75
Honda,2018,Electric,Automatic,16.35,2823,100.0,3,,South Jamesside,8.2
Mahindra,2014,CNG,Automatic,8.46,1880,135.0,4,No,West Ashleymouth,6.71
Ford,2019,Electric,Automatic,18.84,974,261.0,3,No,New Kimberly,6.64
Hyundai,2005,Electric,Automatic,24.31,2037,154.0,4,No,Patelmouth,9.27
Ford,2020,Petrol,Automatic,21.3,2874,87.0,4,No,New Kerriville,4.34
Toyota,2015,Petrol,Manual,21.02,2741,203.0,3,No,West Karenburgh,3.18
Kia,2010,CNG,Manual,18.67,1942,118.0,1,Yes,Eatonhaven,10.01
BMW,2020,CNG,Automatic,21.59,946,188.0,4,Yes,Micheletown,5.87
Ford,2006,CNG,Manual,19.21,1667,60.0,2,Yes,Port Lindsay,6.62
Hyundai,2005,Diesel,Automatic,11.01,3112,81.0,2,No,West Kennethshire,0.28
Toyota,2013,Diesel,Automatic,21.57,3105,285.0,1,No,Garciastad,11.85
Honda,2016,CNG,Automatic,14.56,2683,263.0,1,Yes,South Andre,10.1
Mahindra,2021,Diesel,Manual,18.27,1542,246.0,3,No,Mariahaven,10.83
Honda,2019,Electric,Automatic,20.96,2322,,4,Yes,Tylerfurt,9.55
Hyundai,2023,CNG,Manual,15.0,1509,188.0,3,Yes,North Paulahaven,1.94
Toyota,2014,CNG,Automatic,14.06,2150,154.0,2,Yes,East Diana,8.92
BMW,2016,Diesel,Automatic,19.91,1893,125.0,2,Yes,Danielchester,5.56
Ford,2018,Petrol,Manual,13.55,2752,236.0,4,Yes,Lake Matthewshire,4.15
Toyota,2013,CNG,Automatic,17.23,2405,215.0,4,No,West Wendy,10.0
Mahindra,2017,Diesel,Manual,22.51,2481,78.0,2,No,Waltonburgh,14.63
Honda,2007,Diesel,Automatic,24.51,2654,117.0,3,No,West Jerry,13.97
Mahindra,2018,Petrol,Automatic,10.87,3066,257.0,4,No,Rosebury,10.49
Mahindra,2014,CNG,Automatic,17.13,1360,138.0,3,Yes,East Donaldfurt,7.88
Hyundai,2020,Petrol,Manual,23.08,1691,100.0,4,Yes,Port Gloriabury,7.14
Hyundai,2011,Electric,Automatic,16.41,1396,285.0,1,Yes,East Edward,4.38
Ford,2008,Petrol,Manual,21.17,3190,304.0,3,Yes,West Ericland,6.92
Hyundai,2015,Petrol,Automatic,21.47,3350,82.0,2,No,Lake Timothyville,11.63
Hyundai,2020,Diesel,Automatic,15.56,1249,256.0,1,Yes,Griffinchester,15.29
Toyota,2008,Petrol,Manual,19.71,3183,295.0,3,Yes,Torresmouth,4.73
BMW,2021,Electric,Automatic,19.96,2851,185.0,4,Yes,Phelpsville,0.02
Ford,2017,Diesel,Automatic,21.64,2625,199.0,2,No,North Kimberly,5.88
Toyota,2015,Electric,Manual,11.5,3364,186.0,4,Yes,Port Michaelborough,11.62
BMW,2007,Petrol,Manual,,2049,173.0,3,Yes,West Katie,16.29
Mahindra,2013,Electric,Manual,20.75,1973,72.0,1,Yes,South Roberttown,13.24
Toyota,2010,Electric,Automatic,13.48,3085,287.0,3,No,Port Tinachester,13.14
Kia,2015,Petrol,Manual,17.49,2483,68.0,2,No,New Stephen,4.6
Toyota,2020,Petrol,Manual,21.35,2950,205.0,1,Yes,New Melissashire,4.71
Hyundai,2023,Diesel,Automatic,13.69,1998,222.0,2,No,Johnsonside,2.7
BMW,2009,Diesel,Manual,14.3,1809,,4,No,South Christina,5.34
Ford,2018,CNG,Manual,18.07,2571,275.0,1,Yes,Lake Brianfurt,11.66
Ford,2021,Diesel,Automatic,16.26,2507,228.0,3,No,Port Billy,14.5
BMW,2007,Petrol,Manual,19.0,3365,85.0,4,,Lake Rachelberg,9.38
Hyundai,2008,Electric,Automatic,21.29,1239,,4,Yes,West Rebeccaburgh,6.98
Honda,2020,Electric,Manual,19.09,2108,309.0,3,Yes,Sullivanberg,3.73
Toyota,2020,Diesel,Manual,17.96,3072,69.0,4,No,Gabrielborough,7.55
Hyundai,2008,Diesel,Automatic,21.31,3412,164.0,2,Yes,South Andrewborough,8.81
Kia,2023,Petrol,Manual,17.58,2830,165.0,3,No,Kevinmouth,2.15
Mahindra,2021,Electric,Automatic,15.02,2767,60.0,4,Yes,South Kristaberg,11.69
BMW,2017,CNG,Manual,22.62,1045,241.0,1,No,Lake Rebecca,6.3
Toyota,2005,CNG,Manual,8.33,2342,200.0,3,,Duffyfurt,11.45
Ford,2016,Diesel,Automatic,18.26,2037,289.0,3,No,Matthewview,7.96
Mahindra,2008,CNG,Automatic,16.55,2413,123.0,4,No,New Autumnfort,9.19
Honda,2015,Petrol,Manual,14.31,2524,137.0,3,No,Cheryltown,5.19
Kia,2009,CNG,Manual,19.19,1752,291.0,3,,Josemouth,6.62
Ford,2006,Diesel,Manual,19.84,3063,146.0,3,No,Port Josephtown,10.57
BMW,2021,Petrol,Automatic,14.68,1082,242.0,3,No,West Amanda,7.47
Toyota,2012,Electric,Automatic,12.42,3420,205.0,3,No,New Alejandroshire,3.58
BMW,2010,Petrol,Manual,12.78,3229,151.0,3,No,Schroederton,8.45
Mahindra,2013,Diesel,Manual,25.25,2740,182.0,2,Yes,Rebeccastad,9.54
Toyota,2017,Diesel,Manual,25.69,971,123.0,4,No,Port Mary,13.49
Hyundai,2015,CNG,Automatic,18.12,2044,278.0,2,Yes,Freemanbury,12.61
Honda,2020,CNG,Manual,12.51,1918,251.0,4,Yes,Charlotteside,7.74
Hyundai,2020,Electric,Automatic,17.42,2682,166.0,3,No,Port Larry,5.81
Hyundai,2006,Electric,Automatic,9.2,2891,306.0,4,Yes,Lake Amy,7.09
BMW,2014,Diesel,Manual,19.26,3075,116.0,2,Yes,West Shelbyhaven,5.91
Mahindra,2016,Diesel,Automatic,14.02,3421,104.0,4,Yes,Michaelhaven,10.02
Honda,2012,Diesel,Automatic,13.16,3164,,3,Yes,Ericport,12.17
Toyota,2015,Electric,Manual,21.91,1400,97.0,3,Yes,Clarkside,12.96
Toyota,2014,Diesel,Manual,17.38,3471,241.0,3,,Jenniferview,6.35
Kia,2017,Electric,Manual,21.46,2823,223.0,2,No,West Michael,5.95
Ford,2021,Diesel,Manual,22.83,1266,304.0,1,,Lisaview,6.32
Kia,2011,Petrol,Manual,17.64,2538,,3,Yes,East Karen,0.27
Kia,2007,Petrol,Manual,17.98,1096,266.0,3,No,Dennisburgh,3.19
Toyota,2017,Diesel,Manual,22.23,3392,146.0,4,Yes,West Thomas,7.86
BMW,2023,Petrol,Automatic,15.84,3336,204.0,1,Yes,Garciaport,9.52
Hyundai,2011,Electric,Manual,22.62,1819,181.0,4,Yes,West Wendy,9.96
Mahindra,2013,CNG,Manual,9.91,3062,157.0,2,No,South Jordan,4.88
Hyundai,2023,Petrol,Manual,16.58,2347,192.0,1,No,Welchstad,6.04
Hyundai,2017,CNG,Manual,18.75,2698,124.0,3,No,Ashleyburgh,6.92
Honda,2012,Petrol,Manual,13.18,1460,258.0,1,Yes,Cookmouth,6.48
Toyota,2022,Electric,Manual,19.48,1453,184.0,3,No,North Lindsaybury,10.75
Mahindra,2006,Petrol,Automatic,18.69,1601,267.0,2,No,Robinsonville,2.77
BMW,2022,Petrol,Manual,15.07,1140,267.0,4,Yes,South Chadfort,3.4
Honda,2022,Diesel,Automatic,14.92,1503,180.0,2,No,Mejialand,6.81
Ford,2015,CNG,Manual,14.51,3254,201.0,2,No,Lake Timothybury,2.54
BMW,2005,CNG,Automatic,11.73,1652,116.0,3,No,West Stephaniechester,0.4
Kia,2018,Electric,Automatic,24.44,1105,204.0,4,No,North Sandrabury,2.03
BMW,2020,Electric,Automatic,17.16,2733,103.0,2,Yes,East Debra,7.03
BMW,2015,CNG,Manual,12.59,2587,191.0,1,Yes,Joneschester,10.52
Hyundai,2005,Diesel,Manual,17.51,1673,140.0,2,Yes,Port Amandaville,10.61
BMW,2011,Diesel,Manual,18.96,2381,89.0,3,Yes,Parksmouth,14.35
Kia,2020,CNG,Manual,,1294,268.0,1,Yes,Howardmouth,8.41
Kia,2018,Petrol,Manual,16.54,3425,,1,Yes,Myersburgh,8.94
Toyota,2019,CNG,Manual,23.22,2485,,4,No,Port Andrew,7.0
BMW,2018,Petrol,Automatic,13.33,2405,217.0,1,Yes,New James,7.19
Hyundai,2015,CNG,Automatic,15.67,2337,205.0,1,Yes,Maryview,16.32
BMW,2020,Petrol,Automatic,9.98,3388,292.0,3,No,Johnnyfurt,9.05
Ford,2023,Diesel,Manual,25.29,2435,151.0,4,No,East Katherine,9.39
Ford,2021,CNG,Manual,20.63,1695,231.0,2,Yes,North Karifort,3.42
Hyundai,2010,Electric,Automatic,17.8,3302,249.0,1,No,Bradleyhaven,9.64
Toyota,2015,Petrol,Manual,15.13,1967,90.0,2,No,Smithborough,10.63
Toyota,2021,Diesel,Manual,14.93,3146,168.0,2,Yes,Sanchezburgh,12.44
Kia,2013,Electric,Manual,16.92,3274,154.0,2,No,Brennanberg,10.52
Kia,2022,Diesel,Automatic,19.98,2661,136.0,4,No,Reynoldschester,7.49
Honda,2021,Petrol,Automatic,13.75,1556,210.0,2,Yes,Lake Joseph,7.32
Hyundai,2016,CNG,Manual,16.15,830,201.0,3,Yes,Hilltown,7.71
BMW,2009,Diesel,Automatic,21.43,3179,290.0,4,No,Rhodeshaven,8.43
Mahindra,2015,CNG,Automatic,24.44,2793,317.0,4,No,Joshuachester,13.07
Hyundai,2008,CNG,Manual,20.17,2899,187.0,4,Yes,West Thomasshire,12.29
Honda,2008,Diesel,Manual,15.35,1042,283.0,4,Yes,Port Jonathanmouth,11.01
Kia,2007,Diesel,Automatic,17.38,1485,243.0,1,No,Brownchester,16.12
Hyundai,2021,Diesel,Automatic,19.65,2435,88.0,1,No,Mossmouth,-2.62
Hyundai,2011,CNG,Manual,16.83,2240,77.0,2,Yes,North James,6.16
Kia,2008,Electric,Manual,20.85,2298,190.0,1,Yes,Lake Kennethside,7.95
Honda,2017,Petrol,Manual,15.08,2215,165.0,4,Yes,Nicoleview,5.31
Kia,2016,Electric,Automatic,24.45,2212,216.0,2,No,Cookfurt,4.28
Toyota,2005,CNG,Automatic,17.65,1372,118.0,3,Yes,Williamsstad,1.13
BMW,2023,Diesel,Manual,15.48,2791,151.0,1,Yes,Barnesbury,6.75
Kia,2022,Diesel,Manual,,2231,319.0,4,Yes,Port Leonardhaven,11.58
Honda,2015,Petrol,Manual,14.08,3366,110.0,2,No,Port Justintown,11.1
Ford,2007,Petrol,Manual,18.59,2012,192.0,1,No,Ericmouth,4.99
Toyota,2021,Electric,Automatic,23.61,3442,226.0,4,No,West Joy,8.88
Ford,2016,Electric,Manual,13.13,3130,64.0,2,Yes,South Gregory,13.43
Mahindra,2014,Petrol,Manual,22.77,2459,195.0,1,Yes,Port Tinatown,1.92
Kia,2012,CNG,Automatic,12.84,1398,285.0,3,Yes,Gutierrezstad,7.36
Toyota,2019,Electric,Manual,21.28,2995,,1,Yes,North Monica,9.15
BMW,2009,Diesel,Automatic,14.21,869,150.0,4,No,Port David,8.04
Kia,2008,Diesel,Automatic,22.77,2193,248.0,4,No,New Lisa,11.4
BMW,2023,CNG,Automatic,15.7,2449,192.0,3,Yes,Sheilaland,2.01
Hyundai,2008,Petrol,Manual,16.57,2338,,3,Yes,Mullinsport,3.98
Ford,2019,Electric,Automatic,14.25,3081,309.0,2,Yes,West Dawnbury,10.73
Toyota,2021,Diesel,Manual,8.35,3483,120.0,2,Yes,Loriside,1.19
BMW,2016,Petrol,Automatic,13.43,1266,109.0,4,Yes,West Michellemouth,11.25
Honda,2007,Electric,Automatic,11.26,1356,282.0,1,No,Calderonport,9.8
BMW,2014,CNG,Automatic,9.83,1693,231.0,3,Yes,Port Dannyton,10.97
Honda,2019,Diesel,Manual,19.18,1635,284.0,2,No,West Cody,6.12
Kia,2014,CNG,Manual,24.1,2110,250.0,4,No,West Sharonhaven,10.04
Toyota,2022,CNG,Automatic,25.19,1417,303.0,4,Yes,Melindashire,3.31
BMW,2005,CNG,Manual,13.35,2117,138.0,4,No,Lake Genechester,6.34
Mahindra,2007,Electric,Automatic,17.56,2304,81.0,3,No,Port Joannechester,8.15
BMW,2016,CNG,Automatic,22.66,933,95.0,3,Yes,Port Lynn,4.41
Mahindra,2005,Electric,Automatic,12.75,807,215.0,3,Yes,Haasville,8.87
Toyota,2007,Electric,Automatic,22.81,2875,115.0,1,Yes,Mcdonaldstad,3.42
BMW,2007,CNG,Manual,22.88,1582,307.0,3,Yes,Margaretstad,9.07
Honda,2009,CNG,Automatic,10.22,2133,319.0,4,No,South Karenberg,14.97
BMW,2023,Petrol,Manual,8.58,1340,74.0,3,Yes,West Melvinton,2.97
Ford,2005,Diesel,Automatic,16.4,3474,247.0,1,No,Darrenside,7.91
Kia,2008,Petrol,Automatic,21.75,1857,85.0,1,No,Coxview,1.53
Hyundai,2008,Diesel,Automatic,11.92,2854,82.0,4,No,Mccoyfurt,4.67
Honda,2021,Diesel,Automatic,9.85,2887,162.0,2,Yes,North Huntermouth,10.81
Ford,2018,Petrol,Automatic,18.26,1708,88.0,3,No,South Stephen,6.28
Mahindra,2022,Petrol,Manual,20.53,2909,116.0,3,No,South Josephfurt,10.97
Kia,2005,Diesel,Manual,15.28,2120,121.0,1,Yes,Kaitlynmouth,9.42
Toyota,2020,Diesel,Automatic,15.61,3226,107.0,1,No,Lake Kimside,7.74
Honda,2007,Diesel,Manual,20.51,1121,94.0,2,No,Josephton,3.88
Hyundai,2013,Electric,Manual,14.52,1532,105.0,1,Yes,East Robert,10.74
Kia,2008,Diesel,Automatic,14.82,2218,92.0,1,No,Lake Justinchester,9.22
Mahindra,2009,CNG,Automatic,19.11,2180,285.0,1,No,Lake Robertmouth,1.89
Hyundai,2015,CNG,Automatic,19.56,3266,275.0,1,No,Lake Mistytown,4.14
Toyota,2013,CNG,Automatic,17.1,2159,276.0,2,Yes,Lawrenceview,-3.08
Toyota,2007,Petrol,Manual,23.94,2867,235.0,3,No,Bradleyborough,2.54
Mahindra,2010,Petrol,Manual,21.0,3259,103.0,3,Yes,South Brianhaven,6.75
Honda,2015,Petrol,Manual,16.6,2714,278.0,3,Yes,Christopherburgh,3.78
Mahindra,2013,Diesel,Manual,12.84,1348,185.0,3,Yes,East Christine,4.67
BMW,2019,CNG,Automatic,21.97,2082,259.0,3,No,Booneside,13.56
Toyota,2007,Diesel,Automatic,22.11,1404,144.0,4,,Port Tamaraland,12.12
Kia,2005,Electric,Automatic,17.6,2522,100.0,4,No,Jayberg,5.22
BMW,2023,Electric,Automatic,19.11,3204,270.0,1,No,South Anthonyland,11.17
Ford,2018,Petrol,Manual,20.8,3048,98.0,4,Yes,Timothyview,12.86
Hyundai,2021,Electric,Manual,24.41,2381,240.0,3,No,Kleinchester,10.47
BMW,2018,CNG,Automatic,21.55,3078,290.0,1,No,Espinozaberg,9.2
Hyundai,2021,Electric,Manual,19.78,3150,129.0,3,Yes,South Mark,12.39
Mahindra,2018,Petrol,Manual,21.72,3234,135.0,3,No,South Jenniferland,11.08
BMW,2016,Diesel,Automatic,22.6,1514,293.0,1,Yes,Port Michael,3.15
Mahindra,2020,Electric,Manual,19.08,1724,195.0,3,Yes,Wadeville,7.24
Ford,2005,CNG,Automatic,21.67,857,213.0,4,Yes,Stevenshire,5.79
Toyota,2017,CNG,Manual,15.29,1233,158.0,1,Yes,Bradleyborough,12.61
Ford,2010,CNG,Manual,22.14,3369,189.0,2,No,West Thomasside,5.68
Toyota,2021,Diesel,Automatic,15.33,2584,66.0,2,Yes,Port Stephanieburgh,4.99
Mahindra,2016,CNG,Automatic,13.97,1282,164.0,2,Yes,West Teresafort,12.11
Toyota,2023,Petrol,Automatic,17.48,1166,109.0,3,No,Hawkinsland,9.04
Hyundai,2010,Petrol,Manual,12.63,1688,283.0,3,Yes,West Andrewtown,16.45
Kia,2011,CNG,Automatic,15.61,2652,123.0,3,Yes,North Monicaton,4.55
Ford,2005,Electric,Manual,19.51,2154,240.0,3,No,Markmouth,5.92
BMW,2005,CNG,Automatic,19.11,2523,134.0,1,Yes,East Jason,12.49
Ford,2009,Petrol,Manual,20.56,2058,248.0,2,No,Lake Cody,2.88
Hyundai,2010,Petrol,Automatic,20.62,1210,242.0,4,No,Loganton,13.28
Toyota,2020,Petrol,Automatic,19.5,3030,127.0,1,Yes,Tranfort,3.17
Hyundai,2020,Electric,Manual,14.59,3005,229.0,2,No,Scottfurt,10.44
Honda,2018,Electric,Manual,21.69,2860,231.0,2,Yes,West Johnburgh,0.63
Honda,2005,Electric,Automatic,17.56,3413,166.0,1,No,Leachborough,8.18
BMW,2017,Petrol,Manual,18.96,2612,170.0,1,No,Brandiside,2.52
Hyundai,2014,Diesel,Automatic,18.42,3402,137.0,1,Yes,Ericside,15.71
Mahindra,2014,CNG,Manual,24.3,2602,245.0,4,Yes,South Gina,3.71
BMW,2013,CNG,Manual,13.22,1477,312.0,2,No,New Abigail,4.68
Mahindra,2017,Petrol,Automatic,16.63,1417,295.0,4,Yes,North Nicholas,10.14
BMW,2007,Electric,Automatic,20.13,3051,152.0,4,Yes,Joshuashire,5.6
Honda,2022,Diesel,Manual,18.09,3149,189.0,4,Yes,Port Kyleland,10.8
BMW,2006,Diesel,Manual,16.06,1594,242.0,4,,South Laurie,5.16
Honda,2021,Electric,Manual,10.33,3444,93.0,4,Yes,Matthewfort,4.85
Toyota,2023,CNG,Manual,16.85,1528,281.0,1,No,East Robertmouth,7.89
Mahindra,2017,CNG,Automatic,19.45,2493,60.0,4,No,Hendersonview,3.13
Hyundai,2017,Diesel,Automatic,,2685,156.0,3,No,Scottfurt,9.59
BMW,2005,Diesel,Manual,17.33,3353,146.0,1,Yes,Whitestad,11.51
Honda,2006,Electric,Automatic,18.71,1438,311.0,2,Yes,West Cameronmouth,10.21
Ford,2005,CNG,Manual,13.43,990,74.0,2,,Annaton,10.57
Mahindra,2009,Diesel,Manual,19.56,2601,201.0,1,Yes,Stacyhaven,0.3
BMW,2007,CNG,Manual,,1698,129.0,4,Yes,New Nicholasmouth,6.15
Kia,2011,Diesel,Automatic,,2796,113.0,1,,Port Nicholas,7.09
Toyota,2017,Electric,Manual,17.12,2907,,2,No,Williamland,13.82
Toyota,2022,CNG,Automatic,18.85,2289,306.0,2,No,Jacobburgh,5.67
Ford,2011,Diesel,Automatic,20.54,2202,193.0,1,Yes,West Ashley,-1.21
Honda,2005,Diesel,Manual,19.02,2252,303.0,3,No,East Jasontown,3.98
BMW,2009,Diesel,Automatic,10.71,2909,298.0,3,No,West Danielville,5.36
Mahindra,2021,Diesel,Manual,19.1,2743,76.0,3,No,East Barbarahaven,-0.63
Honda,2012,Electric,Manual,16.45,3149,292.0,2,Yes,Wellsmouth,11.87
Toyota,2019,CNG,Automatic,15.17,1437,213.0,3,No,Baileyside,1.72
Honda,2008,CNG,Manual,23.4,1798,245.0,3,No,Ramseyside,9.78
Toyota,2006,Petrol,Automatic,14.27,3019,142.0,1,No,Lake Erica,3.63
Honda,2009,CNG,Automatic,14.72,2328,,4,Yes,New Bonnie,14.03
Ford,2005,Petrol,Automatic,9.03,862,121.0,4,No,New Erikaport,6.9
Hyundai,2009,Diesel,Manual,23.76,815,118.0,1,Yes,North Julie,6.08
Ford,2010,Electric,Automatic,21.56,1641,201.0,4,Yes,Rossberg,10.11
Ford,2006,Electric,Manual,16.67,1924,208.0,3,Yes,East Emilyshire,3.97
Hyundai,2005,Diesel,Manual,20.45,2016,233.0,2,Yes,Lake Kara,10.3
Hyundai,2008,Petrol,Automatic,9.1,2796,121.0,3,No,Floreschester,6.07
BMW,2011,Diesel,Automatic,19.9,1698,226.0,1,No,South Devin,5.62
Mahindra,2005,Electric,Manual,14.57,2290,229.0,4,No,Robertsview,7.65
Mahindra,2005,Electric,Automatic,24.7,3022,162.0,1,No,East Guy,3.64
BMW,2012,CNG,Automatic,19.47,2057,87.0,1,No,South Jacobborough,7.24
Ford,2020,Petrol,Automatic,18.52,2314,143.0,3,No,East Nicoleshire,9.36
Ford,2017,CNG,Manual,14.72,1216,193.0,4,No,Jessetown,-1.23
Toyota,2022,Electric,Automatic,14.74,2356,118.0,2,No,West Normamouth,12.37
Toyota,2014,Electric,Manual,20.37,1250,149.0,3,Yes,Salazarport,11.26
Mahindra,2016,CNG,Manual,14.68,2623,129.0,1,Yes,Kingmouth,0.58
BMW,2005,CNG,Automatic,14.52,1079,244.0,1,No,Stacyfort,-0.04
Kia,2014,Electric,Automatic,23.63,1043,119.0,4,Yes,Port Charlene,11.37
Kia,2013,CNG,Manual,19.15,1474,204.0,1,Yes,Shawnville,11.06
BMW,2007,CNG,Manual,,2993,227.0,1,Yes,Bairdland,10.49
Toyota,2023,Petrol,Automatic,20.21,902,125.0,3,No,South Brandonfort,2.29
Mahindra,2013,Electric,Manual,16.88,3157,183.0,4,Yes,Robinsonbury,15.31
Mahindra,2014,Diesel,Automatic,10.94,916,272.0,3,Yes,Armstrongmouth,4.98
Toyota,2023,Petrol,Manual,16.0,2295,241.0,2,No,Lindseyfurt,8.96
Kia,2020,Diesel,Automatic,13.81,1562,130.0,1,No,Jacobmouth,9.01
Honda,2022,CNG,Manual,19.02,2523,103.0,3,No,Alyssahaven,14.37
Honda,2018,CNG,Automatic,15.38,3034,254.0,3,Yes,Matthewshire,8.5
Toyota,2007,Diesel,Automatic,18.36,1584,116.0,4,Yes,Millershire,9.66
Honda,2006,CNG,Manual,20.67,2292,116.0,1,No,Millershire,7.69
Hyundai,2005,CNG,Automatic,27.44,1506,230.0,3,No,Frazierchester,3.21
BMW,2022,Petrol,Manual,25.92,1595,142.0,1,No,Woodview,-1.27
BMW,2013,Diesel,Manual,18.89,1272,153.0,2,No,Matthewchester,8.13
Toyota,2017,Petrol,Manual,17.79,3403,220.0,1,No,Karinaview,2.35
Ford,2006,Diesel,Manual,15.62,1481,161.0,1,Yes,South Kimberlybury,9.4
Kia,2011,Petrol,Automatic,11.43,893,171.0,3,No,New Jamestown,8.6
Toyota,2020,Electric,Manual,8.85,1535,125.0,4,Yes,Morrisonberg,8.5
Honda,2023,Electric,Manual,14.63,2841,169.0,4,No,Carloston,3.79
Kia,2019,Diesel,Manual,24.55,2885,,4,Yes,South Laura,12.15
Ford,2015,Electric,Automatic,24.41,3329,301.0,2,Yes,Thorntontown,9.9
Honda,2005,Petrol,Manual,18.29,2958,207.0,2,No,North Leahfort,3.27
Mahindra,2011,Diesel,Automatic,19.86,2713,301.0,3,Yes,Port John,16.27
Hyundai,2012,Electric,Automatic,15.58,3257,281.0,4,Yes,Howeshire,7.16
Honda,2014,Electric,Manual,,2389,63.0,2,No,North Samuelfort,2.66
Hyundai,2009,Diesel,Automatic,14.9,3244,67.0,4,Yes,Parkerstad,4.97
Kia,2013,Electric,Manual,,1950,111.0,4,Yes,Ericksonside,1.96
Hyundai,2005,Electric,Automatic,20.45,2813,201.0,2,Yes,New Jennifer,13.44
Kia,2006,Diesel,Automatic,15.58,841,147.0,4,No,North Jenniferland,12.32
Kia,2023,Electric,Manual,,840,219.0,1,No,Alexiston,10.96
Kia,2018,Electric,Automatic,17.41,2310,87.0,3,Yes,Lake Ruthchester,10.2
Kia,2014,Electric,Manual,23.67,2494,75.0,2,Yes,Michellefort,12.99
Kia,2013,Electric,Automatic,20.21,3246,159.0,2,No,Lake Jimmy,7.03
Honda,2014,CNG,Manual,18.98,3029,263.0,4,No,Ericksonberg,9.69
Kia,2010,Diesel,Manual,12.28,1543,249.0,2,Yes,South Ryan,4.75
Honda,2021,CNG,Manual,16.04,3311,93.0,1,Yes,Williamfort,7.39
Kia,2010,CNG,Manual,,1873,318.0,4,Yes,Lanestad,9.8
Hyundai,2008,Petrol,Automatic,18.22,2231,316.0,1,No,East Shannontown,-4.32
Mahindra,2007,CNG,Manual,20.65,1097,112.0,3,Yes,Lake Shawnchester,5.52
Kia,2023,CNG,Manual,18.82,2992,251.0,3,Yes,East Danielle,8.66
Ford,2022,Petrol,Manual,13.87,815,231.0,1,Yes,West Jamesfort,7.69
Kia,2008,Electric,Manual,20.37,1875,106.0,4,No,East Bethany,6.19
Kia,2012,Electric,Automatic,16.15,906,250.0,3,Yes,Janetport,10.36
Hyundai,2021,CNG,Manual,15.41,1018,100.0,4,Yes,New Deborahside,5.17
BMW,2009,Petrol,Automatic,13.59,3184,253.0,4,Yes,Angelaland,3.11
Hyundai,2017,Electric,Manual,16.59,1170,125.0,3,No,Micheleview,12.74
Ford,2005,Petrol,Manual,15.77,1053,102.0,3,Yes,Port Douglasshire,12.17
BMW,2017,Diesel,Manual,22.64,2228,249.0,1,Yes,North Ronniefort,5.6
Toyota,2008,Diesel,Manual,16.93,3427,148.0,4,No,Jacksonbury,7.73
Toyota,2018,Diesel,Manual,20.13,2808,235.0,1,Yes,Christopherside,11.38
Ford,2007,Diesel,Manual,,2522,85.0,2,No,East Kathy,8.18
Hyundai,2009,CNG,Automatic,20.98,3483,158.0,2,No,Derekchester,10.12
Honda,2011,Diesel,Automatic,20.57,3032,120.0,2,No,Alvarezville,9.9
Ford,2005,Diesel,Manual,12.18,2112,309.0,2,No,East Shelleyfort,6.72
Mahindra,2016,Petrol,Manual,14.51,3321,284.0,3,No,Michelleburgh,10.06
BMW,2015,Electric,Manual,15.35,1784,141.0,3,No,South Rickey,4.14
BMW,2012,Petrol,Automatic,17.19,3349,,1,Yes,Kimberlyborough,9.58
Kia,2010,CNG,Manual,15.18,1149,247.0,3,No,New Roy,7.7
Toyota,2006,Diesel,Automatic,17.02,2907,103.0,3,Yes,Monroestad,6.56
BMW,2023,Electric,Automatic,20.61,2278,318.0,3,No,Parsonshaven,3.01
Ford,2018,Electric,Automatic,15.77,1678,,2,Yes,North Sierraton,8.53
BMW,2005,Diesel,Automatic,19.19,3312,150.0,1,,Deborahville,8.15
Ford,2014,Diesel,Automatic,18.7,1110,200.0,4,No,Port Lisashire,4.64
Honda,2020,CNG,Manual,6.17,1914,311.0,4,Yes,South Kerrimouth,1.61
Kia,2008,CNG,Automatic,14.77,2121,267.0,4,Yes,New Ethanville,1.42
Toyota,2015,Diesel,Automatic,21.94,1079,238.0,2,No,Lake Thomas,6.98
BMW,2020,Diesel,Manual,14.42,1766,246.0,3,Yes,Atkinsbury,9.23
Ford,2005,Diesel,Manual,13.72,1494,169.0,3,Yes,North Anita,15.4
Hyundai,2020,Diesel,Automatic,22.14,1709,278.0,4,No,Port Sheri,7.82
Toyota,2023,Electric,Manual,18.61,3414,,4,Yes,West Samuelborough,1.5
Honda,2013,CNG,Manual,23.83,1070,100.0,1,Yes,Collinstown,7.17
Ford,2013,Diesel,Manual,16.14,2340,184.0,2,No,Millerbury,13.01
Mahindra,2013,Diesel,Automatic,22.81,1924,316.0,3,Yes,Port Lindsayburgh,5.27
Mahindra,2021,Electric,Automatic,14.44,2211,252.0,4,Yes,Port Julian,12.47
Kia,2016,Petrol,Manual,7.73,2109,174.0,4,No,Kellyshire,8.7
Kia,2017,Diesel,Manual,20.69,2553,129.0,1,Yes,Matthewmouth,10.59
Honda,2012,Electric,Automatic,20.29,1640,,3,No,North Reginaldfurt,15.44
Honda,2020,Electric,Automatic,20.69,2621,275.0,3,No,Williamshire,0.65
Kia,2022,Petrol,Manual,,1803,283.0,1,Yes,Hawkinsview,11.59
BMW,2005,CNG,Automatic,23.87,1039,188.0,1,Yes,Janemouth,7.62
BMW,2005,CNG,Automatic,21.46,2439,158.0,3,,East Nicoleport,4.2
Ford,2016,CNG,Manual,21.3,1160,306.0,1,No,Bowersbury,7.6
Hyundai,2010,Diesel,Manual,18.49,1533,245.0,4,No,Morrisland,14.76
Ford,2013,CNG,Automatic,12.61,1651,303.0,3,No,East Timothy,13.34
Hyundai,2009,Diesel,Automatic,18.27,1659,97.0,2,Yes,Davidside,-0.0
Honda,2020,Diesel,Automatic,19.44,1500,316.0,3,No,Allenview,4.92
Toyota,2022,Electric,Manual,26.13,2150,307.0,1,Yes,West Elizabethhaven,11.77
Ford,2021,CNG,Manual,19.06,1622,192.0,2,Yes,Stephanieside,7.91
Ford,2022,CNG,Manual,13.82,2434,103.0,4,Yes,Kristineshire,7.93
Hyundai,2005,CNG,Manual,19.87,896,252.0,4,Yes,North Amberfort,1.73
Honda,2023,Diesel,Automatic,23.03,1126,116.0,4,Yes,Lake Jorgeland,5.02
Honda,2012,Diesel,Manual,24.83,2920,307.0,1,Yes,South Davidville,2.57
Mahindra,2007,CNG,Manual,17.57,1793,163.0,3,Yes,Louisshire,1.39
Hyundai,2009,Diesel,Automatic,17.2,2079,104.0,1,Yes,South Christinaview,2.97
Honda,2012,Diesel,Manual,12.35,2566,,3,No,Laneborough,4.29
Kia,2023,Petrol,Automatic,15.59,1793,125.0,1,Yes,Halltown,4.96
BMW,2022,Petrol,Manual,19.73,1132,282.0,4,Yes,Kirstenport,4.63
Mahindra,2022,CNG,Automatic,11.9,1980,106.0,1,Yes,Gibsontown,12.08
Kia,2005,CNG,Automatic,26.19,2764,,3,No,Lindsaymouth,4.37
Toyota,2019,Petrol,Automatic,16.57,3305,85.0,4,Yes,North Deborahton,13.7
Ford,2022,Diesel,Manual,18.48,898,153.0,4,Yes,Erikatown,6.06
Mahindra,2011,Diesel,Automatic,19.37,1043,169.0,2,,West Brian,9.76
Toyota,2020,Electric,Manual,22.52,2300,313.0,3,Yes,North Jeremymouth,9.88
Ford,2020,CNG,Manual,19.07,2264,99.0,2,No,Andrewstad,4.41
BMW,2019,CNG,Manual,,2198,313.0,2,No,Austinview,6.69
Honda,2010,CNG,Manual,19.69,1166,156.0,2,Yes,Huffmouth,5.99
Kia,2013,Electric,Manual,22.51,3346,85.0,4,Yes,Kimberlybury,9.49
Hyundai,2011,Electric,Manual,14.42,2281,163.0,2,No,North Joel,7.48
Kia,2018,Diesel,Automatic,21.2,2960,162.0,3,No,East Mackenziehaven,5.01
BMW,2015,Petrol,Automatic,19.02,1847,134.0,3,No,Hughesmouth,8.48
Toyota,2020,Petrol,Manual,18.38,1082,144.0,2,No,South Christine,9.36
Hyundai,2010,Petrol,Manual,15.44,2115,273.0,2,No,North Rachel,15.4
Honda,2020,Diesel,Manual,17.11,2186,172.0,2,No,New Peterhaven,8.27
BMW,2020,Petrol,Manual,19.75,3248,116.0,2,,Melanieburgh,8.04
Hyundai,2016,Electric,Manual,16.3,3415,160.0,2,Yes,Hectortown,9.71
BMW,2021,Electric,Automatic,14.08,2537,309.0,2,No,Conleyborough,4.2
BMW,2009,CNG,Automatic,13.92,1221,194.0,1,No,Hartmanbury,1.1
Honda,2017,Petrol,Manual,19.12,2066,200.0,4,No,Brianhaven,6.75
Mahindra,2012,Electric,Manual,,2177,143.0,4,Yes,Townsendport,12.29
Ford,2009,CNG,Automatic,17.73,2211,266.0,4,No,North Luis,12.93
Hyundai,2016,Petrol,Manual,25.26,1274,289.0,2,Yes,New Josephburgh,0.48
Honda,2013,Petrol,Manual,11.2,3252,120.0,1,Yes,Smithmouth,10.66
BMW,2007,Electric,Manual,19.52,2883,276.0,4,No,Williamsfurt,-0.74
Honda,2007,CNG,Automatic,10.64,1157,115.0,3,No,Smithborough,9.84
Mahindra,2005,CNG,Automatic,17.58,1357,88.0,4,Yes,Kimberlyton,9.6
Ford,2022,Electric,Manual,19.0,2150,170.0,4,Yes,Anthonyview,1.1
Kia,2016,Electric,Automatic,17.29,1867,151.0,4,Yes,Port Rachaelberg,12.0
Hyundai,2013,Electric,Automatic,10.19,3167,201.0,4,No,Michaelland,14.98
Ford,2013,Petrol,Manual,17.62,1537,161.0,3,,Karenberg,7.75
Toyota,2022,Electric,Automatic,18.01,3319,130.0,2,,Leeberg,8.56
Hyundai,2022,Electric,Automatic,21.59,3372,72.0,3,Yes,North Cheryl,13.92
Ford,2011,Diesel,Automatic,12.29,824,216.0,3,No,East Anthonystad,3.49
BMW,2008,Electric,Automatic,23.76,1439,140.0,2,No,Alexburgh,3.6
Hyundai,2017,Electric,Automatic,7.93,2374,159.0,3,No,New Johntown,4.64
Hyundai,2021,Petrol,Automatic,12.82,2008,142.0,3,Yes,Jessicaton,8.15
Honda,2006,CNG,Manual,18.7,973,277.0,4,No,Lake Garymouth,8.14
BMW,2018,Petrol,Manual,19.24,2217,296.0,4,No,Amandaborough,5.79
Toyota,2007,Diesel,Manual,24.05,985,184.0,2,No,Sweeneychester,6.8
Kia,2009,Electric,Automatic,18.77,2104,260.0,4,No,Swansonburgh,5.84
Mahindra,2018,Electric,Manual,17.59,1800,61.0,2,No,Austinstad,6.03
Ford,2007,Electric,Automatic,19.78,2118,121.0,2,Yes,Huffmanmouth,4.93
Honda,2011,Electric,Automatic,8.63,1327,79.0,1,Yes,Colemanbury,4.96
Ford,2022,Electric,Manual,13.97,1483,269.0,2,Yes,Alexanderside,-0.0
Toyota,2017,Electric,Automatic,13.3,3033,239.0,3,Yes,Laurentown,7.11
Toyota,2014,Diesel,Manual,21.81,2367,121.0,2,Yes,East Susantown,0.18
Hyundai,2017,Electric,Automatic,23.2,1374,,1,No,Port Alexandrastad,11.0
Mahindra,2020,Electric,Manual,25.46,2834,310.0,3,Yes,Gabrielaborough,5.76
Toyota,2013,Electric,Manual,20.28,2684,69.0,1,Yes,New Michaelhaven,7.52
Ford,2006,Diesel,Manual,21.57,2124,246.0,4,No,Hansenside,6.51
BMW,2009,Electric,Manual,18.38,1108,169.0,3,Yes,Jeffreyton,7.02
BMW,2021,Diesel,Automatic,16.0,2012,87.0,2,Yes,South Jessicaburgh,13.05
Hyundai,2008,Petrol,Manual,13.68,2641,120.0,1,Yes,West Nancy,2.59
Kia,2021,Electric,Automatic,13.32,2234,117.0,2,Yes,West Mary,1.51
Ford,2013,CNG,Manual,12.52,1337,311.0,4,No,Burnsmouth,8.48
Ford,2006,Diesel,Manual,20.92,1657,,3,No,Rachelfurt,6.02
Toyota,2022,Petrol,Manual,16.36,2374,204.0,2,Yes,South Nichole,9.44
Mahindra,2015,Diesel,Automatic,15.11,992,138.0,4,Yes,Johnsontown,10.87
Ford,2017,Diesel,Manual,9.89,1986,273.0,2,No,Chadburgh,3.57
Honda,2012,Petrol,Manual,14.35,852,79.0,3,Yes,New Donaldshire,10.41
Kia,2005,Electric,Automatic,16.85,1274,289.0,4,No,South Donnaview,3.91
Toyota,2021,Electric,Manual,11.85,973,123.0,4,,West Robertbury,8.3
Honda,2016,Diesel,Automatic,28.64,2019,95.0,1,Yes,Jonesshire,3.05
Hyundai,2008,Petrol,Manual,12.64,2613,270.0,3,Yes,Adamsfurt,8.53
BMW,2017,Electric,Manual,22.61,1499,230.0,4,Yes,Clementsbury,7.92
Hyundai,2013,Diesel,Manual,17.52,3237,85.0,3,Yes,Gutierreztown,3.59
BMW,2011,CNG,Automatic,15.73,1256,223.0,2,Yes,Butlertown,2.57
Hyundai,2009,Petrol,Manual,17.0,2154,121.0,3,Yes,Brendaborough,11.0
Ford,2009,CNG,Manual,18.06,2318,145.0,1,Yes,Mooremouth,6.19
Honda,2021,CNG,Manual,18.91,2969,132.0,3,Yes,Port William,12.05
BMW,2013,Diesel,Automatic,14.07,3265,119.0,3,Yes,Taylorfort,5.83
Toyota,2010,Petrol,Automatic,20.24,958,237.0,2,Yes,Meghanton,13.21
Honda,2023,Electric,Automatic,16.88,3445,111.0,1,No,Petersshire,4.21
Toyota,2020,Electric,Automatic,12.67,2637,,2,Yes,Port John,13.89
Honda,2006,Diesel,Automatic,16.29,1315,136.0,4,Yes,Ingramport,8.7
Honda,2014,Electric,Automatic,23.68,1825,178.0,2,No,South Jodifort,9.6
Hyundai,2020,Electric,Manual,18.88,1458,268.0,1,No,East Thomashaven,3.98
BMW,2009,CNG,Manual,18.02,1477,241.0,1,Yes,Kellifurt,10.92
BMW,2019,CNG,Manual,16.41,1114,197.0,3,No,East Jennifershire,11.06
Mahindra,2017,Petrol,Manual,16.72,3175,184.0,1,Yes,Collinsbury,6.7
Honda,2017,CNG,Manual,18.88,1075,212.0,2,No,Port Robinville,-0.54
Ford,2017,Electric,Automatic,16.94,1251,77.0,1,No,Ricehaven,3.55
Ford,2019,Petrol,Automatic,19.82,2388,123.0,4,No,North Nathanshire,3.55
Toyota,2018,Petrol,Automatic,19.29,1285,295.0,1,Yes,Lake Joshuashire,9.8
Toyota,2012,Diesel,Manual,13.23,1930,138.0,1,No,New Stevenland,6.14
Hyundai,2015,CNG,Automatic,20.11,1366,118.0,2,No,Yvettemouth,6.22
Honda,2022,Petrol,Manual,14.18,1045,310.0,3,No,North Amy,5.73
Toyota,2008,Electric,Automatic,14.02,1688,,3,No,Christinechester,13.88
Toyota,2014,Petrol,Manual,17.9,3011,177.0,2,No,New Lindseymouth,8.18
Kia,2005,Petrol,Automatic,19.03,3374,138.0,3,No,Mathewschester,8.79
Honda,2009,Diesel,Manual,20.46,800,296.0,4,,Sextonburgh,5.52
Hyundai,2017,Electric,Automatic,9.37,2984,230.0,4,Yes,Port Nicholas,7.88
Toyota,2005,Electric,Manual,21.16,950,303.0,3,Yes,New Samantha,4.1
Hyundai,2012,CNG,Automatic,19.65,2567,267.0,2,No,Torresport,9.37
BMW,2007,Electric,Manual,15.1,2310,146.0,2,No,Robertfurt,3.41
Hyundai,2007,Petrol,Manual,17.05,2048,198.0,3,No,Fowlerberg,10.98
Ford,2011,Electric,Manual,18.79,1928,147.0,1,Yes,Tapiabury,5.06
Ford,2008,Electric,Manual,4.04,1798,192.0,3,No,Dyershire,11.79
Hyundai,2007,Petrol,Automatic,13.0,1497,98.0,4,No,West Rebecca,15.63
Ford,2019,Diesel,Automatic,22.65,1888,235.0,4,No,Nguyenside,8.0
BMW,2012,CNG,Automatic,15.59,3180,139.0,1,No,Kristenside,13.25
Honda,2007,CNG,Manual,17.66,3219,79.0,4,No,Elizabethmouth,11.01
Ford,2011,Diesel,Automatic,17.53,2030,280.0,2,,East Johnhaven,2.27
Ford,2022,Petrol,Manual,20.86,3428,247.0,1,Yes,Jonesfort,8.44
Hyundai,2015,CNG,Automatic,16.37,1485,213.0,1,Yes,Williamsburgh,10.0
BMW,2015,Diesel,Manual,16.71,1727,202.0,1,Yes,Rojasport,10.39
Mahindra,2021,Diesel,Automatic,18.76,2642,310.0,2,No,Timothyshire,8.71
Mahindra,2010,Diesel,Manual,21.39,2532,271.0,4,Yes,Rosarioville,8.66
Mahindra,2012,CNG,Manual,22.65,1539,208.0,3,No,Brendachester,8.02
Mahindra,2005,CNG,Automatic,16.72,1070,234.0,4,No,North Kaylaport,8.53
Honda,2014,CNG,Automatic,16.04,2772,231.0,3,,Kaylaberg,3.11
Hyundai,2023,CNG,Automatic,17.41,1510,193.0,1,No,Elliottstad,7.06
Hyundai,2007,Electric,Manual,23.34,1124,175.0,3,Yes,New Laura,2.19
Kia,2008,Diesel,Manual,21.11,1789,262.0,4,Yes,Port Christineside,6.01
BMW,2015,Electric,Manual,16.08,2350,205.0,2,Yes,Port Jonathanland,5.64
Mahindra,2019,Diesel,Automatic,11.54,1597,297.0,4,No,Simmonsburgh,5.38
Honda,2005,CNG,Manual,,2669,287.0,2,No,Kellyborough,3.79
BMW,2013,CNG,Automatic,22.88,3394,314.0,2,No,Elizabethton,9.08
Mahindra,2015,Electric,Manual,13.56,1892,215.0,2,Yes,Adamsside,6.73
Honda,2023,Petrol,Automatic,16.22,1011,302.0,3,Yes,West Brandonton,6.32
BMW,2017,CNG,Manual,21.51,2381,266.0,1,Yes,Nataliemouth,2.37
Hyundai,2020,Petrol,Manual,19.54,2243,313.0,1,No,North Tiffanyburgh,6.81
Hyundai,2008,Diesel,Automatic,10.02,3444,317.0,1,No,Georgefurt,12.58
Toyota,2005,Electric,Manual,13.49,847,132.0,2,No,West Teresa,12.64
Ford,2017,Petrol,Manual,20.33,1030,94.0,3,No,East Samuelfurt,9.49
Mahindra,2005,Petrol,Automatic,,1378,188.0,3,Yes,Janetmouth,6.82
Kia,2009,CNG,Manual,20.66,1912,247.0,3,No,East Thomaston,10.24
BMW,2009,Petrol,Automatic,21.12,2554,154.0,4,No,Coopermouth,5.33
Kia,2018,Petrol,Automatic,18.97,2899,279.0,3,Yes,Ballburgh,6.8
Toyota,2018,Diesel,Manual,19.68,1221,184.0,3,No,Port Benjaminmouth,5.03
Ford,2012,Electric,Manual,15.72,1410,244.0,3,No,Saraside,11.63
BMW,2008,CNG,Manual,18.46,1245,96.0,1,Yes,Tonyachester,11.12
Honda,2011,CNG,Automatic,19.25,1760,169.0,2,No,North Andrew,7.86
Mahindra,2023,Petrol,Manual,24.82,930,237.0,4,Yes,North Kevinton,14.93
Ford,2019,Diesel,Automatic,14.7,3447,201.0,1,No,Malonemouth,9.65
Hyundai,2008,Petrol,Manual,20.9,2471,193.0,3,Yes,Dianaside,9.42
Toyota,2023,Petrol,Manual,17.54,3221,208.0,2,No,North Brandon,9.0
Ford,2013,CNG,Automatic,20.98,3398,317.0,2,Yes,Jaredton,2.95
Mahindra,2017,Petrol,Manual,17.52,3377,98.0,2,No,Amandastad,4.42
Ford,2018,Petrol,Manual,22.71,3234,73.0,2,No,South Lukefurt,7.78
Mahindra,2018,Diesel,Manual,,1135,112.0,3,Yes,Vernonburgh,7.81
Hyundai,2014,CNG,Manual,18.57,1940,70.0,4,Yes,Schroederstad,10.36
BMW,2020,Electric,Manual,19.76,1824,222.0,3,Yes,Scottborough,5.33
Honda,2009,Diesel,Automatic,15.27,2452,,2,No,Cynthiatown,8.28
Hyundai,2010,Diesel,Manual,19.22,1337,245.0,3,Yes,Townsendton,8.35
Honda,2006,Diesel,Automatic,22.03,1295,96.0,2,No,Port Robert,8.51
BMW,2017,CNG,Manual,17.73,1307,68.0,3,Yes,South Michaelshire,8.07
Ford,2017,Petrol,Manual,21.0,1480,87.0,4,No,Welchmouth,2.38
Honda,2023,Electric,Automatic,15.3,3412,233.0,2,No,Rogerston,-1.04
Toyota,2022,CNG,Manual,13.61,1580,186.0,3,Yes,Port Christopherview,4.23
Toyota,2023,Petrol,Manual,20.78,1559,129.0,1,No,Lake Anita,5.88
Mahindra,2005,Diesel,Automatic,15.76,927,210.0,4,Yes,South Carolhaven,3.29
Hyundai,2012,CNG,Automatic,11.29,2092,208.0,1,Yes,Port Hannahtown,7.78
BMW,2020,Petrol,Manual,14.96,2993,277.0,3,Yes,Lake Ashley,12.36
Mahindra,2006,Electric,Automatic,23.39,3346,185.0,4,No,Lake Stephanie,10.9
Hyundai,2012,Electric,Automatic,22.24,1765,62.0,4,No,Cookmouth,9.87
Hyundai,2010,Petrol,Automatic,13.52,1359,246.0,4,No,West Elizabeth,11.94
Mahindra,2020,CNG,Automatic,12.15,2022,102.0,3,No,West Brandi,4.3
Kia,2015,Diesel,Manual,,1723,158.0,4,Yes,South Lisaland,6.17
Hyundai,2021,Petrol,Manual,22.16,2427,249.0,4,No,North Brent,10.46
Kia,2023,Diesel,Automatic,,3250,101.0,1,Yes,Hartmanfort,6.1
Toyota,2015,Electric,Manual,17.25,3189,156.0,3,No,Michaelmouth,6.32
Toyota,2012,Petrol,Automatic,15.54,1871,319.0,2,No,Simmonsbury,15.45
Hyundai,2008,Electric,Manual,16.91,1340,277.0,3,No,New Gary,8.38
Toyota,2015,Diesel,Manual,21.39,1999,195.0,3,No,Hudsonshire,15.05
BMW,2012,Diesel,Automatic,18.34,1310,204.0,4,Yes,Cynthiaville,0.71
Kia,2013,Petrol,Automatic,17.19,2866,64.0,1,No,New Amberstad,5.48
Kia,2006,Petrol,Manual,20.6,3342,195.0,1,Yes,West Paul,9.64
Hyundai,2020,Petrol,Manual,18.29,1154,66.0,3,Yes,Wagnerland,8.37
Toyota,2010,Electric,Manual,21.8,3406,96.0,2,No,Fowlerborough,-0.22
Honda,2023,Diesel,Automatic,15.28,1144,126.0,3,No,Williamtown,7.08
Mahindra,2012,Diesel,Manual,19.09,1883,64.0,2,Yes,South Michelleshire,17.89
Mahindra,2018,Electric,Automatic,21.55,2590,117.0,2,No,North Mark,8.99
Kia,2020,Petrol,Automatic,24.21,3076,214.0,3,No,Paulberg,10.42
Hyundai,2016,CNG,Automatic,13.63,946,172.0,4,Yes,Port Audrey,5.42
Hyundai,2009,Petrol,Manual,17.31,3179,151.0,4,No,Zacharyhaven,8.97
BMW,2023,CNG,Automatic,12.74,3280,,2,No,North Georgeport,7.95
Ford,2022,CNG,Manual,14.12,1198,,1,No,Williamsonton,12.48
Ford,2013,Electric,Automatic,18.07,2523,237.0,4,Yes,East Erintown,12.35
Kia,2006,Diesel,Manual,9.89,2234,,4,Yes,Williamschester,9.63
Mahindra,2016,Diesel,Manual,19.68,1386,126.0,2,Yes,Melissafort,8.28
BMW,2006,Diesel,Automatic,,3446,181.0,2,No,Tylerport,1.28
BMW,2014,Diesel,Automatic,17.69,2094,218.0,2,No,Smithside,1.14
BMW,2005,Electric,Manual,14.64,3193,242.0,4,Yes,North Robert,8.33
Kia,2008,CNG,Manual,17.02,2342,63.0,4,No,Fitzpatricktown,11.5
Ford,2016,Diesel,Automatic,26.47,2604,180.0,1,Yes,Sanchezville,13.33
Mahindra,2013,CNG,Automatic,15.92,2835,289.0,1,Yes,West Jessicashire,4.44
BMW,2008,Electric,Manual,14.85,2227,278.0,3,No,Mooreberg,1.96
Mahindra,2013,Petrol,Manual,8.75,1537,241.0,2,Yes,East Tammy,11.73
Toyota,2010,Electric,Automatic,22.18,2577,316.0,4,No,Lake Sheila,4.74
Hyundai,2005,Diesel,Manual,13.04,1179,102.0,1,No,South Robert,1.69
Hyundai,2014,Petrol,Automatic,18.35,3268,77.0,2,No,Loriborough,6.03
Mahindra,2018,Electric,Automatic,26.43,2003,257.0,2,Yes,Lake Debbieborough,5.96
Honda,2022,Electric,Automatic,,2461,236.0,3,No,South Kristinland,13.28
Honda,2010,CNG,Automatic,19.43,2106,135.0,2,No,Scotttown,11.46
Kia,2022,Electric,Manual,16.7,3265,240.0,1,No,Karenport,5.05
Kia,2020,Petrol,Automatic,19.26,1155,209.0,3,No,Johnborough,13.59
Hyundai,2019,Electric,Automatic,18.3,815,141.0,4,Yes,North Sheri,8.5
Toyota,2020,Diesel,Manual,20.16,1114,69.0,3,Yes,Martinezhaven,12.24
Ford,2012,CNG,Manual,8.33,3380,271.0,2,No,Port Edwardberg,13.31
Ford,2017,Petrol,Automatic,19.52,1839,199.0,2,No,New Teresashire,6.95
Kia,2015,Petrol,Automatic,19.73,2286,319.0,1,Yes,Thompsontown,10.29
Toyota,2011,Electric,Automatic,28.19,3392,287.0,2,No,North Joshua,6.37
Kia,2021,Diesel,Automatic,17.98,1493,64.0,4,No,East Clintonmouth,11.72
Ford,2022,CNG,Automatic,18.89,868,142.0,1,Yes,Vargasbury,8.36
Mahindra,2023,Petrol,Automatic,19.59,1210,65.0,2,Yes,Deborahtown,11.84
Kia,2017,CNG,Manual,19.7,1718,211.0,4,No,Port Jonathanborough,14.1
BMW,2019,Electric,Manual,13.07,1539,282.0,1,,Lynnside,10.19
Mahindra,2005,Diesel,Automatic,21.27,2290,240.0,2,Yes,New Stevenberg,7.63
Kia,2020,Electric,Manual,14.33,3286,226.0,4,No,North Gregory,7.69
Hyundai,2009,CNG,Manual,19.63,3377,137.0,4,No,Woodchester,-3.83
Kia,2007,Electric,Automatic,14.56,1072,101.0,3,Yes,Rubenville,5.15
Hyundai,2014,CNG,Manual,17.11,1258,121.0,1,No,Cobbtown,11.73
Toyota,2023,Petrol,Manual,16.12,1619,90.0,3,No,Sanchezchester,11.88
Ford,2009,Petrol,Automatic,17.0,1996,63.0,4,Yes,North Taylorstad,5.06
Mahindra,2011,Electric,Automatic,17.67,3415,168.0,3,No,Laurenside,8.66
Mahindra,2018,Petrol,Automatic,19.49,1660,152.0,3,Yes,Maddentown,7.24
Honda,2007,CNG,Manual,,2773,158.0,3,Yes,North Dianastad,10.76
Honda,2017,Petrol,Automatic,21.5,2344,251.0,1,No,Melissastad,16.83
Ford,2017,Diesel,Manual,15.87,3344,271.0,2,Yes,Amyhaven,10.83
Honda,2014,Diesel,Automatic,19.72,1594,142.0,3,No,Lake Autumnshire,5.32
Mahindra,2006,Electric,Automatic,14.67,1604,266.0,2,No,Glassstad,7.69
Kia,2010,Electric,Automatic,25.13,1895,,1,,New Carolyn,13.61
Toyota,2012,Electric,Automatic,19.74,2690,311.0,2,No,Ramirezshire,2.37
Toyota,2008,Electric,Manual,15.21,1639,120.0,1,Yes,Andrewchester,5.54
Ford,2016,CNG,Manual,24.94,3482,312.0,2,No,Jeromehaven,10.84
Honda,2019,CNG,Automatic,,1402,138.0,1,Yes,Robertfort,13.18
Kia,2012,Diesel,Manual,15.23,2232,255.0,4,No,Jonestown,10.44
Toyota,2011,CNG,Automatic,17.48,2633,295.0,1,No,Andrewbury,5.57
Toyota,2018,Petrol,Automatic,13.45,1166,228.0,2,Yes,Curtisstad,10.15
BMW,2023,Diesel,Manual,13.45,1055,66.0,3,Yes,Valerieberg,9.66
BMW,2018,Electric,Manual,22.83,3287,81.0,4,No,Schwartzmouth,9.4
Mahindra,2017,Electric,Automatic,14.41,2158,131.0,3,Yes,Langborough,7.61
Toyota,2005,CNG,Automatic,12.65,3282,165.0,2,Yes,North Mariamouth,8.21
Ford,2023,Diesel,Automatic,20.54,1489,198.0,3,Yes,East Janeville,4.37
Hyundai,2005,CNG,Manual,24.64,1107,89.0,3,No,East Aaron,17.92
Hyundai,2008,CNG,Automatic,22.63,2835,148.0,1,No,Porterside,8.63
Kia,2014,CNG,Automatic,27.16,2496,212.0,2,No,Freemanfort,10.19
Toyota,2007,Diesel,Automatic,27.69,1208,132.0,3,Yes,Mariochester,7.13
Toyota,2013,Electric,Automatic,14.4,1625,297.0,3,No,Lake Lauraberg,11.38
Mahindra,2007,Petrol,Automatic,16.75,1991,310.0,3,No,Lake Lindsayberg,2.81
Toyota,2010,Electric,Automatic,11.72,2934,67.0,2,Yes,Woodwardborough,1.02
Ford,2010,Diesel,Manual,13.35,2850,266.0,4,No,Port Darryl,7.88
BMW,2016,Electric,Automatic,22.29,3219,317.0,3,No,Robertsshire,16.22
Toyota,2005,Electric,Automatic,19.11,2351,198.0,3,No,East Stephenside,12.83
Toyota,2020,Petrol,Manual,23.83,3489,105.0,4,Yes,Michaelstad,4.77
Mahindra,2009,Electric,Manual,14.54,897,185.0,4,Yes,West Josephside,10.06
Honda,2013,Electric,Automatic,15.81,2574,80.0,4,No,Kathleenchester,5.46
Mahindra,2014,Electric,Manual,20.37,2345,229.0,3,No,Stoneland,9.71
Mahindra,2017,CNG,Automatic,,1120,91.0,1,Yes,Sharonhaven,10.02
Ford,2019,Diesel,Manual,11.46,1333,209.0,2,Yes,West Shelly,11.71
Kia,2016,Diesel,Manual,17.04,3214,,3,Yes,Port Lauren,1.74
Toyota,2009,Petrol,Automatic,19.6,2007,80.0,4,,Lake Kimberlyshire,2.94
Mahindra,2009,CNG,Manual,21.13,1216,197.0,4,No,North Jessicafort,7.7
Mahindra,2022,CNG,Automatic,21.92,2037,124.0,4,Yes,Tamaraberg,3.87
Honda,2016,Electric,Manual,17.7,1647,124.0,4,Yes,Tonyaview,3.56
Mahindra,2007,Diesel,Automatic,13.06,1469,147.0,1,No,Fitzgeraldville,9.09
Hyundai,2011,Petrol,Manual,10.3,2743,102.0,2,Yes,Lake Wesleychester,4.34
Kia,2021,CNG,Automatic,17.27,2980,200.0,1,No,Lake Crystal,17.03
Toyota,2023,Electric,Automatic,16.84,2900,63.0,1,Yes,East Donald,5.87
Toyota,2022,Petrol,Automatic,14.82,1540,100.0,2,No,North Chloetown,6.92
Honda,2005,CNG,Automatic,21.57,822,149.0,3,Yes,South Amyview,9.19
Ford,2009,Petrol,Manual,13.41,2454,315.0,3,No,West Karen,1.97
Toyota,2006,CNG,Automatic,15.35,1259,204.0,1,Yes,Sarahmouth,10.03
Hyundai,2005,Petrol,Manual,22.67,1449,243.0,2,No,New Kelliland,9.37
Toyota,2011,CNG,Manual,14.9,1281,178.0,4,No,Smithville,6.6
Hyundai,2015,CNG,Automatic,19.29,919,172.0,2,No,Mendezfort,9.1
Kia,2015,Petrol,Automatic,17.96,1472,308.0,3,,South Jennaton,9.71
Kia,2022,CNG,Manual,18.97,3055,151.0,1,No,North Danielhaven,13.74
BMW,2021,CNG,Manual,21.53,2684,118.0,4,No,Fosterville,18.0
BMW,2006,CNG,Manual,19.3,1117,153.0,3,No,Amandaview,3.75
Hyundai,2011,Petrol,Automatic,12.45,3185,313.0,4,Yes,Billyside,2.81
Ford,2011,Petrol,Automatic,13.13,3002,234.0,2,,Oconnellchester,8.41
Toyota,2014,CNG,Manual,19.18,1667,62.0,2,Yes,West Jennyhaven,-0.32
Mahindra,2007,CNG,Manual,14.32,1193,80.0,3,No,South Jessica,10.6
Toyota,2016,Petrol,Manual,,3352,,3,Yes,West Richardberg,8.45
BMW,2007,Electric,Automatic,19.24,1770,268.0,4,No,Port Sean,9.47
Mahindra,2015,CNG,Manual,11.14,1112,155.0,4,Yes,Johnathantown,6.79
Hyundai,2016,Electric,Manual,25.56,2082,152.0,2,Yes,Smithville,9.02
Mahindra,2008,Petrol,Manual,16.54,2861,104.0,1,,Mclaughlinfort,9.89
Toyota,2020,CNG,Manual,17.16,876,121.0,4,No,North Jesus,8.8
Toyota,2022,Electric,Automatic,19.69,1208,89.0,2,No,Jamestown,2.62
Ford,2008,Petrol,Manual,17.65,3241,69.0,1,Yes,North Jacksonberg,8.69
Honda,2010,Electric,Automatic,21.85,3067,65.0,3,Yes,Juanton,15.42
Mahindra,2019,Diesel,Automatic,13.93,1543,78.0,3,No,Smithhaven,8.96
BMW,2005,Petrol,Manual,22.59,1232,71.0,4,No,Wendyland,8.55
BMW,2007,Diesel,Automatic,20.72,2278,251.0,1,No,Fieldsside,14.24
Honda,2009,Petrol,Manual,14.9,2477,162.0,2,No,West Matthewland,5.02
Toyota,2021,Petrol,Manual,19.01,2631,309.0,4,Yes,Port Michael,11.56
Ford,2018,CNG,Manual,22.85,1787,303.0,2,Yes,Joseport,5.88
Ford,2013,Diesel,Manual,20.09,2321,254.0,1,Yes,Port Heather,12.35
BMW,2007,Diesel,Manual,18.59,2353,193.0,4,No,North Marc,11.19
Ford,2017,Diesel,Automatic,20.49,1554,236.0,1,No,Ryantown,6.35
Kia,2007,Petrol,Automatic,20.83,1475,158.0,1,Yes,Amandafort,6.94
Honda,2015,Diesel,Manual,,1631,89.0,1,Yes,Sancheztown,11.91
Toyota,2006,Diesel,Automatic,18.63,1919,122.0,2,Yes,Walkerland,0.58
Kia,2019,CNG,Manual,21.39,827,87.0,3,Yes,Tylerville,6.23
Honda,2017,Electric,Automatic,18.53,2053,205.0,4,Yes,Loriland,10.48
Hyundai,2023,Electric,Automatic,15.13,1215,128.0,2,No,Bryanfort,6.77
Mahindra,2020,Diesel,Manual,19.12,2872,311.0,1,Yes,Adamsbury,8.54
BMW,2022,Diesel,Automatic,16.44,2510,221.0,2,No,North Alexandriaside,-0.16
Ford,2011,Diesel,Automatic,20.33,1341,169.0,1,No,New Kevinmouth,4.58
Hyundai,2017,Diesel,Automatic,23.71,964,191.0,1,No,West Michaelborough,10.72
Ford,2008,Electric,Manual,20.71,3055,247.0,1,Yes,Johnville,5.0
Kia,2013,CNG,Automatic,14.71,1784,79.0,1,No,Port Randy,2.79
Toyota,2014,Petrol,Automatic,19.21,3461,236.0,2,Yes,Nicoleland,12.25
Toyota,2013,Diesel,Automatic,7.68,1172,158.0,1,Yes,East Todd,10.06
Toyota,2011,Diesel,Automatic,17.6,1417,306.0,2,No,Pittmanton,3.65
Ford,2019,Electric,Automatic,21.76,868,77.0,2,Yes,Lauriehaven,8.55
Hyundai,2012,Diesel,Automatic,19.61,2343,184.0,3,No,Matthewhaven,3.78
Toyota,2023,CNG,Automatic,18.44,2458,212.0,2,Yes,Clarkburgh,7.39
Hyundai,2015,CNG,Automatic,26.52,900,128.0,3,Yes,Lake Catherine,8.7
Ford,2009,Diesel,Automatic,11.18,800,205.0,3,No,Parkerburgh,4.77
Kia,2006,Electric,Manual,12.08,3198,104.0,3,No,Davidmouth,10.97
Hyundai,2014,Diesel,Automatic,19.93,2854,79.0,2,Yes,North Jenniferside,11.59
Kia,2020,Diesel,Automatic,21.59,1117,306.0,3,No,Hartmanfort,9.05
Ford,2017,Electric,Automatic,21.76,3470,262.0,4,No,Patriciaburgh,9.66
Ford,2012,CNG,Automatic,15.71,2678,68.0,1,Yes,North Katherineville,2.19
BMW,2013,Petrol,Automatic,14.62,3356,239.0,2,No,Parrishberg,13.45
Ford,2015,Diesel,Manual,14.03,985,215.0,1,No,Shawfort,7.63
Ford,2015,CNG,Manual,19.29,1527,78.0,2,Yes,North Ericview,4.26
Honda,2020,Diesel,Manual,14.07,3309,162.0,3,No,South Brandon,8.58
Toyota,2014,Petrol,Manual,22.46,1142,305.0,4,Yes,Nicholasland,10.98
BMW,2016,Electric,Automatic,17.91,3482,144.0,3,No,Roseberg,10.05
Mahindra,2010,CNG,Automatic,15.19,1512,293.0,2,Yes,Justinhaven,3.66
BMW,2016,Petrol,Automatic,15.2,3423,194.0,3,No,West Steventon,11.03
BMW,2014,Diesel,Manual,11.87,935,96.0,4,Yes,West Wendy,7.76
Mahindra,2022,Petrol,Manual,14.82,2722,151.0,1,Yes,Reginaldshire,10.0
Honda,2022,CNG,Manual,15.79,1182,76.0,1,Yes,Robinsonport,4.79
Kia,2008,Electric,Manual,19.63,985,149.0,3,No,Port Joseph,12.18
Ford,2013,Diesel,Automatic,17.6,3486,,2,Yes,Petersview,8.73
Toyota,2011,Electric,Automatic,14.56,1727,312.0,2,,Mclaughlinfort,12.76
Hyundai,2022,Electric,Manual,13.1,1763,140.0,1,No,North Jasonfort,1.86
Mahindra,2012,Petrol,Automatic,17.05,1360,243.0,4,Yes,Munozburgh,2.39
Kia,2015,Petrol,Manual,9.79,1989,308.0,3,Yes,East Nancyside,7.04
Mahindra,2011,CNG,Manual,16.73,1697,274.0,3,Yes,Andersonstad,13.87
Ford,2013,CNG,Manual,22.46,3486,217.0,1,Yes,West Joshuamouth,15.85
Honda,2012,Electric,Manual,17.2,2728,238.0,2,No,Briannamouth,4.45
Mahindra,2007,CNG,Automatic,18.64,2637,79.0,3,No,Wilsonmouth,8.21
Ford,2021,Electric,Automatic,,3168,206.0,2,,Stokesland,8.62
Ford,2006,Diesel,Manual,12.46,2512,127.0,2,Yes,Lindsayburgh,10.87
Honda,2019,Electric,Manual,25.03,2538,136.0,1,No,Lake Robertview,11.54
BMW,2018,CNG,Automatic,16.37,1980,161.0,2,Yes,New Jacob,3.54
BMW,2022,CNG,Automatic,17.99,1657,,4,Yes,East Rebeccamouth,8.26
Toyota,2020,Electric,Manual,15.38,1084,132.0,4,No,West Robert,-0.03
Toyota,2008,Petrol,Manual,22.55,3198,,1,Yes,Kimborough,11.24
BMW,2010,Electric,Manual,12.17,2930,272.0,3,Yes,North Donna,6.65
Kia,2010,Electric,Manual,23.21,2447,138.0,2,No,Bettyborough,3.18
Hyundai,2015,Petrol,Manual,16.78,1465,172.0,4,No,West April,9.33
Ford,2021,Diesel,Automatic,15.87,2193,312.0,1,Yes,Jamestown,6.52
Hyundai,2007,Petrol,Automatic,15.49,3388,192.0,1,Yes,Mauriceburgh,13.05
Ford,2017,CNG,Manual,25.23,2824,256.0,2,Yes,Matthewburgh,4.43
BMW,2007,Petrol,Manual,11.58,3327,84.0,1,Yes,Reyeston,16.89
Toyota,2020,CNG,Manual,15.86,3060,160.0,3,No,Burnsborough,11.42
Kia,2019,CNG,Manual,12.84,1729,304.0,2,No,Shawtown,13.15
Toyota,2015,Electric,Automatic,10.75,3207,90.0,3,Yes,East Lisa,3.88
Hyundai,2022,Electric,Automatic,23.22,1013,315.0,4,No,Stewartton,15.15
Toyota,2019,Diesel,Manual,17.89,1103,265.0,4,Yes,North Ginaborough,3.15
BMW,2009,CNG,Automatic,13.36,2203,,4,No,Lake Hailey,7.16
Kia,2020,Electric,Manual,,999,274.0,4,No,Port Laurieborough,13.22
Hyundai,2020,CNG,Manual,16.4,3085,181.0,1,Yes,Ramosmouth,10.03
Kia,2021,Diesel,Automatic,,1470,105.0,3,No,New Feliciatown,3.04
Ford,2013,CNG,Manual,,2528,128.0,1,Yes,South Lauraside,12.54
Toyota,2007,Diesel,Automatic,16.31,2049,86.0,1,No,Moodyberg,9.36
Kia,2017,Diesel,Manual,14.15,1678,230.0,4,No,Cameronmouth,6.34
Honda,2007,Diesel,Manual,20.78,1050,304.0,3,Yes,North Donald,1.83
Toyota,2011,Electric,Manual,17.43,3323,308.0,2,No,Lake Lisachester,9.74
Ford,2010,Petrol,Manual,20.99,1297,61.0,2,No,Lake James,7.35
Kia,2013,Petrol,Automatic,16.39,2787,79.0,2,Yes,North Carolyn,8.63
Hyundai,2016,Electric,Manual,22.08,1777,316.0,3,No,Gonzalezville,1.66
Ford,2019,CNG,Automatic,18.06,1583,,4,No,South Lisabury,6.33
Honda,2007,Electric,Automatic,22.24,3276,212.0,4,Yes,West Meganville,9.92
Kia,2014,CNG,Manual,22.11,1338,196.0,3,Yes,East Kevin,15.51
Mahindra,2005,Diesel,Automatic,22.95,1700,281.0,4,No,West Lisamouth,7.18
Mahindra,2023,Electric,Manual,18.27,2266,270.0,3,No,Owensborough,13.77
BMW,2023,Petrol,Automatic,19.53,1009,248.0,3,Yes,Lake Kaylahaven,11.15
Toyota,2017,CNG,Automatic,17.08,2533,291.0,2,Yes,Sherriport,8.94
Hyundai,2016,Electric,Manual,14.41,1290,195.0,2,No,Port John,3.95
BMW,2005,Electric,Manual,26.01,3318,75.0,1,No,Lake Tannerland,4.12
Kia,2023,CNG,Automatic,14.99,2509,173.0,3,Yes,Stephanietown,10.47
Mahindra,2020,Diesel,Manual,21.62,2553,132.0,2,No,New Laurenhaven,5.89
Mahindra,2019,Diesel,Manual,20.9,3415,283.0,2,No,Donnaside,5.54
Mahindra,2020,Diesel,Automatic,18.72,2718,93.0,2,Yes,East Bobby,7.28
Kia,2015,Diesel,Automatic,17.38,2834,304.0,4,No,South Colleen,7.34
Mahindra,2010,CNG,Manual,17.42,2729,297.0,2,No,Ryanfort,11.6
Ford,2015,Petrol,Automatic,15.37,2286,77.0,4,Yes,New Tina,5.98
Kia,2007,Electric,Manual,18.38,3397,103.0,2,No,Port Vanessa,11.2
Hyundai,2019,Electric,Manual,13.27,2803,202.0,4,No,Lake Sheenahaven,9.76
BMW,2005,Diesel,Automatic,20.99,2300,74.0,4,Yes,South Robertport,1.3
Hyundai,2011,CNG,Manual,17.09,997,152.0,2,Yes,South Kristin,9.18
Honda,2005,Petrol,Automatic,14.15,2767,274.0,3,Yes,North Sophiatown,-2.67
Mahindra,2021,Petrol,Manual,,1320,308.0,1,No,Claudiaburgh,4.42
Honda,2013,Electric,Manual,17.47,2322,130.0,1,No,Masonville,9.85
Toyota,2017,Diesel,Manual,17.61,2334,168.0,3,No,Edwardshire,7.96
Toyota,2015,Electric,Automatic,15.93,2513,219.0,2,No,South Brittneyport,0.93
Honda,2010,Electric,Automatic,20.01,2148,230.0,3,Yes,New Susanborough,3.52
Kia,2005,Petrol,Manual,19.39,1487,72.0,2,Yes,Ericborough,-2.44
Hyundai,2011,CNG,Automatic,18.23,1266,279.0,2,Yes,Kimside,2.63
Honda,2016,Petrol,Automatic,14.3,1395,244.0,2,No,Craigville,10.32
Toyota,2023,Electric,Manual,15.04,938,268.0,2,Yes,Port Anthonyhaven,5.77
Honda,2021,Diesel,Automatic,12.41,1814,165.0,2,No,North Christophermouth,8.68
Kia,2008,Diesel,Automatic,17.23,1041,271.0,3,No,Moniquemouth,8.05
Honda,2007,CNG,Automatic,20.24,3163,291.0,3,,New Christinaside,8.13
Hyundai,2005,CNG,Manual,13.16,1532,272.0,1,Yes,Lake Jamesshire,12.09
BMW,2022,CNG,Manual,15.76,934,255.0,2,No,Kimberg,7.19
Kia,2019,Electric,Automatic,17.79,3426,308.0,3,No,Mckinneystad,11.64
Toyota,2012,Electric,Manual,20.24,3286,276.0,3,Yes,Medinaborough,-1.91
Hyundai,2005,CNG,Automatic,12.09,2924,229.0,2,Yes,Banksshire,12.45
Honda,2018,Diesel,Manual,26.88,3247,215.0,2,No,Melodyshire,2.84
Honda,2008,Diesel,Automatic,21.01,3221,129.0,3,No,Danielview,3.71
BMW,2009,Diesel,Manual,15.6,2310,293.0,2,No,Laurafort,5.18
Toyota,2017,Electric,Automatic,13.72,2618,113.0,4,Yes,Hernandezberg,12.34
Toyota,2019,Petrol,Manual,19.13,1557,229.0,3,Yes,Leeshire,4.44
Ford,2010,Diesel,Automatic,19.89,1216,95.0,1,Yes,Port Elizabeth,5.38
Toyota,2005,Diesel,Manual,14.04,1006,318.0,2,Yes,Jenniferside,4.15
BMW,2023,Diesel,Manual,13.54,3188,310.0,4,Yes,Jamesview,9.02
Mahindra,2017,CNG,Manual,14.43,2443,72.0,1,No,Lake Robert,10.97
Ford,2010,Electric,Automatic,18.26,1110,218.0,1,No,Hurleyport,14.82
Ford,2019,CNG,Automatic,18.31,2131,88.0,1,No,West Juan,17.6
Honda,2020,CNG,Automatic,26.66,3472,116.0,2,No,Jillport,10.6
Honda,2020,Petrol,Manual,9.34,2199,220.0,1,Yes,Rhondaborough,9.46
Toyota,2014,CNG,Automatic,15.31,2350,289.0,3,Yes,North Taylor,3.13
Ford,2013,Petrol,Manual,15.88,882,252.0,3,No,Ryantown,15.64
Honda,2013,CNG,Manual,19.95,2400,167.0,2,No,Martinezton,8.86
BMW,2021,Diesel,Manual,20.11,2275,317.0,2,Yes,Diazport,6.84
Honda,2021,Electric,Automatic,17.2,1826,169.0,1,No,Dayland,9.55
Kia,2021,CNG,Manual,24.04,2279,189.0,2,No,Cathymouth,5.45
Kia,2016,Petrol,Automatic,13.54,3083,182.0,3,Yes,Taylorfort,-1.35
Honda,2017,Electric,Automatic,15.22,3236,175.0,3,No,Lake Michael,10.29
Ford,2016,Petrol,Manual,12.74,3240,289.0,3,Yes,Taraport,13.37
Mahindra,2018,Diesel,Automatic,17.41,2464,,2,No,Brucechester,10.23
Mahindra,2014,CNG,Manual,16.67,2582,,3,No,Whitetown,7.97
Ford,2023,Electric,Manual,21.14,2877,250.0,2,No,Birdport,8.05
Hyundai,2006,Diesel,Automatic,25.41,2406,84.0,4,Yes,Powerschester,8.69
Mahindra,2008,CNG,Manual,23.96,1781,225.0,1,Yes,Matthewbury,8.57
Kia,2023,CNG,Manual,13.11,1404,269.0,4,Yes,Port Jessica,7.76
BMW,2011,Petrol,Manual,18.21,3130,86.0,3,,West Jonathanshire,8.1
Ford,2019,Petrol,Automatic,21.1,1037,237.0,1,Yes,Brianhaven,14.22
Toyota,2019,Diesel,Automatic,20.67,1530,103.0,3,Yes,Mannhaven,9.89
Kia,2010,Petrol,Automatic,27.26,2142,131.0,3,No,Wrightstad,8.42
BMW,2007,Diesel,Manual,17.12,2794,281.0,4,No,East Angela,10.64
BMW,2010,Diesel,Manual,18.31,2160,287.0,3,No,West Matthew,10.64
Ford,2020,Diesel,Automatic,26.96,2878,292.0,1,No,Brittanychester,11.78
BMW,2006,Petrol,Automatic,19.68,1777,313.0,3,Yes,Frankton,4.97
Ford,2011,Electric,Automatic,15.61,1714,222.0,1,No,New Markside,6.08
Mahindra,2015,Diesel,Automatic,14.1,2437,65.0,4,Yes,Gutierrezfort,4.75
Honda,2011,Electric,Automatic,18.84,2428,106.0,2,No,New Danielleburgh,11.07
Kia,2008,CNG,Manual,22.27,3054,127.0,3,No,South Sheila,10.87
Hyundai,2011,Petrol,Automatic,22.22,2781,313.0,4,Yes,Port Lisaland,2.91
Honda,2008,Petrol,Manual,14.51,1382,118.0,3,Yes,Lake Stephanieview,9.56
Kia,2016,Electric,Manual,18.41,1259,178.0,1,No,Roseborough,13.49
Ford,2009,CNG,Manual,16.2,935,245.0,3,Yes,South Nicholas,7.06
Kia,2023,CNG,Manual,17.41,2776,107.0,2,Yes,South Patrickmouth,9.26
Mahindra,2009,Diesel,Automatic,21.62,1777,250.0,3,No,Gomezshire,10.92
Ford,2023,Petrol,Manual,17.8,1083,231.0,2,Yes,East Jeremiahborough,2.72
Honda,2007,CNG,Automatic,20.61,3198,105.0,2,Yes,Port Erin,8.61
Toyota,2015,CNG,Manual,20.73,816,202.0,3,Yes,Krystalburgh,13.09
Toyota,2011,Diesel,Automatic,15.56,2038,305.0,4,No,New Amy,5.63
Kia,2021,Diesel,Automatic,22.92,2222,275.0,3,Yes,West Amyview,11.33
Toyota,2013,Electric,Manual,13.62,3261,235.0,2,Yes,Lake Curtisbury,8.11
Ford,2013,Petrol,Automatic,12.95,2067,204.0,4,Yes,West Alex,5.3
BMW,2014,CNG,Manual,16.09,2853,94.0,2,No,South Maryview,7.61
Ford,2017,Electric,Automatic,14.1,1579,191.0,2,No,Carpenterstad,5.9
BMW,2019,Petrol,Manual,20.42,2934,212.0,3,No,New Jeanne,4.45
Honda,2009,Electric,Manual,28.25,3036,107.0,1,Yes,Oconnorchester,6.98
Hyundai,2007,Petrol,Automatic,22.51,2439,227.0,3,No,Williamsbury,8.27
BMW,2012,Petrol,Automatic,14.73,1219,237.0,1,Yes,South Jasonville,7.34
Toyota,2014,CNG,Manual,14.01,2626,154.0,1,No,Erinmouth,6.94
Ford,2017,Petrol,Manual,21.91,3095,289.0,3,,Robertmouth,8.9
Honda,2007,Diesel,Automatic,13.27,1659,,1,Yes,New Danaton,10.13
Toyota,2012,CNG,Manual,14.06,1006,203.0,2,Yes,Choichester,3.42
Honda,2013,Diesel,Manual,19.48,3271,223.0,4,Yes,Port Cheyennetown,6.99
Hyundai,2016,Electric,Manual,15.83,3396,78.0,3,Yes,Christopherbury,0.11
Mahindra,2015,Electric,Automatic,18.48,3334,127.0,1,Yes,Dianaside,7.35
Ford,2006,Petrol,Manual,16.68,2980,157.0,2,Yes,Perezside,8.6
Kia,2022,Petrol,Manual,17.89,2840,66.0,4,Yes,Theresaville,10.28
Ford,2013,Diesel,Automatic,21.5,914,236.0,1,No,Henrychester,8.62
Hyundai,2006,Diesel,Manual,20.49,3224,265.0,1,No,Maryberg,10.19
Ford,2006,Diesel,Manual,21.67,1010,288.0,2,No,New Jennifer,8.26
Kia,2007,Electric,Manual,20.56,931,178.0,4,Yes,Robinville,5.3
BMW,2020,Diesel,Manual,20.83,2197,140.0,4,No,Ramirezfort,3.54
Honda,2023,CNG,Automatic,17.99,953,219.0,2,Yes,New Austin,6.95
Kia,2008,CNG,Manual,12.18,1719,247.0,4,No,Port Stephenfurt,4.93
Toyota,2022,Electric,Manual,17.57,2246,247.0,3,,Christinestad,7.52
Hyundai,2022,Diesel,Manual,19.26,1751,253.0,4,Yes,North Brianland,6.03
BMW,2014,Diesel,Manual,18.3,2189,319.0,1,No,North Devon,9.68
Toyota,2015,Petrol,Manual,19.68,2517,250.0,4,No,West Bruce,8.2
Toyota,2021,CNG,Automatic,26.24,946,165.0,3,No,New Kyle,9.79
Hyundai,2020,Electric,Automatic,15.99,2617,188.0,3,No,Lisastad,9.77
BMW,2017,Diesel,Manual,16.38,1514,156.0,1,No,Shelbymouth,7.28
Mahindra,2006,Petrol,Manual,22.83,2396,123.0,1,Yes,South Andrea,7.53
Toyota,2006,Electric,Automatic,,3078,187.0,3,Yes,Port Maria,10.01
Toyota,2018,Electric,Automatic,19.82,3298,282.0,2,No,Farmerport,17.78
BMW,2008,CNG,Automatic,15.63,2323,163.0,3,Yes,North Nathanchester,4.04
Ford,2021,Diesel,Manual,15.07,1706,211.0,4,Yes,New Brettview,8.17
Toyota,2017,Electric,Manual,13.17,2446,173.0,1,No,Garciaborough,3.22
Honda,2008,Petrol,Manual,18.69,2524,114.0,2,Yes,Lake Howard,7.92
BMW,2007,Petrol,Manual,14.09,2830,180.0,3,Yes,Port Jenniferborough,5.3
Toyota,2016,Electric,Manual,,2954,276.0,1,Yes,Joshuaport,7.52
Hyundai,2012,Petrol,Manual,20.64,2940,182.0,4,No,South Olivia,8.62
Kia,2006,Electric,Automatic,15.46,2459,62.0,2,,South Daniellechester,6.04
Honda,2010,Petrol,Automatic,13.2,1628,151.0,2,No,Lake Jeffrey,0.86
Kia,2014,Electric,Manual,12.79,2987,223.0,2,No,Port Denise,13.7
Kia,2016,Electric,Manual,21.65,2137,178.0,4,No,Knightshire,11.36
Toyota,2014,Electric,Manual,17.57,810,120.0,1,No,North Jessica,7.48
Honda,2014,Petrol,Automatic,16.4,3295,273.0,3,No,Port Marissa,4.42
Honda,2007,Electric,Automatic,18.69,3242,306.0,1,Yes,Anthonyport,8.34
Ford,2014,CNG,Automatic,18.31,2328,294.0,4,No,West Christinastad,9.44
Kia,2013,Electric,Automatic,15.88,1177,137.0,1,Yes,Port Jenniferport,11.08
Honda,2023,Diesel,Manual,16.67,1160,83.0,2,No,Port Joshua,11.45
Ford,2018,Diesel,Automatic,20.92,2371,160.0,3,No,Anthonyfurt,12.2
BMW,2006,CNG,Automatic,21.3,1441,310.0,4,No,East Joseph,1.04
Ford,2009,Electric,Manual,14.65,1372,182.0,2,No,Greenton,6.78
Hyundai,2012,Diesel,Manual,23.12,2755,274.0,1,Yes,Jenniferland,11.97
Mahindra,2011,Electric,Manual,26.04,2384,182.0,2,No,West Geneport,4.31
Toyota,2010,Diesel,Automatic,16.83,1722,311.0,1,Yes,Port Shannon,12.88
BMW,2015,Petrol,Manual,,3243,217.0,1,Yes,Mooreborough,15.24
Mahindra,2016,Petrol,Automatic,14.41,3033,208.0,4,Yes,Mathewsfort,12.77
Mahindra,2022,CNG,Automatic,15.33,2341,124.0,1,No,Port Jasonville,10.65
BMW,2023,CNG,Automatic,19.29,2614,63.0,2,No,Owenston,6.21
Hyundai,2014,Electric,Automatic,27.27,3218,,4,Yes,Sarahmouth,9.13
Ford,2018,CNG,Manual,20.91,2689,195.0,3,No,West Christineland,2.62
Toyota,2007,Electric,Manual,16.67,2699,303.0,4,No,Kennethfort,4.88
Ford,2022,Petrol,Automatic,16.3,2027,119.0,2,No,Sarahtown,5.16
Honda,2019,Petrol,Manual,15.34,3455,104.0,1,Yes,West Stephenbury,8.25
Ford,2010,Diesel,Automatic,22.24,3129,131.0,4,Yes,West Susanland,6.43
BMW,2014,Electric,Automatic,17.03,2239,154.0,4,Yes,Nicolefort,9.05
Toyota,2016,Petrol,Manual,19.82,1856,90.0,4,Yes,Riverastad,11.51
Ford,2011,Petrol,Manual,17.05,2929,215.0,2,Yes,Westfort,5.16
Toyota,2021,Electric,Automatic,26.47,2306,299.0,1,No,Port Kimberlyville,8.59
Toyota,2005,Diesel,Manual,15.86,2995,123.0,3,Yes,Martinton,6.34
Honda,2022,Diesel,Automatic,15.19,2430,168.0,3,Yes,Lake Allisonside,8.76
Honda,2019,Diesel,Manual,16.07,1764,127.0,1,Yes,Johnmouth,10.74
BMW,2023,Diesel,Automatic,19.7,1791,94.0,3,Yes,North Tonya,11.68
Hyundai,2005,Petrol,Automatic,23.74,1294,310.0,1,No,Molinachester,10.68
Mahindra,2009,Electric,Manual,19.7,1993,95.0,4,No,Kathleenstad,9.66
Toyota,2019,Electric,Manual,20.83,1502,191.0,4,Yes,Port Monica,2.32
Hyundai,2007,Petrol,Automatic,20.27,1830,281.0,2,No,East Luisside,3.67
Mahindra,2005,Petrol,Manual,11.34,2203,,4,Yes,Lindaland,4.7
Mahindra,2012,Petrol,Manual,17.94,1625,119.0,2,,Bennettville,9.43
BMW,2016,CNG,Automatic,16.73,3281,172.0,3,Yes,Rachaelstad,2.84
Mahindra,2023,Electric,Automatic,17.44,1857,280.0,3,No,Port Stephanietown,9.35
Mahindra,2016,Electric,Manual,14.71,1362,127.0,4,No,North Joshuaview,9.06
Toyota,2017,Electric,Manual,21.47,2985,190.0,1,Yes,West Beckymouth,0.26
Toyota,2005,Diesel,Automatic,18.19,1166,267.0,3,Yes,Lake Susanberg,3.65
Kia,2023,Petrol,Automatic,18.17,2953,271.0,3,,South Joshuatown,12.18
Hyundai,2010,Petrol,Automatic,17.41,1593,110.0,3,No,Obrienhaven,10.79
Ford,2012,Petrol,Automatic,15.48,1435,101.0,1,Yes,Christopherhaven,4.6
Honda,2008,CNG,Automatic,10.87,2505,306.0,4,Yes,Richardland,3.86
Ford,2009,Electric,Automatic,19.09,1786,254.0,2,No,New Jeffreyfort,-1.8
Hyundai,2011,Petrol,Automatic,18.45,1757,303.0,1,Yes,Danielmouth,13.89
Honda,2008,CNG,Automatic,20.14,1654,259.0,1,No,Lake Brianville,8.16
Ford,2008,Petrol,Manual,18.29,2925,180.0,3,Yes,Johnborough,15.53
Kia,2019,Diesel,Manual,13.68,2369,262.0,2,No,Youngport,7.23
Honda,2009,Electric,Manual,14.82,3056,165.0,1,Yes,North Katherine,9.13
Toyota,2013,CNG,Automatic,23.36,2234,309.0,3,Yes,West Jamesbury,11.57
Ford,2006,Petrol,Manual,19.28,807,138.0,1,No,South Lisa,14.56
Honda,2011,Electric,Automatic,21.21,1536,224.0,3,,Morganmouth,10.0
Kia,2021,CNG,Manual,21.68,3074,178.0,2,No,Rodriguezview,8.01
Mahindra,2020,Electric,Automatic,14.07,3022,116.0,2,Yes,South Tonistad,8.11
Honda,2021,Electric,Automatic,16.64,880,247.0,3,No,Allenmouth,3.82
Honda,2006,Diesel,Manual,20.72,1958,111.0,4,Yes,Rogerfort,6.47
Kia,2015,Electric,Automatic,14.74,1037,131.0,1,No,Reyesview,8.2
Mahindra,2006,CNG,Manual,16.37,2295,300.0,4,No,Rachelside,13.53
Ford,2005,Electric,Manual,15.92,1849,159.0,1,,Charleneview,6.28
BMW,2006,CNG,Manual,15.05,986,214.0,2,Yes,East David,12.25
Ford,2013,Electric,Manual,17.48,2705,118.0,1,No,North Desireeshire,7.67
Mahindra,2006,Petrol,Manual,16.06,1429,318.0,3,No,South Johnton,12.97
Hyundai,2019,Diesel,Manual,16.41,2532,260.0,3,No,East Brittney,10.71
Kia,2014,Petrol,Manual,19.07,1614,235.0,3,Yes,Griffinland,10.44
Ford,2019,Diesel,Manual,21.99,1413,157.0,4,No,Williamston,11.92
Honda,2014,CNG,Manual,21.06,1986,241.0,2,No,Burkeborough,11.33
Kia,2021,Diesel,Automatic,18.71,3025,94.0,2,No,West Alan,12.26
Toyota,2013,Electric,Automatic,24.56,1784,146.0,2,Yes,New Brandonport,16.53
Mahindra,2022,Electric,Manual,20.64,3127,217.0,3,Yes,Robertville,14.47
Ford,2008,Petrol,Automatic,21.22,1597,175.0,2,Yes,East Christina,9.87
Kia,2013,Diesel,Automatic,17.35,1877,67.0,4,No,Hernandeztown,6.23
Ford,2020,CNG,Manual,16.45,866,166.0,4,No,Brooksville,9.47
Kia,2008,CNG,Manual,19.5,1343,166.0,4,Yes,Walterview,0.3
Honda,2020,Electric,Automatic,21.62,2586,173.0,3,Yes,East Jennifer,11.32
Toyota,2023,CNG,Manual,18.7,1319,69.0,1,,Allisonfurt,3.76
Toyota,2005,Electric,Manual,15.47,3346,119.0,2,Yes,Brianview,12.49
Hyundai,2010,Electric,Manual,12.87,1745,161.0,4,No,Port Stevenville,15.92
Kia,2014,Electric,Automatic,11.67,2254,122.0,1,Yes,Lake Shari,2.2
Ford,2020,Petrol,Manual,18.17,1858,234.0,1,Yes,East Bonnie,7.8
Toyota,2008,Petrol,Automatic,21.26,3036,256.0,4,No,Jillville,3.74
Mahindra,2017,Electric,Manual,8.79,1912,281.0,4,No,New Kathleen,1.09
Toyota,2020,Electric,Manual,15.57,1746,,2,Yes,Lake April,7.57
BMW,2010,Electric,Automatic,14.92,935,187.0,2,Yes,South Josephbury,10.54
BMW,2015,CNG,Manual,19.52,3393,105.0,1,Yes,North Kennethshire,11.02
Toyota,2007,Electric,Automatic,15.33,1592,,1,Yes,Port Natalie,8.62
Kia,2014,Electric,Automatic,13.08,1936,117.0,1,No,South Dennisshire,1.34
Hyundai,2005,Diesel,Manual,15.56,2162,275.0,3,Yes,Duranborough,8.49
Toyota,2015,Diesel,Manual,14.94,1354,174.0,1,Yes,Anafort,2.03
Honda,2016,Diesel,Automatic,18.05,1745,69.0,3,Yes,West Jonathan,2.29
Ford,2018,Diesel,Automatic,17.14,3372,145.0,2,Yes,Port Scott,4.01
Hyundai,2012,Electric,Manual,19.77,3021,206.0,1,No,Lindsaymouth,12.2
Honda,2015,Diesel,Manual,17.97,3484,177.0,2,Yes,Wilsonfort,10.18
Hyundai,2008,CNG,Manual,22.06,3054,194.0,1,No,Johnsonberg,9.29
Honda,2011,CNG,Manual,16.21,2166,74.0,2,Yes,New Nancy,4.55
Ford,2014,Diesel,Manual,20.48,1748,265.0,1,Yes,North Michaelburgh,6.45
Ford,2023,Petrol,Automatic,19.27,903,292.0,3,Yes,South James,2.52
BMW,2008,CNG,Automatic,16.82,1846,125.0,4,No,Port Danielland,13.46
Kia,2006,CNG,Automatic,20.75,2660,63.0,2,No,South Steven,16.79
Honda,2022,Diesel,Automatic,14.79,3137,62.0,2,Yes,Michelebury,10.23
BMW,2018,Diesel,Manual,22.96,3414,318.0,4,No,Miguelshire,10.93
Honda,2020,Electric,Automatic,14.89,1763,262.0,1,No,West Douglasbury,7.36
BMW,2015,CNG,Manual,12.64,1637,299.0,3,Yes,North Gabrielle,1.52
Ford,2014,Diesel,Manual,12.33,3258,152.0,3,No,South Jessicaberg,4.62
Hyundai,2021,Diesel,Manual,18.36,2382,82.0,3,No,Laneland,6.14
Mahindra,2018,Electric,Manual,15.74,1681,146.0,1,No,West Eric,6.46
BMW,2008,CNG,Manual,18.72,1223,110.0,2,No,Underwoodville,5.54
Honda,2023,Diesel,Automatic,13.59,3002,102.0,1,No,Lucasfort,8.19
Honda,2006,Electric,Manual,19.95,2998,263.0,3,Yes,Cardenasmouth,4.6
Mahindra,2011,Diesel,Manual,18.74,1011,117.0,4,Yes,New Felicia,16.67
Kia,2013,Petrol,Manual,16.17,2015,118.0,3,Yes,Port Samuel,2.54
Ford,2023,Petrol,Automatic,20.5,1680,227.0,2,No,Martinezchester,11.55
Honda,2020,Diesel,Manual,20.3,1554,233.0,1,,Thomasborough,6.95
Toyota,2020,CNG,Manual,18.37,1921,266.0,1,No,Lake David,9.85
Hyundai,2022,Petrol,Manual,21.55,3388,170.0,3,Yes,South Lisa,10.03
BMW,2015,Electric,Automatic,22.44,1500,82.0,2,,Terrellfurt,8.63
Kia,2011,Diesel,Manual,,3019,292.0,2,,Mcdanieltown,3.47
Mahindra,2013,Electric,Automatic,22.53,1170,231.0,4,No,West Kelliebury,6.67
Hyundai,2008,Petrol,Automatic,14.4,2532,70.0,3,Yes,Jonesborough,8.68
Ford,2017,CNG,Manual,21.09,1963,119.0,4,No,Ellenport,8.43
Kia,2008,Electric,Automatic,21.79,1712,291.0,1,Yes,Alexport,3.91
BMW,2023,Petrol,Automatic,17.3,2628,294.0,1,No,Mccarthyland,13.16
BMW,2006,Petrol,Manual,,1601,62.0,2,No,Patriciaville,-1.97
Mahindra,2013,Petrol,Manual,16.8,3103,203.0,4,,Lake Robertamouth,7.0
Toyota,2016,Electric,Manual,14.7,1789,289.0,2,Yes,Georgeton,4.31
Mahindra,2006,Petrol,Manual,15.45,1475,68.0,3,No,East Lisa,8.73
Ford,2010,Diesel,Automatic,19.99,1215,252.0,2,No,Port Jeromebury,12.07
Kia,2009,Petrol,Automatic,21.42,3176,186.0,1,No,Nicholaston,2.37
Kia,2009,Diesel,Manual,17.94,1962,107.0,1,Yes,Randyside,17.41
Honda,2009,CNG,Manual,13.96,1761,166.0,2,No,Port Kimberlychester,8.81
Toyota,2008,Diesel,Manual,13.42,2420,312.0,3,No,Lake Fernando,9.53
Toyota,2013,CNG,Automatic,17.58,2335,86.0,4,No,North David,2.24
Kia,2014,CNG,Manual,15.89,1048,68.0,1,No,Lopezborough,7.81
Kia,2020,Diesel,Automatic,22.74,2686,279.0,1,,South Jillland,11.89
Hyundai,2014,CNG,Automatic,15.19,3155,,3,Yes,South Jasminemouth,8.84
Hyundai,2014,Diesel,Automatic,20.39,1372,73.0,2,Yes,South Matthew,8.56
Hyundai,2023,Electric,Automatic,15.52,2608,88.0,1,Yes,Valdeztown,7.79
Toyota,2014,CNG,Manual,16.87,1597,85.0,1,No,Tonyaton,2.49
Honda,2010,Diesel,Manual,18.69,1800,273.0,3,No,Smithhaven,2.47
BMW,2021,CNG,Manual,20.08,1560,202.0,2,Yes,Hendrixside,12.68
Hyundai,2009,Petrol,Automatic,19.69,1092,174.0,3,No,Osbornemouth,11.53
Honda,2010,Diesel,Automatic,15.76,3257,277.0,3,No,Port Lindsay,12.12
Mahindra,2019,Petrol,Manual,18.4,997,140.0,2,No,Rogersburgh,4.71
Ford,2023,CNG,Automatic,16.5,879,260.0,1,Yes,South Lynnshire,7.37
Hyundai,2022,CNG,Automatic,12.27,2208,126.0,4,Yes,Jerrybury,12.93
Mahindra,2008,Electric,Automatic,18.92,936,308.0,4,Yes,Farmerberg,3.09
BMW,2012,Diesel,Manual,23.05,1012,203.0,4,No,Michaelfurt,12.52
Ford,2020,Petrol,Manual,24.18,2662,200.0,3,No,Bradshawburgh,5.65
Ford,2023,Electric,Manual,19.27,1418,155.0,1,No,Port Rachael,4.58
BMW,2007,CNG,Automatic,19.01,1759,177.0,1,Yes,Lake Alexander,7.87
Hyundai,2014,CNG,Manual,7.52,3013,244.0,1,Yes,Lake Elizabethland,3.53
Toyota,2006,Electric,Manual,28.91,3277,304.0,1,Yes,Faulknerfort,0.41
BMW,2008,Petrol,Manual,23.72,2968,260.0,3,Yes,Reedmouth,8.3
BMW,2010,CNG,Automatic,21.04,3178,,4,No,Catherineport,10.14
BMW,2015,CNG,Automatic,18.29,2522,271.0,4,No,New Rebeccafurt,12.86
Ford,2018,Diesel,Automatic,9.08,1961,318.0,2,Yes,North Amanda,10.43
Honda,2020,Electric,Automatic,18.73,2689,223.0,1,Yes,East Dustinfurt,15.86
Mahindra,2023,CNG,Automatic,18.13,2840,156.0,4,No,West James,13.44
Toyota,2006,Petrol,Manual,12.36,2353,269.0,4,No,Phillipsburgh,10.95
Hyundai,2021,Diesel,Manual,19.79,1899,95.0,1,Yes,New Elizabethberg,9.87
Hyundai,2013,Electric,Automatic,22.95,3467,159.0,1,,Christopherburgh,12.92
Mahindra,2021,Petrol,Automatic,19.36,2488,80.0,4,Yes,New Christymouth,-0.85
Honda,2019,CNG,Manual,,836,276.0,2,No,West Meredith,6.08
BMW,2011,Electric,Automatic,19.61,1644,163.0,1,No,Debratown,0.57
Toyota,2023,Electric,Automatic,16.71,2481,171.0,4,No,Port Stevenhaven,10.65
Hyundai,2007,Petrol,Automatic,21.03,2443,278.0,2,No,North Haley,5.03
Mahindra,2005,Electric,Automatic,24.1,3133,179.0,3,No,Benjaminmouth,20.08
Kia,2008,Petrol,Automatic,18.17,2063,308.0,2,Yes,Bartonmouth,5.93
Mahindra,2022,CNG,Manual,14.98,3067,,1,Yes,New Shelia,8.43
Hyundai,2012,Diesel,Manual,12.46,2843,247.0,3,Yes,Merrittmouth,6.39
BMW,2023,Petrol,Automatic,20.0,1015,203.0,2,Yes,North Meghan,6.04
Kia,2010,Diesel,Automatic,20.46,1480,87.0,4,Yes,Robinsontown,3.01
Honda,2005,Electric,Manual,19.46,3140,65.0,1,,Jennifershire,2.88
Toyota,2012,Petrol,Automatic,17.06,2612,289.0,3,Yes,West Debbieport,-0.72
Honda,2005,CNG,Manual,19.11,2307,181.0,4,Yes,West Benjamin,10.18
Honda,2023,Petrol,Automatic,,2890,253.0,3,Yes,Earlmouth,6.3
Mahindra,2015,Petrol,Manual,15.16,1916,164.0,2,No,North Paulaton,15.73
Toyota,2019,Petrol,Manual,14.01,2092,258.0,4,Yes,Port Erik,3.02
Toyota,2015,Diesel,Automatic,14.06,2444,121.0,1,No,East Sheilatown,13.91
Hyundai,2023,Diesel,Automatic,20.12,2038,139.0,4,Yes,Johnsonland,14.29
Hyundai,2014,Electric,Manual,16.92,1758,234.0,2,Yes,Kathryntown,13.11
Toyota,2016,Electric,Automatic,15.27,2961,68.0,3,No,Carpenterchester,8.94
Kia,2005,Electric,Manual,12.55,1948,239.0,4,Yes,Richardberg,6.65
Ford,2011,Electric,Automatic,20.68,3084,221.0,3,Yes,North Sarahborough,13.1
Hyundai,2021,Petrol,Automatic,,2628,265.0,1,No,South Christopher,4.83
Ford,2014,Diesel,Automatic,13.9,957,119.0,4,Yes,Port Alexton,9.08
Mahindra,2010,Diesel,Manual,17.5,1707,245.0,3,No,South Sarahton,7.83
Kia,2021,Diesel,Manual,14.27,2328,134.0,1,No,Meyerview,4.43
Toyota,2022,Diesel,Automatic,17.43,1940,,2,No,North Miguelton,9.11
Kia,2009,Electric,Manual,20.43,2359,126.0,4,No,Ingramhaven,10.97
Hyundai,2022,Petrol,Automatic,24.47,2907,61.0,4,No,Ramirezstad,4.28
Honda,2021,Diesel,Manual,,3248,237.0,4,Yes,Port Davidmouth,9.84
Mahindra,2020,CNG,Automatic,20.8,2697,201.0,3,Yes,Millerton,-0.92
Toyota,2012,Petrol,Manual,20.9,1627,103.0,3,Yes,Lake Jenna,3.8
BMW,2017,CNG,Manual,17.4,2600,233.0,1,No,Villarrealfurt,6.17
Mahindra,2020,Petrol,Manual,22.64,2003,290.0,4,Yes,Wilsonport,9.43
Ford,2015,Petrol,Manual,16.69,3323,295.0,1,No,West Johnmouth,11.48
Kia,2010,Petrol,Manual,19.74,1644,152.0,4,Yes,West Monicashire,8.33
Toyota,2007,CNG,Manual,15.71,2068,103.0,2,No,New James,10.27
Mahindra,2005,Diesel,Automatic,,1437,86.0,4,No,Jasmineville,7.36
Kia,2022,Diesel,Automatic,19.72,1448,98.0,1,Yes,Ashleyton,9.62
Toyota,2009,CNG,Manual,22.75,3060,307.0,3,Yes,Sanfordbury,9.41
Hyundai,2017,Diesel,Automatic,25.34,2429,109.0,2,Yes,Georgestad,5.96
Mahindra,2014,Electric,Manual,21.66,1789,268.0,2,No,Floresville,6.58
Hyundai,2009,Diesel,Automatic,20.68,1603,183.0,4,Yes,West Kimberlyhaven,10.4
Mahindra,2018,Electric,Automatic,16.44,927,308.0,2,No,Lake Dianaborough,15.25
Hyundai,2021,Electric,Automatic,8.94,1751,210.0,1,Yes,Michellestad,12.83
Kia,2005,Electric,Automatic,23.19,3064,123.0,1,No,Lake Anne,3.48
BMW,2006,CNG,Manual,25.42,819,300.0,4,No,New Craig,3.5
Mahindra,2011,Diesel,Automatic,19.25,2581,226.0,3,Yes,East Donna,5.86
Mahindra,2014,Diesel,Automatic,13.98,1474,299.0,2,Yes,East Jeffreyborough,8.4
Hyundai,2011,CNG,Automatic,23.51,1538,108.0,2,Yes,Anthonytown,8.19
Toyota,2020,CNG,Manual,22.42,1356,246.0,4,No,Aaronbury,12.96
Mahindra,2009,Diesel,Automatic,9.85,3044,207.0,2,No,Beckfort,13.18
Hyundai,2016,CNG,Manual,18.56,1303,248.0,3,Yes,Molinatown,8.02
Honda,2021,CNG,Manual,18.97,2070,170.0,4,Yes,North Christopher,7.09
Hyundai,2020,Electric,Automatic,11.58,1537,296.0,1,Yes,Aliciaborough,10.07
Kia,2020,CNG,Manual,13.68,1591,,2,No,New Alicia,12.25
BMW,2023,Electric,Automatic,22.37,2170,119.0,4,No,Berrymouth,10.21
Honda,2019,Petrol,Automatic,18.28,996,134.0,1,Yes,New Jason,6.27
Kia,2016,Electric,Automatic,14.2,1930,287.0,1,Yes,New Rickyview,5.55
Kia,2014,Electric,Automatic,,1543,213.0,1,No,West Thomas,3.56
Kia,2006,CNG,Automatic,13.2,2436,300.0,4,No,West Melanie,8.77
Toyota,2011,Diesel,Automatic,18.3,1983,286.0,4,Yes,Lake Amberville,10.49
Kia,2017,Petrol,Automatic,,3269,228.0,1,Yes,Reevesstad,10.94
Toyota,2007,Petrol,Manual,22.71,2430,68.0,1,Yes,Gutierrezside,12.61
Kia,2019,Petrol,Manual,15.33,2751,157.0,4,No,Lake Katherineshire,13.92
Ford,2005,Diesel,Automatic,16.58,2838,71.0,4,Yes,West Paulton,2.5
Honda,2007,Petrol,Automatic,20.0,2136,130.0,3,,Meganville,9.62
Ford,2014,Petrol,Manual,21.81,3279,194.0,1,Yes,Lake Jerry,9.76
Kia,2019,Diesel,Automatic,19.48,1725,318.0,2,Yes,Cooperville,7.7
Honda,2010,Petrol,Manual,23.07,1034,64.0,2,Yes,West Michaelbury,4.69
Honda,2019,CNG,Manual,25.27,3174,298.0,4,Yes,Ryanside,13.78
Mahindra,2011,CNG,Automatic,11.48,1278,158.0,2,Yes,Christopherport,5.65
BMW,2009,Electric,Automatic,24.08,3275,210.0,4,Yes,Lake Emily,-0.77
Ford,2008,Electric,Manual,23.19,1465,317.0,3,No,Danielfort,8.08
BMW,2022,Electric,Manual,13.3,1923,208.0,4,No,Port Kimberlyborough,7.05
Honda,2007,CNG,Automatic,,2187,201.0,1,Yes,East Michaelville,15.43
Toyota,2021,CNG,Automatic,20.54,1441,310.0,4,No,Lake Edward,9.96
Honda,2022,CNG,Manual,13.64,2316,293.0,2,No,East Kellybury,6.78
BMW,2022,Electric,Manual,17.76,1374,191.0,2,No,Sanchezberg,7.21
Ford,2006,Electric,Manual,18.63,2521,106.0,2,No,Jasonhaven,7.17
Kia,2017,Electric,Automatic,13.68,1818,153.0,1,Yes,Robertberg,16.87
Mahindra,2019,Electric,Automatic,16.64,2127,308.0,4,Yes,Port Kaitlynville,10.7
Mahindra,2009,Electric,Automatic,23.6,1199,79.0,4,Yes,Browntown,2.37
Mahindra,2007,Electric,Manual,24.73,1394,239.0,2,Yes,Harringtontown,7.02
Kia,2009,CNG,Manual,13.59,2256,195.0,1,Yes,East Leah,7.91
Mahindra,2009,Diesel,Automatic,7.34,2395,296.0,2,No,Martintown,3.57
Ford,2009,Diesel,Manual,22.95,916,249.0,2,No,Simmonsville,0.87
Kia,2007,Electric,Manual,25.29,1182,271.0,1,Yes,Kennedyland,10.38
Mahindra,2007,Diesel,Manual,21.51,1658,123.0,2,Yes,West Michael,4.78
Kia,2022,Diesel,Manual,16.85,2929,223.0,3,Yes,Lake Dianeshire,13.0
BMW,2008,CNG,Manual,13.67,2650,97.0,1,Yes,West Jay,8.03
Ford,2005,Electric,Automatic,20.47,1631,274.0,2,No,Stevenborough,6.1
Hyundai,2020,Electric,Automatic,22.22,1672,78.0,4,No,Deniseberg,-1.67
Toyota,2012,Diesel,Automatic,15.36,2917,313.0,3,No,East Monica,12.89
Mahindra,2021,Electric,Automatic,19.1,1186,,4,No,New Jenna,9.17
Toyota,2012,Electric,Automatic,16.26,2806,200.0,4,Yes,West Kathyshire,6.21
Kia,2011,Electric,Manual,21.02,3371,76.0,3,Yes,Port Heatherview,4.44
Toyota,2012,Electric,Manual,9.76,1096,154.0,1,Yes,East Michaelborough,14.4
Ford,2016,Diesel,Manual,19.59,3464,293.0,2,No,South Kaitlynfort,3.74
Ford,2020,Petrol,Automatic,16.54,1518,147.0,4,Yes,Port Kelly,6.53
Honda,2016,Diesel,Manual,25.33,2398,110.0,4,Yes,West Jenniferview,10.28
Mahindra,2023,CNG,Manual,19.25,3025,304.0,4,Yes,Wisehaven,13.8
Honda,2014,Petrol,Manual,20.83,2766,172.0,1,No,Robertborough,7.13
Toyota,2011,Petrol,Automatic,,1982,67.0,4,Yes,New Stevenport,5.06
Hyundai,2016,Petrol,Manual,,810,96.0,4,No,Knightburgh,7.57
Honda,2009,Diesel,Manual,19.58,1584,106.0,4,No,Browningmouth,11.62
Honda,2020,CNG,Automatic,16.56,1210,159.0,3,No,Averyshire,12.52
Ford,2013,Diesel,Automatic,17.03,3454,232.0,3,Yes,West Thomas,2.5
Hyundai,2011,CNG,Manual,19.05,3002,300.0,4,Yes,Stewartburgh,8.46
Kia,2018,Diesel,Automatic,11.15,2029,250.0,1,,North Christine,2.26
Toyota,2015,Diesel,Manual,15.9,1398,293.0,1,No,Ginaview,11.54
Honda,2011,Diesel,Automatic,21.16,1623,294.0,2,,Joshuabury,9.69
Hyundai,2014,Petrol,Manual,16.43,3197,185.0,3,Yes,Joshuatown,4.32
Mahindra,2013,Diesel,Manual,27.35,1921,237.0,1,No,Daughertytown,14.14
Hyundai,2008,CNG,Automatic,18.36,818,232.0,4,No,East Jeffreyside,9.34
Toyota,2020,CNG,Automatic,10.59,1112,179.0,3,Yes,Port Julie,8.9
Hyundai,2014,CNG,Automatic,19.78,3375,89.0,1,Yes,East Jasmineshire,7.28
Hyundai,2023,Petrol,Automatic,13.78,3404,107.0,2,No,North Stevenhaven,7.97
Hyundai,2021,Diesel,Manual,,3292,238.0,4,Yes,Masseyton,6.47
Mahindra,2013,Diesel,Automatic,15.74,2745,153.0,3,Yes,Kellyview,5.04
Honda,2017,Electric,Manual,16.0,1030,114.0,2,No,Davidmouth,12.92
Toyota,2005,Petrol,Manual,22.14,3472,295.0,2,No,South Lauraside,6.03
Mahindra,2006,CNG,Manual,11.67,3206,133.0,3,No,Port Michaelside,5.89
Hyundai,2017,CNG,Automatic,16.06,843,181.0,1,Yes,West Brittney,7.48
Hyundai,2013,Diesel,Manual,,3070,116.0,4,Yes,Moorechester,13.7
Honda,2011,CNG,Manual,23.35,2088,,2,No,East James,12.52
Toyota,2020,Diesel,Automatic,16.6,3118,258.0,2,No,New Robertbury,6.42
Ford,2023,Diesel,Manual,14.23,3059,268.0,3,Yes,New Elizabethstad,12.91
Mahindra,2011,Electric,Manual,18.92,2319,197.0,3,No,Juarezside,8.43
Honda,2010,Petrol,Manual,14.42,2210,193.0,3,Yes,Leeview,4.63
Toyota,2022,Diesel,Automatic,15.0,3094,75.0,2,No,Greenview,6.1
Mahindra,2023,Diesel,Manual,20.76,1620,162.0,1,Yes,West Josefort,13.49
Hyundai,2015,Diesel,Manual,,2919,302.0,1,Yes,Lake Jeremyland,16.33
Toyota,2016,Electric,Manual,14.14,3142,,4,Yes,Karastad,9.28
Toyota,2014,Diesel,Automatic,15.29,970,63.0,3,Yes,Port Tiffany,5.73
Kia,2017,Petrol,Automatic,24.18,1045,121.0,4,No,Ericside,7.5
Toyota,2016,Petrol,Automatic,19.78,1964,271.0,2,No,Ryanstad,4.95
Ford,2014,CNG,Manual,17.87,2439,,2,Yes,Ronaldchester,5.53
Toyota,2022,Petrol,Manual,17.59,1416,251.0,2,Yes,Griffinport,5.14
Ford,2008,CNG,Manual,18.49,1039,115.0,4,Yes,Shannontown,7.68
Hyundai,2009,Petrol,Manual,18.98,2756,90.0,3,No,Michaelashire,8.48
Ford,2009,CNG,Manual,18.5,3158,60.0,4,No,Port Jeanette,7.41
Mahindra,2016,Diesel,Automatic,25.79,2239,257.0,4,No,North Thomas,7.11
Hyundai,2007,Electric,Manual,,1197,104.0,2,No,Jaredport,11.04
Hyundai,2012,Electric,Manual,18.7,2656,106.0,2,Yes,New Christianchester,7.08
Ford,2006,Electric,Automatic,18.15,1722,281.0,1,No,North Lisa,7.34
Honda,2022,Diesel,Automatic,,1591,140.0,3,Yes,South Carlahaven,7.29
BMW,2013,Electric,Manual,15.23,2706,248.0,3,No,Paulhaven,14.17
Toyota,2017,Petrol,Automatic,16.53,2704,98.0,3,No,Michaelborough,6.04
Kia,2011,CNG,Automatic,11.95,2869,142.0,4,No,East Stephen,10.39
BMW,2014,Diesel,Automatic,21.95,1612,235.0,2,No,Port Paul,5.01
Toyota,2013,Electric,Manual,11.91,1703,68.0,2,No,Gallagherview,9.4
Toyota,2019,Petrol,Automatic,20.16,2530,317.0,1,Yes,South Justintown,10.18
Hyundai,2009,Petrol,Manual,24.72,1631,239.0,4,Yes,Cochranland,12.34
Toyota,2016,Diesel,Automatic,25.7,2194,213.0,3,Yes,North Annaburgh,6.46
Kia,2005,Diesel,Manual,16.78,2766,74.0,4,,Port Christopher,3.54
Toyota,2016,Electric,Manual,16.62,1844,126.0,2,No,West Brittany,4.86
Ford,2010,CNG,Manual,17.7,3354,246.0,1,Yes,Lake Stephanie,11.86
BMW,2023,Electric,Automatic,21.6,3007,122.0,4,No,North Rodneyberg,16.33
Ford,2023,Electric,Automatic,17.47,1543,100.0,2,No,West Tonyburgh,11.34
Kia,2020,Diesel,Automatic,16.91,1612,87.0,4,Yes,Sharonton,2.95
Toyota,2023,Electric,Manual,22.29,2379,280.0,2,No,Kerriland,11.2
Mahindra,2007,Electric,Automatic,18.17,2175,276.0,4,No,Johnsonville,4.22
Kia,2014,CNG,Automatic,,3027,281.0,3,Yes,West Tinaside,6.6
Hyundai,2022,Petrol,Manual,14.5,2450,120.0,4,No,Zacharyville,8.75
Ford,2017,Petrol,Automatic,22.11,3060,162.0,4,No,Lawrencefort,9.42
Ford,2022,CNG,Manual,18.99,1329,244.0,3,,North Bryan,8.26
Honda,2007,Petrol,Automatic,17.95,2218,206.0,4,Yes,West Sarah,5.6
Toyota,2007,Electric,Manual,10.55,2874,134.0,2,No,Gardnerfurt,12.24
Hyundai,2016,CNG,Manual,21.82,1738,60.0,2,Yes,South Gregory,5.89
Mahindra,2011,CNG,Automatic,13.46,3285,221.0,2,,Port Robert,13.02
Ford,2012,Diesel,Manual,19.81,1084,76.0,2,No,New Jennifer,2.56
Ford,2013,Petrol,Automatic,14.89,2620,302.0,2,No,Deborahshire,8.86
Hyundai,2018,Diesel,Automatic,13.71,1448,78.0,3,No,Josephburgh,3.1
Kia,2009,Electric,Automatic,21.71,988,118.0,3,Yes,Alexandraside,4.66
Kia,2023,CNG,Automatic,18.41,2525,260.0,4,Yes,Josephbury,5.95
Toyota,2020,Electric,Manual,18.16,2022,174.0,2,Yes,Port Richardfurt,14.08
Honda,2016,Petrol,Manual,25.8,1925,262.0,4,,Natalieport,13.23
Ford,2008,Diesel,Manual,25.74,1278,,2,No,Rebeccafurt,11.5
Honda,2012,Petrol,Automatic,17.01,3450,253.0,4,Yes,West Alicia,8.13
Kia,2011,Electric,Automatic,12.77,2843,165.0,3,No,East Heather,8.75
Kia,2019,Diesel,Manual,,2825,185.0,2,No,New Brettshire,13.07
BMW,2010,Petrol,Manual,12.62,1316,162.0,3,No,Port Amandahaven,10.81
Mahindra,2009,Electric,Automatic,19.9,2688,,4,No,Burketon,8.07
Toyota,2018,Petrol,Automatic,,2350,180.0,3,No,Lake Heather,13.95
BMW,2017,CNG,Automatic,18.3,2340,299.0,3,Yes,Port Troyville,11.26
Mahindra,2014,Diesel,Manual,22.91,3077,154.0,3,No,East William,8.97
BMW,2022,Diesel,Automatic,14.85,1937,267.0,1,Yes,North Brianshire,6.16
BMW,2008,Diesel,Manual,15.57,2339,208.0,4,No,Kimberlybury,5.8
Toyota,2012,CNG,Automatic,21.03,2548,252.0,4,No,Harveyton,6.66
Toyota,2015,Diesel,Manual,25.16,833,201.0,2,No,West Christopher,9.83
Hyundai,2021,CNG,Automatic,27.9,1095,260.0,2,No,Lake Ericshire,11.34
Honda,2022,Diesel,Manual,12.2,3300,221.0,2,No,Janeton,2.22
Honda,2015,Petrol,Manual,16.32,2229,168.0,3,Yes,Stacyside,0.21
Hyundai,2020,Petrol,Manual,13.87,1950,269.0,4,No,North Erinchester,4.19
Hyundai,2016,Petrol,Automatic,21.39,2989,208.0,3,Yes,Jensenburgh,6.37
Kia,2017,Petrol,Manual,18.24,2787,315.0,4,Yes,Lake Kaitlyn,12.78
Mahindra,2020,CNG,Manual,21.51,1447,258.0,3,,Bridgesmouth,6.88
BMW,2005,Electric,Automatic,16.42,2975,,2,Yes,Port Ashley,9.02
Hyundai,2020,Electric,Manual,20.8,2509,224.0,3,Yes,Richberg,9.67
Ford,2019,Petrol,Manual,17.28,2347,167.0,1,No,Bushside,3.91
Honda,2010,Electric,Automatic,18.57,1262,142.0,2,No,North Jamesview,13.84
Hyundai,2016,Electric,Manual,15.7,3411,139.0,1,No,South Amandaburgh,5.34
Ford,2012,Diesel,Automatic,23.44,2009,312.0,1,,North Franciscostad,14.24
Ford,2011,CNG,Manual,12.95,1313,84.0,2,Yes,Limouth,7.5
Ford,2006,Petrol,Automatic,17.55,800,110.0,1,No,South Nathan,6.65
Kia,2016,Electric,Manual,25.12,2062,167.0,1,No,South Heather,3.56
Kia,2018,Electric,Manual,23.1,1878,297.0,4,No,East Nicholeville,8.79
Ford,2020,Petrol,Manual,14.63,2271,,3,Yes,Pearsonview,17.02
Mahindra,2015,Diesel,Automatic,14.83,1137,139.0,1,Yes,Walkerstad,9.65
Kia,2013,Petrol,Manual,20.06,1927,155.0,3,Yes,Lake Whitney,9.08
BMW,2014,Diesel,Manual,20.6,3192,209.0,1,Yes,South Jameschester,5.33
Ford,2021,Electric,Automatic,22.76,1776,65.0,2,Yes,Fullerfurt,10.37
BMW,2016,CNG,Automatic,12.36,1682,81.0,2,No,South Felicia,8.63
BMW,2010,Diesel,Automatic,23.26,3045,279.0,4,,Lake Davidview,7.75
Ford,2023,Diesel,Manual,14.39,1837,71.0,2,No,Baileyhaven,9.98
Honda,2015,Petrol,Manual,23.34,2503,251.0,4,No,Lake Amanda,0.74
Mahindra,2013,Electric,Manual,11.54,1671,,2,No,Kennethmouth,7.6
Ford,2010,CNG,Automatic,13.54,3389,226.0,3,Yes,South Makaylaville,3.21
Ford,2020,Petrol,Automatic,24.88,1256,,1,No,Laurachester,8.12
Kia,2020,Petrol,Manual,25.1,2349,207.0,1,No,Martinezmouth,5.1
Ford,2010,CNG,Manual,18.4,1165,95.0,4,Yes,Port Johnstad,5.38
Honda,2009,Electric,Automatic,16.68,3248,304.0,2,No,Lake Angela,2.67
Kia,2008,CNG,Automatic,17.94,3421,189.0,3,Yes,Richardside,12.46
Toyota,2006,Petrol,Automatic,19.66,3329,299.0,3,Yes,Proctormouth,5.29
Toyota,2010,Petrol,Manual,20.02,2957,164.0,2,Yes,Dalechester,5.5
BMW,2013,Diesel,Automatic,16.82,3253,226.0,1,No,Tiffanyborough,14.12
Mahindra,2021,CNG,Automatic,10.26,3156,101.0,2,No,Kaneport,10.27
BMW,2018,CNG,Automatic,15.83,959,313.0,1,No,Port Sarahtown,-0.14
Honda,2011,CNG,Automatic,11.78,1643,264.0,2,Yes,Bryanburgh,13.54
Hyundai,2023,Petrol,Manual,21.06,2902,254.0,1,No,Lake Katherine,14.59
Mahindra,2005,Electric,Automatic,19.48,2799,230.0,4,No,North Marktown,14.22
Toyota,2019,Petrol,Manual,17.56,3103,309.0,3,Yes,South Michael,10.67
BMW,2022,Diesel,Manual,17.0,3381,163.0,2,No,Leefurt,3.59
Toyota,2007,Petrol,Automatic,25.86,3269,98.0,1,No,Port Jesus,7.8
Honda,2022,Petrol,Automatic,22.59,2438,295.0,1,Yes,Jonesstad,2.21
Honda,2006,Petrol,Manual,18.82,3111,193.0,1,Yes,West Gregorymouth,4.54
Hyundai,2014,Diesel,Automatic,15.85,1032,311.0,4,No,Gloriamouth,3.56
Hyundai,2015,CNG,Manual,23.16,1032,229.0,1,No,Anthonyton,5.49
Kia,2007,Electric,Automatic,,1357,266.0,3,Yes,Mataburgh,8.66
Mahindra,2011,Electric,Manual,15.41,2749,202.0,4,Yes,East Ryan,6.22
Honda,2012,Diesel,Manual,15.64,2259,78.0,1,Yes,Davidton,6.05
BMW,2023,CNG,Manual,20.65,1134,249.0,3,,Tylerburgh,6.84
Toyota,2022,CNG,Automatic,21.81,3251,123.0,1,Yes,Lake Anthony,14.0
Ford,2017,Diesel,Manual,20.54,1055,289.0,3,No,Carolynburgh,16.66
Hyundai,2017,Petrol,Manual,20.63,1889,234.0,3,Yes,New Davidhaven,6.2
Ford,2023,CNG,Automatic,16.78,1571,79.0,1,No,Parksside,9.34
BMW,2016,Electric,Automatic,15.82,1745,285.0,3,Yes,South Anthonyport,4.63
Hyundai,2021,Diesel,Manual,18.59,1911,290.0,2,Yes,Jenniferhaven,11.07
Ford,2016,Electric,Manual,17.67,1110,160.0,1,No,Lake Jamesshire,6.09
Mahindra,2017,Petrol,Automatic,14.0,2394,286.0,2,Yes,West Jessica,5.16
BMW,2016,Diesel,Manual,17.87,2081,97.0,3,Yes,Coxview,16.01
Toyota,2023,Electric,Automatic,20.76,2381,124.0,4,No,Christinefurt,2.58
Mahindra,2018,Electric,Automatic,16.44,2976,135.0,4,No,Lake Jenna,-1.81
BMW,2011,Petrol,Automatic,24.35,3173,,3,Yes,West Coreyberg,10.94
Kia,2017,Diesel,Manual,12.99,1589,182.0,2,Yes,South Brittney,6.53
Hyundai,2010,CNG,Automatic,14.7,2864,,1,No,Morenoside,5.42
Honda,2023,CNG,Manual,15.71,1141,86.0,4,No,East Haley,18.93
Toyota,2023,Electric,Manual,21.29,1802,162.0,2,No,Vegamouth,10.92
Mahindra,2008,Petrol,Automatic,18.85,1637,119.0,4,No,North Elizabeth,7.77
Mahindra,2023,Electric,Automatic,14.46,1427,227.0,4,Yes,Bobbyport,5.17
Ford,2013,Petrol,Automatic,,2072,142.0,3,Yes,New Brittany,9.78
Hyundai,2020,CNG,Automatic,13.25,1509,65.0,1,Yes,North Kathrynbury,1.07
Honda,2008,Electric,Manual,10.99,1538,223.0,2,No,North Matthew,5.94
BMW,2010,Electric,Manual,21.49,3024,261.0,2,No,North Jenniferborough,7.85
Honda,2012,Petrol,Automatic,13.76,2578,236.0,1,Yes,Port Thomas,8.85
Hyundai,2020,Diesel,Manual,20.72,1745,215.0,2,No,Sheltonhaven,7.43
Hyundai,2009,Petrol,Automatic,20.18,3204,161.0,4,No,Mikeberg,5.23
Kia,2014,Diesel,Manual,22.77,1294,139.0,1,Yes,Wilsonchester,11.68
Kia,2017,CNG,Manual,15.14,834,253.0,4,Yes,Lake Pamela,1.39
Honda,2018,Electric,Manual,19.62,2230,,4,No,Port Steven,6.89
BMW,2011,Electric,Automatic,18.49,2791,126.0,4,Yes,Kimberlyberg,5.93
Honda,2010,Petrol,Manual,18.5,1617,274.0,1,Yes,Popeview,12.05
Hyundai,2011,Petrol,Manual,17.92,809,204.0,2,No,Blankenshipbury,6.16
Hyundai,2009,CNG,Manual,21.37,1785,99.0,4,No,East Joshua,9.75
Ford,2022,CNG,Manual,,2537,271.0,1,No,Danielshire,9.33
Kia,2016,Diesel,Automatic,17.99,3378,118.0,1,No,Nelsonview,0.66
Ford,2010,CNG,Manual,16.16,2358,87.0,3,Yes,Port Stevenmouth,7.74
Toyota,2005,CNG,Automatic,15.7,2942,106.0,3,No,Erichaven,1.03
Hyundai,2008,CNG,Automatic,18.14,3423,296.0,3,No,Port Erinbury,9.41
Ford,2023,CNG,Manual,18.89,1249,176.0,2,Yes,Martinhaven,5.08
Honda,2016,Diesel,Manual,17.63,2043,210.0,2,Yes,West Nicholas,12.75
Kia,2019,CNG,Automatic,12.83,2943,142.0,2,Yes,Markland,7.28
Kia,2007,Diesel,Automatic,16.78,1664,116.0,2,,Mitchellmouth,4.92
BMW,2012,Petrol,Automatic,15.89,2600,276.0,4,No,West Cherylchester,12.8
Honda,2015,Electric,Manual,18.06,1006,,1,Yes,Markside,4.51
BMW,2020,Petrol,Manual,28.14,2609,301.0,1,,Christineland,11.58
Ford,2013,CNG,Automatic,19.72,1649,158.0,3,Yes,Port Deborahchester,9.87
Mahindra,2007,Electric,Automatic,23.05,1045,301.0,1,No,Woodtown,6.54
Toyota,2009,CNG,Automatic,15.26,2534,262.0,2,Yes,Josephland,2.66
Honda,2018,CNG,Manual,18.09,2797,96.0,1,,North Karen,12.97
Honda,2019,Petrol,Manual,22.91,2930,305.0,4,Yes,Wrightmouth,10.0
Honda,2010,CNG,Automatic,11.68,1116,187.0,4,Yes,Robertchester,4.91
BMW,2008,Petrol,Manual,17.07,3492,194.0,3,Yes,New Jefferyton,8.98
Ford,2012,CNG,Automatic,20.48,3217,,2,Yes,Whiteview,12.02
Honda,2023,Diesel,Manual,17.71,2519,88.0,1,No,Lake Rebeccafort,8.45
Mahindra,2009,Electric,Automatic,,3477,285.0,3,No,Justinburgh,8.95
Honda,2017,Petrol,Manual,15.95,3027,119.0,1,Yes,Lake Ashleymouth,12.13
Kia,2020,Petrol,Manual,19.26,2606,113.0,3,No,East William,14.15
Toyota,2005,Electric,Manual,11.72,3449,208.0,3,No,Lake Jennifer,7.52
Kia,2017,Petrol,Manual,,1399,117.0,4,No,Arroyoport,2.65
Kia,2015,Electric,Manual,20.9,1906,95.0,4,No,West Joanna,2.79
Toyota,2012,Diesel,Manual,16.55,2355,204.0,4,Yes,West Michael,5.24
Mahindra,2012,CNG,Manual,11.76,1640,309.0,3,No,South Katherinebury,4.26
Ford,2018,Diesel,Automatic,15.95,1147,139.0,4,No,Wrightstad,1.27
Kia,2017,CNG,Automatic,17.5,2095,74.0,4,No,North Catherine,15.39
Ford,2007,Electric,Automatic,13.69,1130,99.0,2,Yes,East Michael,10.11
Kia,2008,Diesel,Manual,18.12,1409,140.0,1,Yes,Port Jenniferburgh,5.9
Hyundai,2019,CNG,Manual,18.69,2744,252.0,1,No,Nicholasmouth,7.87
Toyota,2019,Electric,Manual,22.81,1543,225.0,2,No,Oliverfurt,0.85
Kia,2017,CNG,Automatic,,1368,263.0,2,No,Blackbury,12.63
Hyundai,2013,Petrol,Automatic,18.45,2484,270.0,4,No,West Maryport,0.2
BMW,2014,Petrol,Automatic,15.8,3236,317.0,4,No,Port Robertaport,10.04
Hyundai,2016,Electric,Automatic,16.09,1770,174.0,1,Yes,Robertbury,0.65
Honda,2018,CNG,Automatic,20.82,1546,292.0,2,,Davidland,6.34
Kia,2005,Petrol,Automatic,17.06,2984,136.0,2,No,Port Timothyshire,12.97
Hyundai,2018,Diesel,Manual,21.31,2564,155.0,4,No,Andrewsport,1.46
Ford,2018,CNG,Automatic,17.81,2184,157.0,1,No,Port Shelby,7.41
BMW,2012,CNG,Manual,13.42,3129,115.0,3,Yes,Reedtown,10.51
Mahindra,2020,Petrol,Automatic,15.23,2025,177.0,2,Yes,East Christopher,9.86
Kia,2018,Petrol,Automatic,27.67,1818,178.0,1,No,Dawntown,8.28
Honda,2005,Electric,Manual,17.6,3378,97.0,1,Yes,New Adam,9.98
Mahindra,2020,CNG,Manual,11.54,815,244.0,1,No,South Davidburgh,5.56
Hyundai,2022,Diesel,Manual,13.45,1367,301.0,2,Yes,West Briantown,15.73
Mahindra,2011,Petrol,Automatic,,2824,110.0,3,Yes,Hartmanmouth,1.56
Mahindra,2019,CNG,Automatic,14.43,2413,,4,Yes,Maryton,12.65
BMW,2021,Petrol,Manual,13.6,2877,162.0,3,Yes,North Mark,8.76
Mahindra,2023,Electric,Automatic,23.85,2342,,1,,New Victor,10.47
Mahindra,2017,CNG,Manual,20.66,2731,270.0,2,Yes,West Robert,11.18
Kia,2013,CNG,Automatic,17.2,2869,144.0,2,No,South Lindsay,10.22
BMW,2019,Electric,Automatic,15.65,2254,86.0,3,No,Lake Justin,4.76
Honda,2007,Diesel,Automatic,17.35,2502,131.0,3,No,Kirkstad,6.85
Hyundai,2005,Petrol,Manual,25.12,2233,154.0,2,No,Lopezland,2.19
BMW,2020,Electric,Automatic,14.54,1124,135.0,3,No,Johnville,6.81
BMW,2012,CNG,Manual,11.69,2121,65.0,4,No,Port Richard,9.29
Toyota,2017,Electric,Manual,20.67,3028,149.0,4,No,Brandonhaven,10.43
BMW,2012,CNG,Manual,22.03,921,139.0,4,No,Port Andrew,9.57
Toyota,2021,Electric,Manual,23.81,2971,281.0,1,No,Alexanderbury,0.98
Hyundai,2018,Diesel,Manual,16.59,2276,142.0,3,Yes,Wandabury,5.75
Mahindra,2011,CNG,Manual,16.63,1065,141.0,2,No,New Brianborough,5.35
Kia,2019,Electric,Manual,26.05,827,211.0,1,No,New Kelsey,2.76
Kia,2020,Diesel,Manual,20.38,2082,104.0,2,Yes,Gallowayfurt,4.66
Hyundai,2023,Diesel,Manual,17.66,2924,271.0,3,No,West Jennifer,8.01
Hyundai,2010,Petrol,Automatic,20.01,1231,130.0,3,No,Amandaside,13.66
Ford,2005,CNG,Manual,16.26,1678,117.0,1,Yes,Higginsmouth,4.19
Mahindra,2016,Petrol,Automatic,19.2,1858,,1,Yes,South Laura,3.48
Hyundai,2022,Diesel,Manual,19.14,1235,170.0,4,Yes,Port Michael,5.6
BMW,2020,Petrol,Automatic,21.34,1885,201.0,1,No,East Michellebury,9.35
Kia,2016,Petrol,Automatic,14.06,2899,115.0,4,,East Eric,12.89
Honda,2017,Electric,Automatic,19.42,2963,71.0,1,No,Hillburgh,7.65
Kia,2012,Petrol,Automatic,13.33,2894,74.0,4,No,North Alex,2.22
Toyota,2005,Diesel,Automatic,25.5,3285,67.0,3,No,East David,3.07
Kia,2011,Petrol,Automatic,16.32,900,290.0,2,No,East Davidland,8.75
Ford,2019,CNG,Manual,11.38,2102,245.0,3,No,East Barryborough,11.98
Mahindra,2017,Electric,Manual,29.11,2954,112.0,4,No,Connermouth,15.26
Hyundai,2017,Diesel,Manual,15.92,1782,196.0,3,No,Mathewsport,3.27
Mahindra,2013,Petrol,Manual,18.38,3206,233.0,1,No,East Patrickland,8.56
Hyundai,2019,CNG,Manual,11.22,1686,278.0,1,Yes,West Andrew,3.88
Kia,2008,Diesel,Manual,17.79,1599,314.0,2,No,Olsonport,4.41
Honda,2017,Petrol,Automatic,24.69,1825,134.0,2,Yes,Garciabury,4.07
Honda,2016,Electric,Manual,20.82,2315,283.0,3,No,Port Michael,6.66
Ford,2009,Petrol,Automatic,11.2,2703,151.0,2,,South Brian,4.47
Toyota,2011,Diesel,Automatic,14.95,2713,193.0,1,No,Chaveztown,17.92
Kia,2012,Diesel,Automatic,21.67,2095,222.0,1,No,South Charles,6.16
Hyundai,2009,Diesel,Automatic,20.55,1967,257.0,1,Yes,North Tylerton,11.95
Kia,2013,CNG,Automatic,16.06,1234,248.0,4,Yes,Port Paul,5.36
Ford,2018,Petrol,Automatic,19.59,2274,132.0,4,Yes,North Candice,16.93
BMW,2016,Petrol,Manual,13.21,3451,265.0,3,Yes,Carolynland,9.36
BMW,2008,Petrol,Automatic,12.77,3413,90.0,4,Yes,Davidbury,11.35
Ford,2012,Electric,Automatic,8.03,1715,178.0,2,Yes,Christinaland,5.64
Hyundai,2021,CNG,Manual,21.7,3075,218.0,1,No,Mcgeefurt,11.91
Mahindra,2012,CNG,Manual,17.58,1344,314.0,3,No,Port Williambury,9.34
Ford,2005,Electric,Manual,18.02,2037,,4,Yes,New Maryborough,6.48
Hyundai,2006,CNG,Manual,5.72,1447,165.0,3,No,Caitlinport,3.68
Honda,2008,Electric,Manual,17.8,3095,257.0,3,No,Lake Davidmouth,7.05
Ford,2005,Diesel,Manual,20.2,2231,179.0,2,Yes,Hernandezport,6.71
Hyundai,2011,Diesel,Manual,9.64,1876,,2,No,Sandersfurt,11.48
Ford,2005,CNG,Automatic,18.18,2399,246.0,2,No,West Rebecca,7.07
Ford,2013,Diesel,Manual,,3161,111.0,3,Yes,Stephaniemouth,0.31
Mahindra,2007,Diesel,Automatic,,836,127.0,3,Yes,Martinezhaven,10.58
Mahindra,2016,Diesel,Manual,23.23,1523,193.0,2,No,East Gregoryshire,13.17
Hyundai,2023,Petrol,Manual,,2347,179.0,4,No,Kirkchester,1.34
Hyundai,2019,Diesel,Automatic,31.27,1779,,1,Yes,Kennethhaven,15.22
Toyota,2020,Petrol,Manual,13.15,883,245.0,2,Yes,Lake Charlesmouth,13.59
Ford,2014,Electric,Manual,19.71,1917,131.0,4,No,West Morganmouth,5.48
BMW,2010,Electric,Manual,24.0,2165,217.0,3,No,Gabriellehaven,3.53
Ford,2021,Electric,Manual,15.23,1518,287.0,3,Yes,Lake Diana,12.21
Ford,2021,Electric,Manual,24.77,1349,293.0,4,Yes,West Johnport,2.52
Hyundai,2023,Electric,Manual,19.46,2171,,4,No,Port Michaelfort,5.33
Ford,2022,Diesel,Manual,11.01,1386,234.0,3,,Elizabethshire,2.74
