Machine_ID,Machine_Type,Factory_Location,Operating_Hours_Per_Day,Energy_Consumption_kWh,Production_Output_Units,Defect_Rate_Percent,Maintenance_Level,Temperature_Celsius,Worker_Count,Downtime_Hours_Per_Month,Shift_Type,Last_Service_Date,Supervisor_Name,Efficiency_Score
MCH-1000,3D Printer,Rajkot,11,1012.3,1685,9.02,Low,33.3,25,13.3,Evening,2023-12-28,Richard,85.25
MCH-1001,,Surat,19,242.66,333,2.03,Medium,23.7,19,1.9,Evening,2023-05-05,Brian,97.04
MCH-1002,3D Printer,Vadodara,22,802.9,1349,10.5,High,22.5,26,1.9,Morning,2023-07-03,Krista,87.76
MCH-1003,Laser Cutter,Vadodara,20,1614.56,1963,12.06,High,37.0,17,115.80000000000001,Morning,2023-03-17,David,78.44
MCH-1004,Packaging Unit,Surat,21,694.18,546,11.42,High,29.9,12,1.3,Night,2024-01-15,Sarah,79.81
MCH-1005,3D Printer,Vadodara,19,155.84,1119,2.32,Medium,23.7,26,9.1,Night,2023-03-01,Mary,98.09
MCH-1006,Packaging Unit,Ahmedabad,9,417.73,874,4.09,High,18.6,26,8.2,Morning,2023-12-11,Steven,92.77
MCH-1007,Laser Cutter,Ahmedabad,15,181.94,171,7.1,High,38.4,7,10.6,Morning,2023-05-04,Paul,79.55
MCH-1008,Laser Cutter,Rajkot,16,652.99,1396,10.64,High,32.7,6,28.2,Evening,2023-04-23,Frank,69.68
MCH-1009,CNC,Vadodara,4,226.43,1203,4.23,Low,24.8,5,8.5,Night,2022-02-12,John,95.29
MCH-1010,Laser Cutter,Pune,23,1324.22,243,2.09,,30.1,16,1.5,Morning,2023-11-25,Amanda,94.9
MCH-1011,Laser Cutter,Pune,17,696.58,753,6.01,High,24.4,20,2.7,Morning,2022-12-15,Cheryl,91.37
MCH-1012,CNC,Rajkot,9,623.37,1665,12.45,Medium,,8,4.8,Morning,2023-12-26,Ashley,84.72
MCH-1013,CNC,Surat,20,905.75,452,11.26,Low,24.4,27,1.1,Morning,2025-03-16,Stephen,79.18
MCH-1014,Laser Cutter,Ahmedabad,7,283.78,1646,5.19,Low,30.6,7,6.5,Night,2022-02-12,Angela,98.38
MCH-1015,Packaging Unit,Surat,5,397.93,1654,9.35,High,37.2,27,14.9,Morning,2024-12-01,Steve,84.08
MCH-1016,Robotic Arm,Surat,19,726.06,1109,5.18,Medium,34.7,2,8.4,morning,2023-03-11,Michael,91.96
MCH-1017,CNC,Ahmedabad,8,873.42,1634,5.52,Medium,26.3,5,18.7,Evening,2022-04-23,James,88.24
MCH-1018,CNC,Rajkot,4,442.85,1413,7.86,High,32.3,13,2.7,Morning,2024-01-07,Joseph,93.53
MCH-1019,Robotic Arm,Vadodara,11,293.38,1424,11.22,Low,30.5,9,3.4,Evening,2024-12-24,Matthew,86.63
MCH-1020,Laser Cutter,Pune,8,965.37,108,10.92,,21.0,20,3.2,Morning,2022-03-16,Kristi,75.44
MCH-1021,Packaging Unit,Vadodara,10,,1365,5.92,High,32.2,29,9.7,Morning,2023-05-31,,92.07
MCH-1022,3D Printer,Surat,4,460.55,859,3.85,Low,29.4,4,6.2,Morning,2022-01-25,,94.46
MCH-1023,Robotic Arm,Vadodara,22,366.89,1628,0.57,Low,31.4,7,8.1,Evening,2023-09-07,Mary,106.23
MCH-1024,3D Printer,Ahmedabad,23,775.39,1797,4.23,Medium,32.9,12,5.7,Evening,2024-12-11,Jackson,101.42
MCH-1025,Robotic Arm,Pune,12,,1844,7.85,Medium,23.4,14,7.9,Night,2023-09-11,Travis,92.13
MCH-1026,CNC,Vadodara,15,1175.26,1821,6.99,High,17.8,17,8.5,Night,2022-08-02,Aaron,93.57
MCH-1027,CNC,Rajkot,17,557.93,521,14.22,,27.2,22,19.6,Morning,2025-01-09,Michele,61.38
MCH-1028,Laser Cutter,Surat,17,226.74,1473,4.86,Low,34.3,8,2.7,Morning,2022-07-20,Danielle,100.34
MCH-1029,Packaging Unit,Pune,13,778.93,794,2.94,Medium,34.0,6,3.9,Evening,2022-10-05,Melissa,96.89
MCH-1030,Robotic Arm,Rajkot,7,1085.78,773,10.73,High,37.5,26,10.3,Morning,2022-11-12,Andrew,76.22
MCH-1031,Robotic Arm,Pune,10,545.14,1218,0.62,Low,25.8,12,4.0,Morning,2024-03-24,Mark,105.33
MCH-1032,Robotic Arm,Surat,8,725.79,1703,14.11,Medium,37.2,4,0.3,Night,2023-09-15,James,84.72
MCH-1033,Laser Cutter,Surat,21,430.74,1297,1.6,Medium,36.4,27,5.5,Morning,2023-03-14,Tamara,103.14
MCH-1034,Packaging Unit,Ahmedabad,21,,202,6.99,Low,29.4,20,9.9,Night,2024-07-31,Shawn,79.85
MCH-1035,3D Printer,Rajkot,4,10646.48,375,2.49,High,41.6,14,135.60000000000002,Evening,2023-03-03,Cody,80.42
MCH-1036,Laser Cutter,Pune,5,1160.73,1705,8.93,Medium,25.2,23,1.1,Morning,2022-11-05,Christopher,93.92
MCH-1037,Robotic Arm,Surat,13,569.1,533,5.83,Low,33.1,9,11.9,Evening,2025-03-04,Dustin,83.64
MCH-1038,CNC,Rajkot,8,536.43,1853,1.01,High,24.9,10,5.4,Night,2022-02-26,Erin,108.88
MCH-1039,Packaging Unit,Ahmedabad,10,,982,12.63,Medium,44.5,3,0.5,Night,2022-03-05,Jennifer,81.18
MCH-1040,3D Printer,Vadodara,15,819.9,283,3.47,Low,31.0,15,7.4,Evening,2022-11-20,Amy,89.07
MCH-1041,CNC,Pune,15,579.18,954,4.91,,32.7,9,6.1,Night,2023-09-15,Denise,93.03
MCH-1042,Packaging Unit,Surat,13,695.42,246,6.93,High,35.7,27,3.4,Morning,2022-11-20,Lisa,84.82
MCH-1043,3D Printer,Surat,6,915.37,1634,1.16,High,25.1,6,2.2,Morning,2023-07-19,Christina,108.45
MCH-1044,3D Printer,Rajkot,16,828.38,1430,8.19,Low,31.1,28,31.0,Night,2022-12-14,Dylan,72.65
MCH-1045,3D Printer,Pune,15,556.73,1024,7.81,High,33.6,16,18.4,Morning,2023-05-14,Randall,79.24
MCH-1046,3D Printer,Pune,13,871.81,229,10.27,Low,28.0,6,8.5,Morning,2025-01-23,Michelle,74.17
MCH-1047,Robotic Arm,Rajkot,7,161.95,172,6.35,Low,37.0,3,27.9,Morning,2022-05-09,Cindy,68.97
MCH-1048,Packaging Unit,Surat,19,377.95,359,13.68,Medium,24.5,12,0.8,Evening,2023-04-08,Michelle,74.53
MCH-1049,Packaging Unit,Rajkot,5,1078.49,530,8.3,Medium,37.2,26,1.4,Evening,2022-02-25,Barbara,85.3
MCH-1050,Robotic Arm,Rajkot,13,715.42,165,5.31,High,,24,5.3,Evening,2024-04-30,John,86.02
MCH-1051,Robotic Arm,Rajkot,18,458.87,410,14.6,High,36.1,8,8.3,Evening,2022-02-22,Kyle,67.75
MCH-1052,Packaging Unit,Ahmedabad,21,954.15,1453,9.13,Low,37.5,29,7.0,Evening,2024-09-02,Joseph,87.59
MCH-1053,3D Printer,Vadodara,5,939.44,602,9.02,Low,36.0,29,0.4,Evening,2022-02-13,Sheri,85.35
MCH-1054,CNC,Rajkot,6,350.82,1697,12.45,HIGH,28.4,25,4.1,Night,2024-08-01,Jonathan,85.87
MCH-1055,Robotic Arm,Surat,4,548.62,1044,6.43,HIGH,34.4,21,16.2,Evening,2023-01-01,Jamie,83.72
MCH-1056,Packaging Unit,Vadodara,9,1283.3,652,6.94,,34.4,27,2.0,Night,2022-04-13,Ryan,88.32
MCH-1057,Laser Cutter,Rajkot,19,980.84,391,4.28,Medium,25.8,27,5.1,Morning,2023-04-06,Christina,89.73
MCH-1058,Packaging Unit,Surat,10,203.79,1945,0.7,High,,5,18.2,Morning,2023-11-01,Marc,101.78
MCH-1059,3D Printer,Surat,8,555.35,815,3.37,High,21.2,9,4.1,Night,2022-09-02,Tanner,96.39
MCH-1060,Laser Cutter,Vadodara,22,506.53,1618,4.47,Low,30.8,25,0.9,Morning,2023-08-16,Kristine,103.19
MCH-1061,3D Printer,Ahmedabad,14,1322.65,306,0.39,High,22.6,23,3.2,Evening,2024-12-30,Jennifer,97.64
MCH-1062,Robotic Arm,Vadodara,9,383.4,385,7.49,Medium,,22,9.4,Evening,2024-05-06,Ashley,81.1
MCH-1063,CNC,Surat,23,1519.33,247,9.39,Medium,34.8,4,0.9,Night,2023-04-21,Brenda,80.48
MCH-1064,Laser Cutter,Vadodara,17,1152.64,728,6.8,Medium,28.6,26,7.1,Evening,2024-10-03,Krystal,85.85
MCH-1065,Robotic Arm,Pune,10,797.64,739,1.17,Low,35.6,3,1.7,Night,2024-04-03,Joshua,101.49
MCH-1066,3D Printer,Ahmedabad,16,680.96,1387,14.3,Medium,30.2,19,14.8,Night,2025-01-19,Kara,71.63
MCH-1067,Laser Cutter,Surat,20,732.79,1161,13.1,Medium,35.0,28,10.5,Morning,2024-10-13,Sandra,75.08
MCH-1068,Laser Cutter,Surat,20,1142.51,852,4.07,Medium,20.4,8,10.5,Night,2022-04-17,Ashley,89.98
MCH-1069,,Vadodara,13,1135.31,1833,10.23,High,22.9,10,7.9,Night,2022-05-23,Alexandria,87.66
MCH-1070,Robotic Arm,Ahmedabad,4,1126.38,1527,6.66,High,29.9,8,22.1,Morning,2022-06-06,Kimberly,82.33
MCH-1071,Laser Cutter,Surat,16,530.56,1755,6.38,Low,33.4,18,5.3,Night,2024-07-13,Michael,97.4
MCH-1072,CNC,Rajkot,16,179.31,272,11.92,Low,31.9,27,10.0,Morning,2024-04-30,Madeline,71.17
MCH-1073,CNC,Ahmedabad,17,463.13,796,8.29,Medium,32.0,25,22.4,Evening,2023-10-18,,73.71
MCH-1074,Packaging Unit,Rajkot,9,825.04,1775,12.29,Medium,25.7,25,0.7,Morning,2022-09-07,James,88.54
MCH-1075,Laser Cutter,Ahmedabad,7,,1231,2.5,Medium,,21,2.5,Morning,2025-01-02,Betty,103.14
MCH-1076,,Surat,18,380.76,1989,8.27,High,37.4,20,2.6,Morning,2023-07-15,Miguel,97.67
MCH-1077,Packaging Unit,Vadodara,18,625.25,1391,0.23,High,25.6,18,2.1,Morning,2022-01-15,Jessica,108.77
MCH-1078,Packaging Unit,Surat,13,497.75,1027,11.88,Low,31.5,5,2.0,Morning,2023-03-24,Melissa,82.69
MCH-1079,Laser Cutter,Ahmedabad,23,423.31,562,1.36,Medium,38.3,6,25.6,Morning,2022-09-06,John,83.44
MCH-1080,Laser Cutter,Ahmedabad,5,671.89,129,7.33,Medium,35.1,13,7.6,Evening,2023-11-27,Jonathan,80.14
MCH-1081,3D Printer,Rajkot,19,785.81,56,5.57,Low,29.5,29,3.3,Evening,2022-11-11,Michael,85.89
MCH-1082,Packaging Unit,Vadodara,21,474.33,1300,10.49,HIGH,26.9,14,12.0,Night,2022-11-08,Richard,80.78
MCH-1083,Packaging Unit,Vadodara,15,311.73,940,10.46,High,21.1,17,3.4,Night,2022-11-29,Tammy,84.09
MCH-1084,Packaging Unit,Pune,14,1390.89,1687,7.41,High,22.7,5,13.1,Morning,2024-02-17,Kevin,88.08
MCH-1085,Packaging Unit,Vadodara,4,948.42,1299,1.61,HIGH,25.1,18,17.0,Night,2023-03-14,Bruce,94.35
MCH-1086,CNC,Vadodara,16,723.38,567,8.59,,42.6,7,12.4,Night,2022-08-23,Megan,77.83
MCH-1087,Laser Cutter,Vadodara,22,1077.37,597,4.98,High,30.5,4,1.0,Evening,2022-10-21,,92.78
MCH-1088,Packaging Unit,Ahmedabad,10,960.43,90,7.99,Low,27.2,2,9.5,morning,2023-10-20,Kevin,76.75
MCH-1089,Laser Cutter,Vadodara,15,727.21,1085,0.78,Medium,27.5,15,14.5,Evening,2024-02-19,,96.29
MCH-1090,Robotic Arm,Rajkot,16,607.27,588,11.79,High,36.2,29,8.7,Morning,2023-11-17,Stephen,74.36
MCH-1091,,Surat,12,612.69,770,5.89,High,20.5,25,35.0,Morning,2024-04-22,Robert,69.26
MCH-1092,Laser Cutter,Vadodara,11,772.16,1201,13.72,Low,29.9,4,13.3,Night,2024-09-20,Jay,72.16
MCH-1093,3D Printer,Surat,17,,1416,13.54,High,28.1,10,4.8,Evening,2024-01-11,Frank,80.32
MCH-1094,Packaging Unit,Pune,13,330.92,495,5.43,High,27.1,4,16.9,Morning,2024-06-27,,80.96
MCH-1095,Robotic Arm,Pune,16,388.78,1223,1.9,High,25.5,9,1.7,Morning,2022-05-18,,104.65
MCH-1096,Packaging Unit,Pune,16,1050.24,710,12.11,Medium,25.3,9,20.8,Morning,2022-08-22,Sandra,65.64
MCH-1097,Laser Cutter,Ahmedabad,14,448.36,787,0.28,Medium,35.5,8,1.2,Morning,2022-08-05,Mercedes,104.52
MCH-1098,CNC,Rajkot,4,602.3,1221,5.2,,24.8,7,2.7,Morning,2024-01-19,Laura,97.02
MCH-1099,CNC,Surat,22,442.88,536,4.51,High,27.5,2,7.2,Night,2022-08-01,Anna,89.77
MCH-1100,Packaging Unit,Vadodara,20,1858.91,493,13.54,Medium,29.6,2,0.7,Evening,2023-11-10,,73.88
MCH-1101,,Pune,18,787.38,1451,7.74,High,31.8,28,1.1,Evening,2024-12-06,Kevin,94.72
MCH-1102,Laser Cutter,Ahmedabad,15,421.76,1122,0.68,High,30.9,16,20.1,Night,2022-05-23,Lee,93.32
MCH-1103,Laser Cutter,Surat,13,894.79,364,3.05,Medium,31.6,21,16.6,Evening,2024-11-23,Heather,84.04
MCH-1104,CNC,Ahmedabad,18,496.46,665,13.85,Low,24.8,22,4.7,Night,2023-01-09,Melissa,73.84
MCH-1105,Packaging Unit,Surat,16,690.58,1102,12.77,Low,34.4,11,0.4,Night,2023-01-13,Gregory,82.38
MCH-1106,Laser Cutter,Pune,23,296.39,696,12.88,Medium,21.6,11,9.0,Evening,2024-04-14,Diana,73.32
MCH-1107,Packaging Unit,Ahmedabad,20,433.37,84,3.91,High,24.8,26,12.3,Morning,2023-02-07,Lisa,83.65
MCH-1108,Robotic Arm,Vadodara,21,916.96,1072,0.31,High,32.2,17,0.4,morning,2022-03-29,Jean,106.72
MCH-1109,Robotic Arm,Pune,23,146.11,771,7.97,Low,22.5,18,0.8,Night,2024-01-07,Laura,89.72
MCH-1110,Laser Cutter,Surat,6,308.19,631,4.14,Low,24.3,26,13.7,Evening,2023-04-05,Felicia,86.95
MCH-1111,Robotic Arm,Ahmedabad,23,619.29,259,0.66,,33.4,9,0.7,Morning,2024-02-11,,99.46
MCH-1112,Robotic Arm,Ahmedabad,18,932.29,1980,7.94,High,27.4,22,2.0,Night,2023-11-18,Reginald,97.89
MCH-1113,Packaging Unit,Rajkot,10,783.44,1311,7.6,High,40.1,21,1.8,Night,2024-10-02,Melissa,93.35
MCH-1114,Robotic Arm,Vadodara,13,292.04,1487,11.81,High,20.0,24,3.1,Night,2024-05-08,Steven,86.18
MCH-1115,Packaging Unit,Pune,23,748.45,1478,3.58,Medium,27.5,11,4.1,Evening,2024-08-18,Richard,101.22
MCH-1116,CNC,Ahmedabad,11,895.91,831,1.48,High,27.1,25,6.2,Morning,2024-06-01,Dana,98.35
MCH-1117,Robotic Arm,Pune,22,302.58,424,11.1,Low,33.6,26,1.4,Night,2023-08-21,Chad,79.92
MCH-1118,Robotic Arm,Ahmedabad,15,820.79,1467,6.84,Medium,25.9,25,3.8,Night,2022-11-11,Kimberly,94.71
MCH-1119,Robotic Arm,Rajkot,12,576.19,1812,7.49,Low,23.7,5,11.2,Evening,2023-09-04,Paul,91.46
MCH-1120,Robotic Arm,Surat,21,580.47,884,4.53,Medium,23.4,18,9.5,Night,2025-01-17,Dave,90.83
MCH-1121,CNC,Ahmedabad,5,1191.88,469,12.86,Low,39.4,24,1.2,Night,2024-11-05,Andrea,75.65
MCH-1122,CNC,Surat,11,1208.9,507,8.65,Low,40.2,13,11.2,Evening,2024-12-29,Holly,77.36
MCH-1123,Laser Cutter,Pune,21,647.8,1838,3.13,,29.5,6,4.5,Morning,2023-09-26,Jacqueline,104.98
MCH-1124,CNC,Pune,21,780.48,199,11.03,High,36.6,21,0.2,Evening,2023-03-21,Chelsea,78.34
MCH-1125,CNC,Surat,9,618.56,1214,1.57,Low,34.6,16,1.4,Morning,2024-06-06,Pamela,105.11
MCH-1126,Robotic Arm,Rajkot,7,415.68,1337,14.24,Low,31.3,22,3.4,Night,2025-01-26,Sonya,79.69
MCH-1127,,Rajkot,4,565.31,683,9.42,Low,31.1,8,37.0,Night,2022-04-16,Dustin,60.14
MCH-1128,3D Printer,Surat,9,392.54,1225,8.43,Low,24.5,18,4.3,Night,2023-12-27,Scott,89.78
MCH-1129,CNC,Pune,4,807.45,582,0.87,High,,15,14.9,Morning,2024-12-14,Jonathan,91.53
MCH-1130,Laser Cutter,Ahmedabad,7,379.31,984,3.58,High,28.5,22,6.6,Night,2025-04-09,,95.88
MCH-1131,CNC,Ahmedabad,8,1020.21,1658,12.41,,24.7,29,8.1,Night,2022-11-12,Elizabeth,81.87
MCH-1132,3D Printer,Pune,12,502.94,66,1.64,Low,31.1,16,14.5,Morning,2022-09-05,Monique,86.4
MCH-1133,Robotic Arm,Ahmedabad,7,538.14,805,10.73,Low,19.0,18,17.0,Morning,2022-08-25,Julian,72.58
MCH-1134,Robotic Arm,Pune,9,322.16,558,5.39,Low,22.8,7,9.6,Morning,2022-12-10,Robert,86.69
MCH-1135,Laser Cutter,Surat,9,413.83,1125,10.97,Low,31.0,6,0.4,Night,2022-05-30,Jennifer,86.56
MCH-1136,,Pune,13,818.56,137,1.21,Low,28.1,29,7.8,Night,2024-04-08,Nicholas,92.09
MCH-1137,Packaging Unit,Ahmedabad,20,904.41,249,10.44,,37.2,25,0.3,Morning,2024-02-13,Cynthia,79.69
MCH-1138,,Ahmedabad,14,375.71,1947,4.53,Low,33.3,8,6.1,Morning,2022-12-01,Carlos,102.36
MCH-1139,Robotic Arm,Vadodara,8,283.87,1194,13.34,Low,37.6,7,13.9,Evening,2024-10-23,Brian,73.13
MCH-1140,Packaging Unit,Rajkot,10,767.56,1653,2.25,High,25.0,24,5.1,Night,2022-09-12,Shannon,104.61
MCH-1141,Laser Cutter,Ahmedabad,22,604.88,189,8.84,Medium,20.6,28,9.6,Evening,2025-04-13,William,76.31
MCH-1142,Laser Cutter,Surat,16,977.58,795,4.15,Low,36.4,7,5.1,Night,2022-03-05,Meghan,93.36
MCH-1143,CNC,Ahmedabad,5,340.73,163,5.61,Low,24.2,15,20.7,Night,2024-01-27,Lisa,75.16
MCH-1144,Laser Cutter,Rajkot,6,777.41,978,1.52,High,,24,1.8,Morning,2023-06-06,William,102.74
MCH-1145,Packaging Unit,Ahmedabad,21,497.85,811,1.42,Medium,22.1,23,6.8,Morning,2022-12-27,Lawrence,98.45
MCH-1146,Laser Cutter,Ahmedabad,13,223.61,918,13.0,Low,29.8,5,4.4,Morning,2023-03-20,,78.25
MCH-1147,CNC,Rajkot,4,521.6,811,8.15,High,26.4,24,0.9,Morning,2023-12-02,Amanda,89.08
MCH-1148,Laser Cutter,Surat,9,368.4,1880,5.45,High,30.1,29,4.7,Evening,2024-02-08,Shane,100.95
MCH-1149,3D Printer,Vadodara,13,956.09,459,12.22,High,28.2,24,7.2,Evening,2023-08-10,Angelica,72.98
MCH-1150,3D Printer,Surat,18,833.84,1915,1.73,High,38.8,20,10.0,Night,2024-10-31,Kenneth,104.31
MCH-1151,3D Printer,Surat,9,543.54,1682,1.51,Low,34.6,6,4.0,Night,2025-03-25,Bill,107.42
MCH-1152,Laser Cutter,Surat,9,1127.12,724,10.07,,41.7,13,10.9,Morning,2024-10-15,Patricia,76.65
MCH-1153,Packaging Unit,Rajkot,20,566.34,511,10.15,Medium,25.5,26,11.7,Morning,2023-12-22,Derek,74.96
MCH-1154,3D Printer,Rajkot,23,569.33,1452,4.84,High,27.2,17,1.6,Morning,2024-05-28,Rachel,100.49
MCH-1155,Packaging Unit,Ahmedabad,18,669.99,318,3.15,Medium,33.2,5,4.4,Night,2024-07-04,Kayla,92.31
MCH-1156,Laser Cutter,Ahmedabad,18,631.53,999,11.22,Medium,,28,30.3,Morning,2025-02-06,Gina,63.77
MCH-1157,Laser Cutter,Pune,15,181.86,838,3.48,High,32.9,9,17.2,Morning,2023-08-28,Raymond,87.72
MCH-1158,Packaging Unit,Ahmedabad,11,545.31,880,3.62,Medium,29.1,7,1.9,Morning,2025-01-15,Donald,97.98
MCH-1159,Packaging Unit,Ahmedabad,16,,1526,8.85,High,28.1,11,1.6,Night,2024-07-19,Aaron,93.27
MCH-1160,3D Printer,Ahmedabad,11,468.79,973,5.07,Low,19.2,3,1.3,Night,2025-03-19,Michael,96.39
MCH-1161,Robotic Arm,Pune,9,382.37,341,2.15,Low,27.1,20,8.6,Morning,2024-04-02,Andrea,91.98
MCH-1162,CNC,Pune,13,455.45,755,13.67,Low,23.5,24,14.2,Morning,2022-12-18,Antonio,68.36
MCH-1163,Packaging Unit,Ahmedabad,14,788.19,1579,1.12,Medium,,28,5.8,Evening,2022-12-31,Wesley,105.73
MCH-1164,3D Printer,Rajkot,4,1270.92,853,6.28,High,39.3,27,0.7,Evening,2025-02-20,Ashley,92.24
MCH-1165,Packaging Unit,Vadodara,11,473.47,1186,3.54,High,27.4,24,9.4,Evening,2022-02-10,,95.55
MCH-1166,3D Printer,Pune,16,1151.04,874,12.37,Low,29.2,25,35.0,morning,2022-10-05,Carlos,56.4
MCH-1167,3D Printer,Ahmedabad,12,687.48,307,10.74,High,41.1,12,0.2,Evening,2024-07-21,Jeffrey,79.96
MCH-1168,,Pune,9,501.79,118,4.99,Medium,26.4,19,6.1,Evening,2022-01-30,April,86.02
MCH-1169,Laser Cutter,Rajkot,12,608.54,1135,14.64,Medium,34.5,23,8.3,Evening,2023-12-04,Rebecca,73.5
MCH-1170,Packaging Unit,Ahmedabad,5,595.24,1071,0.98,Medium,37.3,20,1.7,Morning,2022-05-20,Edward,104.92
MCH-1171,,Ahmedabad,4,754.14,655,10.51,High,31.0,29,1.1,Morning,2024-12-16,Earl,82.59
MCH-1172,Packaging Unit,Surat,20,663.44,1595,13.2,HIGH,44.4,21,24.7,Morning,2025-01-19,,68.65
MCH-1173,Packaging Unit,Vadodara,8,921.18,1100,10.09,Low,31.9,14,9.5,Night,2024-03-15,Janice,81.02
MCH-1174,Packaging Unit,Surat,15,1870.75,1562,0.39,Low,31.8,18,1.7,Morning,2023-11-11,Becky,108.37
MCH-1175,Packaging Unit,Rajkot,13,729.62,909,2.66,Low,24.0,21,0.8,Morning,2022-09-19,Richard,100.65
MCH-1176,CNC,Surat,4,329.35,1164,8.53,Medium,31.0,20,0.4,Morning,2025-03-01,Christopher,91.89
MCH-1177,CNC,Vadodara,7,786.53,1003,0.99,Low,,5,0.8,Morning,2022-09-02,Michael,104.69
MCH-1178,Robotic Arm,Vadodara,7,772.77,53,12.67,HIGH,20.6,17,4.1,Evening,2023-07-12,Leslie,71.13
MCH-1179,Robotic Arm,Vadodara,12,614.3,210,5.46,HIGH,29.1,14,3.1,Morning,2023-01-17,Kelly,87.78
MCH-1180,CNC,Vadodara,21,293.03,1503,9.46,Low,17.2,5,14.2,Evening,2023-01-06,Brian,83.25
MCH-1181,CNC,Surat,11,311.24,1234,2.29,High,21.7,3,12.6,Night,2022-02-08,Brandon,96.44
MCH-1182,Robotic Arm,Ahmedabad,5,540.77,1958,3.4,High,35.9,25,0.2,Evening,2023-07-04,Krista,108.6
MCH-1183,Laser Cutter,Pune,13,309.42,242,10.94,Medium,32.5,12,7.9,Evening,2024-06-11,,74.16
MCH-1184,3D Printer,Vadodara,18,1680.73,1454,4.17,High,26.3,3,13.4,Evening,2023-06-10,Kyle,92.0
MCH-1185,Laser Cutter,Vadodara,9,,657,12.6,Low,24.3,9,12.3,Morning,2022-04-30,Rodney,70.41
MCH-1186,Robotic Arm,Vadodara,10,907.18,1582,8.26,High,33.6,7,3.4,Morning,2023-08-26,Brian,92.99
MCH-1187,Laser Cutter,Ahmedabad,7,780.94,1403,10.5,High,28.2,26,2.1,morning,2024-11-08,Jerry,88.11
MCH-1188,Packaging Unit,Vadodara,10,276.67,820,8.87,Low,39.0,17,0.6,morning,2024-12-20,Sean,88.28
MCH-1189,,Vadodara,8,797.93,994,11.42,,,24,16.0,Night,2024-04-04,Alan,73.1
MCH-1190,3D Printer,Surat,10,693.74,458,13.26,High,22.9,7,9.8,Night,2024-10-17,Kathleen,69.45
MCH-1191,3D Printer,Surat,9,228.85,406,8.42,High,25.3,6,8.5,Evening,2024-01-12,Craig,80.27
MCH-1192,,Rajkot,9,1098.12,813,14.0,Low,36.2,29,11.0,Morning,2024-03-30,Andrea,69.51
MCH-1193,Packaging Unit,Pune,16,306.91,581,6.33,Low,29.5,25,15.8,Morning,2025-02-20,Jacqueline,80.68
MCH-1194,CNC,Surat,10,746.86,211,2.91,High,33.1,18,4.3,Night,2022-12-18,Felicia,91.86
MCH-1195,Packaging Unit,Vadodara,7,1279.48,1568,13.23,,21.3,14,0.2,Morning,2023-07-11,Kendra,84.64
MCH-1196,Packaging Unit,Surat,5,409.19,1335,4.13,Low,23.3,25,26.3,Night,2022-12-01,April,83.87
MCH-1197,3D Printer,Surat,13,710.9,1806,14.46,High,33.7,25,0.7,Night,2024-02-17,Jacob,84.62
MCH-1198,Laser Cutter,Rajkot,20,685.36,844,4.46,Medium,26.3,17,5.2,Morning,2024-09-01,Johnny,93.49
MCH-1199,Laser Cutter,Pune,8,795.51,1055,7.73,High,37.4,16,1.1,Night,2024-05-13,Tiffany,91.43
MCH-1200,Laser Cutter,Vadodara,21,172.48,168,5.68,High,28.1,25,5.8,Morning,2022-07-01,Leonard,85.73
MCH-1201,3D Printer,Surat,20,969.84,635,2.37,Medium,27.4,26,19.3,Night,2024-03-17,Jason,85.66
MCH-1202,3D Printer,Vadodara,20,1142.6,1231,3.52,Low,35.3,6,30.6,Morning,2024-05-20,Benjamin,80.17
MCH-1203,3D Printer,Pune,17,527.31,725,11.3,Low,33.3,24,2.5,Evening,2024-10-26,Nicholas,80.94
MCH-1204,CNC,Pune,12,532.16,1152,14.86,,,10,1.0,Morning,2024-09-26,Theodore,78.42
MCH-1205,CNC,Ahmedabad,22,478.33,301,5.88,High,28.0,9,9.2,Evening,2024-11-20,Kayla,83.63
MCH-1206,Laser Cutter,Ahmedabad,21,1118.83,1489,9.43,High,26.0,3,5.9,Morning,2024-04-16,Max,87.82
MCH-1207,Packaging Unit,Rajkot,15,317.02,1529,12.81,High,24.4,19,1.7,Morning,2023-01-26,Megan,85.48
MCH-1208,Packaging Unit,Surat,4,943.15,131,12.61,Medium,26.9,26,33.5,Evening,2024-01-17,Barbara,51.07
MCH-1209,Packaging Unit,Vadodara,5,,1154,8.69,High,32.8,24,0.7,Night,2025-02-22,Leah,90.45
MCH-1210,Laser Cutter,Surat,4,428.23,1030,1.67,Low,25.8,15,6.7,Night,2025-03-03,Melinda,99.94
MCH-1211,Packaging Unit,Ahmedabad,10,531.59,1401,1.75,High,26.1,11,9.5,Morning,2025-03-27,Jeffrey,100.77
MCH-1212,Laser Cutter,Ahmedabad,12,593.65,1688,5.32,Medium,24.0,4,1.6,Night,2024-01-18,Christopher,101.46
MCH-1213,3D Printer,Surat,5,401.3,856,0.87,Low,13.0,27,6.9,Night,2022-08-30,Jessica,99.99
MCH-1214,,Ahmedabad,12,560.7,1419,10.31,Low,32.8,8,12.0,Night,2024-05-18,Kendra,82.0
MCH-1215,Laser Cutter,Rajkot,20,406.51,1019,10.11,High,43.1,2,0.0,Morning,2024-09-10,Cory,87.69
MCH-1216,CNC,Vadodara,12,331.64,214,12.24,Low,37.2,17,2.6,Night,2024-02-08,Anthony,75.01
MCH-1217,Laser Cutter,Ahmedabad,17,887.11,649,11.35,High,20.0,12,16.8,morning,2024-07-01,Adam,69.68
MCH-1218,Robotic Arm,Pune,17,649.05,1907,1.39,,35.4,22,8.2,Evening,2023-05-11,Ryan,106.44
MCH-1219,3D Printer,Vadodara,16,246.22,54,1.7,Medium,23.1,24,9.4,Night,2024-05-30,George,90.12
MCH-1220,CNC,Vadodara,23,994.89,1420,6.73,High,29.5,27,8.1,Morning,2024-12-04,James,91.28
MCH-1221,Laser Cutter,Surat,14,529.01,1480,7.55,Low,26.5,23,19.6,Night,2023-04-08,Levi,82.76
MCH-1222,3D Printer,Pune,16,414.5,321,3.54,High,27.3,12,26.0,Night,2023-01-17,George,76.8
MCH-1223,,Ahmedabad,19,747.62,730,8.81,High,19.5,25,5.1,Night,2023-08-18,Karen,83.83
MCH-1224,Robotic Arm,Vadodara,7,910.35,692,12.49,Low,34.7,17,9.3,morning,2023-07-26,Daniel,72.98
MCH-1225,Robotic Arm,Vadodara,16,395.17,675,3.9,Medium,31.8,25,0.3,Night,2024-07-21,Christopher,97.05
MCH-1226,,Rajkot,12,367.85,868,2.39,High,32.4,16,18.3,Night,2022-01-02,Alexandria,89.12
MCH-1227,Packaging Unit,Vadodara,18,458.37,1590,9.05,High,34.5,25,5.6,Night,2022-10-21,Wesley,90.58
MCH-1228,Laser Cutter,Surat,10,774.48,278,11.73,Medium,28.3,11,2.4,Night,2024-11-02,Mark,76.07
MCH-1229,Robotic Arm,Ahmedabad,4,581.47,1745,3.92,Medium,22.2,21,25.4,Morning,2024-01-15,Kevin,88.09
MCH-1230,CNC,Vadodara,4,521.33,543,7.2,High,35.1,29,9.1,Evening,2024-07-11,David,83.01
MCH-1231,Robotic Arm,Rajkot,21,485.94,1282,12.66,Medium,39.1,13,5.9,Evening,2023-07-12,Joel,80.54
MCH-1232,CNC,Vadodara,4,637.88,947,4.08,High,36.2,27,0.4,Morning,2022-03-20,Monica,98.54
MCH-1233,CNC,Surat,20,955.72,1581,8.24,High,33.7,29,12.3,Evening,2025-03-31,Linda,86.72
MCH-1234,CNC,Ahmedabad,19,448.31,809,3.88,,17.0,6,0.6,Night,2023-09-13,Gregory,97.92
MCH-1235,Laser Cutter,Rajkot,18,1285.77,1191,14.01,,16.4,23,3.9,Night,2024-07-02,Elizabeth,77.34
MCH-1236,CNC,Pune,10,1166.8,289,11.61,Medium,32.5,11,15.1,Morning,2024-10-21,David,66.95
MCH-1237,Robotic Arm,Surat,13,588.11,1791,9.8,Low,37.4,11,5.7,Night,2024-02-29,Tammy,90.49
MCH-1238,Packaging Unit,Ahmedabad,13,1371.76,1319,10.98,Medium,,4,2.6,Evening,2024-05-23,Scott,85.25
MCH-1239,,Surat,21,517.25,1527,10.7,Low,26.1,9,4.6,Night,2024-10-30,Nicole,87.37
MCH-1240,Robotic Arm,Rajkot,7,229.62,1404,14.38,High,30.5,14,18.1,Evening,2022-07-11,Miguel,69.94
MCH-1241,CNC,Pune,6,868.74,1147,2.47,Medium,26.2,2,3.3,Evening,2023-08-30,Adam,101.07
MCH-1242,Laser Cutter,Ahmedabad,20,208.51,183,13.43,Medium,27.7,21,11.3,Morning,2022-05-13,Bradley,66.46
MCH-1243,,Rajkot,19,938.21,1495,5.4,High,28.7,23,5.4,Morning,2024-10-26,James,96.54
MCH-1244,3D Printer,Surat,12,683.42,1715,5.49,Low,33.1,9,2.3,Morning,2024-09-05,Megan,100.73
MCH-1245,3D Printer,Rajkot,17,,1642,11.49,,29.1,19,0.8,Morning,2022-07-28,Robert,88.89
MCH-1246,3D Printer,Rajkot,8,727.31,619,9.73,High,29.2,9,0.4,Evening,2022-09-27,Janet,84.38
MCH-1247,Packaging Unit,Rajkot,8,436.77,585,10.28,Low,25.8,9,3.6,Morning,2023-03-29,Jeffrey,81.17
MCH-1248,3D Printer,Ahmedabad,8,955.29,283,4.39,Medium,29.1,26,9.1,Evening,2022-09-24,,85.84
MCH-1249,Laser Cutter,Pune,15,422.54,77,9.23,Low,34.6,17,17.4,Evening,2022-04-11,Becky,69.4
MCH-1250,CNC,Surat,12,904.8,1729,7.92,Medium,31.6,22,8.5,Evening,2024-11-24,Martha,91.33
MCH-1251,Robotic Arm,Vadodara,21,879.8,575,0.39,Medium,27.2,24,5.5,Morning,2022-10-01,Thomas,98.9
MCH-1252,Laser Cutter,Rajkot,10,213.11,430,9.94,Medium,25.8,3,0.4,Evening,2024-02-23,Bradley,83.12
MCH-1253,Laser Cutter,Pune,13,710.52,801,4.9,Low,28.1,22,0.7,Morning,2024-10-22,Andrew,95.37
MCH-1254,3D Printer,Rajkot,21,516.9,1707,4.02,Low,36.9,23,7.8,Night,2024-10-21,,99.99
MCH-1255,CNC,Ahmedabad,7,484.78,1108,14.85,High,22.3,5,0.6,Night,2024-06-17,Jessica,78.42
MCH-1256,Packaging Unit,Vadodara,11,603.13,1751,4.87,Low,40.7,4,10.4,Night,2023-02-10,Peter,96.71
MCH-1257,Laser Cutter,Pune,17,741.25,745,5.4,Low,39.8,27,4.2,Evening,2022-10-08,Jennifer,91.41
MCH-1258,Packaging Unit,Rajkot,5,342.61,1188,9.33,Medium,18.4,26,15.2,Morning,2022-06-06,Nathan,80.11
MCH-1259,,Rajkot,14,443.59,364,6.23,High,,10,1.0,Night,2023-02-25,Phillip,89.24
MCH-1260,Packaging Unit,Ahmedabad,5,1188.71,1922,4.76,Low,28.1,9,3.4,Night,2023-07-03,Christina,102.42
MCH-1261,Laser Cutter,Ahmedabad,7,393.75,1036,13.6,High,32.7,2,4.1,morning,2025-02-06,Michael,78.0
MCH-1262,Laser Cutter,Vadodara,21,644.86,1084,3.51,Low,29.2,23,3.6,Morning,2023-03-18,Nancy,98.57
MCH-1263,Laser Cutter,Ahmedabad,4,1075.85,62,6.67,High,19.8,2,2.8,Night,2022-01-01,Sarah,83.68
MCH-1264,Packaging Unit,Pune,19,260.18,1567,12.97,Low,29.3,19,1.3,Night,2022-02-17,Jennifer,85.84
MCH-1265,Laser Cutter,Ahmedabad,21,427.72,1902,2.55,High,29.3,21,1.7,Night,2024-04-25,,108.95
MCH-1266,Laser Cutter,Ahmedabad,13,450.77,423,2.59,High,27.1,6,13.3,Night,2024-12-17,,88.39
MCH-1267,,Surat,5,664.75,358,10.83,Medium,24.2,26,6.3,Night,2025-01-29,Cesar,75.96
MCH-1268,Laser Cutter,Rajkot,7,394.78,682,11.39,Low,29.9,27,6.9,Evening,2023-01-05,Mark,77.51
MCH-1269,CNC,Vadodara,5,446.53,796,14.93,High,34.3,19,6.0,Evening,2022-02-12,Alex,71.94
MCH-1270,CNC,Vadodara,7,753.46,54,10.35,Medium,37.6,9,4.7,Morning,2025-03-26,Paul,75.38
MCH-1271,Robotic Arm,Pune,6,631.06,1891,1.65,Low,22.5,29,2.3,Evening,2024-08-01,Tony,109.95
MCH-1272,3D Printer,Rajkot,23,1160.78,756,3.59,,23.5,13,8.6,Evening,2022-07-10,Misty,91.44
MCH-1273,Packaging Unit,Vadodara,9,298.69,265,13.81,Low,33.1,10,7.2,Evening,2023-11-03,Kevin,69.12
MCH-1274,CNC,Vadodara,9,914.11,440,2.39,High,35.2,17,11.3,Night,2024-05-01,Mike,89.67
MCH-1275,Robotic Arm,Rajkot,13,389.55,1744,5.48,Low,40.6,29,8.2,Evening,2024-09-11,Gary,97.28
MCH-1276,3D Printer,Pune,14,651.54,1793,5.46,Medium,24.1,8,24.6,Morning,2024-10-24,,85.87
MCH-1277,3D Printer,Pune,15,396.51,1161,2.39,Low,30.8,16,16.4,Night,2024-09-13,Amanda,92.85
MCH-1278,Laser Cutter,Rajkot,10,829.52,688,0.68,High,32.0,2,4.6,Evening,2023-01-26,Amy,99.97
MCH-1279,CNC,Ahmedabad,9,297.32,1596,2.48,High,32.8,18,9.4,Evening,2023-07-21,Tonya,101.34
MCH-1280,CNC,Surat,15,688.54,669,6.6,High,33.2,27,1.7,Evening,2024-01-22,Alexandra,90.2
MCH-1281,3D Printer,Rajkot,21,441.04,760,9.66,Medium,31.9,17,7.6,Morning,2024-04-13,Cody,81.06
MCH-1282,Robotic Arm,Ahmedabad,6,355.01,556,1.78,Medium,38.9,16,10.8,Morning,2024-09-19,Kara,93.01
MCH-1283,Laser Cutter,Vadodara,11,311.06,301,9.74,Low,30.0,7,6.5,Evening,2022-01-01,John,78.03
MCH-1284,Laser Cutter,Vadodara,17,623.78,1241,4.46,High,29.9,5,1.3,Morning,2023-05-01,Jacob,99.62
MCH-1285,Packaging Unit,Pune,9,220.71,1966,12.7,Low,27.1,23,9.4,Night,2022-12-08,Melinda,84.09
MCH-1286,3D Printer,Ahmedabad,16,680.41,1852,9.91,Low,22.9,19,1.6,Night,2024-09-16,Alexander,93.52
MCH-1287,Robotic Arm,Ahmedabad,4,943.96,1085,2.11,High,,3,3.1,Night,2022-03-30,Laura,101.3
MCH-1288,3D Printer,Ahmedabad,21,831.4,1735,4.49,,35.1,26,1.2,Night,2023-04-29,David,103.45
MCH-1289,Laser Cutter,Vadodara,8,239.28,730,8.81,Low,34.2,2,1.8,Night,2024-03-21,Amanda,86.86
MCH-1290,CNC,Pune,21,360.84,552,11.03,Medium,28.8,28,16.4,Night,2023-11-26,Jesus,70.54
MCH-1291,Packaging Unit,Pune,7,487.0,293,14.54,Medium,34.8,29,3.7,Evening,2022-01-08,Christopher,70.08
MCH-1292,Laser Cutter,Rajkot,8,1276.19,586,5.68,Low,,10,5.2,Evening,2022-09-10,Morgan,88.06
MCH-1293,Packaging Unit,Vadodara,7,763.39,846,2.79,Low,30.0,29,12.6,Night,2024-01-09,Eric,91.56
MCH-1294,CNC,Ahmedabad,11,565.88,1037,6.1,High,25.6,3,15.9,morning,2025-03-21,,84.5
MCH-1295,CNC,Pune,19,1028.62,1889,1.57,Medium,36.1,22,5.6,Morning,2022-07-10,,107.21
MCH-1296,Laser Cutter,Vadodara,13,489.75,733,4.65,,38.6,14,8.3,Morning,2024-08-27,Ann,90.3
MCH-1297,Robotic Arm,Vadodara,17,811.0,1898,8.95,Medium,31.2,12,5.1,Evening,2025-01-22,Clifford,93.19
MCH-1298,Packaging Unit,Surat,9,831.54,1975,9.94,Low,33.3,2,4.5,Evening,2023-11-12,Erika,92.24
MCH-1299,3D Printer,Ahmedabad,23,783.5,1203,5.1,,36.8,9,17.1,Evening,2024-09-20,Christina,86.74
MCH-1300,3D Printer,Ahmedabad,15,306.02,692,13.69,Medium,30.7,23,17.4,Night,2025-03-06,,65.77
MCH-1301,CNC,Pune,5,1529.23,262,11.68,Medium,29.5,15,0.8,Evening,2024-03-26,Lindsay,76.08
MCH-1302,3D Printer,Surat,7,1028.51,704,14.04,Medium,32.4,4,4.0,Morning,2024-08-07,Seth,73.52
MCH-1303,Packaging Unit,Ahmedabad,12,,1367,13.95,Low,35.9,13,4.9,Night,2022-01-30,Logan,79.03
MCH-1304,3D Printer,Pune,7,,550,5.88,High,25.8,2,1.7,morning,2024-01-25,Katherine,91.35
MCH-1305,CNC,Surat,8,358.19,56,1.56,Medium,28.6,14,3.2,Evening,2023-07-26,Beth,94.59
MCH-1306,3D Printer,Surat,4,930.44,1884,14.51,High,24.0,29,8.8,Night,2024-03-26,Shannon,79.19
MCH-1307,Laser Cutter,Vadodara,20,932.63,985,12.4,Medium,21.7,8,24.4,Evening,2023-06-20,Amanda,65.0
MCH-1308,CNC,Pune,9,1067.82,103,9.94,Medium,40.1,28,10.0,Morning,2023-01-12,Scott,72.45
MCH-1309,Packaging Unit,Pune,13,1096.83,690,14.07,High,33.8,23,26.3,Night,2022-10-14,Tyrone,57.63
MCH-1310,Laser Cutter,Pune,10,886.87,114,9.6,High,32.4,21,5.0,Morning,2022-08-08,Jodi,76.98
MCH-1311,Packaging Unit,Pune,8,890.06,745,14.08,Low,33.3,17,16.4,Evening,2022-10-08,Timothy,65.3
MCH-1312,CNC,Pune,16,936.91,1545,14.2,,46.0,22,10.5,Night,2023-10-27,Kristen,75.79
MCH-1313,3D Printer,Vadodara,14,628.39,1026,12.81,Medium,37.5,11,4.5,Morning,2023-05-23,Laura,78.88
MCH-1314,Packaging Unit,Rajkot,23,772.5,634,1.59,Medium,33.9,15,13.1,Morning,2022-04-05,Karen,91.83
MCH-1315,Packaging Unit,Vadodara,12,785.14,1431,8.85,,33.9,10,9.8,Evening,2024-07-09,Edward,86.24
MCH-1316,Robotic Arm,Pune,17,509.16,357,6.94,Low,,6,5.7,Night,2023-08-20,Mary,84.38
MCH-1317,CNC,Pune,9,406.46,641,11.4,High,30.0,8,3.2,Morning,2023-10-29,Paul,79.72
MCH-1318,CNC,Pune,17,633.02,112,2.31,Low,,2,5.0,Night,2022-07-29,David,91.91
MCH-1319,CNC,Rajkot,22,950.24,1416,11.08,High,37.6,18,2.8,Evening,2022-06-17,Lori,86.32
MCH-1320,Packaging Unit,Rajkot,21,1410.54,309,9.7,High,19.9,4,2.3,Evening,2023-06-01,Larry,79.55
MCH-1321,Laser Cutter,Vadodara,22,455.85,55,13.49,High,37.3,18,29.6,Morning,2023-09-14,Kayla,52.11
MCH-1322,CNC,Vadodara,15,418.08,1842,4.23,Low,26.9,11,46.8,Evening,2023-04-03,Melissa,73.53
MCH-1323,3D Printer,Vadodara,4,872.17,1575,9.88,High,32.9,19,3.3,Night,2022-01-15,Scott,89.81
MCH-1324,Laser Cutter,Surat,17,957.98,484,11.16,,26.7,21,11.1,Evening,2024-12-10,Brenda,72.57
MCH-1325,Packaging Unit,Pune,14,1304.28,551,12.57,Medium,36.1,15,15.3,Morning,2023-02-25,Sydney,66.88
MCH-1326,CNC,Ahmedabad,9,471.63,169,5.85,Low,26.3,12,0.5,Night,2024-12-13,Patricia,88.68
MCH-1327,Robotic Arm,Rajkot,20,1590.88,451,4.82,High,34.1,19,1.7,Night,2022-05-25,Molly,90.66
MCH-1328,CNC,Pune,11,1147.31,1249,7.34,High,38.8,25,18.9,Night,2022-05-08,Rita,80.86
MCH-1329,Robotic Arm,Vadodara,18,612.67,1140,12.98,High,28.9,22,14.4,Evening,2022-10-28,Karen,72.58
MCH-1330,Laser Cutter,Surat,19,234.82,745,7.45,High,26.5,25,4.6,Evening,2024-02-09,,87.75
MCH-1331,,Rajkot,7,396.67,951,11.62,Medium,29.7,23,3.9,Evening,2025-03-09,Ruben,81.39
MCH-1332,Laser Cutter,Surat,15,951.54,1847,7.95,High,,27,2.7,Night,2024-04-13,Joshua,96.24
MCH-1333,CNC,Vadodara,9,436.56,1595,6.74,Low,30.5,12,1.1,Morning,2023-09-14,Michelle,98.42
MCH-1334,CNC,Pune,16,747.48,1625,14.13,Low,31.6,2,10.6,Night,2025-01-29,Zachary,76.79
MCH-1335,Laser Cutter,Surat,14,754.34,482,7.44,,41.2,16,0.3,Morning,2023-01-31,Samantha,87.85
MCH-1336,Robotic Arm,Surat,4,491.82,371,12.09,Medium,33.1,16,5.7,morning,2022-02-27,Eileen,74.22
MCH-1337,Laser Cutter,Vadodara,5,707.3,1642,0.69,Low,20.2,2,12.3,Morning,2022-01-20,Nathan,102.68
MCH-1338,Robotic Arm,Surat,11,838.11,751,2.46,High,32.6,13,1.9,Night,2023-05-22,Jessica,98.81
MCH-1339,,Surat,17,,580,7.36,High,23.6,5,11.2,Night,2023-05-29,,81.59
MCH-1340,,Ahmedabad,6,232.92,1237,7.06,Medium,19.8,9,5.0,Night,2023-05-14,Sherri,92.36
MCH-1341,CNC,Rajkot,22,745.35,1105,6.19,Medium,25.6,10,1.9,Night,2023-12-09,Benjamin,94.43
MCH-1342,CNC,Rajkot,16,883.64,1873,14.87,Medium,25.8,20,6.6,Night,2025-02-28,Meredith,79.99
MCH-1343,Robotic Arm,Ahmedabad,15,522.04,1197,9.05,Medium,26.6,24,6.6,Evening,2024-09-14,Matthew,86.51
MCH-1344,CNC,Pune,11,596.65,498,5.52,High,31.0,8,4.4,Night,2022-07-27,Nicholas,89.18
MCH-1345,,Rajkot,13,1157.4,659,14.93,Medium,34.7,25,0.8,Evening,2024-01-25,Jack,73.42
MCH-1346,Laser Cutter,Pune,15,433.41,413,0.74,Medium,34.1,19,18.3,Evening,2023-06-12,William,88.53
MCH-1347,Robotic Arm,Vadodara,4,769.12,820,13.93,Low,37.4,15,10.4,Night,2023-12-24,Michael,70.59
MCH-1348,3D Printer,Pune,15,712.05,1530,3.83,Low,43.4,5,1.0,Night,2024-12-12,Victor,103.37
MCH-1349,CNC,Surat,6,,1463,5.19,High,23.1,21,9.0,Night,2023-08-29,Brandy,94.77
MCH-1350,CNC,Vadodara,21,1014.06,1681,2.71,High,31.8,2,0.5,Morning,2024-01-20,Elizabeth,106.79
MCH-1351,Laser Cutter,Ahmedabad,4,772.3,258,14.87,Medium,21.2,11,6.3,Night,2024-09-14,William,66.9
MCH-1352,Laser Cutter,Pune,4,914.61,1259,12.41,Low,,14,0.9,Morning,2024-05-29,Cheryl,83.74
MCH-1353,Robotic Arm,Pune,14,196.12,1479,1.82,Low,27.4,5,14.6,Morning,2023-10-30,Jeremy,98.18
MCH-1354,3D Printer,Pune,13,506.65,181,0.58,Low,31.0,7,1.5,Evening,2022-11-15,Suzanne,98.57
MCH-1355,,Ahmedabad,11,276.61,505,11.97,High,26.0,2,16.6,Evening,2023-09-26,,68.25
MCH-1356,3D Printer,Rajkot,8,869.01,186,8.88,Low,35.2,4,7.7,Night,2025-04-13,Lynn,77.16
MCH-1357,3D Printer,Pune,17,1287.36,590,7.31,High,20.1,23,2.9,Morning,2025-03-22,Glen,86.43
MCH-1358,3D Printer,Rajkot,12,1898.8,145,8.6,High,31.5,18,34.1,Night,2024-07-15,Kimberly,57.43
MCH-1359,Packaging Unit,Rajkot,23,,1449,6.29,High,36.2,11,10.2,Evening,2024-06-13,Amanda,90.91
MCH-1360,Laser Cutter,Pune,13,839.81,534,7.23,Low,25.4,3,6.9,Night,2022-02-26,Maria,83.96
MCH-1361,Packaging Unit,Vadodara,15,757.05,1017,9.81,Medium,33.2,16,0.9,Evening,2025-02-24,Devin,87.14
MCH-1362,Laser Cutter,Ahmedabad,18,807.37,409,6.25,,27.4,27,3.7,Morning,2023-01-20,Robert,87.16
MCH-1363,Packaging Unit,Ahmedabad,7,326.95,1044,0.82,Medium,29.3,29,0.8,Morning,2022-04-02,Todd,106.03
MCH-1364,3D Printer,Surat,23,212.91,1016,3.61,Medium,26.8,5,6.0,Evening,2022-08-21,David,96.74
MCH-1365,Packaging Unit,Rajkot,10,957.89,1214,2.61,Medium,32.6,17,10.1,Night,2023-12-31,Ivan,96.46
MCH-1366,Laser Cutter,Rajkot,10,741.73,1675,3.01,Medium,33.8,20,0.8,Evening,2024-12-30,Rebecca,106.32
MCH-1367,Laser Cutter,Ahmedabad,18,696.9,1493,2.32,High,26.8,22,4.7,Morning,2023-08-18,William,103.52
MCH-1368,CNC,Ahmedabad,21,10465.28,1420,6.43,Low,38.6,3,69.0,Evening,2022-01-29,Christine,89.05
MCH-1369,CNC,Surat,20,390.72,438,9.77,High,30.8,2,2.3,Night,2024-10-22,Raymond,81.94
MCH-1370,,Rajkot,22,1492.15,746,9.1,Medium,26.1,14,4.7,Evening,2024-11-24,Larry,82.6
MCH-1371,Packaging Unit,Vadodara,10,,963,4.15,Low,28.9,20,11.7,Evening,2023-11-02,Jennifer,90.38
MCH-1372,3D Printer,Ahmedabad,5,206.4,1275,5.53,High,30.5,28,12.9,Evening,2022-06-30,Nicholas,90.24
MCH-1373,Laser Cutter,Pune,21,969.62,1791,8.66,Low,31.5,9,9.6,Night,2023-02-21,Peggy,89.5
MCH-1374,Packaging Unit,Ahmedabad,6,855.49,1852,11.89,Low,29.0,4,0.6,Night,2022-06-27,Samantha,90.01
MCH-1375,3D Printer,Vadodara,7,863.75,1611,10.81,High,32.6,17,5.8,Night,2022-01-17,James,86.51
MCH-1376,3D Printer,Rajkot,18,9401.76,939,0.44,Medium,33.2,25,25.200000000000003,Evening,2022-08-17,William,102.33
MCH-1377,Laser Cutter,Rajkot,13,546.32,984,11.53,Medium,30.9,22,11.1,Morning,2022-01-19,,76.59
MCH-1378,Laser Cutter,Rajkot,18,896.04,639,9.02,Medium,24.0,15,8.2,Night,2023-10-23,Nicholas,80.26
MCH-1379,3D Printer,Ahmedabad,15,768.74,1273,12.16,Medium,27.9,29,8.1,Morning,2024-03-09,Amanda,79.52
MCH-1380,Robotic Arm,Rajkot,15,568.97,154,1.3,Low,34.8,9,5.9,Night,2024-12-22,Johnny,93.74
MCH-1381,Robotic Arm,Surat,17,1199.08,1153,9.79,High,24.8,8,2.2,Evening,2022-07-10,,86.78
MCH-1382,,Pune,14,,1653,1.46,High,24.9,3,1.2,Morning,2024-01-12,Jennifer,109.59
MCH-1383,Packaging Unit,Rajkot,11,825.55,906,3.9,Low,28.4,12,6.6,Evening,2025-03-12,April,93.95
MCH-1384,Robotic Arm,Surat,15,1335.76,273,14.18,Medium,35.2,19,1.3,Night,2024-10-17,Christopher,71.1
MCH-1385,CNC,Surat,16,336.63,1992,7.4,Medium,35.5,12,2.0,Morning,2023-01-07,Adam,99.92
MCH-1386,,Surat,10,6801.52,1774,2.82,High,21.4,15,51.0,Morning,2024-04-13,Lisa,101.98
MCH-1387,CNC,Pune,10,626.44,1615,8.62,Medium,26.5,24,3.0,Morning,2023-10-23,Ashley,93.22
MCH-1388,3D Printer,Pune,15,139.57,1394,6.02,Low,25.8,7,11.0,Morning,2024-01-24,Nicole,91.68
MCH-1389,Robotic Arm,Rajkot,5,1052.59,1621,3.52,HIGH,45.5,29,0.3,Morning,2023-05-27,Alexander,104.75
MCH-1390,Packaging Unit,Rajkot,5,160.94,911,9.72,Low,25.3,6,3.5,Night,2024-09-12,Rachel,85.47
MCH-1391,Packaging Unit,Rajkot,20,616.79,463,3.21,Low,27.4,3,0.3,Evening,2023-09-19,,96.35
MCH-1392,CNC,Pune,6,85.02,1475,10.8,Medium,,21,4.0,Morning,2023-12-13,Tasha,87.77
MCH-1393,CNC,Surat,5,817.19,200,14.3,Medium,24.6,20,7.2,Evening,2025-03-05,Paul,66.86
MCH-1394,3D Printer,Surat,12,180.38,1465,13.91,Medium,31.8,29,1.6,Evening,2022-04-22,Heather,83.01
MCH-1395,CNC,Vadodara,23,497.74,560,1.91,Low,29.7,25,8.3,Morning,2025-02-28,Eric,94.33
MCH-1396,CNC,Pune,16,,652,5.61,Medium,28.5,6,14.5,Evening,2023-05-28,Stephanie,83.38
MCH-1397,Robotic Arm,Pune,7,315.05,333,1.63,High,30.6,14,5.0,Night,2022-04-04,Eric,95.56
MCH-1398,Packaging Unit,Surat,14,519.42,932,9.61,Low,35.6,9,4.0,Morning,2024-04-23,Samantha,85.0
MCH-1399,3D Printer,Pune,18,1193.87,853,0.72,Low,,27,29.7,Evening,2022-10-05,Tyler,83.17
MCH-1400,Robotic Arm,Surat,11,487.42,361,11.54,Medium,20.6,13,6.1,Evening,2022-09-28,,74.96
MCH-1401,Packaging Unit,Rajkot,8,701.54,713,12.58,Medium,40.0,7,7.2,morning,2025-01-21,Derrick,74.74
MCH-1402,Packaging Unit,Vadodara,10,521.6,1116,14.61,Low,21.5,27,0.7,Night,2023-02-08,Richard,78.84
MCH-1403,Laser Cutter,Surat,22,380.35,1404,13.52,High,45.3,17,3.8,Night,2023-04-11,Tina,81.46
MCH-1404,Laser Cutter,Pune,11,357.34,1453,2.82,High,26.9,18,4.1,Evening,2022-06-06,Jessica,103.09
MCH-1405,,Surat,15,808.58,1407,9.03,Medium,39.5,12,9.8,morning,2023-01-09,Dylan,85.65
MCH-1406,CNC,Vadodara,8,456.39,676,10.16,Low,31.4,22,1.0,Morning,2023-03-17,Mercedes,83.96
MCH-1407,,Surat,4,462.26,670,9.26,Low,35.6,4,7.8,Morning,2023-06-07,Jacqueline,80.94
MCH-1408,Robotic Arm,Ahmedabad,9,569.59,689,1.65,High,33.4,8,16.6,Evening,2025-02-27,Angela,90.01
MCH-1409,3D Printer,Vadodara,19,1284.25,106,10.91,High,29.5,13,12.9,Morning,2023-07-18,Steven,68.2
MCH-1410,Robotic Arm,Ahmedabad,14,886.45,1852,5.98,Low,25.5,6,36.4,Evening,2022-06-26,Jackson,76.73
MCH-1411,Packaging Unit,Vadodara,19,692.69,752,8.43,Low,39.1,25,12.8,Morning,2022-01-11,William,79.46
MCH-1412,Packaging Unit,Rajkot,11,,1650,9.88,Low,10.8,9,9.8,Morning,2024-10-14,April,85.6
MCH-1413,Robotic Arm,Pune,11,253.38,1274,0.73,High,37.7,26,1.6,Night,2024-02-17,Danielle,107.67
MCH-1414,CNC,Surat,22,572.89,1381,6.26,Low,29.3,11,2.0,Morning,2023-08-28,John,96.77
MCH-1415,Packaging Unit,Rajkot,11,350.79,1420,1.46,High,31.9,5,5.4,Night,2024-11-20,John,104.63
MCH-1416,Robotic Arm,Surat,13,388.91,166,3.83,Low,,13,1.2,Morning,2023-06-29,Angela,92.33
MCH-1417,Laser Cutter,Ahmedabad,13,671.75,1317,7.73,High,18.6,16,1.6,Evening,2023-07-20,Brian,93.44
MCH-1418,3D Printer,Ahmedabad,17,566.26,1065,12.93,High,24.2,3,5.7,Morning,2022-12-19,Mary,78.22
MCH-1419,Robotic Arm,Vadodara,8,1177.91,369,4.84,High,30.3,16,2.6,Morning,2025-03-30,William,89.89
MCH-1420,3D Printer,Ahmedabad,22,1098.91,1638,10.96,High,39.4,10,2.5,Morning,2023-02-25,William,88.41
MCH-1421,CNC,Rajkot,5,,1023,3.13,High,12.9,23,11.1,Night,2023-09-10,,92.91
MCH-1422,Robotic Arm,Ahmedabad,18,1043.0,474,7.12,Medium,39.1,28,12.8,Evening,2022-06-14,Michelle,79.26
MCH-1423,CNC,Rajkot,7,446.71,1727,13.3,High,14.6,19,8.2,Morning,2024-05-07,Michael,81.41
MCH-1424,Packaging Unit,Rajkot,12,446.19,1103,8.23,Low,24.1,18,0.4,Evening,2024-09-10,Jonathan,91.81
MCH-1425,3D Printer,Surat,22,606.7,235,1.58,Low,,15,15.2,Evening,2024-02-28,Benjamin,87.29
MCH-1426,3D Printer,Pune,5,336.47,867,6.34,Low,29.4,14,7.3,Evening,2024-08-03,Melanie,88.95
MCH-1427,Packaging Unit,Vadodara,13,946.88,1788,6.83,High,31.4,25,4.5,Evening,2023-11-14,Melissa,96.74
MCH-1428,,Pune,6,408.93,256,13.84,Low,31.8,16,1.4,Morning,2022-03-30,Amber,72.89
MCH-1429,Laser Cutter,Vadodara,14,1126.83,451,10.5,Low,25.4,20,9.4,Morning,2024-07-29,Ronnie,74.57
MCH-1430,Laser Cutter,Ahmedabad,10,859.13,1215,2.09,High,30.0,2,13.6,Night,2023-11-09,,95.2
MCH-1431,3D Printer,Rajkot,9,724.78,1451,12.3,Low,26.6,16,1.2,Evening,2023-07-23,Christine,85.62
MCH-1432,Robotic Arm,Rajkot,16,641.57,789,1.03,High,30.5,22,6.1,Night,2025-01-15,Jason,99.33
MCH-1433,3D Printer,Rajkot,19,1372.66,1285,0.82,Medium,33.3,8,2.9,Night,2023-01-31,Johnny,105.08
MCH-1434,3D Printer,Rajkot,23,785.89,503,8.14,High,37.7,9,6.8,Morning,2024-06-14,Heather,82.03
MCH-1435,CNC,Vadodara,6,510.66,210,7.54,Low,27.9,15,10.3,Morning,2024-07-06,Selena,78.73
MCH-1436,Laser Cutter,Pune,5,566.95,1409,7.22,HIGH,31.3,29,9.1,Morning,2024-09-11,Joel,90.12
MCH-1437,Robotic Arm,Rajkot,21,,975,6.92,Low,28.5,12,26.7,Night,2022-04-22,Molly,74.78
MCH-1438,3D Printer,Vadodara,22,983.86,1992,11.7,Medium,12.3,29,4.0,Night,2024-04-28,Rebecca,88.99
MCH-1439,Robotic Arm,Surat,20,1045.11,102,5.3,High,19.2,10,6.2,Evening,2023-12-28,Eric,84.42
MCH-1440,Robotic Arm,Rajkot,7,685.9,431,14.42,Low,33.5,15,6.6,Morning,2023-07-14,Joshua,69.15
MCH-1441,Robotic Arm,Vadodara,23,879.7,737,2.22,Low,,18,0.9,Evening,2022-11-24,Samantha,99.81
MCH-1442,Laser Cutter,Pune,7,873.84,690,7.19,Medium,28.5,5,3.1,Night,2022-08-20,Phillip,87.95
MCH-1443,Packaging Unit,Vadodara,14,,1098,9.45,,33.3,10,12.6,Night,2023-11-12,Justin,79.29
MCH-1444,,Pune,11,356.27,1176,7.16,Medium,23.7,16,16.1,Morning,2023-03-01,Natalie,83.7
MCH-1445,Robotic Arm,Ahmedabad,18,566.18,97,13.06,Low,,9,9.8,Evening,2023-09-28,Joseph,67.02
MCH-1446,Laser Cutter,Vadodara,15,1014.36,1578,13.78,Low,39.9,28,59.1,Morning,2024-11-02,Lisa,42.77
MCH-1447,CNC,Vadodara,19,196.49,1830,5.11,Low,,2,10.3,Morning,2022-03-01,Robert,97.54
MCH-1448,Laser Cutter,Surat,4,1358.72,863,2.14,Low,33.5,4,0.7,Night,2025-03-25,Leonard,100.48
MCH-1449,Robotic Arm,Pune,14,224.59,76,13.86,Low,33.7,7,4.0,Morning,2023-04-22,Yolanda,69.79
MCH-1450,Laser Cutter,Surat,14,443.52,1983,10.77,High,36.9,27,2.4,Evening,2023-09-06,Jennifer,92.67
MCH-1451,CNC,Ahmedabad,8,236.22,985,1.46,HIGH,27.4,27,11.1,Evening,2024-04-12,Daniel,97.18
MCH-1452,,Pune,17,563.98,512,14.51,Low,21.3,20,5.4,Night,2025-02-05,Cody,70.66
MCH-1453,Laser Cutter,Ahmedabad,18,394.69,1904,4.54,High,25.4,24,3.6,Morning,2022-05-23,George,103.7
MCH-1454,Robotic Arm,Rajkot,11,409.16,986,12.79,Low,29.2,14,2.0,Night,2022-03-18,Melanie,80.65
MCH-1455,Robotic Arm,Rajkot,9,698.29,686,7.49,High,33.4,17,5.8,Morning,2024-10-27,Diana,85.68
MCH-1456,3D Printer,Vadodara,7,1246.34,1678,3.73,Low,37.0,16,10.5,Evening,2022-08-29,Sean,97.39
MCH-1457,Robotic Arm,Ahmedabad,4,692.38,1312,2.22,HIGH,34.6,2,4.2,morning,2023-11-09,Evan,102.56
MCH-1458,Packaging Unit,Surat,21,402.77,1555,12.29,Low,29.6,16,2.8,Evening,2023-11-20,Carlos,85.84
MCH-1459,Robotic Arm,Surat,21,837.53,1807,6.24,Low,38.6,12,0.2,Morning,2024-01-01,Tyler,101.24
MCH-1460,Packaging Unit,Rajkot,8,758.1,1476,6.56,High,34.6,19,7.0,Evening,2023-04-11,Jodi,93.2
MCH-1461,Packaging Unit,Surat,15,853.21,444,4.79,Low,20.5,18,17.7,Morning,2022-08-24,Joshua,80.51
MCH-1462,3D Printer,Surat,9,1005.81,308,13.02,Medium,26.6,11,3.3,Evening,2022-02-15,Joshua,72.78
MCH-1463,3D Printer,Rajkot,4,525.11,1187,12.24,Low,35.0,8,0.0,Night,2022-01-25,William,84.66
MCH-1464,Robotic Arm,Vadodara,18,323.08,202,0.88,Medium,35.1,9,14.8,Night,2022-10-02,Colton,89.1
MCH-1465,Robotic Arm,Vadodara,9,632.36,1446,8.95,Medium,35.1,28,0.2,Evening,2023-08-10,Melissa,93.11
MCH-1466,Packaging Unit,Pune,10,1126.66,534,4.45,Medium,22.4,28,1.9,Night,2023-10-03,Justin,92.61
MCH-1467,3D Printer,Ahmedabad,20,1196.84,1712,9.31,,,13,0.4,Morning,2024-08-26,Arthur,93.66
MCH-1468,3D Printer,Ahmedabad,13,887.83,1728,2.97,High,24.3,9,3.9,Night,2023-06-11,Nicholas,104.46
MCH-1469,Robotic Arm,Pune,13,1224.13,1618,1.32,Medium,27.1,18,1.2,Night,2024-01-19,Maria,108.25
MCH-1470,CNC,Ahmedabad,10,976.46,1924,11.57,High,32.6,7,16.1,Morning,2022-07-08,Brendan,80.23
MCH-1471,CNC,Rajkot,15,502.22,1193,8.34,High,35.9,12,5.8,Night,2023-11-28,Steven,88.48
MCH-1472,CNC,Rajkot,8,261.71,1009,7.35,Low,29.1,28,5.1,Night,2025-02-28,Travis,89.76
MCH-1473,3D Printer,Surat,20,491.47,719,3.56,Medium,32.8,23,0.3,Evening,2025-03-11,David,97.96
MCH-1474,CNC,Surat,15,392.81,999,5.48,Medium,20.5,11,4.2,Morning,2022-09-07,Brian,93.86
MCH-1475,CNC,Pune,20,1538.99,1650,4.65,Low,,26,12.3,Evening,2023-01-26,Stephanie,93.64
MCH-1476,Robotic Arm,Ahmedabad,4,122.13,1689,12.23,Medium,23.7,15,2.4,Night,2023-06-01,Joshua,87.76
MCH-1477,Robotic Arm,Vadodara,23,1060.55,146,2.47,High,31.5,8,4.5,Morning,2024-03-04,John,91.61
MCH-1478,Laser Cutter,Surat,22,409.62,1881,1.31,Low,32.1,28,20.3,morning,2024-07-10,Whitney,98.26
MCH-1479,CNC,Vadodara,15,467.48,1477,14.14,Medium,31.3,7,5.8,Morning,2022-12-23,James,79.3
MCH-1480,Packaging Unit,Ahmedabad,14,655.55,583,5.95,High,,7,15.4,Morning,2024-01-28,Katherine,81.24
MCH-1481,CNC,Ahmedabad,7,345.37,282,1.97,Low,27.4,7,0.8,morning,2022-01-31,Christopher,97.36
MCH-1482,CNC,Rajkot,17,170.91,976,0.45,Low,35.1,28,1.1,Morning,2024-12-29,Sonya,106.22
MCH-1483,CNC,Rajkot,5,658.17,1916,10.75,Medium,25.9,8,0.5,Evening,2023-12-11,Jennifer,93.18
MCH-1484,,Vadodara,9,994.46,714,12.03,Low,26.5,6,2.9,Night,2024-05-12,Jessica,78.44
MCH-1485,Robotic Arm,Ahmedabad,13,308.34,1445,10.39,High,29.4,20,0.5,Night,2024-10-29,Dorothy,90.47
MCH-1486,Robotic Arm,Vadodara,10,503.31,165,4.06,Low,22.3,26,4.5,morning,2023-04-12,Jasmine,89.39
MCH-1487,CNC,Pune,18,1916.65,462,0.9,High,22.5,29,7.7,Night,2023-06-21,Tim,93.92
MCH-1488,Laser Cutter,Vadodara,15,425.91,1533,4.94,Low,19.4,9,10.6,Morning,2024-06-09,Michele,94.87
MCH-1489,Laser Cutter,Vadodara,8,1403.2,1167,1.08,Medium,22.6,23,1.4,morning,2022-05-03,,104.58
MCH-1490,CNC,Pune,14,363.07,1442,14.07,,31.5,8,7.6,Night,2022-12-03,Benjamin,78.04
MCH-1491,Packaging Unit,Vadodara,7,1031.51,368,14.62,Low,24.4,24,6.6,Morning,2022-05-02,Kathleen,67.73
MCH-1492,,Ahmedabad,15,439.53,1362,7.31,Medium,29.2,23,1.3,Evening,2024-10-09,David,95.19
MCH-1493,3D Printer,Pune,22,1121.8,577,10.01,Medium,26.3,17,9.5,Morning,2023-09-23,Ian,76.54
MCH-1494,Packaging Unit,Surat,6,863.92,1066,5.93,,32.7,14,0.3,morning,2023-11-20,Ashley,95.58
MCH-1495,Robotic Arm,Rajkot,20,328.16,1100,2.8,High,30.1,7,4.4,Morning,2023-07-15,Natalie,100.02
MCH-1496,3D Printer,Vadodara,6,274.51,284,11.07,High,43.6,25,0.9,Evening,2024-09-29,Danielle,79.2
MCH-1497,Laser Cutter,Surat,10,1191.61,205,1.33,Medium,29.7,17,1.7,Night,2022-05-14,Andrew,96.16
MCH-1498,Laser Cutter,Rajkot,4,890.23,933,9.85,High,25.8,8,13.5,Evening,2025-03-10,Benjamin,77.35
MCH-1499,Robotic Arm,Vadodara,6,413.22,450,7.97,Medium,28.3,12,2.3,Evening,2022-10-29,Helen,85.61
MCH-1500,Robotic Arm,Ahmedabad,11,805.03,602,0.53,Low,30.4,3,9.7,Morning,2024-04-07,Deborah,96.02
MCH-1501,3D Printer,Rajkot,19,309.95,735,6.57,Low,29.2,12,7.0,Evening,2025-02-05,Susan,87.64
MCH-1502,,Rajkot,10,370.14,383,9.83,Low,19.9,9,17.3,Evening,2025-01-04,Maria,70.89
MCH-1503,Packaging Unit,Ahmedabad,17,797.91,1022,13.75,High,24.9,19,2.4,Morning,2022-03-25,Sheila,78.2
MCH-1504,Laser Cutter,Vadodara,23,625.63,804,2.28,Low,23.9,15,1.9,Night,2024-12-12,Jermaine,99.92
MCH-1505,3D Printer,Rajkot,10,518.95,739,0.78,Medium,29.7,28,5.1,Evening,2024-02-27,Bethany,100.29
MCH-1506,Laser Cutter,Pune,6,980.69,308,10.79,Low,,2,7.8,Evening,2025-03-02,John,74.13
MCH-1507,Packaging Unit,Rajkot,15,856.28,1184,7.78,Low,,15,1.6,Night,2023-10-09,Sean,91.96
MCH-1508,Laser Cutter,Ahmedabad,10,349.51,1467,7.37,Low,34.4,12,1.2,Evening,2023-08-13,Brent,96.15
MCH-1509,Packaging Unit,Vadodara,4,286.73,733,9.82,Low,34.4,16,2.4,Morning,2022-04-29,Ronnie,84.38
MCH-1510,CNC,Vadodara,10,820.53,432,14.56,HIGH,33.4,2,12.3,Morning,2023-11-27,April,64.7
MCH-1511,Packaging Unit,Vadodara,20,357.17,206,5.18,Low,22.4,3,3.0,Evening,2025-01-27,Tiffany,88.75
MCH-1512,Packaging Unit,Pune,21,1271.72,1830,1.73,HIGH,23.8,13,4.6,Night,2022-08-31,Spencer,106.75
MCH-1513,Robotic Arm,Surat,5,674.8,1672,9.51,High,29.0,25,0.4,Night,2022-12-07,Joel,93.67
MCH-1514,Laser Cutter,Pune,8,714.25,1848,13.52,Low,33.3,18,8.2,Morning,2025-01-12,Ana,81.6
MCH-1515,Laser Cutter,Vadodara,4,194.46,1560,1.35,Medium,28.2,27,14.1,Morning,2024-06-20,Samuel,100.15
MCH-1516,Robotic Arm,Surat,15,833.65,1122,2.37,Medium,27.5,2,9.5,Morning,2023-08-05,,96.77
MCH-1517,Laser Cutter,Pune,14,729.57,361,12.02,High,,28,14.7,Morning,2024-06-24,Laurie,67.64
MCH-1518,CNC,Rajkot,7,328.41,1084,1.15,Medium,24.9,10,3.2,Morning,2023-10-05,Bradley,104.02
MCH-1519,3D Printer,Surat,7,866.96,1444,14.44,Medium,24.0,6,39.7,Night,2023-07-10,Chad,54.12
MCH-1520,Laser Cutter,Vadodara,22,1540.29,1376,0.39,Low,20.4,27,19.6,Night,2023-05-14,Hector,94.77
MCH-1521,Packaging Unit,Surat,17,529.51,725,10.37,Low,24.1,21,7.8,Evening,2023-06-05,Victoria,79.09
MCH-1522,CNC,Ahmedabad,20,435.54,948,4.69,Medium,37.2,10,2.7,Evening,2025-02-18,Ethan,96.01
MCH-1523,Packaging Unit,Pune,10,900.68,1035,12.89,Medium,33.2,10,3.7,Morning,2022-12-10,Jenna,78.97
MCH-1524,Packaging Unit,Vadodara,16,,954,12.85,Low,27.5,17,8.8,Morning,2023-10-11,Nicole,75.43
MCH-1525,CNC,Surat,16,1436.4,1020,13.13,Medium,25.7,24,4.3,Morning,2022-05-02,Stephen,77.18
MCH-1526,,Surat,12,897.89,476,6.42,Low,37.1,28,1.0,Evening,2023-08-06,Robert,89.14
MCH-1527,Laser Cutter,Surat,4,818.25,484,14.48,Low,19.7,28,0.0,Night,2023-12-30,Tyler,73.9
MCH-1528,,Pune,21,712.88,1414,12.89,Medium,26.1,9,2.0,Morning,2023-07-03,Roy,83.58
MCH-1529,Packaging Unit,Surat,19,627.14,809,5.26,High,,16,11.0,Night,2023-10-23,Brooke,87.63
MCH-1530,Packaging Unit,Ahmedabad,17,299.83,256,4.55,High,30.3,17,2.9,Evening,2024-06-28,John,90.58
MCH-1531,CNC,Vadodara,15,1032.03,527,6.33,High,30.8,20,8.6,Evening,2022-02-04,Jerry,84.24
MCH-1532,3D Printer,Surat,15,570.55,1434,6.04,Low,29.7,16,9.0,Night,2024-09-15,Andrea,92.75
MCH-1533,Packaging Unit,Ahmedabad,7,409.52,1405,9.26,High,32.3,12,1.9,Evening,2024-08-18,James,91.27
MCH-1534,CNC,Rajkot,9,1248.12,1470,14.11,Medium,32.1,19,7.3,Morning,2024-08-10,Matthew,77.14
MCH-1535,Laser Cutter,Rajkot,10,986.02,659,10.39,Medium,22.0,5,21.6,Night,2022-03-24,Bryan,68.18
MCH-1536,Laser Cutter,Vadodara,7,437.33,1498,12.76,Low,30.6,19,8.1,Morning,2023-09-01,Wayne,80.67
MCH-1537,Robotic Arm,Surat,13,798.11,1265,7.5,HIGH,24.9,16,8.3,Morning,2023-12-20,Daniel,88.59
MCH-1538,Robotic Arm,Pune,12,867.9,1711,10.79,High,24.7,9,5.9,morning,2022-02-28,Lori,87.31
MCH-1539,Laser Cutter,Pune,17,678.41,1416,5.75,High,39.8,21,2.1,Evening,2022-02-28,Latasha,97.86
MCH-1540,CNC,Surat,12,895.01,609,11.42,Low,31.6,28,10.9,Morning,2023-03-22,Terri,73.33
MCH-1541,,Pune,23,422.04,308,1.11,Medium,36.1,7,4.0,morning,2023-06-20,Rebecca,96.94
MCH-1542,Robotic Arm,Vadodara,9,1472.79,1325,4.88,Low,14.7,8,3.6,Morning,2024-10-25,Jennifer,96.66
MCH-1543,3D Printer,Pune,5,367.84,903,11.54,Medium,22.7,4,10.6,Evening,2022-11-01,Christopher,76.5
MCH-1544,Laser Cutter,Ahmedabad,7,247.87,1208,2.99,Medium,27.9,13,10.7,Morning,2022-02-18,Nancy,96.24
MCH-1545,3D Printer,Rajkot,23,913.55,234,1.58,High,27.5,8,6.1,Evening,2022-02-11,Kurt,93.21
MCH-1546,Robotic Arm,Vadodara,5,,682,3.39,High,,5,3.0,Evening,2023-07-04,Vincent,95.96
MCH-1547,3D Printer,Surat,6,775.54,977,9.3,Medium,22.6,26,3.6,Morning,2022-11-01,Jonathan,85.91
MCH-1548,CNC,Pune,13,582.2,1528,13.41,,28.3,29,18.8,Night,2022-05-31,Brittany,71.92
MCH-1549,Packaging Unit,Rajkot,23,296.1,1423,13.51,Low,32.3,3,13.7,Night,2022-05-02,Alyssa,74.83
MCH-1550,Packaging Unit,Surat,22,1045.99,1893,8.64,Medium,27.9,3,24.6,Evening,2023-05-04,Robert,79.78
MCH-1551,3D Printer,Rajkot,7,535.31,628,13.08,High,18.2,26,20.0,Morning,2024-01-01,Monica,64.31
MCH-1552,Packaging Unit,Surat,21,752.98,918,4.57,Low,26.5,16,5.5,Morning,2023-05-06,Thomas,93.58
MCH-1553,,Surat,17,630.53,1582,4.35,Medium,27.1,15,2.1,Night,2022-02-07,Paul,102.11
MCH-1554,Laser Cutter,Rajkot,20,1239.73,1771,4.53,High,18.1,3,37.0,Morning,2025-01-29,Betty,78.03
MCH-1555,Robotic Arm,Vadodara,14,860.26,1497,6.42,,25.8,28,10.8,Evening,2023-01-30,Mark,90.85
MCH-1556,3D Printer,Pune,4,573.29,1520,13.43,Low,23.5,18,0.8,Night,2025-01-04,Carol,84.43
MCH-1557,CNC,Pune,11,757.78,1562,7.38,High,25.7,10,0.6,Morning,2022-11-04,Jackie,96.75
MCH-1558,Robotic Arm,Surat,12,464.02,883,7.91,Low,36.2,10,4.8,Evening,2023-12-10,Jennifer,87.52
MCH-1559,CNC,Ahmedabad,19,864.15,1709,3.98,High,33.7,19,8.0,Morning,2024-05-08,Samuel,99.45
MCH-1560,Packaging Unit,Surat,21,1318.58,992,12.38,Low,27.9,24,7.7,Evening,2022-05-21,Sarah,76.23
MCH-1561,Laser Cutter,Rajkot,5,711.72,63,2.57,Low,,4,2.3,Morning,2022-07-31,Keith,92.76
MCH-1562,Packaging Unit,Vadodara,9,324.27,1554,7.53,High,24.4,28,13.1,Morning,2024-05-26,Daniel,88.26
MCH-1563,Laser Cutter,Vadodara,16,809.77,1079,7.88,High,29.7,15,1.8,Night,2024-08-13,Veronica,90.81
MCH-1564,3D Printer,Surat,5,528.94,442,2.1,Medium,25.7,4,3.7,Night,2022-03-11,Tracey,96.14
MCH-1565,Robotic Arm,Pune,20,511.92,1617,2.57,High,38.9,10,14.6,Night,2023-01-26,David,97.38
MCH-1566,,Rajkot,10,734.88,297,10.4,High,31.2,20,11.8,Night,2024-05-15,Nicholas,72.37
MCH-1567,3D Printer,Vadodara,22,,1154,4.26,High,29.6,26,3.1,Night,2024-11-05,Thomas,98.06
MCH-1568,CNC,Ahmedabad,17,1279.1,1692,1.11,Low,33.2,7,2.8,Night,2025-02-27,William,108.09
MCH-1569,Laser Cutter,Vadodara,20,934.79,1061,13.0,High,33.2,3,4.4,Night,2022-07-14,Marco,78.43
MCH-1570,CNC,Pune,22,582.18,821,14.76,High,,9,30.3,Evening,2023-05-10,Katherine,55.28
MCH-1571,Packaging Unit,Pune,9,873.64,669,11.36,Medium,29.3,26,1.5,Night,2025-01-28,John,80.56
MCH-1572,CNC,Rajkot,4,886.38,1111,0.42,High,24.3,20,4.7,Night,2023-06-07,Matthew,103.86
MCH-1573,Laser Cutter,Rajkot,23,337.83,1063,5.37,Low,38.9,5,1.5,Evening,2023-10-14,Kristen,96.59
MCH-1574,CNC,Vadodara,19,587.26,1962,0.28,High,34.5,5,11.9,Morning,2022-12-24,Carrie,106.62
MCH-1575,Robotic Arm,Pune,21,587.41,1796,11.39,High,27.5,19,2.8,Night,2023-02-19,Ronald,89.39
MCH-1576,Laser Cutter,Rajkot,22,209.87,909,7.73,Low,37.7,18,6.1,Evening,2022-08-15,Brittany,87.55
MCH-1577,Robotic Arm,Vadodara,11,440.46,608,2.86,High,34.0,5,14.6,Night,2022-07-26,Christina,88.5
MCH-1578,3D Printer,Ahmedabad,23,593.15,1151,10.57,High,25.9,24,13.3,Morning,2023-03-11,Sydney,78.29
MCH-1579,Robotic Arm,Surat,7,1355.96,1878,14.95,Low,31.3,4,3.9,Evening,2023-07-27,Kaitlyn,81.08
MCH-1580,3D Printer,Pune,7,422.93,280,0.37,Low,29.7,11,38.2,Night,2023-06-23,Sherri,74.25
MCH-1581,Laser Cutter,Ahmedabad,16,997.25,65,2.56,HIGH,33.6,21,6.4,morning,2024-12-04,John,89.52
MCH-1582,CNC,Ahmedabad,18,948.07,450,3.86,High,21.6,7,2.2,Evening,2024-02-20,Amy,93.14
MCH-1583,Laser Cutter,Pune,4,818.6,167,8.16,Medium,34.7,25,10.3,Evening,2022-02-19,David,76.69
MCH-1584,Packaging Unit,Rajkot,19,788.91,856,2.32,Low,29.6,15,1.0,Night,2024-02-08,Steven,100.67
MCH-1585,Laser Cutter,Surat,18,598.33,1571,10.14,Medium,28.2,24,2.8,Evening,2022-05-06,John,90.0
MCH-1586,Laser Cutter,Rajkot,19,280.71,590,11.12,Medium,43.0,27,3.6,Night,2024-07-29,Jay,79.76
MCH-1587,Packaging Unit,Pune,4,1411.57,1049,14.75,High,26.0,5,2.3,Morning,2024-07-01,Madison,75.62
MCH-1588,,Vadodara,12,489.18,1408,1.46,Low,37.3,22,4.2,Evening,2022-11-01,Cesar,105.17
MCH-1589,Laser Cutter,Rajkot,5,420.62,1190,0.11,Medium,31.3,5,1.6,morning,2024-01-21,Alex,107.98
MCH-1590,Packaging Unit,Vadodara,5,627.51,164,5.8,Low,28.7,28,16.9,Evening,2022-06-28,Dawn,77.04
MCH-1591,,Vadodara,10,384.71,251,13.92,High,29.6,16,2.5,Night,2022-02-16,Jocelyn,71.95
MCH-1592,Laser Cutter,Rajkot,13,572.34,468,6.48,,20.2,6,13.0,Morning,2023-05-26,Linda,81.02
MCH-1593,Packaging Unit,Vadodara,13,408.34,1270,12.33,High,32.5,12,3.0,Morning,2023-01-30,James,83.24
MCH-1594,,Vadodara,19,634.22,218,2.56,High,19.6,4,4.0,Night,2024-11-28,Julie,92.99
MCH-1595,Packaging Unit,Surat,20,497.2,1407,3.24,High,43.0,14,10.5,Evening,2024-11-18,Natasha,97.18
MCH-1596,CNC,Pune,18,933.99,1746,0.39,Medium,23.5,3,6.3,Morning,2022-08-30,Sean,108.03
MCH-1597,3D Printer,Vadodara,9,792.28,1472,11.73,Medium,32.0,28,0.2,Morning,2023-01-01,Rachel,87.53
MCH-1598,CNC,Ahmedabad,13,628.13,289,11.55,Medium,30.7,10,7.6,Night,2024-02-07,Jennifer,73.09
MCH-1599,Packaging Unit,Rajkot,10,759.31,415,0.79,Low,23.7,23,1.2,Evening,2025-02-07,Eric,99.95
MCH-1600,Packaging Unit,Surat,5,989.23,616,3.67,,29.0,22,19.6,Night,2022-03-24,Justin,82.66
MCH-1601,Laser Cutter,Pune,17,173.61,1464,9.2,Medium,24.3,25,4.6,Evening,2023-01-22,Elaine,90.33
MCH-1602,CNC,Surat,19,1385.87,952,2.62,,25.4,28,7.9,Evening,2024-08-06,Kimberly,95.18
MCH-1603,Packaging Unit,Ahmedabad,10,631.23,1906,14.4,Low,35.7,8,14.8,Evening,2024-09-03,Amy,75.82
MCH-1604,Packaging Unit,Ahmedabad,11,560.42,1193,1.17,High,30.6,13,8.1,Night,2022-06-19,Samuel,101.13
MCH-1605,Packaging Unit,Vadodara,22,864.09,1162,14.57,,24.7,9,2.8,Evening,2024-04-25,Jason,77.35
MCH-1606,CNC,Pune,22,563.71,298,4.19,Medium,36.4,4,18.3,Night,2024-06-13,Carol,80.49
MCH-1607,Packaging Unit,Rajkot,17,543.45,318,7.87,Medium,31.1,12,1.0,Morning,2023-02-01,Aimee,85.43
MCH-1608,Robotic Arm,Pune,8,1224.48,180,12.27,Low,,24,38.3,Morning,2022-07-08,Wendy,48.4
MCH-1609,Robotic Arm,Vadodara,15,908.21,1061,6.93,Low,33.0,19,3.1,Morning,2024-11-14,Jimmy,91.51
MCH-1610,Packaging Unit,Pune,17,919.16,1670,5.94,Medium,32.8,16,1.4,Night,2024-04-27,Denise,99.74
MCH-1611,,Pune,11,1488.85,1205,11.12,Low,,3,16.8,Evening,2023-03-24,Jenna,73.91
MCH-1612,CNC,Vadodara,14,659.58,1830,6.79,Medium,36.8,16,0.2,Night,2023-03-02,Robert,100.59
MCH-1613,Laser Cutter,Surat,21,1214.72,1033,10.6,Low,36.9,23,1.4,Evening,2024-01-03,Charles,84.69
MCH-1614,3D Printer,Pune,21,1349.32,1581,13.08,Low,31.7,9,12.6,Evening,2023-02-21,Christian,76.27
MCH-1615,Robotic Arm,Surat,18,1483.03,571,8.42,Low,16.4,13,3.7,Morning,2022-10-07,Tamara,83.21
MCH-1616,CNC,Rajkot,11,,763,11.9,Low,28.8,22,13.2,Evening,2025-02-07,Samuel,71.51
MCH-1617,Laser Cutter,Rajkot,4,489.32,1354,8.61,Low,31.5,13,0.2,Night,2024-11-16,Melissa,93.22
MCH-1618,Robotic Arm,Rajkot,11,187.74,1194,6.09,High,28.0,13,12.5,Night,2023-07-27,Monica,88.75
MCH-1619,Packaging Unit,Pune,4,180.9,917,5.71,Medium,35.1,10,2.0,Evening,2022-09-12,Catherine,94.56
MCH-1620,Packaging Unit,Rajkot,21,882.58,61,12.59,High,28.1,15,5.8,Evening,2023-05-15,Kayla,70.01
MCH-1621,Laser Cutter,Ahmedabad,22,426.19,1632,4.1,High,36.4,22,9.1,Night,2025-01-04,,98.42
MCH-1622,CNC,Rajkot,22,707.72,1268,4.52,High,30.3,13,2.8,Morning,2023-12-18,Alexander,98.56
MCH-1623,Laser Cutter,Pune,8,843.83,607,9.86,Low,24.4,24,1.5,Morning,2023-07-04,Charles,83.08
MCH-1624,Laser Cutter,Pune,21,845.42,157,12.89,Medium,25.8,27,11.9,Evening,2023-02-12,Timothy,65.99
MCH-1625,3D Printer,Surat,17,532.26,1434,11.22,Medium,34.3,28,2.7,Morning,2024-09-10,Ian,86.86
MCH-1626,Packaging Unit,Vadodara,13,,599,2.27,Low,29.3,8,1.1,Evening,2024-11-20,Donald,98.87
MCH-1627,Packaging Unit,Rajkot,12,808.58,1158,3.38,Medium,37.0,29,12.8,Evening,2024-07-21,Austin,92.77
MCH-1628,Robotic Arm,Surat,20,1173.02,625,12.86,Medium,22.0,9,0.4,Morning,2024-03-14,Michael,77.53
MCH-1629,3D Printer,Surat,19,1236.77,1405,3.08,High,29.9,22,1.7,Morning,2024-04-21,Andrew,102.59
MCH-1630,Packaging Unit,Pune,23,,1590,10.0,Medium,,3,25.1,Night,2023-10-02,Rachel,74.93
MCH-1631,3D Printer,Surat,23,864.34,971,2.73,Medium,27.3,23,9.1,Night,2024-04-13,Rhonda,95.03
MCH-1632,CNC,Surat,8,740.24,1525,3.02,Medium,26.5,5,1.4,Evening,2022-12-13,Jessica,104.63
MCH-1633,3D Printer,Surat,10,580.69,646,13.43,High,29.5,2,7.0,Morning,2022-01-09,,72.79
MCH-1634,Packaging Unit,Rajkot,5,542.2,1472,11.17,,43.4,10,23.9,Night,2023-09-17,Lisa,72.42
MCH-1635,Laser Cutter,Pune,11,361.9,1438,5.99,Medium,31.2,13,3.5,Morning,2024-03-10,Alex,97.04
MCH-1636,CNC,Surat,17,833.54,962,12.11,High,25.9,11,10.7,Evening,2023-03-13,Nathan,75.12
MCH-1637,CNC,Pune,5,953.94,1944,9.77,High,28.0,17,27.0,Morning,2024-07-23,Selena,76.4
MCH-1638,Packaging Unit,Pune,13,408.82,1988,1.3,Low,27.9,11,10.4,Evening,2023-07-05,Brian,106.1
MCH-1639,3D Printer,Vadodara,16,430.68,659,1.14,Low,35.3,4,8.3,Morning,2023-08-11,Kristy,96.79
MCH-1640,Laser Cutter,Pune,20,1052.32,917,5.44,High,40.1,24,7.5,Evening,2025-01-02,Seth,90.01
MCH-1641,Packaging Unit,Rajkot,6,,721,0.68,High,32.1,22,2.3,morning,2022-08-09,Nathaniel,101.68
MCH-1642,CNC,Rajkot,6,1066.22,62,5.2,Low,32.9,11,19.8,Evening,2022-12-21,Toni,74.73
MCH-1643,CNC,Rajkot,4,649.94,449,6.13,High,28.8,23,0.8,Morning,2022-12-17,Manuel,89.99
MCH-1644,CNC,Vadodara,5,704.3,1566,0.11,High,33.7,2,9.4,Night,2023-06-06,Anthony,105.24
MCH-1645,CNC,Vadodara,9,393.23,1060,2.18,High,30.1,7,3.4,Evening,2022-12-13,Janet,101.53
MCH-1646,CNC,Surat,14,786.3,412,5.36,High,38.9,27,19.6,Morning,2023-02-02,Craig,77.87
MCH-1647,3D Printer,Vadodara,15,711.08,1057,11.4,Low,25.8,10,0.9,Evening,2023-04-09,Richard,84.36
MCH-1648,Laser Cutter,Rajkot,19,806.81,1480,2.25,Low,33.4,27,10.5,Night,2022-02-19,Ronald,99.33
MCH-1649,3D Printer,Surat,15,290.26,1667,5.98,High,32.3,16,3.4,Night,2022-09-03,Brenda,99.14
MCH-1650,Laser Cutter,Ahmedabad,22,502.37,754,4.28,Medium,29.7,7,6.5,Evening,2024-08-06,Thomas,92.46
MCH-1651,3D Printer,Rajkot,7,445.67,223,8.0,Low,28.9,21,1.5,Night,2024-04-20,Yvonne,84.17
MCH-1652,Packaging Unit,Ahmedabad,17,478.5,1687,1.01,High,32.6,6,7.7,Night,2022-10-02,Thomas,105.96
MCH-1653,CNC,Surat,20,568.88,1205,11.56,High,28.8,16,6.1,Night,2023-07-20,Robert,81.84
MCH-1654,Packaging Unit,Vadodara,20,900.65,621,0.75,Low,33.5,11,0.8,Morning,2023-08-14,Robin,101.83
MCH-1655,Laser Cutter,Surat,5,425.08,357,6.28,Medium,33.3,16,3.6,Night,2023-08-04,Kimberly,87.29
MCH-1656,Laser Cutter,Pune,8,583.19,1282,11.54,Medium,28.1,3,9.9,Night,2023-06-06,Lisa,79.84
MCH-1657,Robotic Arm,Vadodara,22,459.74,1407,13.73,High,37.8,16,4.4,Night,2024-04-10,Larry,80.53
MCH-1658,CNC,Ahmedabad,10,991.23,1714,2.37,Low,33.7,22,3.4,Morning,2023-03-22,Karen,105.75
MCH-1659,CNC,Pune,6,288.04,770,2.98,High,28.8,17,12.3,Evening,2024-01-04,Brandy,91.44
MCH-1660,Laser Cutter,Ahmedabad,15,190.27,1179,5.7,Low,29.7,4,14.1,morning,2022-12-21,Justin,88.28
MCH-1661,Robotic Arm,Rajkot,8,445.02,583,14.41,High,32.9,6,3.0,Morning,2023-08-16,James,73.3
MCH-1662,CNC,Vadodara,8,545.1,94,6.25,Medium,29.7,10,11.6,Evening,2025-02-03,,79.38
MCH-1663,CNC,Pune,13,,1330,10.6,Medium,29.1,8,8.3,Morning,2023-01-03,Laurie,83.46
MCH-1664,Packaging Unit,Pune,5,1086.05,998,0.13,,35.4,23,0.3,Evening,2023-01-28,Susan,106.3
MCH-1665,3D Printer,Pune,12,1206.93,573,6.38,Low,35.9,27,0.2,Morning,2024-07-25,Mary,90.15
MCH-1666,Robotic Arm,Rajkot,5,578.52,1048,4.06,Low,45.1,2,5.3,Evening,2022-11-13,Jordan,96.08
MCH-1667,Laser Cutter,Ahmedabad,12,621.03,1618,5.08,Medium,28.3,20,8.4,Night,2022-11-11,Lindsey,96.56
MCH-1668,3D Printer,Rajkot,11,532.69,1833,11.53,High,30.9,22,6.5,Morning,2024-11-15,Scott,86.9
MCH-1669,Packaging Unit,Ahmedabad,17,1219.77,1104,1.96,Low,25.6,15,0.1,Night,2023-12-24,Bradley,103.47
MCH-1670,Laser Cutter,Vadodara,12,629.39,709,11.62,High,27.1,10,6.6,Night,2022-04-11,Austin,77.15
MCH-1671,Laser Cutter,Vadodara,10,573.53,1631,8.13,Low,29.6,16,2.8,Evening,2024-09-27,Stephen,94.55
MCH-1672,Packaging Unit,Pune,9,356.42,1248,6.26,Low,38.6,15,13.7,Night,2022-06-20,Lisa,87.78
MCH-1673,CNC,Surat,6,1139.71,227,13.88,Low,27.6,5,0.6,Evening,2024-10-13,Andrew,72.08
MCH-1674,CNC,Surat,8,810.75,777,4.23,Low,39.2,13,8.3,Evening,2022-10-06,Judith,91.05
MCH-1675,3D Printer,Ahmedabad,6,1157.06,167,5.34,Medium,37.0,4,8.8,Evening,2022-08-05,Kelsey,82.9
MCH-1676,,Pune,7,1624.63,1916,4.29,,28.9,23,24.4,Morning,2023-08-22,Nathan,87.99
MCH-1677,CNC,Surat,8,956.95,949,2.04,High,27.6,14,4.2,Night,2023-03-16,Martha,99.52
MCH-1678,Robotic Arm,Vadodara,5,779.96,531,1.54,Low,20.2,24,3.8,Evening,2022-05-18,Rachel,97.57
MCH-1679,Laser Cutter,Ahmedabad,15,995.92,445,1.66,Medium,36.3,23,2.1,Night,2024-03-21,Mark,97.5
MCH-1680,Packaging Unit,Ahmedabad,8,582.1,342,9.57,Low,36.7,16,9.6,Morning,2023-02-15,Heather,76.16
MCH-1681,3D Printer,Rajkot,10,722.57,1545,2.16,Medium,14.8,20,5.9,Morning,2022-11-30,Michael,103.39
MCH-1682,CNC,Pune,16,267.5,728,14.27,High,28.3,3,5.5,Morning,2024-06-12,Jamie,73.29
MCH-1683,3D Printer,Ahmedabad,21,582.52,918,13.93,High,33.8,26,14.2,Night,2024-10-27,Kendra,69.02
MCH-1684,Robotic Arm,Surat,5,696.2,1999,4.19,Low,38.5,29,7.5,Morning,2022-06-23,Patricia,102.03
MCH-1685,Packaging Unit,Ahmedabad,10,,1748,3.45,Medium,33.6,11,2.5,Night,2022-07-01,Michael,104.7
MCH-1686,Robotic Arm,Surat,20,80.24,1894,14.48,Medium,30.6,2,15.9,Night,2023-08-11,Anthony,75.58
MCH-1687,3D Printer,Pune,20,1382.13,899,11.92,Low,22.8,16,1.9,Evening,2024-02-17,Marie,80.35
MCH-1688,Laser Cutter,Ahmedabad,15,701.39,1171,11.09,Low,44.4,7,6.9,Morning,2022-04-18,Cheryl,81.75
MCH-1689,Laser Cutter,Vadodara,9,470.18,579,1.62,,28.4,8,4.3,Night,2025-03-03,Michaela,97.9
MCH-1690,Robotic Arm,Vadodara,18,926.84,1506,1.34,HIGH,30.9,4,0.8,Night,2024-07-11,Diane,107.99
MCH-1691,Packaging Unit,Surat,13,707.9,1412,9.98,Low,36.6,8,0.1,Evening,2024-12-17,Megan,90.73
MCH-1692,Robotic Arm,Vadodara,4,1463.33,135,2.89,,25.4,23,10.8,Evening,2023-09-06,Jermaine,85.69
MCH-1693,CNC,Vadodara,17,947.46,941,12.25,Medium,30.4,16,4.1,Night,2022-06-11,Lisa,79.12
MCH-1694,Packaging Unit,Pune,8,707.54,932,4.85,High,36.4,25,6.8,Night,2024-11-24,Paul,92.3
MCH-1695,,Rajkot,17,380.6,1301,4.85,HIGH,28.3,21,1.8,Evening,2024-10-18,Danielle,99.34
MCH-1696,Robotic Arm,Pune,10,1261.08,1185,2.17,,24.2,28,6.0,Evening,2025-03-06,Jessica,99.53
MCH-1697,Packaging Unit,Surat,13,325.64,1959,11.96,Low,,28,28.7,Morning,2023-11-19,Richard,71.85
MCH-1698,Laser Cutter,Pune,22,61.12,744,7.09,Medium,36.8,20,3.0,Morning,2023-07-26,Joshua,89.83
MCH-1699,3D Printer,Pune,13,278.34,1853,7.84,High,26.7,24,10.7,Night,2025-02-24,Deborah,91.87
MCH-1700,Laser Cutter,Ahmedabad,23,921.36,170,5.45,High,34.0,25,1.1,Morning,2024-06-13,Catherine,88.43
MCH-1701,Packaging Unit,Pune,4,1060.85,328,12.92,Low,24.7,20,6.8,Morning,2022-12-16,Regina,70.62
MCH-1702,3D Printer,Pune,14,200.66,1926,12.29,HIGH,26.1,27,9.3,Morning,2024-12-04,Matthew,84.67
MCH-1703,CNC,Rajkot,21,1074.16,1753,13.22,Medium,38.4,28,2.4,Night,2024-11-16,Stacy,84.95
MCH-1704,Robotic Arm,Rajkot,22,1258.86,264,10.96,Low,22.3,23,1.8,Evening,2022-05-28,Joshua,77.22
MCH-1705,Packaging Unit,Ahmedabad,8,555.43,1320,3.26,Medium,30.8,17,0.8,Night,2024-02-20,Devin,103.13
MCH-1706,Robotic Arm,Pune,9,544.97,1404,2.23,Medium,37.2,18,0.6,Evening,2022-05-29,Anthony,106.04
MCH-1707,3D Printer,Ahmedabad,22,605.77,1536,9.43,,21.2,24,0.1,Morning,2024-03-12,Christopher,93.0
MCH-1708,Robotic Arm,Rajkot,14,647.69,1608,11.57,High,30.2,11,0.0,Night,2022-05-16,Sonya,89.33
MCH-1709,Packaging Unit,Ahmedabad,10,1483.36,1294,11.06,Low,26.2,12,7.1,Evening,2024-02-26,Jessica,81.57
MCH-1710,Packaging Unit,Rajkot,10,697.37,910,9.59,High,34.8,13,13.2,Evening,2022-07-27,Bradley,78.17
MCH-1711,Laser Cutter,Vadodara,10,668.63,194,6.99,,,20,22.3,Morning,2022-07-02,Mark,71.07
MCH-1712,Robotic Arm,Ahmedabad,6,528.63,1144,12.42,High,21.6,13,0.8,Night,2022-07-21,Mario,83.38
MCH-1713,Robotic Arm,Pune,4,1121.99,1580,14.42,Medium,23.3,13,0.5,Night,2024-04-01,Michael,82.37
MCH-1714,Laser Cutter,Ahmedabad,20,568.26,196,9.87,Low,36.0,12,7.7,Night,2023-08-07,Alison,75.69
MCH-1715,Laser Cutter,Vadodara,8,998.01,376,9.41,High,14.7,6,0.9,Morning,2022-01-09,Ronnie,82.26
MCH-1716,Robotic Arm,Surat,19,422.7,853,1.63,Low,27.6,8,4.5,Evening,2024-07-20,Kimberly,100.09
MCH-1717,3D Printer,Ahmedabad,14,1714.85,1508,6.59,Low,22.0,28,12.4,Morning,2022-08-21,Steven,88.26
MCH-1718,3D Printer,Rajkot,4,569.19,183,4.22,Medium,22.2,29,19.2,Morning,2023-05-02,Donna,78.83
MCH-1719,CNC,Ahmedabad,22,763.99,1963,4.94,,37.3,2,16.0,Morning,2023-08-06,Danny,94.19
MCH-1720,Laser Cutter,Rajkot,10,651.53,790,4.88,Medium,,24,11.0,Morning,2025-03-15,Gregory,88.19
MCH-1721,3D Printer,Rajkot,4,608.64,394,5.3,Low,25.1,15,12.4,Night,2022-09-19,Joshua,83.13
MCH-1722,,Rajkot,23,447.38,796,3.98,Low,23.8,11,1.0,Morning,2025-01-19,Monica,97.33
MCH-1723,Packaging Unit,Ahmedabad,5,437.77,1577,12.38,Medium,41.3,5,7.5,Morning,2024-03-10,Lawrence,82.51
MCH-1724,Laser Cutter,Rajkot,16,445.89,331,10.94,HIGH,28.9,3,19.4,Evening,2022-01-15,John,66.66
MCH-1725,Packaging Unit,Pune,19,558.63,95,10.62,High,,19,6.0,Night,2024-01-10,Luke,74.55
MCH-1726,CNC,Surat,4,956.62,1901,4.26,Low,29.7,6,5.5,Morning,2024-01-18,Brett,102.11
MCH-1727,Packaging Unit,Rajkot,5,1064.36,1625,0.39,High,28.7,5,0.9,Morning,2023-01-28,Jeffrey,110.61
MCH-1728,CNC,Surat,15,1435.09,1725,7.39,Low,,29,8.2,Morning,2022-08-05,Scott,91.8
MCH-1729,Robotic Arm,Rajkot,18,153.58,1009,0.62,High,32.9,11,3.2,Night,2024-02-07,Kyle,104.71
MCH-1730,Packaging Unit,Surat,22,757.47,1003,3.09,High,31.6,8,14.4,Night,2023-08-03,Joel,91.02
MCH-1731,Packaging Unit,Surat,10,424.29,1698,1.19,High,31.7,15,12.2,Night,2023-06-14,Elaine,102.62
MCH-1732,3D Printer,Ahmedabad,10,493.43,1720,10.75,High,29.3,17,7.1,Evening,2023-04-14,Ernest,87.16
MCH-1733,Robotic Arm,Pune,15,357.32,1569,12.83,,31.8,4,15.4,Morning,2024-11-20,Mckenzie,76.12
MCH-1734,Laser Cutter,Surat,20,685.17,1161,5.31,High,28.7,21,2.9,Night,2022-07-05,April,96.05
MCH-1735,Laser Cutter,Rajkot,15,1002.57,69,6.94,High,33.1,12,9.9,Morning,2022-06-05,Margaret,78.33
MCH-1736,CNC,Surat,6,855.15,1217,7.87,Low,29.0,14,0.7,Morning,2023-09-19,Jessica,92.69
MCH-1737,Packaging Unit,Ahmedabad,11,312.9,213,5.05,Low,33.4,21,2.4,Evening,2023-12-17,Lawrence,89.55
MCH-1738,Packaging Unit,Surat,23,1331.49,500,4.64,Low,28.3,28,14.8,Morning,2022-11-26,Jonathan,82.62
MCH-1739,Packaging Unit,Rajkot,6,773.52,767,2.95,High,32.6,13,6.3,Evening,2024-01-19,Tina,94.98
MCH-1740,3D Printer,Surat,4,408.63,473,12.06,High,29.2,23,1.8,Evening,2024-12-11,Aaron,77.98
MCH-1741,Laser Cutter,Surat,23,289.27,925,10.42,Low,36.5,10,1.9,Night,2024-11-28,Elizabeth,85.13
MCH-1742,Packaging Unit,Vadodara,13,527.56,540,13.35,Medium,30.8,8,5.7,Morning,2023-10-23,Jerry,73.06
MCH-1743,Robotic Arm,Surat,12,800.68,1426,5.68,Low,29.0,19,5.1,Morning,2024-07-04,Anthony,95.81
MCH-1744,Laser Cutter,Surat,9,511.09,1396,7.02,Low,33.9,22,13.2,Night,2022-07-18,Barry,87.62
MCH-1745,Robotic Arm,Ahmedabad,16,400.36,1357,6.05,Medium,24.0,3,1.3,Evening,2023-04-23,Isaac,97.73
MCH-1746,Robotic Arm,Rajkot,18,,805,4.2,Medium,22.5,12,4.0,Morning,2024-05-05,Denise,94.65
MCH-1747,CNC,Surat,17,714.23,154,12.72,Medium,26.8,13,4.0,Evening,2022-03-31,Patrick,72.02
MCH-1748,CNC,Rajkot,19,1197.78,53,9.39,Medium,29.6,14,0.2,Evening,2022-10-03,Madison,79.81
MCH-1749,3D Printer,Surat,9,307.92,1407,1.27,Medium,27.1,27,0.1,Night,2023-06-21,Alex,108.68
MCH-1750,3D Printer,Vadodara,5,410.52,1098,2.27,Low,23.3,16,3.1,Morning,2022-07-18,Summer,101.85
MCH-1751,3D Printer,Pune,9,172.17,787,0.44,High,38.6,16,10.1,Evening,2023-03-29,John,98.36
MCH-1752,CNC,Pune,8,232.68,392,7.34,Low,,10,13.1,Morning,2024-07-30,Michael,79.08
MCH-1753,Packaging Unit,Vadodara,10,689.56,1396,7.02,Medium,22.7,13,3.2,Morning,2025-04-03,Monique,94.37
MCH-1754,Laser Cutter,Ahmedabad,11,391.84,1200,14.49,High,25.3,23,4.6,Evening,2023-09-17,Lisa,77.24
MCH-1755,Laser Cutter,Rajkot,20,,1834,1.19,High,34.3,12,1.1,Night,2024-07-13,Mary,110.78
MCH-1756,CNC,Ahmedabad,6,824.51,1978,14.07,High,33.7,12,12.9,Morning,2025-03-31,Brett,78.14
MCH-1757,3D Printer,Rajkot,18,497.2,1019,2.68,Medium,32.9,26,4.2,Morning,2025-01-10,Alex,99.48
MCH-1758,3D Printer,Ahmedabad,12,176.58,1780,7.26,Medium,30.9,13,9.0,Evening,2023-12-27,Christopher,93.76
MCH-1759,Laser Cutter,Ahmedabad,9,795.33,1201,12.38,High,39.0,13,11.4,Morning,2023-01-22,Debra,76.13
MCH-1760,Packaging Unit,Rajkot,13,519.99,1495,3.17,Low,30.8,19,6.5,Morning,2022-01-16,Jason,100.83
MCH-1761,Packaging Unit,Vadodara,6,1166.0,1282,8.0,Medium,32.1,13,4.6,Night,2023-08-19,Linda,89.8
MCH-1762,Packaging Unit,Rajkot,4,811.91,1999,14.16,,33.0,16,5.6,Night,2024-03-12,Larry,83.26
MCH-1763,Robotic Arm,Rajkot,16,291.47,1687,8.14,High,21.4,4,0.1,Morning,2022-07-30,Jeremy,97.29
MCH-1764,CNC,Rajkot,14,228.67,1637,3.2,HIGH,,11,18.6,Morning,2022-10-02,Michele,93.89
MCH-1765,Laser Cutter,Rajkot,11,291.37,1382,4.13,,18.7,13,24.8,Morning,2022-09-24,Daniel,85.48
MCH-1766,,Surat,11,549.08,234,6.77,High,32.3,19,10.4,Night,2024-07-02,Andre,80.35
MCH-1767,3D Printer,Vadodara,13,1116.81,1771,6.83,Low,36.2,24,2.8,Night,2024-07-14,,97.54
MCH-1768,CNC,Surat,23,527.17,1029,10.26,High,28.7,16,4.5,Morning,2022-10-22,Brooke,84.15
MCH-1769,CNC,Pune,15,1043.26,448,2.41,High,29.2,17,4.6,Night,2023-09-28,George,94.2
MCH-1770,Packaging Unit,Rajkot,19,443.53,832,8.98,Low,37.8,23,0.2,Morning,2022-03-24,,88.2
MCH-1771,3D Printer,Pune,12,473.8,162,14.43,High,28.9,24,4.8,Night,2022-09-09,,68.45
MCH-1772,Robotic Arm,Vadodara,23,378.87,852,1.64,Low,22.5,27,2.5,Night,2022-06-17,Michael,101.53
MCH-1773,Laser Cutter,Pune,18,294.42,488,8.49,High,33.0,12,5.2,Morning,2024-11-08,David,83.03
MCH-1774,CNC,Ahmedabad,13,647.68,178,4.96,Medium,22.5,9,0.1,Evening,2022-12-26,Emily,90.57
MCH-1775,Robotic Arm,Vadodara,6,304.64,511,0.83,Low,21.9,25,4.4,Night,2024-03-08,Christopher,99.08
MCH-1776,,Surat,5,647.01,911,10.45,High,32.7,13,27.5,Evening,2022-09-25,Jack,66.52
MCH-1777,3D Printer,Pune,6,552.16,1146,0.65,High,38.5,21,8.3,Night,2023-11-24,Kristin,101.65
MCH-1778,CNC,Vadodara,17,344.16,1120,9.45,High,23.0,6,0.4,Morning,2022-07-11,Jeffrey,89.66
MCH-1779,,Surat,15,404.23,1475,5.06,High,21.8,22,7.0,Morning,2022-11-07,David,96.69
MCH-1780,CNC,Pune,18,430.95,1500,13.34,Medium,31.0,2,4.3,Night,2022-01-03,Patrick,82.19
MCH-1781,CNC,Ahmedabad,12,1142.65,643,4.45,High,28.0,14,5.9,Morning,2024-01-17,Joshua,90.7
MCH-1782,CNC,Surat,14,503.45,1545,13.37,Low,24.5,3,12.7,Morning,2023-02-13,Brenda,76.53
MCH-1783,Laser Cutter,Ahmedabad,6,79.69,1316,13.65,High,35.3,6,2.2,Evening,2024-10-19,Chad,82.01
MCH-1784,Packaging Unit,Rajkot,13,814.46,972,9.07,Medium,29.3,24,15.1,Morning,2024-05-26,Crystal,78.23
MCH-1785,Robotic Arm,Vadodara,5,92.82,1370,1.8,,21.9,26,6.4,Morning,2023-04-19,Alison,103.2
MCH-1786,3D Printer,Vadodara,5,851.2,1804,2.79,High,32.1,11,16.3,Morning,2023-09-11,David,96.83
MCH-1787,Robotic Arm,Vadodara,5,976.2,220,8.74,High,19.3,5,4.8,Evening,2023-09-23,Brent,79.6
MCH-1788,Packaging Unit,Vadodara,9,994.8,1646,9.38,High,30.7,11,11.3,Evening,2024-01-20,Zachary,85.63
MCH-1789,Robotic Arm,Ahmedabad,4,923.04,1448,14.5,High,33.9,29,7.2,Night,2023-08-25,Harold,76.71
MCH-1790,Packaging Unit,Rajkot,17,843.38,1522,2.41,Medium,37.8,22,10.6,Evening,2022-08-10,Katherine,99.24
MCH-1791,CNC,Ahmedabad,8,1457.86,1956,12.12,Low,24.1,27,3.7,Night,2024-02-16,Erin,87.39
MCH-1792,Robotic Arm,Vadodara,15,400.62,1636,8.6,Medium,,2,3.9,Evening,2025-02-27,Mario,93.13
MCH-1793,Laser Cutter,Rajkot,12,,452,14.39,Medium,32.9,22,0.0,Night,2024-07-07,Kara,74.14
MCH-1794,Laser Cutter,Ahmedabad,14,1005.97,1374,0.9,Low,,8,10.4,morning,2024-08-28,Sara,100.93
MCH-1795,CNC,Vadodara,8,499.54,1366,0.14,Medium,22.8,9,3.0,Night,2023-04-24,Christopher,108.29
MCH-1796,3D Printer,Ahmedabad,15,272.44,1660,5.04,,26.8,10,13.2,Night,2024-07-05,Crystal,94.12
MCH-1797,CNC,Pune,8,,1620,0.69,Medium,27.1,5,3.2,Morning,2023-08-13,,109.16
MCH-1798,Packaging Unit,Vadodara,11,895.22,772,2.95,High,27.5,14,1.3,Morning,2024-10-19,Christopher,98.34
MCH-1799,Robotic Arm,Surat,15,801.2,1194,0.89,High,31.1,2,0.7,Morning,2023-06-05,Laurie,106.54
MCH-1800,,Pune,19,1190.55,1377,13.7,High,20.5,11,4.4,Night,2023-06-02,Hannah,79.29
MCH-1801,Packaging Unit,Surat,8,1267.61,585,7.52,High,35.7,7,20.3,Evening,2024-06-28,Wendy,73.81
MCH-1802,CNC,Pune,8,689.28,1966,4.01,Low,28.4,4,1.8,Morning,2023-06-23,David,106.12
MCH-1803,Laser Cutter,Rajkot,13,208.61,1808,14.95,Low,30.7,6,25.8,Morning,2025-03-15,David,66.81
MCH-1804,Packaging Unit,Rajkot,9,490.29,1480,1.18,Medium,39.8,25,6.0,Night,2024-09-26,Louis,105.07
MCH-1805,CNC,Pune,12,815.52,1595,9.64,Medium,33.1,3,1.0,Evening,2023-04-05,Tom,92.15
MCH-1806,CNC,Surat,11,618.48,1624,5.67,Medium,23.2,12,11.6,Night,2022-04-16,Benjamin,93.19
MCH-1807,3D Printer,Pune,4,365.95,1256,0.23,High,28.5,8,5.7,Evening,2024-02-14,Rebecca,105.49
MCH-1808,Laser Cutter,Surat,14,943.14,1529,10.23,Medium,41.7,14,14.9,Evening,2024-05-23,,80.5
MCH-1809,Packaging Unit,Vadodara,5,1062.53,414,2.54,Low,26.0,21,21.5,Morning,2023-11-10,Laurie,81.8
MCH-1810,3D Printer,Ahmedabad,18,684.92,212,9.52,Low,27.1,9,0.4,Night,2022-11-22,Christine,81.47
MCH-1811,Robotic Arm,Vadodara,7,304.37,842,10.38,Low,18.6,14,4.9,Morning,2024-02-04,Sarah,82.39
MCH-1812,3D Printer,Surat,11,653.17,333,3.9,High,21.6,19,7.8,Evening,2024-08-27,Holly,88.58
MCH-1813,CNC,Rajkot,4,1485.06,1145,0.89,Medium,41.0,25,3.5,Night,2024-09-01,Jane,103.19
MCH-1814,Robotic Arm,Vadodara,9,2136.09,264,14.53,Low,35.0,15,4.3,Morning,2022-08-29,Benjamin,67.08
MCH-1815,CNC,Vadodara,7,666.07,1979,3.58,Low,30.4,2,9.5,Evening,2024-09-13,Donna,101.73
MCH-1816,Packaging Unit,Rajkot,18,454.52,193,4.01,Low,26.5,26,6.0,Evening,2022-01-22,Haley,88.74
MCH-1817,3D Printer,Rajkot,14,496.86,571,1.74,Medium,,19,3.9,Morning,2022-01-18,Martha,97.84
MCH-1818,Packaging Unit,Surat,21,738.88,214,14.9,,31.3,14,8.6,Morning,2024-12-16,Hannah,64.91
MCH-1819,3D Printer,Rajkot,18,303.02,812,12.32,Low,39.1,15,5.2,Night,2023-08-04,Christian,78.05
MCH-1820,Packaging Unit,Rajkot,23,545.93,1139,5.01,Low,27.2,17,6.1,Evening,2025-02-27,Brandy,94.42
MCH-1821,CNC,Vadodara,10,460.55,1346,1.59,Low,27.9,26,0.2,Morning,2025-01-21,,107.24
MCH-1822,,Ahmedabad,13,,1353,6.88,Medium,35.0,10,1.0,Evening,2022-10-22,Randall,95.05
MCH-1823,Robotic Arm,Ahmedabad,6,508.46,509,2.99,Medium,23.3,7,6.4,Morning,2022-11-18,Erik,93.06
MCH-1824,Robotic Arm,Rajkot,6,462.76,687,13.97,Medium,34.4,6,1.6,Morning,2025-02-27,Daniel,76.0
MCH-1825,CNC,Surat,6,1185.06,1712,11.88,Low,30.5,10,0.3,Night,2023-08-06,Krystal,88.6
MCH-1826,,Rajkot,17,521.02,566,3.98,Medium,28.2,17,6.6,Night,2023-09-15,Scott,91.39
MCH-1827,CNC,Vadodara,13,1130.68,1991,11.66,High,28.7,9,7.0,Morning,2024-11-30,Mark,86.76
MCH-1828,Packaging Unit,Ahmedabad,21,1535.57,496,5.95,High,32.4,28,0.2,Morning,2023-01-27,Jennifer,89.9
MCH-1829,Packaging Unit,Pune,13,380.55,1398,7.41,High,31.7,10,11.5,morning,2024-04-22,Janice,88.24
MCH-1830,CNC,Pune,14,1012.97,700,12.89,High,32.7,8,9.1,Morning,2023-11-22,Paul,72.24
MCH-1831,Packaging Unit,Vadodara,11,970.81,1276,4.75,High,26.6,17,20.7,Night,2022-11-29,Patty,85.26
MCH-1832,Robotic Arm,Vadodara,20,479.16,564,13.57,Medium,28.8,12,1.1,Morning,2023-07-23,,76.11
MCH-1833,Packaging Unit,Pune,10,572.67,1831,2.47,High,33.4,29,0.7,Evening,2024-12-03,Willie,109.01
MCH-1834,Packaging Unit,Surat,11,576.38,500,1.43,High,43.6,28,0.4,Night,2024-07-16,Katie,100.2
MCH-1835,Laser Cutter,Ahmedabad,16,585.36,1024,7.65,High,35.2,9,5.1,Night,2022-12-08,Justin,88.83
MCH-1836,Robotic Arm,Rajkot,11,92.77,243,4.12,Medium,24.3,22,26.6,Morning,2022-05-02,Anthony,75.03
MCH-1837,Robotic Arm,Surat,22,994.98,82,2.23,High,18.7,17,8.7,morning,2024-12-21,Kevin,88.71
MCH-1838,3D Printer,Surat,11,451.45,1046,12.31,Low,24.2,4,2.2,Night,2023-05-26,,81.91
MCH-1839,Laser Cutter,Surat,23,1048.91,1785,14.38,,26.3,17,0.9,Evening,2024-02-28,Brittany,83.99
MCH-1840,Robotic Arm,Pune,13,559.3,58,14.06,Low,,26,0.4,Evening,2023-11-22,Benjamin,71.28
MCH-1841,Laser Cutter,Vadodara,14,,403,14.86,High,25.5,16,14.9,Morning,2023-05-26,Brooke,62.32
MCH-1842,Robotic Arm,Ahmedabad,20,1284.04,1633,14.02,Low,,28,1.4,Night,2024-03-24,Tammy,82.75
MCH-1843,3D Printer,Ahmedabad,21,602.69,1205,3.12,Medium,29.7,29,16.0,Morning,2022-01-16,Evan,91.74
MCH-1844,,Pune,12,1371.99,886,4.56,Medium,37.0,4,3.0,Morning,2022-11-02,Martin,94.2
MCH-1845,Laser Cutter,Ahmedabad,9,438.95,837,9.88,,22.5,13,1.2,Night,2024-05-01,Gina,85.75
MCH-1846,Laser Cutter,Pune,8,585.16,459,14.71,High,37.7,22,16.7,Evening,2024-05-27,Troy,61.88
MCH-1847,3D Printer,Rajkot,13,639.13,1940,14.98,Medium,26.1,24,19.5,Night,2022-11-22,Susan,71.64
MCH-1848,Packaging Unit,Vadodara,14,,272,4.75,Low,32.5,14,7.4,Evening,2022-12-15,Christopher,85.18
MCH-1849,CNC,Pune,4,636.16,1465,2.91,,39.3,15,2.8,Morning,2024-04-10,Ronald,103.52
MCH-1850,Laser Cutter,Pune,19,977.31,1622,1.35,HIGH,46.2,24,10.6,Morning,2022-01-12,Robert,102.0
MCH-1851,CNC,Surat,5,903.8,1448,5.34,High,35.3,8,7.3,Evening,2023-11-23,William,94.99
MCH-1852,Packaging Unit,Ahmedabad,5,955.8,1734,0.37,,,7,17.9,Evening,2023-04-30,Jeffrey,99.81
MCH-1853,Packaging Unit,Ahmedabad,5,649.74,1575,7.12,High,45.8,29,11.3,Morning,2022-08-22,,90.05
MCH-1854,3D Printer,Ahmedabad,8,1487.88,235,10.17,Medium,30.9,12,14.0,Evening,2023-08-23,Mary,69.69
MCH-1855,Packaging Unit,Rajkot,19,354.53,1494,3.09,Low,33.0,13,12.2,Night,2022-05-18,Emily,97.22
MCH-1856,Robotic Arm,Ahmedabad,14,561.2,341,14.11,High,31.3,25,0.6,Morning,2023-02-27,John,73.4
MCH-1857,Packaging Unit,Rajkot,14,272.72,276,8.64,High,36.5,26,5.6,Night,2022-01-16,Robert,80.71
MCH-1858,Packaging Unit,Rajkot,13,771.59,1652,1.84,High,37.2,22,17.2,Morning,2022-09-27,Todd,96.94
MCH-1859,Laser Cutter,Vadodara,22,666.43,971,14.34,High,41.2,6,4.5,Evening,2022-09-24,Jerry,75.31
MCH-1860,3D Printer,Pune,9,470.2,683,3.56,Medium,34.0,23,24.0,Night,2023-11-22,Brianna,81.1
MCH-1861,Robotic Arm,Ahmedabad,5,427.46,214,11.33,High,30.8,2,1.5,Night,2022-10-18,Deanna,77.46
MCH-1862,CNC,Rajkot,13,585.52,428,2.7,High,,21,5.6,Evening,2024-02-26,Brian,93.41
MCH-1863,3D Printer,Rajkot,6,695.83,964,6.96,Medium,14.3,13,25.1,Morning,2022-12-07,Adam,75.55
MCH-1864,Robotic Arm,Surat,7,514.48,829,11.44,Medium,29.8,7,14.9,Night,2022-07-30,Carolyn,72.86
MCH-1865,Robotic Arm,Vadodara,8,649.28,851,7.21,Medium,32.8,18,1.8,Night,2024-08-18,Nicole,90.48
MCH-1866,Laser Cutter,Surat,11,1425.22,630,13.84,High,35.3,3,14.7,Night,2024-10-07,Gregory,65.24
MCH-1867,Laser Cutter,Surat,20,462.72,514,5.11,High,27.8,10,6.8,Evening,2023-12-29,Michael,88.64
MCH-1868,Robotic Arm,Surat,15,929.81,1096,7.25,High,,24,14.7,Morning,2022-01-31,Brittany,83.02
MCH-1869,CNC,Rajkot,13,847.18,1317,9.98,Low,24.4,11,4.6,Morning,2023-05-16,Samantha,86.58
MCH-1870,,Surat,10,876.47,1125,2.98,Low,45.4,21,8.7,Morning,2022-04-05,Kelsey,96.07
MCH-1871,,Pune,10,1277.77,1662,14.65,High,34.9,29,5.5,Evening,2024-03-12,Megan,78.87
MCH-1872,,Rajkot,17,1200.43,752,11.44,Low,35.9,11,5.1,morning,2022-12-20,William,78.1
MCH-1873,3D Printer,Vadodara,12,974.2,1114,1.21,High,26.1,6,34.2,Evening,2024-09-04,Lisa,81.53
MCH-1874,Packaging Unit,Ahmedabad,15,686.36,1636,13.59,High,36.0,29,5.5,Evening,2024-12-24,David,81.62
MCH-1875,Robotic Arm,Rajkot,4,437.67,604,6.16,High,33.2,7,2.8,Night,2023-03-08,Stephen,90.13
MCH-1876,CNC,Pune,18,854.67,1020,0.33,High,28.6,14,17.4,morning,2022-08-23,Jeremiah,94.44
MCH-1877,CNC,Ahmedabad,20,1590.67,615,5.83,Low,26.4,27,5.7,Night,2024-09-15,Wesley,87.2
MCH-1878,Robotic Arm,Rajkot,16,651.64,726,6.61,Low,34.5,25,2.6,Night,2022-08-14,Anthony,90.08
MCH-1879,3D Printer,Pune,18,,784,12.25,Medium,30.7,4,2.0,Night,2024-07-12,Tyler,79.82
MCH-1880,Robotic Arm,Vadodara,18,485.85,1843,3.92,Medium,26.9,4,15.2,Morning,2024-03-22,Martha,96.18
MCH-1881,Robotic Arm,Ahmedabad,10,706.12,1983,13.47,High,,9,9.4,Night,2023-07-13,Jasmine,82.0
MCH-1882,CNC,Rajkot,23,463.37,937,5.83,Low,24.6,2,0.2,Evening,2024-10-20,Jennifer,95.35
MCH-1883,CNC,Vadodara,16,736.76,312,5.28,,16.5,13,2.2,Night,2023-11-30,Barbara,89.45
MCH-1884,3D Printer,Rajkot,10,882.51,681,8.25,Low,31.6,3,0.6,Evening,2023-11-11,Thomas,87.49
MCH-1885,Laser Cutter,Pune,10,590.32,1464,8.12,Medium,34.8,14,1.3,Night,2025-02-08,Linda,94.21
MCH-1886,CNC,Rajkot,12,,452,9.14,Medium,34.4,10,5.8,Night,2022-09-11,Maxwell,79.11
MCH-1887,Laser Cutter,Pune,16,354.22,852,9.47,Medium,31.2,19,2.8,Evening,2023-02-25,Michael,85.69
MCH-1888,CNC,Pune,7,994.5,267,5.76,Low,26.7,7,5.4,Evening,2022-08-08,Laura,85.5
MCH-1889,3D Printer,Vadodara,16,724.88,430,6.45,High,24.8,13,1.5,Evening,2022-11-22,Thomas,88.6
MCH-1890,Packaging Unit,Surat,22,208.29,722,3.88,Low,26.7,29,4.0,Morning,2025-03-09,Holly,95.16
MCH-1891,CNC,Rajkot,10,1009.88,1417,0.3,Low,31.3,2,2.1,Night,2023-09-14,Zachary,108.3
MCH-1892,Robotic Arm,Rajkot,21,689.62,186,8.45,Medium,29.7,19,4.3,Night,2023-12-08,Amy,80.65
MCH-1893,3D Printer,Surat,7,516.5,1403,0.21,Medium,31.6,25,9.8,Night,2022-02-06,Terri,103.67
MCH-1894,Laser Cutter,Surat,10,693.54,1421,4.81,Medium,19.8,11,10.6,Night,2024-07-22,Kelly,93.81
MCH-1895,CNC,Ahmedabad,4,1442.19,479,5.43,Low,26.5,21,19.3,Evening,2024-10-19,,77.56
MCH-1896,Packaging Unit,Rajkot,19,855.98,131,8.59,,35.4,2,0.9,Night,2022-08-12,Michael,82.06
MCH-1897,Packaging Unit,Rajkot,10,268.68,1364,9.03,Low,31.7,14,0.8,Morning,2022-04-02,Kathy,92.36
MCH-1898,Packaging Unit,Rajkot,23,,1099,1.07,Medium,25.7,12,13.9,Morning,2025-01-11,Brittney,96.75
MCH-1899,CNC,Vadodara,23,1229.89,1284,6.85,High,37.1,29,0.5,Evening,2022-10-23,Diane,94.89
MCH-1900,Packaging Unit,Ahmedabad,4,318.5,624,13.26,Medium,34.8,11,12.7,Night,2024-07-22,Levi,69.34
MCH-1901,Robotic Arm,Vadodara,12,480.69,1674,2.74,Medium,35.2,3,23.3,Morning,2024-12-10,Victoria,91.47
MCH-1902,,Ahmedabad,19,720.0,1433,4.78,Low,34.5,18,8.2,Night,2024-09-29,Brent,95.61
MCH-1903,Laser Cutter,Rajkot,23,274.8,711,11.78,,29.5,16,21.5,Night,2024-07-26,Edward,66.92
MCH-1904,Robotic Arm,Pune,10,678.07,1903,1.12,High,38.2,10,6.0,Evening,2022-12-14,David,108.45
MCH-1905,Laser Cutter,Pune,19,383.86,1144,2.69,Low,30.9,18,7.9,Night,2022-05-30,Ryan,98.07
MCH-1906,Packaging Unit,Rajkot,15,1162.43,115,6.12,Medium,24.8,5,0.5,Morning,2024-10-26,Julie,86.71
MCH-1907,,Vadodara,6,816.77,848,9.78,High,28.2,2,0.4,Night,2022-09-07,Gregory,86.06
MCH-1908,Robotic Arm,Vadodara,11,161.62,622,13.01,High,25.4,6,0.1,Evening,2022-05-22,Jason,78.86
MCH-1909,3D Printer,Surat,18,648.14,1294,6.47,Medium,32.1,27,7.7,Night,2025-01-24,George,91.53
MCH-1910,Robotic Arm,Pune,16,575.16,92,3.27,HIGH,25.9,27,19.5,Night,2022-05-16,Adam,79.76
MCH-1911,Robotic Arm,Pune,9,1111.76,389,3.99,High,37.6,15,1.2,Evening,2023-10-12,Todd,92.83
MCH-1912,CNC,Rajkot,17,1666.51,1325,2.23,Medium,20.3,9,1.2,Evening,2023-04-13,Emily,103.36
MCH-1913,CNC,Ahmedabad,15,476.72,501,8.53,High,32.7,17,9.1,Evening,2025-04-08,Kristi,80.06
MCH-1914,3D Printer,Surat,13,394.73,905,14.35,High,28.9,9,1.9,Night,2025-01-16,Rhonda,76.95
MCH-1915,Robotic Arm,Rajkot,9,412.47,421,0.73,High,32.4,12,21.7,Morning,2023-10-13,Elizabeth,86.27
MCH-1916,CNC,Vadodara,11,202.65,440,5.19,Medium,28.5,14,4.5,Evening,2024-03-29,James,89.85
MCH-1917,Robotic Arm,Rajkot,7,2074.74,310,14.89,Low,31.6,2,10.9,Evening,2023-03-19,Jerome,62.21
MCH-1918,3D Printer,Pune,13,755.39,1880,14.24,,39.3,13,8.3,Night,2023-11-30,Eddie,80.3
MCH-1919,CNC,Pune,19,779.25,811,9.9,Low,29.8,29,17.2,Morning,2023-06-12,Kristen,73.81
MCH-1920,CNC,Vadodara,10,1361.38,1458,6.57,Medium,32.4,17,71.0,Night,2022-01-15,Kenneth,47.37
MCH-1921,Laser Cutter,Vadodara,16,707.89,1615,6.22,Low,30.4,20,3.9,Night,2023-08-25,Joanna,97.28
MCH-1922,Packaging Unit,Ahmedabad,21,734.28,841,13.59,Medium,33.0,2,30.9,Evening,2022-11-22,Cory,57.15
MCH-1923,Robotic Arm,Surat,7,660.68,1795,14.58,High,25.5,8,3.2,Evening,2023-01-06,Heather,82.61
MCH-1924,3D Printer,Pune,14,473.52,906,9.74,Low,28.2,6,0.9,Night,2022-03-14,Jacob,86.76
MCH-1925,Robotic Arm,Pune,15,1262.75,1852,9.29,Medium,27.6,15,13.5,Morning,2024-12-02,Lauren,85.6
MCH-1926,Robotic Arm,Surat,16,253.54,1353,6.94,Medium,29.9,8,4.4,Evening,2022-08-11,Dana,93.95
MCH-1927,Robotic Arm,Pune,20,,1589,12.75,Medium,33.5,25,2.6,Morning,2022-01-28,Manuel,85.54
MCH-1928,3D Printer,Pune,8,568.98,942,10.08,Low,17.3,22,6.6,Morning,2022-04-17,Patricia,82.26
MCH-1929,Packaging Unit,Pune,6,836.3,273,3.66,High,31.9,9,5.7,morning,2022-04-21,Laura,89.77
MCH-1930,Robotic Arm,Pune,17,878.38,1234,1.55,Low,5.0,16,2.8,Night,2023-12-08,,103.97
MCH-1931,CNC,Vadodara,5,519.38,1480,10.01,Low,28.8,24,0.3,Morning,2022-08-26,Matthew,91.36
MCH-1932,Laser Cutter,Rajkot,15,886.24,1633,11.35,Low,32.9,10,18.7,Morning,2024-10-16,Robert,76.55
MCH-1933,Packaging Unit,Ahmedabad,10,1082.24,1425,8.62,High,32.5,5,0.9,Evening,2023-03-20,,92.46
MCH-1934,Packaging Unit,Vadodara,12,1112.4,392,7.49,High,24.4,8,1.8,Evening,2024-07-01,Billy,85.44
MCH-1935,,Ahmedabad,10,462.26,1056,13.94,High,34.7,26,7.9,Evening,2022-07-07,Nicholas,74.73
MCH-1936,3D Printer,Rajkot,4,736.7,1911,12.4,High,21.7,24,32.9,Morning,2024-06-22,Kayla,67.04
MCH-1937,Packaging Unit,Ahmedabad,13,303.17,1963,4.89,High,28.9,25,4.6,Evening,2023-02-16,Jonathan,102.93
MCH-1938,Laser Cutter,Rajkot,18,444.54,1867,4.34,Medium,21.5,4,0.0,Night,2025-04-13,Alisha,106.24
MCH-1939,Laser Cutter,Rajkot,7,819.0,478,11.3,Low,30.5,16,1.1,Morning,2023-01-21,Kenneth,79.44
MCH-1940,3D Printer,Vadodara,14,825.08,846,3.22,,33.8,9,5.9,Night,2024-04-12,Theresa,95.3
MCH-1941,Robotic Arm,Ahmedabad,17,1165.47,976,1.78,Low,28.8,5,3.7,Night,2023-06-01,Jacob,100.32
MCH-1942,Laser Cutter,Rajkot,21,821.15,1981,0.84,Medium,30.0,23,8.5,Night,2022-04-18,Cathy,107.71
MCH-1943,CNC,Vadodara,16,466.92,505,0.53,Low,26.2,23,15.8,Night,2024-06-25,Suzanne,91.42
MCH-1944,Laser Cutter,Surat,11,320.11,1346,12.51,Medium,35.7,14,11.4,Evening,2022-01-10,Rebecca,77.76
MCH-1945,Packaging Unit,Ahmedabad,23,1027.87,772,3.66,Low,28.7,6,2.2,Morning,2022-08-05,Dylan,96.1
MCH-1946,Robotic Arm,Vadodara,21,524.12,341,11.21,Medium,30.5,26,2.4,Evening,2023-01-26,Lauren,77.99
MCH-1947,Packaging Unit,Surat,23,595.44,205,4.27,High,39.7,17,8.6,Night,2023-07-16,,86.3
MCH-1948,Laser Cutter,Surat,5,1111.4,1730,12.02,Low,18.6,23,3.3,Morning,2023-06-03,Christian,86.48
MCH-1949,3D Printer,Pune,14,435.56,598,14.02,Medium,26.7,18,1.5,Night,2022-02-20,Pam,75.27
MCH-1950,Packaging Unit,Pune,8,771.48,1909,9.4,High,32.1,29,3.3,Morning,2024-09-05,Sara,93.7
MCH-1951,Packaging Unit,Ahmedabad,4,1867.2,1298,12.9,,32.9,28,4.7,Evening,2022-09-06,Brandon,79.06
MCH-1952,3D Printer,Vadodara,11,330.41,553,4.75,High,23.9,21,4.4,Morning,2024-07-07,Courtney,91.56
MCH-1953,CNC,Pune,16,,1308,7.37,Medium,34.6,18,0.0,Morning,2022-11-03,,95.17
MCH-1954,Laser Cutter,Pune,12,926.55,1241,1.2,Medium,17.4,25,4.5,Evening,2022-11-06,Lisa,103.47
MCH-1955,3D Printer,Rajkot,10,870.53,834,4.29,High,24.4,14,17.5,Morning,2024-09-04,Lisa,84.88
MCH-1956,3D Printer,Pune,12,700.36,1684,8.05,High,34.7,21,9.0,Evening,2023-11-09,Elizabeth,90.63
MCH-1957,Robotic Arm,Surat,6,270.29,1455,10.0,Medium,28.8,8,8.7,Morning,2024-05-13,Amy,85.65
MCH-1958,Packaging Unit,Rajkot,12,561.51,1640,1.3,High,36.0,9,0.5,Evening,2022-07-14,Brittany,109.91
MCH-1959,Laser Cutter,Rajkot,18,671.81,1900,9.72,Low,28.4,2,9.0,Night,2023-10-05,Sherri,89.13
MCH-1960,3D Printer,Pune,20,,868,12.76,High,36.6,13,9.4,Evening,2024-06-29,Brenda,74.03
MCH-1961,Laser Cutter,Ahmedabad,14,181.54,198,0.8,Low,25.7,22,3.7,Morning,2022-03-08,,97.2
MCH-1962,Packaging Unit,Ahmedabad,21,400.46,1574,10.04,Low,35.9,10,5.8,Evening,2025-03-13,Gregory,88.4
MCH-1963,Packaging Unit,Surat,5,929.22,1344,0.2,Low,43.8,27,1.8,Night,2024-07-18,Sean,108.21
MCH-1964,Laser Cutter,Rajkot,18,829.51,1470,3.92,High,35.6,6,0.6,Evening,2023-12-17,Paul,102.8
MCH-1965,CNC,Pune,23,1220.48,351,5.65,Medium,27.2,17,19.8,Night,2023-06-26,Sarah,76.02
MCH-1966,CNC,Surat,12,1017.65,254,0.42,,,21,17.6,Morning,2023-02-21,Darren,87.5
MCH-1967,Robotic Arm,Surat,15,771.57,149,0.76,High,15.3,22,4.7,Morning,2023-10-14,Zachary,95.33
MCH-1968,Laser Cutter,Pune,12,903.24,345,6.63,Medium,20.7,26,1.1,Night,2023-08-19,Kim,87.55
MCH-1969,,Pune,16,319.7,337,10.11,High,33.2,18,40.9,Evening,2022-08-15,Katie,53.5
MCH-1970,Robotic Arm,Vadodara,19,724.28,200,2.3,Low,33.3,22,8.3,Morning,2024-03-18,Allison,90.22
MCH-1971,3D Printer,Pune,19,565.65,1002,3.44,High,36.4,26,1.8,Morning,2023-05-26,Meredith,99.4
MCH-1972,Packaging Unit,Rajkot,17,810.66,1749,3.23,Medium,29.1,15,7.4,Night,2022-03-04,Billy,101.78
MCH-1973,Robotic Arm,Pune,17,419.86,672,6.35,Low,30.9,4,8.8,Evening,2023-08-03,John,86.14
MCH-1974,,Ahmedabad,7,,733,7.62,Medium,,8,10.6,Morning,2022-11-01,Brandi,83.11
MCH-1975,3D Printer,Rajkot,14,,910,2.19,Medium,31.1,26,7.0,Night,2024-12-24,Kevin,97.16
MCH-1976,Laser Cutter,Surat,21,1683.01,1989,10.66,Low,29.0,26,0.7,Night,2024-08-29,Brian,92.36
MCH-1977,Laser Cutter,Pune,19,802.99,423,11.42,Low,31.3,12,2.4,Night,2025-02-06,Brittany,77.86
MCH-1978,Packaging Unit,Ahmedabad,22,986.06,1775,3.76,Low,25.3,8,11.1,Night,2022-01-09,Ashley,98.09
MCH-1979,CNC,Ahmedabad,17,906.75,1224,4.4,High,28.2,6,9.0,morning,2022-07-04,Dorothy,93.8
MCH-1980,3D Printer,Vadodara,22,473.26,365,1.43,Medium,24.7,12,9.6,Morning,2023-10-10,Mark,92.79
MCH-1981,Packaging Unit,Pune,19,,1251,10.54,,36.0,9,5.7,Night,2024-06-07,Thomas,83.75
MCH-1982,CNC,Vadodara,16,,1439,1.73,High,30.3,10,7.6,Night,2023-06-30,Ryan,102.78
MCH-1983,Laser Cutter,Surat,10,3678.16,1362,13.83,High,33.5,10,43.8,Night,2022-12-19,,77.92
MCH-1984,3D Printer,Surat,21,670.37,832,7.72,Medium,,28,13.6,Morning,2024-09-27,Anne,81.02
MCH-1985,CNC,Ahmedabad,17,388.35,1320,10.87,High,26.5,9,1.2,Morning,2022-05-14,Kelly,87.87
MCH-1986,Packaging Unit,Ahmedabad,7,1066.9,294,3.9,High,20.6,27,5.5,Evening,2023-09-08,Meghan,89.28
MCH-1987,3D Printer,Pune,8,410.41,1885,8.55,High,25.3,14,10.4,Night,2024-10-07,Mary,90.74
MCH-1988,Robotic Arm,Ahmedabad,13,381.78,503,9.4,Low,36.4,4,4.3,Night,2022-06-18,Michael,81.84
MCH-1989,CNC,Vadodara,20,742.46,1612,0.29,Medium,22.6,5,4.0,Evening,2022-07-21,Shelley,108.99
MCH-1990,Robotic Arm,Surat,8,158.98,277,8.47,High,34.0,5,0.8,Evening,2022-05-02,Alexa,84.58
MCH-1991,Packaging Unit,Ahmedabad,19,,483,6.66,Low,35.9,13,4.5,Evening,2023-12-26,Debra,86.72
MCH-1992,Robotic Arm,Ahmedabad,20,821.95,1481,13.57,High,25.2,26,13.5,Night,2024-03-13,Andre,74.58
MCH-1993,CNC,Vadodara,6,840.24,258,8.74,Low,29.2,9,11.2,Evening,2022-06-24,Richard,75.63
MCH-1994,,Ahmedabad,11,232.44,139,9.65,Low,25.4,16,21.6,Morning,2023-05-11,Rebecca,66.41
MCH-1995,Packaging Unit,Rajkot,17,1107.67,1198,2.49,Medium,29.8,26,32.4,Evening,2025-03-06,Melissa,80.74
MCH-1996,Robotic Arm,Vadodara,5,359.13,1168,14.61,High,24.8,27,0.3,Morning,2022-06-18,Joseph,79.79
MCH-1997,3D Printer,Pune,21,394.83,558,10.51,Medium,31.8,13,8.2,Morning,2024-09-06,David,77.33
MCH-1998,3D Printer,Ahmedabad,11,771.58,864,8.73,High,32.9,18,12.3,Morning,2024-05-02,Derrick,80.03
MCH-1999,CNC,Surat,20,699.37,1976,14.24,Medium,28.0,9,12.1,Morning,2024-05-15,Andrew,78.52
MCH-2000,CNC,Ahmedabad,13,592.48,271,11.22,High,,26,0.8,Evening,2024-01-29,Michael,78.41
MCH-2001,3D Printer,Vadodara,12,,1727,11.01,High,18.5,12,2.4,Morning,2022-12-25,Keith,90.04
MCH-2002,3D Printer,Rajkot,11,715.98,67,14.8,High,19.4,18,1.4,Evening,2023-05-14,Richard,68.96
MCH-2003,3D Printer,Vadodara,18,691.23,1668,14.85,High,,6,5.6,Night,2025-02-10,Meagan,79.29
MCH-2004,CNC,Rajkot,18,358.19,1004,7.32,High,28.1,7,4.6,Night,2023-01-17,Curtis,89.99
MCH-2005,Laser Cutter,Surat,10,579.96,871,4.42,High,29.7,26,0.1,Evening,2025-01-04,Autumn,97.52
MCH-2006,,Ahmedabad,5,209.53,195,2.52,Low,23.7,19,0.2,Evening,2022-06-09,Clifford,96.15
MCH-2007,3D Printer,Pune,11,3815.04,1257,10.3,Low,25.8,3,40.8,Night,2023-01-14,,84.43
MCH-2008,Laser Cutter,Ahmedabad,19,760.24,1138,7.26,,30.0,29,0.2,Evening,2025-01-06,Sherri,93.74
MCH-2009,Packaging Unit,Ahmedabad,22,771.19,384,13.84,Low,25.7,12,23.8,Evening,2023-11-08,Anthony,57.76
MCH-2010,CNC,Ahmedabad,6,,1696,1.1,Low,25.5,24,3.1,morning,2024-10-26,Shirley,109.42
MCH-2011,CNC,Ahmedabad,18,1272.32,822,9.82,Low,30.7,3,12.4,Night,2022-03-30,Danny,76.71
MCH-2012,3D Printer,Rajkot,23,625.11,1327,5.75,High,37.8,11,31.0,Evening,2025-03-18,Christopher,76.97
MCH-2013,Laser Cutter,Vadodara,23,395.31,1539,5.91,Medium,26.2,5,13.2,Night,2024-05-29,Stacy,91.2
MCH-2014,Robotic Arm,Ahmedabad,6,335.78,1680,1.8,HIGH,34.7,22,28.9,Morning,2024-04-23,Matthew,89.69
MCH-2015,Robotic Arm,Rajkot,22,796.36,415,10.28,High,24.4,3,10.6,Night,2022-09-10,Charles,74.34
MCH-2016,Laser Cutter,Surat,6,863.99,53,9.55,Low,33.7,15,1.5,Night,2022-02-10,Douglas,79.06
MCH-2017,Robotic Arm,Vadodara,16,999.88,1595,9.47,Low,42.3,2,1.3,Evening,2025-01-02,Jonathan,92.01
MCH-2018,Packaging Unit,Rajkot,18,1026.81,151,13.95,Medium,31.1,2,29.6,Evening,2022-12-31,Christopher,51.17
MCH-2019,Packaging Unit,Ahmedabad,17,1038.78,1569,5.37,Medium,,10,0.7,Night,2024-09-25,Carolyn,100.36
MCH-2020,CNC,Pune,4,426.75,648,0.32,,28.3,10,2.0,Morning,2023-12-01,Thomas,102.75
MCH-2021,Robotic Arm,Pune,8,1040.8,1263,14.66,Medium,,17,16.7,Evening,2023-07-26,,68.03
MCH-2022,3D Printer,Pune,20,454.36,1434,12.87,Medium,31.9,7,7.6,Morning,2024-03-01,,80.24
MCH-2023,CNC,Rajkot,14,577.08,425,10.8,High,,18,2.9,Morning,2025-02-12,Patricia,79.09
MCH-2024,Laser Cutter,Rajkot,16,1096.66,957,5.77,Low,30.6,25,5.0,Morning,2023-09-17,Rebekah,91.37
MCH-2025,,Pune,4,385.76,1312,9.65,High,31.0,27,3.0,Night,2023-07-06,,88.98
MCH-2026,3D Printer,Surat,20,526.79,101,12.1,Medium,20.3,5,1.8,Evening,2022-08-11,Adrian,74.63
MCH-2027,3D Printer,Surat,4,646.75,978,7.87,Low,23.9,28,6.5,Evening,2024-11-05,Tammie,86.94
MCH-2028,Laser Cutter,Rajkot,23,713.95,1772,12.1,Medium,33.0,7,5.3,Evening,2023-11-03,Rachel,85.84
MCH-2029,CNC,Surat,12,421.5,1696,7.85,,30.6,8,3.9,Evening,2024-04-09,Gina,95.1
MCH-2030,,Vadodara,8,492.51,281,5.85,Low,28.4,16,12.0,Night,2024-04-17,Angel,81.54
MCH-2031,CNC,Ahmedabad,23,442.12,429,5.1,Medium,24.9,22,0.8,Night,2022-07-05,,92.18
MCH-2032,Laser Cutter,Rajkot,9,,113,9.29,High,33.5,27,2.7,Night,2024-02-15,David,79.67
MCH-2033,Laser Cutter,Pune,7,934.43,1010,7.33,High,,12,1.3,Evening,2022-09-13,Wendy,91.51
MCH-2034,Robotic Arm,Rajkot,12,511.24,988,3.12,Low,27.1,3,3.4,Night,2024-05-31,Michael,98.88
MCH-2035,CNC,Surat,5,879.66,1507,10.73,High,39.5,6,0.9,Night,2023-04-17,Jennifer,89.21
MCH-2036,,Pune,18,223.57,1483,4.46,Low,33.8,10,23.4,Morning,2023-04-15,Richard,86.74
MCH-2037,CNC,Pune,7,348.38,1104,6.23,Medium,28.8,26,12.4,Morning,2023-11-05,,87.56
MCH-2038,Packaging Unit,Rajkot,11,1315.32,58,13.58,Medium,40.9,23,2.2,Morning,2022-02-16,David,69.9
MCH-2039,Packaging Unit,Ahmedabad,18,1067.12,1415,4.59,,29.5,5,1.6,Morning,2022-04-19,Bryan,99.97
MCH-2040,CNC,Surat,14,632.93,525,13.13,High,32.2,19,12.3,Evening,2022-05-25,Matthew,68.6
MCH-2041,CNC,Rajkot,15,1796.93,1911,12.95,High,27.4,17,0.2,morning,2023-02-09,Donna,87.32
MCH-2042,CNC,Vadodara,16,1129.57,1577,11.54,Medium,24.5,7,1.0,Night,2024-10-09,,87.75
MCH-2043,3D Printer,Ahmedabad,23,,206,8.46,High,34.4,29,9.8,Night,2024-11-17,Charles,77.26
MCH-2044,3D Printer,Rajkot,8,524.28,1006,7.99,Medium,,21,3.5,Evening,2024-11-21,Wesley,89.2
MCH-2045,CNC,Pune,16,786.53,297,6.44,High,32.4,19,16.4,Morning,2024-09-16,James,76.99
MCH-2046,Laser Cutter,Vadodara,5,907.3,1166,2.08,Low,20.2,3,3.3,Morning,2023-01-24,Luis,101.95
MCH-2047,CNC,Vadodara,13,,824,1.15,Medium,20.8,4,5.4,Morning,2022-06-18,Madison,99.6
MCH-2048,Robotic Arm,Vadodara,22,435.19,809,8.74,High,,6,15.2,Morning,2024-08-22,Chris,78.0
MCH-2049,3D Printer,Rajkot,14,832.22,1250,2.11,High,42.3,28,1.4,Night,2023-01-07,John,104.03
MCH-2050,Packaging Unit,Rajkot,21,423.01,1603,4.61,High,32.0,4,2.9,Morning,2024-05-06,James,101.5
MCH-2051,Packaging Unit,Pune,22,1315.1,92,14.14,Medium,24.9,6,0.6,Night,2023-08-01,Denise,70.19
MCH-2052,Laser Cutter,Pune,8,346.79,1987,1.02,High,30.9,27,5.9,Night,2024-11-26,Caitlin,109.89
MCH-2053,CNC,Pune,8,865.16,1771,5.66,Medium,32.1,15,5.8,Night,2023-03-31,Shannon,98.14
MCH-2054,CNC,Rajkot,15,,469,11.73,Medium,35.1,24,1.2,Night,2023-01-20,Timothy,78.54
MCH-2055,Robotic Arm,Rajkot,17,238.39,1004,9.33,High,30.5,2,8.0,Evening,2022-01-27,Amanda,83.77
MCH-2056,Packaging Unit,Ahmedabad,17,,1484,11.0,Low,30.7,13,0.6,Morning,2022-06-11,Kimberly,89.29
MCH-2057,3D Printer,Pune,19,1241.88,221,10.26,High,35.4,8,3.8,Evening,2024-04-25,Keith,76.89
MCH-2058,3D Printer,Ahmedabad,16,1255.57,1531,8.04,High,33.8,19,1.7,Morning,2024-01-06,Michelle,93.69
MCH-2059,3D Printer,Rajkot,16,383.6,1794,6.72,Medium,17.2,9,0.9,Morning,2024-01-07,Dana,100.33
MCH-2060,Robotic Arm,Rajkot,18,909.93,238,3.68,Low,31.5,13,11.4,Morning,2022-04-10,Aaron,85.34
MCH-2061,Robotic Arm,Surat,21,1238.88,118,4.62,,38.3,29,2.6,Morning,2022-10-02,Joseph,88.15
MCH-2062,CNC,Surat,8,717.51,1683,10.32,High,29.2,17,11.8,Night,2024-07-03,,84.1
MCH-2063,Robotic Arm,Rajkot,23,6084.72,814,7.3,Medium,28.3,5,51.0,Morning,2023-11-26,Denise,85.15
MCH-2064,3D Printer,Ahmedabad,14,682.45,765,14.33,High,34.7,8,2.0,Morning,2023-04-04,Crystal,75.34
MCH-2065,,Vadodara,19,385.58,1583,5.18,Low,34.3,15,3.7,Evening,2025-04-10,Stephen,99.69
MCH-2066,Robotic Arm,Vadodara,22,554.12,113,2.14,High,30.6,15,4.3,Morning,2022-10-21,Duane,92.86
MCH-2067,Laser Cutter,Ahmedabad,14,785.35,610,4.3,Medium,,28,22.3,Evening,2024-11-28,Paul,79.75
MCH-2068,3D Printer,Surat,13,500.7,819,0.48,Medium,25.7,22,6.0,Night,2023-04-08,,100.95
MCH-2069,,Surat,13,396.57,1988,4.67,Medium,26.0,3,4.1,Morning,2024-08-13,,103.79
MCH-2070,Packaging Unit,Surat,4,162.94,254,11.26,Medium,23.1,12,4.0,Evening,2023-06-08,Zachary,76.56
MCH-2071,Laser Cutter,Rajkot,22,334.17,395,1.08,Low,31.2,18,7.6,Evening,2024-02-21,Kimberly,95.33
MCH-2072,3D Printer,Pune,21,478.98,1978,4.67,Medium,23.1,19,7.8,Night,2024-12-03,Rita,101.0
MCH-2073,Robotic Arm,Vadodara,6,652.98,190,10.81,Medium,23.6,29,1.0,Night,2022-07-02,Tyler,78.33
MCH-2074,,Pune,20,650.53,240,12.75,Low,32.2,7,17.4,Night,2024-05-05,,63.39
MCH-2075,CNC,Pune,19,758.58,374,8.86,High,41.7,18,5.7,Night,2023-01-13,,80.32
MCH-2076,CNC,Surat,6,985.7,518,4.46,High,22.6,8,17.7,Night,2022-09-19,Amanda,81.6
MCH-2077,Packaging Unit,Rajkot,22,372.12,95,14.86,High,21.4,20,5.7,Evening,2022-02-24,Robert,66.55
MCH-2078,Packaging Unit,Ahmedabad,23,222.3,1308,15.0,Medium,28.3,24,2.9,Evening,2023-10-18,Kyle,78.55
MCH-2079,3D Printer,Vadodara,22,343.8,726,3.01,Medium,28.6,2,7.2,Night,2023-04-16,Amber,94.5
MCH-2080,Laser Cutter,Ahmedabad,20,883.79,1633,11.1,Medium,18.9,12,18.0,Evening,2022-11-21,Kayla,77.55
MCH-2081,Laser Cutter,Surat,13,698.99,375,13.14,High,30.9,11,8.9,Evening,2025-03-13,Jason,69.62
MCH-2082,Laser Cutter,Pune,18,246.12,107,11.87,,24.5,15,2.9,Evening,2024-06-08,Jose,74.77
MCH-2083,Laser Cutter,Vadodara,9,,695,8.23,Low,25.8,15,2.6,Evening,2023-05-10,Paul,86.8
MCH-2084,Robotic Arm,Pune,13,805.64,678,6.29,High,35.8,10,4.4,Morning,2022-01-01,Mitchell,88.84
MCH-2085,Packaging Unit,Vadodara,23,1102.1,1441,4.26,High,,25,3.2,Night,2024-06-16,Ronald,99.67
MCH-2086,Laser Cutter,Vadodara,9,1229.34,1489,8.94,Low,41.4,2,50.6,Night,2022-12-03,David,57.35
MCH-2087,CNC,Pune,22,550.2,549,6.32,Low,32.6,21,6.9,Night,2022-01-30,Ryan,86.32
MCH-2088,CNC,Ahmedabad,5,1387.05,258,10.94,Medium,,17,5.0,Morning,2024-04-21,Jon,74.79
MCH-2089,3D Printer,Rajkot,5,499.08,350,10.1,Low,23.4,14,1.3,Night,2024-04-17,Leslie,81.09
MCH-2090,3D Printer,Surat,19,368.92,1905,13.95,Medium,27.9,16,11.9,Morning,2022-02-10,Tamara,79.12
MCH-2091,Packaging Unit,Ahmedabad,21,1397.81,767,7.11,Low,21.8,14,2.6,Evening,2024-10-07,Melissa,88.35
MCH-2092,CNC,Rajkot,20,,1789,14.64,Medium,38.2,7,8.5,Evening,2022-02-22,Kayla,79.17
MCH-2093,Laser Cutter,Ahmedabad,13,1496.83,1279,3.47,High,33.1,16,2.7,Evening,2022-07-28,Jason,99.69
MCH-2094,Robotic Arm,Pune,20,1327.48,649,6.07,High,33.2,3,4.2,Evening,2023-03-04,Connie,88.43
MCH-2095,3D Printer,Surat,7,1033.65,1706,10.48,Medium,22.3,18,10.1,Evening,2025-02-10,Tamara,84.71
MCH-2096,Robotic Arm,Vadodara,21,430.1,1810,2.23,High,21.0,22,6.5,Morning,2023-11-06,Mathew,105.46
MCH-2097,3D Printer,Surat,9,600.4,815,10.67,Low,19.8,20,9.0,Night,2024-09-28,Kevin,78.29
MCH-2098,Robotic Arm,Pune,19,838.4,1399,2.33,Medium,32.5,17,0.5,Night,2024-12-14,Sydney,105.45
MCH-2099,Robotic Arm,Ahmedabad,20,1418.18,137,3.54,Medium,27.4,5,14.9,Evening,2023-12-27,Kyle,81.61
MCH-2100,3D Printer,Vadodara,23,199.38,1751,2.92,Medium,36.0,24,11.3,morning,2022-11-14,Nancy,100.56
MCH-2101,3D Printer,Ahmedabad,12,349.02,824,1.15,Medium,31.2,4,1.5,Morning,2023-01-27,Brittany,103.02
MCH-2102,,Surat,21,1115.72,681,3.93,Medium,40.5,25,0.9,Evening,2023-03-09,Lucas,95.59
MCH-2103,Laser Cutter,Rajkot,18,1018.74,1901,7.84,High,28.3,5,2.7,Night,2024-04-18,Sean,96.82
MCH-2104,,Surat,12,418.05,1413,5.09,Low,22.0,12,18.6,Evening,2023-11-07,Jessica,87.98
MCH-2105,Robotic Arm,Vadodara,20,,1993,11.32,Low,35.8,26,10.3,morning,2025-04-14,Rachael,85.73
MCH-2106,,Surat,16,714.47,1064,10.75,Low,27.7,6,14.0,Night,2023-12-19,Karen,76.55
MCH-2107,3D Printer,Surat,16,792.42,1620,6.49,High,23.2,16,5.1,Night,2022-10-14,Matthew,95.82
MCH-2108,3D Printer,Pune,19,,1686,9.13,High,32.1,6,4.4,Night,2023-11-01,,91.04
MCH-2109,Robotic Arm,Rajkot,18,825.37,1494,5.92,High,33.9,22,8.8,Evening,2024-12-26,Todd,93.27
MCH-2110,Packaging Unit,Vadodara,21,770.89,552,13.9,Medium,30.4,22,0.1,Morning,2024-09-01,James,75.63
MCH-2111,Robotic Arm,Surat,19,743.7,619,2.84,High,28.1,18,4.0,Evening,2023-08-06,Kelly,95.62
MCH-2112,Laser Cutter,Pune,17,616.39,227,4.84,Low,27.7,22,35.1,Evening,2022-05-13,Daniel,66.76
MCH-2113,3D Printer,Rajkot,13,861.3,1972,14.71,Medium,24.6,9,5.7,Morning,2022-10-15,Jessica,81.79
MCH-2114,Packaging Unit,Ahmedabad,6,711.18,1578,2.38,Medium,35.7,24,3.8,Morning,2024-01-09,Alexander,104.71
MCH-2115,3D Printer,Vadodara,23,828.04,1362,5.39,Medium,30.2,25,1.8,Night,2024-10-16,Alexander,98.13
MCH-2116,Robotic Arm,Rajkot,21,319.58,411,7.76,High,24.9,22,7.9,Night,2022-12-01,Troy,81.92
MCH-2117,Packaging Unit,Vadodara,23,98.76,1060,10.57,High,32.8,19,7.7,Morning,2022-03-28,Robert,82.16
MCH-2118,Laser Cutter,Rajkot,19,357.77,630,14.78,Low,34.8,26,1.3,Evening,2023-02-17,Lisa,74.27
MCH-2119,Packaging Unit,Surat,6,872.28,522,2.08,Low,,27,2.8,Morning,2025-03-23,Amber,96.98
MCH-2120,Robotic Arm,Vadodara,5,,269,7.2,Low,28.0,9,4.9,Evening,2023-01-11,Karen,83.27
MCH-2121,3D Printer,Ahmedabad,19,898.5,606,12.25,Medium,37.0,22,6.6,Night,2022-08-26,James,74.65
MCH-2122,Robotic Arm,Ahmedabad,6,1068.8,1964,10.37,Medium,21.3,17,32.5,Evening,2024-10-30,Douglas,71.35
MCH-2123,Packaging Unit,Pune,17,607.35,922,7.06,Low,30.2,25,10.8,Morning,2022-01-21,Joseph,85.14
MCH-2124,Packaging Unit,Ahmedabad,17,460.38,373,0.25,Medium,20.5,18,3.4,Morning,2024-07-06,,99.57
MCH-2125,Robotic Arm,Ahmedabad,23,199.94,724,3.06,High,29.1,8,2.0,Evening,2025-01-21,Patricia,98.23
MCH-2126,Laser Cutter,Ahmedabad,19,700.93,425,8.59,High,33.1,27,10.7,Morning,2022-10-02,Elizabeth,77.87
MCH-2127,Laser Cutter,Ahmedabad,19,735.81,1016,5.59,Medium,38.3,6,0.6,Night,2022-10-05,April,95.82
MCH-2128,CNC,Vadodara,18,504.44,1185,7.63,High,37.6,29,1.6,Morning,2024-01-03,Justin,92.77
MCH-2129,CNC,Ahmedabad,16,717.86,1750,6.24,Low,,9,9.1,Night,2024-03-16,Julia,94.71
MCH-2130,3D Printer,Ahmedabad,21,335.26,1427,3.12,Low,32.8,18,20.4,Night,2024-02-29,Katelyn,90.89
MCH-2131,3D Printer,Pune,23,800.39,1795,6.85,High,34.0,4,7.1,Morning,2023-04-16,Scott,95.14
MCH-2132,3D Printer,Surat,4,1216.38,541,11.37,Medium,30.0,2,18.6,Evening,2023-01-16,Christine,67.01
MCH-2133,3D Printer,Vadodara,5,909.11,684,8.2,Medium,36.8,28,5.7,Evening,2023-09-04,Christina,84.01
MCH-2134,,Rajkot,22,,315,3.21,Medium,37.5,8,3.7,Morning,2022-07-09,James,92.48
MCH-2135,Laser Cutter,Surat,14,623.06,1127,5.1,High,36.4,3,9.5,Morning,2023-05-17,Kevin,91.65
MCH-2136,3D Printer,Ahmedabad,23,551.13,1968,10.43,Medium,30.4,23,3.7,Night,2024-03-13,Mark,92.16
MCH-2137,CNC,Surat,20,267.36,1082,0.8,Medium,26.4,8,0.1,Evening,2024-02-18,Tyler,106.96
MCH-2138,Laser Cutter,Rajkot,22,,91,12.85,Medium,27.8,10,1.5,Evening,2024-03-14,Tiffany,73.18
MCH-2139,Laser Cutter,Pune,20,118.99,570,4.93,,29.2,14,3.9,Morning,2024-10-26,Amanda,91.99
MCH-2140,Laser Cutter,Rajkot,6,598.41,1998,8.72,Low,34.3,26,2.5,morning,2025-02-27,Lauren,96.61
MCH-2141,CNC,Rajkot,18,230.36,452,14.78,Medium,32.9,21,21.7,Morning,2024-10-05,Edward,58.69
MCH-2142,CNC,Ahmedabad,22,,560,13.31,High,23.8,27,5.1,Night,2023-03-10,Angela,73.82
MCH-2143,Robotic Arm,Rajkot,6,320.24,895,9.26,Low,,15,10.2,Night,2023-03-26,Ashley,81.34
MCH-2144,Robotic Arm,Pune,20,142.05,1214,11.97,Low,23.2,20,0.5,Morning,2024-08-22,Michelle,85.62
MCH-2145,CNC,Pune,7,389.84,317,8.54,Low,22.9,2,4.8,Morning,2023-09-27,Alexander,81.64
MCH-2146,3D Printer,Rajkot,18,950.26,492,9.03,High,20.3,3,4.3,Night,2023-01-17,Rick,81.67
MCH-2147,Laser Cutter,Vadodara,5,399.8,1723,14.01,Medium,28.6,26,0.4,Evening,2022-12-03,Michael,85.49
MCH-2148,Robotic Arm,Ahmedabad,14,464.65,573,7.94,,31.0,10,0.3,Night,2022-12-27,Scott,88.02
MCH-2149,Robotic Arm,Ahmedabad,11,965.79,947,5.95,High,26.6,24,6.3,Evening,2025-01-06,Terri,90.2
MCH-2150,Laser Cutter,Pune,7,353.96,260,4.15,High,25.9,28,4.1,Morning,2023-06-09,Martin,90.49
MCH-2151,Robotic Arm,Vadodara,23,824.34,885,5.91,Medium,25.0,25,0.0,Evening,2023-09-14,Patrick,94.38
MCH-2152,Packaging Unit,Ahmedabad,15,436.03,697,13.52,High,33.1,28,2.2,Night,2024-09-03,Jennifer,76.61
MCH-2153,Packaging Unit,Surat,11,514.65,1618,2.29,,41.3,24,7.5,Evening,2024-08-19,Adam,102.92
MCH-2154,Robotic Arm,Rajkot,12,909.43,580,10.78,Low,34.7,26,4.8,Night,2022-11-21,Charles,78.61
MCH-2155,3D Printer,Vadodara,21,934.14,1363,5.84,Low,,18,23.4,Night,2023-05-27,Kristen,81.96
MCH-2156,Packaging Unit,Surat,5,519.86,657,8.72,Low,22.4,5,1.0,Night,2024-08-21,Joshua,86.59
MCH-2157,3D Printer,Rajkot,14,1397.89,1124,0.23,Medium,28.1,21,7.2,Night,2022-08-19,Russell,101.87
MCH-2158,CNC,Vadodara,8,631.52,1434,6.5,High,23.9,29,4.9,Night,2023-06-16,Ashley,94.62
MCH-2159,Laser Cutter,Ahmedabad,19,1398.69,557,11.17,Medium,30.8,20,1.1,Evening,2022-03-05,Tracy,79.53
MCH-2160,Robotic Arm,Ahmedabad,5,775.96,285,13.52,High,17.2,29,15.2,Evening,2022-12-02,Taylor,63.59
MCH-2161,Packaging Unit,Pune,15,364.75,93,1.14,High,,20,26.7,Night,2023-06-21,Vincent,79.28
MCH-2162,3D Printer,Vadodara,16,522.95,1200,7.75,Medium,26.4,16,23.7,Night,2022-12-06,Christopher,77.16
MCH-2163,Robotic Arm,Rajkot,10,1378.9,1318,7.38,Low,43.5,26,15.6,Evening,2022-02-14,Kara,83.33
MCH-2164,CNC,Rajkot,4,,586,3.27,High,29.2,22,2.2,Evening,2022-09-06,Kimberly,96.3
MCH-2165,,Vadodara,4,587.69,886,8.3,Medium,21.4,17,5.6,Night,2024-01-09,Lance,86.02
MCH-2166,Packaging Unit,Pune,10,699.68,51,8.95,Low,25.3,15,4.5,Night,2024-05-08,Joseph,78.38
MCH-2167,,Ahmedabad,8,1224.29,1511,8.19,High,28.8,16,2.5,Evening,2024-03-14,Eddie,92.71
MCH-2168,Robotic Arm,Surat,13,549.2,534,5.77,Low,21.7,19,22.2,Morning,2024-04-20,Christopher,76.59
MCH-2169,Robotic Arm,Rajkot,12,257.4,1183,2.67,High,36.8,10,0.1,Night,2024-03-13,,104.08
MCH-2170,CNC,Surat,9,690.72,1218,6.32,Low,31.5,2,0.0,Evening,2022-12-03,William,96.52
MCH-2171,CNC,Pune,16,467.23,276,0.78,High,28.9,27,0.3,Night,2024-04-27,Andrew,99.86
MCH-2172,Laser Cutter,Pune,22,367.3,233,9.92,Low,27.0,4,1.9,Evening,2022-08-07,Mark,80.25
MCH-2173,CNC,Pune,18,405.6,929,9.42,High,27.8,13,7.2,Night,2023-05-04,,83.28
MCH-2174,CNC,Ahmedabad,16,818.82,83,7.42,Low,32.2,3,1.7,Evening,2024-05-25,Troy,83.49
MCH-2175,Laser Cutter,Pune,4,242.43,764,12.33,Low,22.3,10,0.2,Morning,2023-01-06,Alexandria,81.22
MCH-2176,Robotic Arm,Ahmedabad,16,816.18,1642,10.28,Medium,30.7,17,6.9,Night,2022-04-24,Taylor,87.13
MCH-2177,CNC,Vadodara,7,367.15,815,14.15,Medium,30.0,13,3.6,Evening,2022-06-20,Jerome,75.45
MCH-2178,Laser Cutter,Ahmedabad,21,1356.65,698,7.2,Medium,43.0,26,2.6,Morning,2023-06-21,Andrew,87.66
MCH-2179,Robotic Arm,Vadodara,14,740.92,486,3.38,High,29.4,21,9.8,Night,2023-11-24,Nicholas,89.37
MCH-2180,3D Printer,Rajkot,22,297.94,1199,10.11,Low,27.0,16,11.9,Morning,2023-03-19,,81.02
MCH-2181,Laser Cutter,Rajkot,18,378.11,76,3.45,HIGH,30.9,2,7.1,morning,2022-01-19,Timothy,88.22
MCH-2182,Laser Cutter,Vadodara,18,563.06,1460,8.59,,,26,5.5,Evening,2023-11-26,Gina,90.33
MCH-2183,Robotic Arm,Ahmedabad,19,584.8,1997,10.08,High,31.1,5,7.3,Night,2024-06-12,Andrea,90.54
MCH-2184,Packaging Unit,Surat,21,906.82,910,4.19,High,,12,0.2,Evening,2024-12-03,Heather,97.77
MCH-2185,3D Printer,Vadodara,6,1931.36,689,7.46,High,28.1,5,0.4,Night,2022-07-29,Erin,87.78
MCH-2186,CNC,Vadodara,5,805.36,467,6.51,Low,38.0,21,15.0,Night,2022-02-25,,79.22
MCH-2187,Packaging Unit,Pune,9,580.02,1681,6.49,Medium,20.7,14,5.1,Night,2022-01-07,Lisa,96.63
MCH-2188,Robotic Arm,Ahmedabad,4,572.26,1726,10.63,Medium,25.6,3,7.9,Morning,2023-07-09,Jennifer,86.78
MCH-2189,Robotic Arm,Rajkot,10,305.06,1503,2.58,Medium,26.7,15,1.0,Morning,2025-01-12,Theresa,106.23
MCH-2190,,Ahmedabad,5,742.56,885,4.09,High,22.9,18,58.4,Evening,2025-03-24,Rachel,57.25
MCH-2191,Packaging Unit,Surat,17,858.81,84,2.59,High,26.9,21,2.5,Morning,2024-05-22,Virginia,92.54
MCH-2192,Robotic Arm,Surat,6,730.92,977,2.46,Low,16.4,28,2.0,Morning,2025-01-30,David,100.78
MCH-2193,3D Printer,Vadodara,15,620.7,1608,8.84,High,17.0,18,11.1,Morning,2023-09-01,Andrew,87.06
MCH-2194,Packaging Unit,Ahmedabad,11,422.68,1649,4.56,Low,37.5,26,7.7,Evening,2022-11-11,Scott,98.63
MCH-2195,3D Printer,Surat,17,,1338,4.87,Low,24.1,22,7.3,Night,2023-05-10,Jimmy,94.61
MCH-2196,3D Printer,Surat,17,328.34,1555,8.27,Low,26.1,25,1.1,Evening,2022-01-07,Sophia,95.18
MCH-2197,Robotic Arm,Ahmedabad,21,882.28,1731,11.45,Medium,28.0,25,2.8,Night,2022-11-19,Jessica,88.3
MCH-2198,3D Printer,Rajkot,11,1002.36,1828,9.63,Medium,32.8,28,2.9,Night,2024-10-30,Timothy,92.51
MCH-2199,Packaging Unit,Ahmedabad,10,555.03,433,7.78,Medium,33.2,10,9.1,Evening,2023-09-23,Frederick,80.89
MCH-2200,,Ahmedabad,10,558.73,469,14.26,Low,28.4,5,4.8,Evening,2022-12-22,Ashley,71.23
MCH-2201,CNC,Surat,7,350.01,1126,2.12,Medium,24.4,28,2.6,Evening,2022-04-11,,102.82
MCH-2202,Laser Cutter,Surat,14,,822,7.78,Medium,33.4,25,2.3,Morning,2024-08-03,Elizabeth,88.96
MCH-2203,CNC,Pune,7,349.9,976,11.22,Low,28.2,26,5.3,Morning,2023-03-11,Darren,81.48
MCH-2204,Packaging Unit,Ahmedabad,22,1537.16,1245,4.95,High,30.0,2,6.4,Morning,2022-12-13,Joseph,93.8
MCH-2205,Robotic Arm,Rajkot,8,701.38,783,2.71,,25.1,14,1.1,Night,2024-01-12,Barry,99.33
MCH-2206,Packaging Unit,Rajkot,13,329.67,1721,2.15,,27.3,22,2.3,Evening,2023-02-06,Russell,107.96
MCH-2207,Robotic Arm,Surat,7,498.86,695,9.16,Low,28.4,11,24.2,Night,2024-01-20,Connor,69.82
MCH-2208,Laser Cutter,Surat,14,798.37,906,2.3,Medium,36.7,7,6.3,Night,2024-07-03,Carl,97.4
MCH-2209,3D Printer,Rajkot,12,578.54,854,2.92,High,29.0,17,12.3,Night,2025-02-02,Andrew,91.84
MCH-2210,3D Printer,Pune,20,,1980,2.3,Low,34.2,16,6.5,Night,2023-07-14,Jennifer,105.95
MCH-2211,3D Printer,Vadodara,21,662.93,341,13.78,High,24.8,13,0.8,Night,2022-11-03,,73.77
MCH-2212,Laser Cutter,Ahmedabad,10,367.72,1459,11.16,High,,6,0.1,Evening,2025-03-12,Daniel,89.24
MCH-2213,Packaging Unit,Rajkot,21,372.96,1039,14.96,Medium,,3,1.2,Night,2023-06-26,Cheryl,77.37
MCH-2214,CNC,Vadodara,12,490.17,1292,8.59,High,25.4,28,17.3,Night,2023-12-11,William,80.78
MCH-2215,CNC,Pune,21,813.31,873,5.3,Medium,26.3,10,33.6,Evening,2024-10-09,Sarah,71.99
MCH-2216,,Pune,21,786.23,385,4.32,Low,39.2,18,1.2,Evening,2023-02-19,Michael,92.61
MCH-2217,Laser Cutter,Vadodara,20,736.57,180,11.95,High,23.5,5,6.6,Morning,2024-05-04,Kathy,71.93
MCH-2218,Packaging Unit,Vadodara,18,751.78,1620,14.71,High,30.5,9,17.0,Morning,2023-11-29,Jessica,71.11
MCH-2219,Packaging Unit,Vadodara,21,405.27,291,11.48,High,23.3,9,0.3,Night,2022-09-24,Aaron,78.68
MCH-2220,Packaging Unit,Surat,18,274.73,1566,1.94,High,25.5,11,24.1,Night,2025-03-28,Mark,91.91
MCH-2221,CNC,Ahmedabad,12,1607.61,671,11.65,High,37.9,24,1.2,Night,2025-04-11,Angelica,79.16
MCH-2222,CNC,Pune,4,440.21,180,8.78,Medium,27.2,19,19.7,Morning,2022-06-27,Paul,69.52
MCH-2223,CNC,Vadodara,22,955.28,722,13.55,Low,31.5,16,1.6,Evening,2025-03-17,Ashley,76.43
MCH-2224,,Surat,16,712.17,1568,2.82,High,27.3,8,7.9,Morning,2022-11-18,Laura,100.88
MCH-2225,Laser Cutter,Rajkot,4,1206.27,146,5.7,,34.5,28,5.8,Morning,2024-10-12,James,84.03
MCH-2226,CNC,Pune,7,895.68,909,5.91,Low,28.3,29,1.6,Night,2022-12-21,Ryan,93.36
MCH-2227,Packaging Unit,Surat,4,689.47,184,9.83,Medium,32.5,21,2.8,Night,2022-08-15,Kimberly,78.93
MCH-2228,Packaging Unit,Surat,21,973.56,1079,0.61,Medium,18.2,15,11.8,Night,2023-12-28,Kristopher,98.12
MCH-2229,Packaging Unit,Vadodara,14,982.61,498,3.32,Medium,41.8,4,3.4,morning,2024-03-18,Tammy,93.73
MCH-2230,Robotic Arm,Surat,7,1006.09,253,7.86,Low,22.8,11,19.7,Night,2022-09-27,Crystal,71.16
MCH-2231,Packaging Unit,Ahmedabad,5,556.7,663,0.75,Low,29.2,28,2.2,Evening,2025-03-31,,101.69
MCH-2232,,Ahmedabad,21,1468.43,412,12.19,Medium,,10,5.4,Morning,2022-05-28,Ashley,73.18
MCH-2233,Laser Cutter,Rajkot,5,867.71,495,4.26,Medium,18.5,11,0.8,Morning,2023-04-30,Emily,93.81
MCH-2234,CNC,Vadodara,6,1171.51,260,6.72,HIGH,34.7,18,4.7,Morning,2022-10-16,David,83.76
MCH-2235,Packaging Unit,Pune,18,605.13,1240,2.12,Low,24.3,6,3.5,Morning,2022-04-11,,102.78
MCH-2236,Packaging Unit,Vadodara,21,533.87,1728,7.67,High,23.3,17,17.9,Evening,2023-02-01,Anthony,85.77
MCH-2237,Packaging Unit,Surat,4,639.88,461,7.93,High,22.4,22,1.9,Morning,2024-06-27,Catherine,85.74
MCH-2238,Laser Cutter,Vadodara,22,1176.04,904,13.11,Medium,24.6,25,11.7,Morning,2023-10-02,Linda,71.44
MCH-2239,Laser Cutter,Rajkot,23,590.14,226,4.96,Low,38.9,18,0.4,Night,2024-05-23,Thomas,90.84
MCH-2240,Packaging Unit,Ahmedabad,16,383.24,213,12.01,High,40.8,5,4.5,Night,2023-03-13,Adam,74.06
MCH-2241,CNC,Rajkot,18,1014.51,932,10.21,High,29.8,10,9.6,Morning,2022-12-13,Max,79.18
MCH-2242,CNC,Surat,4,470.2,664,3.85,Low,35.8,11,0.9,Night,2024-09-27,Mckenzie,96.53
MCH-2243,Laser Cutter,Rajkot,18,343.39,203,12.05,Low,,23,6.6,Morning,2025-02-02,,72.48
MCH-2244,Robotic Arm,Pune,9,790.01,1355,2.44,,24.5,3,0.6,Night,2023-12-09,Anna,104.86
MCH-2245,Packaging Unit,Rajkot,23,743.64,448,12.0,High,28.2,21,0.3,Night,2022-03-26,Kristin,78.46
MCH-2246,Laser Cutter,Pune,16,475.81,319,14.79,High,31.4,24,12.4,Night,2024-05-04,Richard,63.72
MCH-2247,Packaging Unit,Rajkot,13,211.13,1652,3.77,High,24.4,10,11.3,Morning,2024-04-13,Nancy,98.02
MCH-2248,Laser Cutter,Surat,10,645.16,844,8.56,Low,28.2,13,19.5,Morning,2023-09-03,Cindy,75.34
MCH-2249,Laser Cutter,Ahmedabad,8,557.23,777,0.31,Low,32.2,23,1.5,Night,2022-05-24,Michael,104.01
MCH-2250,3D Printer,Pune,16,665.76,192,4.28,Medium,36.4,24,12.9,Evening,2023-11-01,Natasha,83.06
MCH-2251,Robotic Arm,Vadodara,11,314.71,1525,14.75,Low,,19,11.5,Evening,2023-05-17,William,74.71
MCH-2252,Laser Cutter,Vadodara,16,848.47,1425,11.06,High,27.5,25,26.0,Morning,2022-12-20,Jessica,70.34
MCH-2253,3D Printer,Pune,12,1116.06,1129,11.08,Medium,29.6,26,9.8,Morning,2025-03-24,Patrick,78.79
MCH-2254,Laser Cutter,Vadodara,23,1729.61,1198,11.36,High,30.1,5,6.5,Night,2022-09-20,Cynthia,80.24
MCH-2255,3D Printer,Vadodara,20,1335.09,83,9.53,Medium,32.2,26,13.7,Evening,2022-11-09,Ronald,70.13
MCH-2256,3D Printer,Rajkot,4,796.61,984,12.33,Low,37.1,11,1.2,Night,2025-03-12,Jennifer,81.56
MCH-2257,Robotic Arm,Rajkot,22,473.61,1535,9.19,High,34.0,28,13.9,Night,2022-02-06,Preston,84.01
MCH-2258,Packaging Unit,Ahmedabad,4,626.12,1092,0.49,Medium,33.0,2,27.4,Evening,2024-08-19,Nicole,88.05
MCH-2259,Packaging Unit,Pune,6,410.13,385,7.71,Medium,22.8,17,15.9,Morning,2025-01-04,Amy,76.07
MCH-2260,3D Printer,Rajkot,13,983.08,721,13.59,High,26.5,3,5.7,Morning,2025-02-04,Ana,73.43
MCH-2261,Laser Cutter,Ahmedabad,22,640.92,1761,9.34,High,25.5,22,5.8,Evening,2022-03-05,Kevin,91.02
MCH-2262,Robotic Arm,Pune,10,344.69,1008,8.54,High,34.5,19,17.3,Morning,2023-01-20,Johnny,78.72
MCH-2263,Robotic Arm,Pune,9,528.44,442,2.36,,27.1,28,10.0,Morning,2023-10-01,,91.21
MCH-2264,Robotic Arm,Pune,19,967.34,1355,14.36,High,22.6,8,5.4,Night,2023-02-14,Trevor,77.41
MCH-2265,Laser Cutter,Ahmedabad,19,,1587,3.66,Low,26.2,23,5.6,Evening,2022-04-07,Terrence,101.3
MCH-2266,Packaging Unit,Surat,21,591.68,1722,9.43,,41.0,20,0.8,Evening,2023-02-12,John,94.08
MCH-2267,Robotic Arm,Surat,16,,727,3.18,Low,36.2,20,19.1,Morning,2025-03-18,Kristin,85.64
MCH-2268,Packaging Unit,Vadodara,19,526.66,596,2.82,High,32.1,13,5.9,Night,2023-11-26,Brenda,94.44
MCH-2269,Packaging Unit,Pune,10,709.92,1378,13.05,Medium,29.2,4,6.4,Morning,2023-11-26,Richard,79.89
MCH-2270,Laser Cutter,Vadodara,12,935.52,874,1.82,HIGH,30.6,28,0.0,Night,2023-09-27,Daniel,102.31
MCH-2271,CNC,Vadodara,13,437.14,265,0.21,High,23.1,25,0.3,Night,2024-08-18,Amanda,100.95
MCH-2272,Packaging Unit,Surat,6,520.16,458,14.91,Medium,30.2,12,3.1,Evening,2023-01-11,Robin,71.08
MCH-2273,Robotic Arm,Vadodara,22,798.59,1207,11.55,Medium,34.6,2,27.7,Evening,2022-04-18,David,66.43
MCH-2274,Laser Cutter,Vadodara,13,800.72,1322,1.42,Medium,26.1,5,0.3,Evening,2024-12-10,Kevin,106.82
MCH-2275,Laser Cutter,Rajkot,11,1364.64,1156,14.93,Medium,34.3,10,6.2,Evening,2023-03-27,Miguel,73.48
MCH-2276,Laser Cutter,Pune,21,,1940,10.34,Medium,23.6,19,0.4,Evening,2024-07-05,Ashlee,94.59
MCH-2277,Robotic Arm,Ahmedabad,19,706.71,238,1.41,Low,39.5,11,5.2,Night,2023-11-27,Blake,94.51
MCH-2278,3D Printer,Ahmedabad,14,1584.53,1426,5.82,High,31.5,11,2.6,Night,2024-03-19,Pamela,96.16
MCH-2279,Laser Cutter,Rajkot,22,928.34,234,9.22,,26.8,2,11.5,Night,2022-08-08,Samantha,74.13
MCH-2280,Packaging Unit,Ahmedabad,14,155.41,1251,2.31,Medium,27.0,18,7.5,Evening,2024-12-16,Juan,100.33
MCH-2281,Laser Cutter,Vadodara,7,767.76,1791,5.64,Medium,31.7,6,0.7,Evening,2022-11-20,Nancy,102.06
MCH-2282,3D Printer,Vadodara,15,780.46,1714,1.69,Medium,35.3,2,21.2,Night,2022-12-19,Kimberly,94.95
MCH-2283,Packaging Unit,Surat,8,421.65,1460,13.77,Low,23.0,11,3.1,Morning,2022-03-03,Michelle,81.85
MCH-2284,Packaging Unit,Vadodara,16,673.26,1898,7.59,Medium,25.4,9,2.8,Night,2024-09-17,Jessica,97.71
MCH-2285,Packaging Unit,Surat,14,1334.61,80,2.21,Medium,35.2,23,1.4,Night,2024-10-24,,93.36
MCH-2286,Laser Cutter,Vadodara,11,693.35,627,6.01,Low,21.0,10,4.8,Evening,2023-03-03,Gary,88.85
MCH-2287,Laser Cutter,Vadodara,5,1183.35,170,4.92,Medium,22.2,11,1.2,Night,2025-01-12,Dennis,89.05
MCH-2288,Packaging Unit,Vadodara,5,277.91,1140,5.94,Medium,28.8,25,6.3,Morning,2023-05-24,Jorge,92.81
MCH-2289,3D Printer,Surat,6,609.15,595,4.95,High,30.5,29,11.2,Evening,2024-05-11,Jeffrey,86.35
MCH-2290,CNC,Vadodara,4,1164.21,97,8.75,Medium,22.3,4,3.7,Morning,2024-12-18,Michael,79.06
MCH-2291,Packaging Unit,Surat,12,903.25,1520,6.32,Low,35.6,12,0.6,Morning,2024-01-03,Morgan,98.32
MCH-2292,3D Printer,Rajkot,19,844.4,918,9.04,,24.6,28,0.6,Night,2023-12-24,Cheryl,87.94
MCH-2293,3D Printer,Rajkot,19,1050.56,95,0.71,High,33.6,9,2.4,Morning,2022-03-27,Aaron,96.19
MCH-2294,3D Printer,Surat,21,479.88,1772,3.53,Medium,34.6,7,2.2,Morning,2023-12-19,John,105.48
MCH-2295,Packaging Unit,Pune,6,682.56,1278,10.92,High,37.2,26,26.6,Morning,2022-01-23,Jonathan,69.21
MCH-2296,Packaging Unit,Vadodara,14,358.19,735,13.24,High,31.5,22,3.8,Night,2024-08-10,Becky,76.47
MCH-2297,CNC,Vadodara,4,688.34,569,7.42,Medium,26.8,4,1.2,Evening,2024-05-14,Maria,88.08
MCH-2298,3D Printer,Surat,11,704.43,1423,14.7,High,31.1,3,6.1,Evening,2022-10-28,Michael,77.18
MCH-2299,Laser Cutter,Ahmedabad,13,1813.79,61,10.98,Low,39.7,24,1.8,Morning,2024-01-20,Sara,74.7
MCH-2300,Robotic Arm,Surat,5,592.82,389,1.53,Low,45.6,16,0.9,Evening,2022-09-23,Kathryn,98.7
MCH-2301,Robotic Arm,Pune,22,550.55,825,7.55,Medium,24.0,13,9.3,Evening,2023-03-03,Charlene,84.48
MCH-2302,3D Printer,Rajkot,7,615.81,355,4.47,High,23.5,5,8.9,Morning,2024-07-01,Hayden,86.91
MCH-2303,Robotic Arm,Rajkot,8,438.58,1476,1.95,Medium,,4,15.4,Morning,2023-12-29,William,96.99
MCH-2304,Robotic Arm,Rajkot,20,886.92,351,1.25,High,29.6,6,0.2,Morning,2023-05-14,Damon,99.02
MCH-2305,Packaging Unit,Rajkot,10,444.58,888,11.83,Low,25.2,19,4.8,Night,2024-02-13,Tracy,79.74
MCH-2306,Packaging Unit,Surat,13,876.4,62,9.2,Low,27.6,19,3.4,Morning,2025-01-17,Christian,78.48
MCH-2307,CNC,Pune,8,582.01,1659,6.67,High,29.4,25,18.4,Morning,2022-03-04,Lisa,86.77
MCH-2308,3D Printer,Rajkot,18,171.9,1991,7.68,High,,10,21.1,Evening,2023-05-29,Amy,86.22
MCH-2309,Robotic Arm,Ahmedabad,8,796.47,1078,7.83,High,23.2,16,4.8,Morning,2023-12-31,Michael,88.83
MCH-2310,Packaging Unit,Rajkot,6,401.43,774,7.41,,41.8,7,2.7,Night,2022-08-15,Maxwell,89.17
MCH-2311,Robotic Arm,Surat,23,,1453,5.35,Medium,37.6,12,10.0,Night,2023-11-06,Rachel,93.42
MCH-2312,Robotic Arm,Surat,6,487.69,1703,0.61,Medium,32.5,3,1.3,Evening,2022-02-17,Matthew,111.36
MCH-2313,Laser Cutter,Vadodara,12,,1707,0.16,Low,23.3,2,2.5,Night,2024-09-08,Kristina,110.26
MCH-2314,3D Printer,Rajkot,7,,131,7.71,High,31.3,20,2.2,Night,2023-05-06,John,83.52
MCH-2315,Packaging Unit,Surat,10,1244.33,833,4.1,Medium,21.7,4,11.6,Morning,2023-07-14,Terry,88.84
MCH-2316,Packaging Unit,Ahmedabad,9,330.57,1711,6.11,High,38.3,7,11.6,Night,2024-07-20,Misty,93.45
MCH-2317,Laser Cutter,Vadodara,21,218.44,767,11.7,Medium,30.6,9,22.9,Evening,2023-01-03,Jeffery,66.65
MCH-2318,Packaging Unit,Ahmedabad,6,580.51,884,5.13,Medium,31.3,7,1.6,Morning,2024-07-13,Sandra,95.16
MCH-2319,Laser Cutter,Vadodara,20,346.11,763,1.19,Medium,26.8,25,9.9,Morning,2024-01-04,Jamie,96.55
MCH-2320,3D Printer,Vadodara,13,316.63,1881,13.29,High,31.9,13,6.3,Night,2022-11-02,Tanya,84.23
MCH-2321,CNC,Pune,23,244.07,933,7.05,Low,29.7,19,15.9,Morning,2024-08-22,Jennifer,82.2
MCH-2322,Robotic Arm,Ahmedabad,16,741.69,119,2.88,Medium,31.6,23,7.6,Morning,2022-05-14,Terry,88.85
MCH-2323,CNC,Surat,8,1085.12,431,5.58,Low,36.0,14,2.0,morning,2023-12-20,Lynn,89.48
MCH-2324,Laser Cutter,Pune,4,690.95,118,2.77,High,38.9,27,2.5,Morning,2023-10-01,Ashley,92.71
MCH-2325,,Ahmedabad,22,1251.36,1664,2.57,Medium,31.1,5,4.0,Morning,2023-11-28,Mark,104.14
MCH-2326,Robotic Arm,Pune,23,740.55,1642,8.34,Low,28.6,7,7.6,morning,2022-07-31,Marie,90.63
MCH-2327,3D Printer,Ahmedabad,14,301.33,548,6.76,High,30.2,21,20.9,Evening,2023-09-27,Alexis,75.99
MCH-2328,Robotic Arm,Rajkot,17,1064.23,301,11.69,High,20.4,22,2.6,Night,2023-05-13,Jeffrey,75.79
MCH-2329,Robotic Arm,Ahmedabad,15,731.38,1523,8.9,Low,40.8,11,5.1,Night,2022-02-25,Brandon,90.28
MCH-2330,,Pune,10,649.13,810,10.97,Medium,32.1,17,1.3,Morning,2023-07-31,Danielle,82.97
MCH-2331,Laser Cutter,Ahmedabad,4,233.55,1754,11.01,High,25.9,27,3.9,Evening,2025-01-30,Angela,89.53
MCH-2332,Laser Cutter,Rajkot,16,320.61,504,6.98,Medium,38.0,2,7.6,Evening,2023-01-28,Eric,84.46
MCH-2333,Robotic Arm,Vadodara,7,548.77,911,2.34,Medium,27.0,23,0.6,Night,2024-12-10,David,101.71
MCH-2334,3D Printer,Vadodara,15,660.99,1399,10.7,Low,53.7,17,5.5,Morning,2023-01-03,Melvin,85.46
MCH-2335,,Rajkot,10,625.19,836,4.47,Low,34.0,3,16.2,Morning,2022-06-18,Ariel,85.79
MCH-2336,Robotic Arm,Surat,16,832.9,1638,14.97,Medium,27.4,23,1.0,Evening,2025-03-28,Jordan,81.82
MCH-2337,Laser Cutter,Rajkot,20,626.88,1834,7.89,High,37.2,29,4.3,Evening,2024-07-27,Joshua,95.6
MCH-2338,3D Printer,Surat,14,737.58,88,3.16,Low,33.8,29,0.9,Evening,2022-10-03,Tiffany,92.73
MCH-2339,Robotic Arm,Rajkot,22,370.92,1986,2.45,Low,27.5,23,4.0,Evening,2024-02-01,Jeremy,108.32
MCH-2340,Laser Cutter,Pune,12,443.75,136,8.45,Low,17.9,24,1.2,Night,2022-08-23,Martha,82.76
MCH-2341,3D Printer,Rajkot,23,532.97,101,9.2,Medium,32.8,27,0.7,Evening,2022-07-13,,81.19
MCH-2342,Laser Cutter,Ahmedabad,14,924.79,633,6.67,Medium,34.4,26,6.7,Morning,2024-12-28,Lisa,85.92
MCH-2343,CNC,Surat,17,346.21,1138,6.54,Low,36.8,16,8.5,Morning,2022-07-30,Betty,89.96
MCH-2344,Robotic Arm,Pune,7,,1750,4.62,Low,30.1,7,3.9,Evening,2023-07-16,Valerie,101.8
MCH-2345,Packaging Unit,Vadodara,10,922.74,111,13.01,Low,16.5,23,15.8,morning,2022-04-21,Lisa,62.53
MCH-2346,Robotic Arm,Pune,13,897.42,1608,9.44,High,35.2,4,16.8,Morning,2023-03-29,Anthony,81.48
MCH-2347,CNC,Pune,23,1519.55,1106,2.29,High,26.4,24,5.2,Night,2024-05-16,Michael,98.83
MCH-2348,Packaging Unit,Surat,7,1595.77,1670,6.74,High,33.0,2,6.7,Night,2024-05-07,Wanda,93.47
MCH-2349,Packaging Unit,Ahmedabad,14,365.82,1690,10.1,Medium,41.8,26,1.5,Evening,2023-09-22,John,92.31
MCH-2350,Laser Cutter,Pune,21,408.63,1714,8.75,,17.5,4,12.3,Morning,2023-02-11,Timothy,87.59
MCH-2351,Packaging Unit,Rajkot,21,946.41,996,12.59,High,38.2,10,3.0,Night,2022-04-16,Marie,79.67
MCH-2352,Robotic Arm,Rajkot,7,340.95,1720,13.47,Medium,31.3,2,1.0,Morning,2024-11-28,Tammy,86.21
MCH-2353,3D Printer,Vadodara,5,1065.48,78,9.32,,30.6,25,5.1,Morning,2024-08-28,Richard,76.92
MCH-2354,CNC,Surat,14,338.32,1562,2.04,Medium,,18,17.2,Night,2023-11-07,Sarah,96.41
MCH-2355,Laser Cutter,Rajkot,6,485.07,671,14.55,High,34.1,15,0.4,Night,2023-10-21,Eric,75.52
MCH-2356,3D Printer,Surat,8,407.52,1165,4.85,Low,28.3,17,7.3,Night,2024-12-15,Brian,94.32
MCH-2357,Packaging Unit,Pune,15,983.8,1686,3.76,High,27.0,27,0.2,Morning,2024-05-30,Todd,104.98
MCH-2358,Laser Cutter,Ahmedabad,7,1279.89,79,7.6,Low,30.9,23,5.4,Morning,2024-06-15,Brenda,79.85
MCH-2359,Laser Cutter,Rajkot,16,520.45,438,8.69,Low,21.0,13,23.5,Morning,2023-02-27,Manuel,69.08
MCH-2360,CNC,Ahmedabad,15,1375.65,294,14.17,Low,31.0,10,0.8,Night,2022-03-27,Sheila,71.58
MCH-2361,CNC,Surat,17,,1724,9.23,Low,28.3,23,8.8,Evening,2024-10-29,Christina,88.22
MCH-2362,Laser Cutter,Ahmedabad,21,214.49,708,7.88,Low,27.2,21,4.4,Evening,2023-08-28,Matthew,86.75
MCH-2363,Laser Cutter,Ahmedabad,22,635.6,1599,12.88,Low,37.2,27,0.4,Morning,2023-05-03,Michael,86.38
MCH-2364,,Pune,15,,1996,7.36,Low,27.5,21,13.5,Evening,2025-01-30,Rebecca,91.96
MCH-2365,Packaging Unit,Vadodara,20,,195,4.4,Low,26.7,19,9.9,Evening,2022-01-09,Alicia,85.57
MCH-2366,Robotic Arm,Ahmedabad,5,754.04,1537,11.52,Low,36.4,9,0.7,Morning,2022-07-03,Todd,88.2
MCH-2367,Laser Cutter,Surat,9,,1555,5.64,Medium,25.9,3,3.8,Night,2022-04-07,Colleen,98.66
MCH-2368,Packaging Unit,Ahmedabad,14,931.14,537,12.56,Low,14.3,19,9.9,Evening,2025-01-06,Travis,71.09
MCH-2369,CNC,Vadodara,21,615.16,662,4.03,High,24.5,9,7.5,Evening,2023-07-25,Jack,91.33
MCH-2370,Robotic Arm,Rajkot,19,1148.02,1465,5.15,Low,13.9,13,12.7,Night,2024-11-09,Jacqueline,91.38
MCH-2371,3D Printer,Pune,8,552.21,99,8.06,High,32.7,3,7.0,Evening,2024-11-01,Shaun,79.02
MCH-2372,Robotic Arm,Rajkot,13,1194.5,1653,5.85,Medium,39.8,5,18.5,Evening,2025-02-15,Mark,87.42
MCH-2373,CNC,Pune,18,637.72,1117,6.82,High,26.5,19,9.8,Evening,2022-05-20,Natalie,87.9
MCH-2374,Laser Cutter,Pune,8,1011.03,861,0.7,High,33.4,29,15.6,Night,2024-05-22,Marc,93.41
MCH-2375,3D Printer,Pune,11,845.54,909,8.15,Low,18.3,29,4.9,Evening,2024-04-16,Matthew,86.64
MCH-2376,Robotic Arm,Surat,20,267.75,1759,4.28,Low,35.1,25,16.8,Night,2022-04-16,Matthew,93.96
MCH-2377,,Vadodara,15,1098.03,1040,1.94,Medium,33.1,15,0.5,Evening,2023-06-28,Matthew,102.87
MCH-2378,Laser Cutter,Ahmedabad,15,189.59,1757,3.93,Low,14.3,20,14.7,Morning,2023-01-28,David,96.22
MCH-2379,,Vadodara,12,1142.07,294,3.71,High,30.9,23,14.8,Morning,2024-01-24,Michelle,83.04
MCH-2380,Robotic Arm,Rajkot,6,600.96,1076,8.55,High,21.0,19,20.2,Morning,2024-09-21,Mike,76.87
MCH-2381,3D Printer,Ahmedabad,22,279.23,244,14.29,Low,29.1,14,16.6,Evening,2023-06-05,Kelly,61.43
MCH-2382,3D Printer,Surat,10,603.7,332,6.63,,32.8,3,4.9,Morning,2022-07-25,Michael,85.21
MCH-2383,Packaging Unit,Ahmedabad,11,317.36,1099,8.58,,35.8,25,4.6,Morning,2025-03-23,Natalie,88.32
MCH-2384,CNC,Rajkot,4,209.49,784,12.55,High,35.8,13,10.9,Night,2024-12-24,Barbara,73.5
MCH-2385,CNC,Surat,11,470.43,1110,4.7,Low,28.7,3,15.1,Night,2023-10-17,William,88.61
MCH-2386,Packaging Unit,Ahmedabad,21,719.35,1997,6.59,Medium,27.1,27,1.1,Morning,2022-02-21,Laura,101.66
MCH-2387,3D Printer,Rajkot,8,387.54,716,6.73,High,27.7,2,10.4,Night,2025-03-05,Scott,84.67
MCH-2388,Packaging Unit,Vadodara,10,272.18,1145,0.5,Medium,35.7,8,13.5,Evening,2022-07-29,Anthony,98.7
MCH-2389,Robotic Arm,Rajkot,8,967.54,1392,2.66,Medium,26.5,17,4.7,Night,2023-04-24,Bryan,101.61
MCH-2390,Laser Cutter,Ahmedabad,9,557.94,1332,5.2,Medium,24.7,10,8.2,Evening,2023-12-08,Michael,94.16
MCH-2391,Robotic Arm,Vadodara,17,1811.66,548,5.91,Medium,27.5,25,13.1,Evening,2022-07-08,Evan,80.99
MCH-2392,Robotic Arm,Vadodara,23,556.18,1796,9.33,Low,19.4,7,5.3,Evening,2023-08-25,Brittany,91.8
MCH-2393,3D Printer,Surat,14,1263.05,1131,6.66,Low,26.7,11,22.9,Evening,2023-08-18,Jennifer,78.27
MCH-2394,,Ahmedabad,17,624.53,1337,10.49,Low,25.0,22,2.0,Morning,2022-11-28,Jonathan,87.87
MCH-2395,CNC,Rajkot,6,674.68,1440,11.72,,36.2,12,3.1,Night,2024-08-09,Ryan,85.43
MCH-2396,,Ahmedabad,20,234.76,354,2.15,,31.1,5,7.3,Night,2024-05-07,Megan,93.2
MCH-2397,3D Printer,Rajkot,23,504.28,1910,12.41,Low,33.2,14,16.9,Morning,2023-11-05,Lindsey,78.55
MCH-2398,Robotic Arm,Vadodara,5,899.75,1323,6.24,High,27.5,15,2.0,Night,2022-05-12,Eric,95.86
MCH-2399,Laser Cutter,Ahmedabad,16,624.69,1367,12.81,Low,21.8,20,1.2,Night,2023-03-23,Anthony,84.04
MCH-2400,Robotic Arm,Vadodara,18,729.03,1951,5.29,Medium,24.8,13,1.7,Evening,2022-02-08,Kristen,103.45
MCH-2401,Robotic Arm,Pune,18,,1471,0.14,Medium,,15,15.1,Morning,2023-04-30,Deanna,99.41
MCH-2402,Laser Cutter,Ahmedabad,7,152.92,1105,6.91,Medium,32.6,20,2.7,Evening,2022-07-14,Dawn,93.28
MCH-2403,3D Printer,Surat,17,417.63,1932,5.54,Medium,35.8,22,1.4,Evening,2023-05-11,Philip,103.44
MCH-2404,CNC,Pune,17,1280.41,1697,0.8,Low,31.7,17,14.5,Evening,2025-04-06,Henry,100.56
MCH-2405,3D Printer,Rajkot,11,900.52,1585,6.65,Low,35.0,29,0.7,Night,2023-11-29,Amanda,98.13
MCH-2406,3D Printer,Pune,7,1260.64,1831,14.56,Medium,28.7,15,0.2,Morning,2022-07-30,Tiffany,84.2
MCH-2407,3D Printer,Vadodara,19,847.8,1012,12.05,,28.1,25,12.3,Morning,2022-10-02,Laura,74.51
MCH-2408,Laser Cutter,Ahmedabad,15,599.55,318,14.33,HIGH,19.7,9,2.0,Morning,2022-06-27,Alexander,71.73
MCH-2409,3D Printer,Surat,22,362.95,415,2.05,Low,43.3,13,2.1,Evening,2024-08-09,Timothy,97.37
MCH-2410,Laser Cutter,Rajkot,21,811.1,405,9.6,Low,29.4,12,15.3,Night,2024-11-12,John,72.31
MCH-2411,Laser Cutter,Pune,16,1241.39,1463,0.26,,30.9,2,5.3,Morning,2023-02-15,Kaylee,106.19
MCH-2412,CNC,Vadodara,13,1032.73,1671,0.61,,44.7,28,2.7,Night,2024-11-15,Michael,109.34
MCH-2413,Robotic Arm,Surat,15,505.03,1201,1.52,Low,21.5,14,32.0,Morning,2023-01-16,Michael,83.85
MCH-2414,Laser Cutter,Vadodara,6,594.08,507,10.03,High,28.9,16,2.5,Morning,2024-04-07,Shelley,81.57
MCH-2415,CNC,Rajkot,9,452.57,1669,9.04,HIGH,30.8,17,0.4,Evening,2025-02-01,Kenneth,94.9
MCH-2416,Robotic Arm,Surat,12,431.14,354,14.58,Low,24.6,17,6.8,Morning,2023-08-10,Brandon,68.41
MCH-2417,Laser Cutter,Vadodara,23,588.66,1358,10.28,High,26.8,16,3.9,Morning,2025-04-05,Chase,87.19
MCH-2418,Packaging Unit,Vadodara,4,1320.62,1365,5.2,Medium,29.8,16,2.4,Morning,2023-07-10,,97.41
MCH-2419,Robotic Arm,Vadodara,19,856.9,750,12.27,Medium,,14,21.5,Evening,2022-03-19,Kristen,65.44
MCH-2420,Robotic Arm,Rajkot,15,582.42,465,5.15,,27.2,12,1.8,Evening,2023-03-10,Tonya,91.48
MCH-2421,3D Printer,Vadodara,21,819.18,1404,3.99,HIGH,32.4,27,29.5,Night,2022-11-07,Julia,81.9
MCH-2422,Robotic Arm,Surat,10,,941,5.9,High,27.7,8,0.4,Night,2024-06-28,James,94.39
MCH-2423,Packaging Unit,Rajkot,22,626.52,1424,7.41,Low,35.8,21,1.3,Morning,2024-05-23,Scott,95.24
MCH-2424,CNC,Surat,20,824.39,1282,12.23,Low,24.0,22,1.2,Morning,2025-03-03,Thomas,84.21
MCH-2425,3D Printer,Surat,10,374.33,1909,12.03,Low,29.4,13,10.3,Night,2022-08-17,,84.1
MCH-2426,CNC,Pune,13,920.31,297,9.21,Medium,33.0,5,11.1,Morning,2024-11-22,Martin,74.97
MCH-2427,Laser Cutter,Vadodara,8,495.85,635,7.45,High,25.2,15,5.6,Night,2022-06-20,Brittany,85.76
MCH-2428,Robotic Arm,Surat,10,285.19,1140,12.8,High,29.7,20,1.5,Evening,2022-12-06,David,82.44
MCH-2429,CNC,Pune,9,833.86,61,14.38,Low,27.9,6,1.6,Night,2024-08-23,Kathy,69.44
MCH-2430,3D Printer,Ahmedabad,19,639.9,725,9.3,Medium,24.0,2,2.9,Morning,2023-09-22,Lisa,84.5
MCH-2431,CNC,Ahmedabad,11,405.26,1621,2.22,High,24.1,12,0.1,Morning,2022-10-28,Alan,108.42
MCH-2432,CNC,Ahmedabad,6,260.47,1847,12.13,Low,35.3,27,6.8,Evening,2022-12-31,Dustin,86.0
MCH-2433,CNC,Pune,10,934.63,1127,5.59,Low,32.5,8,11.6,Morning,2023-09-24,Cheryl,88.76
MCH-2434,Laser Cutter,Vadodara,11,327.4,1930,12.67,High,,12,9.5,Night,2023-05-26,Thomas,83.63
MCH-2435,3D Printer,Rajkot,18,714.8,1878,7.48,Medium,26.3,28,3.0,Night,2022-08-06,Deanna,97.57
MCH-2436,Laser Cutter,Surat,6,958.36,1932,7.84,Medium,32.6,14,4.7,morning,2023-11-26,Jay,95.76
MCH-2437,3D Printer,Ahmedabad,7,,936,6.59,High,31.9,19,1.6,Night,2024-05-15,Clinton,92.02
MCH-2438,Robotic Arm,Surat,11,571.68,994,8.06,,31.5,9,2.0,Morning,2024-04-11,Ryan,89.95
MCH-2439,Packaging Unit,Vadodara,8,320.54,745,7.01,Medium,30.6,15,22.1,Evening,2024-06-26,Melissa,76.26
MCH-2440,,Rajkot,8,509.35,403,5.91,Medium,40.9,5,4.8,Night,2023-05-17,Erik,87.45
MCH-2441,,Vadodara,11,1706.48,1963,14.25,Low,22.5,10,6.5,Evening,2022-05-08,Jason,80.87
MCH-2442,Packaging Unit,Pune,16,689.72,1997,2.8,High,22.7,16,9.4,Evening,2023-01-18,Christopher,103.48
MCH-2443,Packaging Unit,Surat,19,677.34,1343,10.21,Low,32.0,3,4.9,Night,2024-01-13,Kristy,86.37
MCH-2444,3D Printer,Vadodara,16,336.38,1849,4.58,Medium,22.2,10,21.1,Morning,2025-02-12,Kevin,91.0
MCH-2445,3D Printer,Rajkot,8,797.67,1909,10.33,High,23.6,20,4.9,Night,2024-07-07,Brianna,90.68
MCH-2446,CNC,Vadodara,23,947.32,120,14.85,High,17.9,23,13.9,Night,2024-11-18,Brandi,60.22
MCH-2447,CNC,Rajkot,12,362.03,1146,4.38,Low,24.9,7,4.2,Night,2023-06-18,Michelle,97.33
MCH-2448,,Pune,22,901.71,1895,12.06,Low,30.5,26,4.8,Morning,2022-06-13,Nathan,87.02
MCH-2449,Packaging Unit,Surat,12,770.75,1581,7.69,Low,37.2,9,4.1,Night,2023-02-28,,93.82
MCH-2450,Packaging Unit,Vadodara,22,680.84,403,12.85,Low,32.1,5,5.3,morning,2023-05-26,Erica,72.98
MCH-2451,Robotic Arm,Rajkot,22,670.76,671,4.86,High,44.9,25,4.3,Evening,2022-11-19,Kenneth,91.9
MCH-2452,3D Printer,Surat,7,1231.64,884,6.17,Low,28.9,23,2.7,Evening,2022-05-04,Manuel,91.38
MCH-2453,CNC,Vadodara,20,774.28,864,3.26,,32.5,29,4.4,Evening,2023-02-25,Rhonda,96.49
MCH-2454,,Rajkot,21,1250.8,969,2.27,High,20.3,28,22.5,Night,2025-02-21,Jessica,86.0
MCH-2455,3D Printer,Ahmedabad,5,554.41,948,1.16,Low,28.0,29,4.8,Evening,2022-07-23,Randy,101.43
MCH-2456,Packaging Unit,Surat,22,788.32,298,9.26,Medium,25.7,24,2.1,Night,2022-10-03,Kevin,81.37
MCH-2457,CNC,Surat,9,622.75,1196,3.95,Medium,31.1,22,4.6,Evening,2022-01-03,Joseph,97.96
MCH-2458,Packaging Unit,Vadodara,7,,809,9.82,Medium,32.3,16,7.6,morning,2023-02-08,,80.89
MCH-2459,,Surat,15,1501.15,1973,10.58,Medium,33.7,25,7.4,Night,2022-07-31,James,87.96
MCH-2460,CNC,Rajkot,15,716.82,1649,5.18,Low,23.6,27,14.2,Evening,2024-11-01,Daniel,92.42
MCH-2461,Robotic Arm,Vadodara,10,464.71,1422,1.62,Low,39.7,17,6.1,Night,2024-08-27,Colleen,103.68
MCH-2462,Packaging Unit,Pune,15,1528.54,1091,2.18,Low,39.0,20,20.0,Night,2023-05-01,Amy,88.55
MCH-2463,Packaging Unit,Pune,4,1055.98,1735,10.85,Low,20.5,5,1.4,Evening,2024-07-24,Michael,90.27
MCH-2464,Robotic Arm,Pune,20,194.42,382,13.88,Low,27.3,5,1.8,Night,2025-01-25,Paul,73.89
MCH-2465,Packaging Unit,Ahmedabad,13,796.09,126,14.57,Low,30.2,14,7.3,Night,2025-03-08,James,65.66
MCH-2466,Laser Cutter,Rajkot,19,1015.59,1556,1.76,Low,37.6,13,2.3,Evening,2023-08-16,Alejandro,106.39
MCH-2467,CNC,Rajkot,7,83.83,1595,10.35,Medium,41.4,9,15.5,Evening,2024-01-30,Crystal,81.62
MCH-2468,Packaging Unit,Rajkot,14,847.64,1615,4.08,High,32.0,3,1.0,Evening,2023-06-28,William,103.39
MCH-2469,3D Printer,Surat,23,322.71,65,14.86,High,38.5,20,4.5,Evening,2024-10-30,Bradley,67.21
MCH-2470,3D Printer,Ahmedabad,4,148.77,1263,14.64,High,36.7,26,0.6,Evening,2023-02-22,Richard,80.61
MCH-2471,Robotic Arm,Vadodara,16,283.36,432,8.7,Medium,39.4,7,4.8,Morning,2024-03-12,Stacy,82.44
MCH-2472,3D Printer,Rajkot,8,1173.08,846,6.36,Low,27.7,12,6.9,Evening,2022-06-25,Vicki,87.82
MCH-2473,Packaging Unit,Vadodara,4,1240.31,1923,11.1,Low,25.5,6,17.1,Evening,2022-12-05,Christina,80.08
MCH-2474,Packaging Unit,Surat,5,,1366,8.9,Low,30.9,7,3.9,Night,2022-01-02,Cassandra,90.35
MCH-2475,Robotic Arm,Ahmedabad,6,352.41,1987,9.84,,34.0,11,8.4,Night,2023-03-04,Carla,90.49
MCH-2476,CNC,Rajkot,20,409.21,784,6.65,High,29.6,21,5.4,Evening,2022-02-01,Diana,88.87
MCH-2477,,Ahmedabad,19,933.51,702,8.94,High,28.2,22,13.0,Night,2024-02-09,Kimberly,77.54
MCH-2478,CNC,Ahmedabad,15,425.91,162,7.01,High,30.4,17,12.1,Night,2024-04-02,John,78.25
MCH-2479,Packaging Unit,Pune,15,,1062,0.85,HIGH,41.4,24,0.5,Morning,2022-03-06,Jennifer,106.13
MCH-2480,3D Printer,Ahmedabad,5,319.89,834,11.78,HIGH,38.3,27,74.9,Morning,2022-03-19,David,30.5
MCH-2481,Robotic Arm,Vadodara,7,,1782,14.3,,34.8,18,0.2,Morning,2022-12-15,Heather,85.0
MCH-2482,,Surat,11,496.29,1124,2.77,Medium,37.5,17,5.4,Morning,2025-02-04,Paul,99.34
MCH-2483,Packaging Unit,Vadodara,11,365.16,1684,4.89,Low,25.1,13,1.8,Evening,2022-05-04,Daniel,102.47
MCH-2484,Packaging Unit,Surat,19,1045.96,1496,13.76,HIGH,35.9,16,7.1,Morning,2023-02-07,Courtney,78.48
MCH-2485,Robotic Arm,Rajkot,17,1608.34,189,13.74,Low,33.1,10,2.1,Night,2023-03-07,Monica,70.33
MCH-2486,3D Printer,Vadodara,9,1088.75,1779,3.58,Low,42.1,29,6.8,Evening,2024-10-13,Victoria,101.35
MCH-2487,Laser Cutter,Pune,16,,546,3.73,Medium,25.7,9,0.4,Evening,2023-12-29,Susan,95.04
MCH-2488,3D Printer,Surat,23,582.33,311,4.46,High,28.9,11,2.2,Morning,2024-11-20,Christopher,91.3
MCH-2489,Laser Cutter,Ahmedabad,23,709.98,1034,10.12,Medium,28.4,9,3.4,Night,2022-04-28,Brandon,84.98
MCH-2490,3D Printer,Vadodara,4,641.96,746,14.06,High,28.4,6,3.5,Morning,2024-08-18,Anthony,74.73
MCH-2491,CNC,Rajkot,4,619.35,778,12.0,High,32.6,19,2.5,Evening,2024-09-05,Kevin,79.85
MCH-2492,CNC,Surat,19,625.63,1383,2.98,High,21.6,5,1.2,Evening,2022-02-04,Jose,103.83
MCH-2493,Laser Cutter,Pune,18,609.45,681,8.84,Low,26.0,3,8.4,Evening,2022-05-08,Mark,81.24
MCH-2494,Packaging Unit,Pune,11,568.85,1164,0.33,High,31.4,26,12.8,morning,2024-01-16,Timothy,99.27
MCH-2495,CNC,Rajkot,11,856.77,1002,0.33,Medium,32.5,7,9.5,Night,2022-12-21,Brandon,99.82
MCH-2496,Robotic Arm,Pune,20,445.18,1078,0.39,High,26.1,12,5.8,morning,2023-07-29,James,103.51
MCH-2497,,Vadodara,23,421.99,1807,5.25,Low,27.2,21,2.8,Night,2023-02-07,Christopher,102.0
MCH-2498,3D Printer,Rajkot,7,436.63,809,6.49,,38.7,16,0.7,Night,2022-11-28,Julie,92.65
MCH-2499,CNC,Vadodara,5,704.75,1627,6.36,Low,31.5,18,5.6,Night,2022-12-17,,95.91
MCH-2500,Packaging Unit,Rajkot,22,553.85,1292,3.14,High,31.4,21,3.0,Evening,2025-03-30,Jeff,101.6
MCH-2501,3D Printer,Ahmedabad,19,536.85,1996,2.58,Low,35.7,17,10.6,Night,2022-09-04,Matthew,103.29
MCH-2502,Robotic Arm,Vadodara,10,1120.75,214,14.19,Medium,36.1,3,24.1,Evening,2023-07-26,Sean,54.93
MCH-2503,3D Printer,Pune,6,354.15,1172,6.77,Low,37.2,5,0.4,Morning,2023-05-20,Kristina,95.44
MCH-2504,Laser Cutter,Pune,23,393.31,1874,15.0,Medium,47.0,6,5.5,Morning,2023-05-15,Tina,81.2
MCH-2505,3D Printer,Ahmedabad,11,776.59,495,1.68,High,27.1,15,0.9,Morning,2024-08-13,Andrea,99.03
MCH-2506,3D Printer,Vadodara,23,296.68,756,9.55,High,30.8,15,4.0,Night,2022-03-26,Stephen,83.98
MCH-2507,Packaging Unit,Vadodara,14,,252,12.75,,20.6,27,2.2,Morning,2022-05-27,Omar,74.49
MCH-2508,CNC,Vadodara,16,,857,10.96,Medium,24.3,3,0.6,Night,2023-12-06,Alexandra,84.5
MCH-2509,Robotic Arm,Surat,7,1613.57,1140,14.67,Low,24.6,19,5.8,Morning,2022-07-24,Jeffery,73.79
MCH-2510,3D Printer,Surat,16,546.42,1317,7.1,Low,31.4,22,2.9,Morning,2024-01-12,Scott,93.96
MCH-2511,CNC,Vadodara,10,954.07,1417,4.45,,29.5,20,4.2,Night,2022-01-04,Glen,98.61
MCH-2512,Robotic Arm,Surat,15,389.2,1909,6.9,Medium,44.2,6,3.6,Night,2023-08-22,Laura,99.03
MCH-2513,Packaging Unit,Surat,13,691.59,430,7.57,Low,32.2,16,4.5,Night,2023-01-07,Amber,84.31
MCH-2514,3D Printer,Rajkot,22,643.85,787,10.9,Low,30.6,11,0.4,Evening,2023-11-24,Nancy,83.56
MCH-2515,CNC,Surat,12,381.59,657,1.24,Medium,25.9,21,3.2,Evening,2023-04-13,Timothy,100.21
MCH-2516,3D Printer,Pune,13,580.86,1739,6.82,High,29.2,2,3.1,Night,2022-02-28,Ashley,97.85
MCH-2517,Laser Cutter,Vadodara,18,1208.43,923,10.78,Medium,26.6,28,2.8,Night,2025-02-21,Francisco,82.45
MCH-2518,CNC,Rajkot,7,1397.26,1388,13.17,Low,34.3,21,11.1,Morning,2022-03-18,Sara,75.46
MCH-2519,3D Printer,Rajkot,21,1311.36,1490,6.05,Medium,42.6,27,5.5,Night,2022-05-21,Barry,94.59
MCH-2520,Laser Cutter,Vadodara,5,294.94,1162,1.18,High,28.6,14,15.7,Night,2025-03-06,Sherry,95.91
MCH-2521,3D Printer,Rajkot,10,945.91,551,5.34,Low,39.0,14,7.1,Night,2023-06-25,Stanley,87.59
MCH-2522,3D Printer,Ahmedabad,14,765.48,967,13.51,High,35.3,23,18.8,Evening,2024-06-11,David,66.78
MCH-2523,3D Printer,Ahmedabad,21,1228.74,896,0.6,Medium,32.4,24,0.6,Morning,2024-07-20,Kyle,104.09
MCH-2524,Robotic Arm,Rajkot,17,706.64,1089,14.13,High,24.0,25,4.8,Night,2023-12-19,Jay,76.45
MCH-2525,3D Printer,Ahmedabad,4,820.24,340,7.9,High,30.6,11,9.4,Night,2023-10-22,Margaret,79.28
MCH-2526,Robotic Arm,Rajkot,19,373.63,741,12.37,Low,31.8,16,15.3,Evening,2023-08-27,Blake,70.19
MCH-2527,3D Printer,Surat,20,1275.63,1608,8.9,High,39.0,25,0.8,Morning,2024-03-11,Jonathan,93.22
MCH-2528,Robotic Arm,Pune,12,683.48,99,13.07,Low,30.5,18,3.6,Night,2022-11-02,Brett,71.19
MCH-2529,3D Printer,Ahmedabad,18,407.08,765,10.36,Medium,24.6,7,7.9,Night,2024-05-18,Lori,79.54
MCH-2530,Laser Cutter,Vadodara,4,1166.62,1165,13.82,Medium,33.9,20,10.5,Night,2024-05-08,Scott,73.05
MCH-2531,,Surat,11,851.3,872,10.34,Medium,33.2,7,2.2,Morning,2025-04-14,Nicholas,83.83
MCH-2532,Packaging Unit,Ahmedabad,13,484.81,1622,10.34,Medium,25.2,23,3.8,Morning,2023-06-12,Mark,89.48
MCH-2533,CNC,Pune,22,1669.89,1494,6.76,Low,29.9,4,6.7,morning,2025-03-31,Daniel,91.85
MCH-2534,3D Printer,Pune,22,509.07,1115,7.98,Medium,28.4,2,3.6,Evening,2022-04-22,Laura,90.08
MCH-2535,CNC,Vadodara,20,1267.65,318,13.04,High,33.3,13,5.4,Morning,2025-02-10,Angela,70.98
MCH-2536,,Vadodara,16,165.93,367,13.47,High,,22,4.3,Evening,2022-03-07,Todd,72.87
MCH-2537,Robotic Arm,Ahmedabad,16,641.59,375,0.78,Low,24.3,24,1.8,Morning,2022-10-17,Manuel,99.39
MCH-2538,3D Printer,Rajkot,16,564.25,1282,14.31,Medium,,3,1.5,Evening,2022-05-08,James,80.21
MCH-2539,Laser Cutter,Surat,23,697.2,1412,5.27,Low,24.7,12,7.7,Night,2025-03-04,Cindy,94.84
MCH-2540,CNC,Rajkot,7,451.13,1125,2.48,Low,38.7,9,2.2,Night,2023-12-04,Charles,102.23
MCH-2541,3D Printer,Ahmedabad,13,266.35,1443,11.01,Low,31.1,16,12.2,morning,2023-10-22,Ryan,81.08
MCH-2542,Packaging Unit,Ahmedabad,10,622.28,606,4.66,High,,18,1.6,Night,2024-03-28,Kathleen,93.72
MCH-2543,Laser Cutter,Rajkot,10,1252.22,1571,5.08,Medium,33.7,14,11.6,Evening,2022-01-09,Michael,93.02
MCH-2544,3D Printer,Ahmedabad,6,459.15,536,6.04,Medium,40.4,15,11.4,Night,2022-09-07,Traci,83.75
MCH-2545,Laser Cutter,Vadodara,8,988.06,483,13.26,,20.4,16,18.9,Evening,2023-04-12,Matthew,62.86
MCH-2546,3D Printer,Ahmedabad,7,435.14,88,12.49,Medium,26.8,23,6.1,Morning,2024-01-03,John,70.86
MCH-2547,CNC,Pune,22,1120.37,1002,14.13,High,27.0,29,3.7,Evening,2024-08-10,Benjamin,75.9
MCH-2548,3D Printer,Pune,20,349.94,186,14.3,Medium,21.1,21,6.8,Morning,2022-11-03,,67.69
MCH-2549,Packaging Unit,Vadodara,6,457.82,1196,5.63,,20.8,26,1.2,Evening,2022-04-13,Patrick,97.21
MCH-2550,Laser Cutter,Pune,8,217.31,1732,10.47,Low,29.8,27,3.9,Evening,2025-01-03,Shannon,90.45
MCH-2551,CNC,Rajkot,12,480.18,484,10.4,Low,41.0,2,24.3,Morning,2025-01-16,Angelica,65.54
MCH-2552,Laser Cutter,Surat,22,889.79,1935,11.59,High,29.3,6,5.4,Morning,2023-05-15,Steven,87.89
MCH-2553,Laser Cutter,Vadodara,17,870.29,1099,6.4,High,32.3,17,4.2,morning,2023-05-08,Gary,92.18
MCH-2554,CNC,Surat,7,798.39,1383,6.45,Low,32.3,29,2.4,Night,2022-06-04,Brian,95.8
MCH-2555,Robotic Arm,Vadodara,13,250.53,1266,4.69,Low,28.9,12,3.1,Night,2024-05-01,Morgan,98.64
MCH-2556,3D Printer,Vadodara,17,746.83,1021,4.7,Medium,37.5,9,5.3,Night,2023-12-27,Kimberly,94.33
MCH-2557,3D Printer,Pune,19,810.1,669,3.36,Medium,,18,20.1,Morning,2024-10-15,Charles,83.63
MCH-2558,Packaging Unit,Surat,18,492.37,1150,1.45,High,23.9,23,0.7,Morning,2022-04-09,John,105.49
MCH-2559,3D Printer,Pune,13,872.28,1208,12.82,Medium,32.4,24,9.5,Morning,2022-08-08,Michelle,76.53
MCH-2560,,Surat,17,1009.21,213,10.16,Low,31.5,4,0.5,Morning,2023-03-08,Susan,79.66
MCH-2561,Robotic Arm,Vadodara,22,491.1,770,8.12,Medium,,26,5.9,Morning,2022-09-17,Alexandria,85.35
MCH-2562,3D Printer,Vadodara,16,1906.02,1334,0.76,Low,33.7,4,18.0,Morning,2024-07-23,Dylan,94.27
MCH-2563,,Rajkot,17,1919.36,50,7.14,Medium,26.4,9,73.19999999999999,Night,2022-03-15,David,77.25
MCH-2564,,Surat,11,888.95,1986,12.98,High,22.5,7,1.8,Morning,2025-02-13,Victoria,88.06
MCH-2565,Packaging Unit,Pune,8,196.19,1359,3.34,High,27.3,6,3.0,Night,2023-09-26,Brian,102.26
MCH-2566,Packaging Unit,Ahmedabad,22,237.32,813,1.16,High,38.6,27,10.6,Evening,2022-12-05,Brian,96.7
MCH-2567,CNC,Rajkot,14,948.93,1691,0.68,Medium,28.6,2,18.3,Evening,2024-01-16,Darryl,98.57
MCH-2568,3D Printer,Vadodara,22,1639.72,324,13.17,Low,34.2,18,5.1,Evening,2022-12-18,Sara,70.45
MCH-2569,Laser Cutter,Surat,13,722.77,256,6.12,Low,32.2,18,8.5,Morning,2022-03-16,Thomas,82.91
MCH-2570,3D Printer,Rajkot,23,894.52,1542,0.95,Medium,27.6,11,1.0,Evening,2023-04-01,Erica,108.97
MCH-2571,CNC,Surat,15,359.84,1554,0.95,Medium,32.1,17,3.6,Morning,2025-04-03,April,108.02
MCH-2572,,Ahmedabad,4,583.65,848,2.85,High,46.9,21,0.4,Night,2022-07-12,Rachael,100.25
MCH-2573,,Ahmedabad,13,470.74,781,5.25,Medium,22.6,26,4.8,Night,2024-04-23,Ryan,91.98
MCH-2574,CNC,Surat,22,237.07,957,14.1,Medium,31.4,11,7.3,Night,2025-04-12,Brandon,74.33
MCH-2575,Robotic Arm,Pune,19,1170.62,606,8.84,High,36.1,8,3.1,Night,2024-02-19,Nancy,83.53
MCH-2576,Robotic Arm,Pune,10,,1494,9.06,Medium,34.2,22,10.5,Evening,2023-09-07,Brenda,85.93
MCH-2577,CNC,Surat,16,,1894,0.63,Medium,20.0,22,5.6,Morning,2022-07-03,Roy,108.61
MCH-2578,Packaging Unit,Ahmedabad,17,639.76,1733,0.97,High,28.9,9,1.2,Night,2023-09-08,Heather,110.75
MCH-2579,3D Printer,Rajkot,4,917.07,1200,14.93,Medium,21.8,17,2.1,Evening,2024-05-01,Lisa,77.36
MCH-2580,3D Printer,Vadodara,23,,1948,14.07,High,32.3,14,3.6,Evening,2022-01-13,Michael,84.2
MCH-2581,Robotic Arm,Surat,15,657.57,1182,11.37,Low,31.9,2,1.4,Night,2022-04-25,Brian,85.19
MCH-2582,,Rajkot,7,949.86,364,11.91,,22.6,15,17.6,Night,2024-05-06,Ronald,65.54
MCH-2583,Packaging Unit,Surat,17,1194.81,278,7.85,Low,25.1,2,0.9,Evening,2023-01-02,Albert,84.28
MCH-2584,Robotic Arm,Vadodara,9,1758.56,1405,8.88,High,35.9,8,14.4,morning,2024-03-01,Ethan,81.36
MCH-2585,Robotic Arm,Vadodara,15,2017.03,1034,3.35,Medium,21.3,25,12.8,Night,2025-02-26,Brooke,90.08
MCH-2586,3D Printer,Surat,11,1591.66,1487,13.17,High,34.2,3,9.3,Night,2023-06-27,Eric,77.27
MCH-2587,Laser Cutter,Ahmedabad,14,182.44,274,0.19,High,21.6,3,6.7,Morning,2022-07-12,Chad,96.95
MCH-2588,CNC,Ahmedabad,8,526.32,687,2.95,Medium,26.5,24,3.1,Morning,2023-05-08,Connie,96.9
MCH-2589,3D Printer,Pune,13,338.64,603,12.61,Medium,24.4,29,0.0,Night,2023-08-12,Mariah,79.32
MCH-2590,3D Printer,Surat,7,191.8,822,8.32,Low,30.9,3,10.8,Evening,2022-11-02,Stephanie,82.38
MCH-2591,,Pune,11,1156.84,857,5.19,,30.4,6,1.1,Evening,2025-01-13,Kelly,94.34
MCH-2592,Laser Cutter,Rajkot,7,528.32,614,2.32,Low,28.7,9,14.8,Evening,2023-03-04,Heather,89.36
MCH-2593,,Ahmedabad,9,336.92,485,13.19,Medium,24.0,29,10.9,Night,2022-01-22,Jeffrey,69.55
MCH-2594,3D Printer,Vadodara,4,1133.71,961,3.67,Low,36.4,5,5.6,Evening,2024-01-22,Rebecca,95.13
MCH-2595,3D Printer,Pune,7,495.81,1213,7.6,Low,26.4,27,7.4,Evening,2023-05-03,Heather,89.02
MCH-2596,Robotic Arm,Ahmedabad,4,438.25,769,10.44,Low,32.3,19,17.2,Morning,2023-10-10,Jennifer,72.86
MCH-2597,Robotic Arm,Pune,8,885.04,145,3.59,,38.6,3,25.3,Morning,2024-07-15,Juan,75.05
MCH-2598,3D Printer,Ahmedabad,18,1185.54,675,14.91,Low,21.4,11,5.0,Evening,2023-07-19,Jason,70.61
MCH-2599,3D Printer,Vadodara,17,1300.97,1224,2.3,High,21.0,6,1.5,Night,2024-03-29,Amanda,102.69
MCH-2600,Packaging Unit,Vadodara,22,,1246,10.72,High,33.9,13,8.0,Night,2022-01-23,Eric,82.37
MCH-2601,Robotic Arm,Ahmedabad,13,1182.68,1404,1.28,Low,28.5,25,5.3,Evening,2024-10-31,,103.74
MCH-2602,Packaging Unit,Pune,4,433.2,412,9.56,HIGH,,21,8.9,Morning,2023-06-24,Alexis,77.46
MCH-2603,CNC,Pune,8,1404.76,224,10.04,High,31.8,15,11.3,morning,2022-10-25,Michael,71.87
MCH-2604,Laser Cutter,Vadodara,12,476.04,546,8.59,Medium,20.0,8,0.4,Evening,2024-12-24,Stephanie,86.41
MCH-2605,Packaging Unit,Ahmedabad,7,429.37,97,0.62,Medium,26.0,24,8.3,Night,2024-05-17,Stephen,93.14
MCH-2606,CNC,Rajkot,23,500.85,104,4.3,Medium,39.4,12,4.9,Night,2022-11-22,Anna,88.12
MCH-2607,Packaging Unit,Surat,9,957.11,506,2.89,Medium,,6,3.7,Morning,2024-09-23,Andrew,94.48
MCH-2608,CNC,Vadodara,19,721.27,731,13.5,HIGH,,8,35.2,Morning,2024-08-04,Stephen,53.42
MCH-2609,Packaging Unit,Vadodara,16,,506,2.66,Low,,21,1.0,Evening,2024-03-13,Caitlin,96.02
MCH-2610,Laser Cutter,Rajkot,5,1230.12,1402,3.0,Low,40.1,23,8.0,Evening,2023-08-16,Cody,98.33
MCH-2611,CNC,Ahmedabad,4,916.12,1490,3.98,Low,28.6,17,0.4,Morning,2022-08-26,Jeffrey,102.87
MCH-2612,3D Printer,Ahmedabad,22,945.3,548,8.65,Low,20.9,16,4.7,Evening,2024-06-23,Jay,82.63
MCH-2613,Packaging Unit,Ahmedabad,18,799.41,1056,3.81,High,25.3,4,2.1,Evening,2024-04-26,Andres,98.57
MCH-2614,3D Printer,Ahmedabad,8,977.1,539,9.87,High,39.7,12,12.7,Evening,2024-03-30,Adam,74.47
MCH-2615,CNC,Pune,4,660.82,557,6.18,High,36.7,7,1.8,Morning,2024-02-02,Craig,90.08
MCH-2616,Robotic Arm,Ahmedabad,22,278.23,1151,14.94,,33.9,4,0.6,Evening,2022-02-20,Linda,78.89
MCH-2617,CNC,Rajkot,4,480.23,472,12.06,Medium,32.4,14,20.4,Morning,2024-10-04,Daniel,64.85
MCH-2618,Robotic Arm,Rajkot,18,442.0,707,12.91,High,26.1,10,4.4,Evening,2024-06-23,Betty,76.36
MCH-2619,Laser Cutter,Pune,7,339.49,1027,12.69,Low,29.5,21,4.8,Night,2022-08-12,Kathryn,79.33
MCH-2620,Laser Cutter,Vadodara,22,,293,1.92,High,31.6,3,0.9,Morning,2024-10-13,Joanna,97.2
MCH-2621,3D Printer,Pune,9,1277.96,1886,9.84,Medium,24.8,6,18.9,Evening,2024-08-28,Doris,80.98
MCH-2622,Packaging Unit,Vadodara,12,574.86,555,13.25,Low,25.9,11,1.0,Evening,2023-07-13,Kristin,76.6
MCH-2623,3D Printer,Ahmedabad,20,459.51,1573,14.94,High,33.1,17,21.6,Morning,2022-01-04,Whitney,67.45
MCH-2624,,Surat,16,550.05,410,14.31,Low,,28,6.8,Night,2022-01-02,Michael,69.25
MCH-2625,CNC,Ahmedabad,11,964.41,1975,11.69,Medium,36.1,12,26.7,Evening,2023-08-22,Tara,73.01
MCH-2626,Robotic Arm,Vadodara,16,466.33,762,1.16,HIGH,21.0,19,8.5,Evening,2022-02-21,Melissa,97.41
MCH-2627,CNC,Ahmedabad,4,446.13,1068,9.62,Low,42.4,3,11.2,Evening,2023-08-31,Susan,81.18
MCH-2628,3D Printer,Pune,11,586.06,778,11.34,Medium,29.4,21,11.2,Evening,2022-07-18,Bryce,75.13
MCH-2629,Laser Cutter,Pune,16,363.51,972,5.03,Low,27.6,29,15.6,Morning,2023-12-11,Joann,86.6
MCH-2630,CNC,Surat,21,280.47,1057,11.83,High,22.4,17,4.5,Night,2024-04-05,Daniel,81.6
MCH-2631,CNC,Ahmedabad,8,793.48,697,1.38,High,32.8,4,26.0,Night,2023-10-17,Jack,83.71
MCH-2632,Packaging Unit,Ahmedabad,13,1087.55,1276,2.47,Medium,29.0,11,0.1,Morning,2022-02-24,Johnny,104.07
MCH-2633,Robotic Arm,Pune,13,404.73,1666,12.44,,36.7,2,9.5,Morning,2023-07-10,Melissa,81.78
MCH-2634,Packaging Unit,Vadodara,6,246.71,913,6.47,High,24.1,28,0.2,Night,2022-03-23,Kaitlin,94.18
MCH-2635,Packaging Unit,Vadodara,21,515.45,302,9.44,High,23.3,29,30.0,Evening,2024-08-25,Lisa,61.9
MCH-2636,CNC,Rajkot,9,307.69,778,4.92,,24.5,18,0.6,Evening,2024-09-10,John,95.78
MCH-2637,Packaging Unit,Rajkot,9,386.52,976,2.16,Low,28.6,13,18.3,Morning,2023-05-02,Christopher,90.45
MCH-2638,CNC,Vadodara,11,1100.46,1336,12.15,,27.1,25,4.6,Evening,2025-04-07,,82.04
MCH-2639,3D Printer,Ahmedabad,9,1345.84,1328,4.87,Low,29.7,2,3.6,Evening,2022-01-05,Felicia,96.88
MCH-2640,Packaging Unit,Rajkot,10,1185.61,169,0.19,Low,33.4,25,11.5,Evening,2023-08-22,Heather,91.28
MCH-2641,Laser Cutter,Rajkot,22,467.39,1454,6.87,Medium,28.7,3,0.3,Night,2024-03-16,Sharon,97.5
MCH-2642,Packaging Unit,Ahmedabad,18,169.53,911,7.9,HIGH,30.2,16,3.6,Evening,2022-05-03,John,89.03
MCH-2643,CNC,Rajkot,14,523.51,1234,4.78,High,37.2,22,21.0,Night,2024-08-20,Kayla,85.28
MCH-2644,CNC,Rajkot,18,448.04,471,13.95,Low,41.8,13,21.2,Evening,2022-10-25,,60.54
MCH-2645,CNC,Pune,7,1232.26,873,10.57,,31.4,13,13.8,Night,2022-05-12,Brandi,74.71
MCH-2646,CNC,Surat,15,751.73,1090,12.22,High,33.1,24,5.6,Night,2024-05-05,Heather,79.65
MCH-2647,3D Printer,Vadodara,17,1051.39,901,13.2,High,28.1,26,2.8,Evening,2024-02-15,Maria,77.65
MCH-2648,,Ahmedabad,15,440.58,414,3.62,High,28.4,17,12.0,Night,2022-10-28,Steven,87.18
MCH-2649,3D Printer,Surat,22,1094.53,154,7.53,,,24,3.7,Evening,2022-01-16,Kristin,82.07
MCH-2650,3D Printer,Surat,6,748.51,384,6.99,Low,22.9,19,3.8,Morning,2023-07-13,Kristen,85.49
MCH-2651,CNC,Pune,4,460.66,1032,10.71,Medium,26.6,19,0.3,Morning,2025-02-03,Sandra,86.31
MCH-2652,Laser Cutter,Vadodara,22,333.92,603,5.13,Medium,34.1,9,1.5,Morning,2023-02-26,Renee,93.24
MCH-2653,Laser Cutter,Ahmedabad,18,471.34,273,7.07,Low,27.5,22,4.9,morning,2023-12-07,Spencer,84.03
MCH-2654,3D Printer,Surat,22,1007.25,1720,1.83,Low,34.5,2,9.7,Evening,2023-03-14,Ruth,102.44
MCH-2655,Packaging Unit,Pune,12,299.23,109,4.63,Low,35.3,28,5.2,Night,2024-08-01,Calvin,87.58
MCH-2656,Laser Cutter,Pune,7,722.47,1743,11.34,Low,31.0,4,3.4,Morning,2022-10-01,Glenn,88.43
MCH-2657,Packaging Unit,Surat,5,1022.44,1152,11.39,Medium,31.3,10,0.7,Evening,2023-02-23,Tammy,84.87
MCH-2658,Packaging Unit,Pune,21,738.93,971,5.39,Medium,26.8,29,48.7,Morning,2024-05-07,Mary,62.17
MCH-2659,Packaging Unit,Surat,7,1070.88,341,10.61,High,28.8,6,7.4,Morning,2022-06-23,Joshua,74.91
MCH-2660,Laser Cutter,Surat,9,690.81,1452,2.02,High,26.6,17,27.9,Morning,2024-12-12,Mary,87.54
MCH-2661,Robotic Arm,Ahmedabad,15,474.64,1457,13.06,Low,35.7,13,8.7,Morning,2023-04-08,David,79.25
MCH-2662,Laser Cutter,Ahmedabad,8,650.34,1840,2.33,Medium,18.1,20,2.7,Morning,2025-03-25,Jessica,107.85
MCH-2663,Robotic Arm,Vadodara,23,457.75,169,2.66,Medium,24.7,4,1.5,Evening,2025-02-13,Elizabeth,94.38
MCH-2664,Robotic Arm,Vadodara,7,913.89,1871,2.27,Medium,23.2,18,0.6,Night,2025-03-31,Richard,109.33
MCH-2665,CNC,Vadodara,18,593.91,763,5.27,High,29.7,11,1.5,Morning,2024-12-12,Donald,93.92
MCH-2666,Packaging Unit,Pune,19,1261.3,941,0.7,Low,33.3,21,8.7,Evening,2024-01-14,Sandra,98.55
MCH-2667,Packaging Unit,Rajkot,8,589.39,1341,12.56,HIGH,28.2,17,24.3,Morning,2022-10-05,Andrew,68.2
MCH-2668,3D Printer,Rajkot,13,876.59,966,4.33,Low,35.7,21,0.1,Morning,2022-09-22,Kerri,98.07
MCH-2669,CNC,Ahmedabad,18,649.75,104,2.26,High,35.6,28,21.9,Morning,2024-04-24,Lee,80.09
MCH-2670,Robotic Arm,Surat,20,688.28,529,2.57,High,29.7,23,7.5,Evening,2022-09-13,Edward,93.04
MCH-2671,Robotic Arm,Rajkot,13,719.52,1246,11.99,Low,26.5,16,35.8,Evening,2023-12-06,,60.32
MCH-2672,Packaging Unit,Surat,7,601.81,117,0.59,Medium,33.2,24,2.9,Evening,2023-08-06,Sharon,96.91
MCH-2673,Laser Cutter,Surat,11,345.29,379,11.66,Medium,30.8,12,0.3,Morning,2023-04-14,Christopher,79.14
MCH-2674,Packaging Unit,Pune,17,750.23,1842,0.64,High,,27,19.7,Night,2024-03-21,Pamela,99.21
MCH-2675,Robotic Arm,Pune,7,323.89,115,8.6,Medium,32.1,18,4.2,Morning,2022-12-26,Mark,80.36
MCH-2676,Packaging Unit,Surat,22,772.84,966,2.73,Medium,38.5,23,0.1,Morning,2025-01-19,Isaiah,101.42
MCH-2677,Laser Cutter,Vadodara,11,669.33,1703,10.12,Low,27.6,14,1.2,Morning,2025-04-07,,92.16
MCH-2678,Packaging Unit,Surat,5,1361.74,1025,13.43,High,34.5,28,3.6,Evening,2022-03-08,Patrick,77.22
MCH-2679,Robotic Arm,Vadodara,8,1037.16,1216,13.69,Low,28.2,3,3.1,Evening,2022-02-25,Pamela,79.1
MCH-2680,3D Printer,Ahmedabad,9,297.17,1284,0.24,Low,27.4,23,13.9,Morning,2023-06-22,George,100.07
MCH-2681,Robotic Arm,Pune,23,852.5,1152,3.66,,27.2,24,21.9,Evening,2024-10-19,Brent,85.73
MCH-2682,Packaging Unit,Surat,14,643.06,378,10.5,,23.7,22,7.7,Evening,2022-11-01,Elizabeth,75.84
MCH-2683,3D Printer,Vadodara,6,661.79,934,9.46,Medium,31.8,25,21.7,Night,2024-02-12,Kara,72.73
MCH-2684,Robotic Arm,Ahmedabad,4,393.47,381,8.22,Low,23.9,24,1.0,Night,2025-03-22,Michael,85.47
MCH-2685,,Rajkot,15,760.43,248,12.87,Low,35.3,11,0.5,Evening,2022-01-15,Jacob,74.89
MCH-2686,Laser Cutter,Vadodara,14,666.44,1413,12.79,Low,32.1,14,2.0,Night,2023-08-24,Dawn,83.84
MCH-2687,Robotic Arm,Vadodara,20,311.99,1026,2.57,Medium,24.5,25,25.3,Morning,2023-06-08,Mark,85.25
MCH-2688,Laser Cutter,Rajkot,8,193.47,442,6.76,Medium,32.2,2,0.8,Night,2023-08-28,,89.33
MCH-2689,3D Printer,Ahmedabad,22,356.41,672,10.24,High,29.3,23,6.8,Morning,2022-09-27,Benjamin,79.85
MCH-2690,CNC,Pune,21,492.69,1557,6.4,High,38.3,16,8.3,Morning,2023-10-14,James,93.66
MCH-2691,Robotic Arm,Surat,21,664.22,1073,6.09,High,36.9,8,3.1,Evening,2022-09-01,Krista,93.64
MCH-2692,Packaging Unit,Surat,20,534.0,1592,7.78,High,27.5,21,9.9,Evening,2024-08-29,William,90.01
MCH-2693,Robotic Arm,Surat,8,667.07,737,13.47,Low,29.1,26,9.3,Night,2024-06-23,Kendra,71.74
MCH-2694,,Surat,18,654.73,1183,5.83,Medium,37.0,11,11.4,Evening,2023-10-11,John,89.28
MCH-2695,Laser Cutter,Pune,10,1339.88,598,8.73,Low,31.9,26,4.6,Night,2024-01-21,Chris,82.39
MCH-2696,Laser Cutter,Pune,17,650.51,1280,9.66,Low,25.5,15,8.9,Morning,2022-12-24,Thomas,84.19
MCH-2697,Packaging Unit,Pune,10,727.99,1594,7.24,High,46.7,8,12.0,Night,2022-04-27,Rebecca,89.36
MCH-2698,3D Printer,Vadodara,19,493.46,100,12.66,High,37.3,22,5.7,Night,2023-06-16,Christopher,70.82
MCH-2699,,Rajkot,14,234.14,1986,8.79,Low,32.6,22,3.6,Morning,2022-01-27,Regina,96.12
MCH-2700,Robotic Arm,Vadodara,18,525.65,1202,9.22,Medium,24.3,26,4.8,Evening,2022-08-09,Juan,87.47
MCH-2701,Laser Cutter,Pune,14,383.78,833,13.81,High,26.5,13,7.6,Night,2022-12-17,Bonnie,73.45
MCH-2702,3D Printer,Pune,9,831.07,1722,5.02,Low,40.3,20,47.7,Evening,2025-03-06,Jonathan,69.73
MCH-2703,CNC,Rajkot,15,158.41,1958,8.28,High,50.6,23,9.0,Morning,2023-11-27,Stephanie,93.23
MCH-2704,Laser Cutter,Ahmedabad,7,516.34,903,6.67,Low,28.3,11,2.0,Morning,2025-01-07,Anne,92.05
MCH-2705,3D Printer,Ahmedabad,8,1059.55,1063,14.38,HIGH,36.4,7,18.0,Evening,2024-01-04,Matthew,65.98
MCH-2706,Laser Cutter,Surat,6,723.29,403,12.14,High,33.1,15,4.6,Evening,2025-03-28,Luke,74.83
MCH-2707,3D Printer,Vadodara,12,,359,2.43,Low,30.8,3,0.4,Night,2024-08-15,Candace,97.14
MCH-2708,Laser Cutter,Surat,18,982.14,1512,12.98,Low,26.3,25,5.7,Night,2022-03-31,Allen,81.25
MCH-2709,Robotic Arm,Vadodara,13,798.25,1439,12.06,Medium,,28,19.7,Morning,2023-10-14,Spencer,72.94
MCH-2710,,Surat,16,1103.69,1572,11.25,Medium,28.3,12,1.5,Evening,2024-11-11,Steven,87.97
MCH-2711,3D Printer,Ahmedabad,5,625.37,965,9.03,Low,34.5,13,9.5,Morning,2022-05-23,Jenna,82.44
MCH-2712,Laser Cutter,Vadodara,4,562.81,812,2.68,High,23.2,13,4.5,Night,2023-03-15,Jody,97.45
MCH-2713,Robotic Arm,Pune,22,321.83,1251,5.06,Medium,,12,9.9,Evening,2022-10-23,Bryan,92.92
MCH-2714,Robotic Arm,Ahmedabad,21,398.1,289,1.42,High,,28,1.4,Evening,2023-07-23,Victoria,98.02
MCH-2715,Packaging Unit,Pune,18,550.76,249,5.56,Low,31.6,4,2.9,Night,2022-11-06,Dawn,88.14
MCH-2716,Packaging Unit,Ahmedabad,13,1256.47,229,5.07,High,,3,7.6,Night,2022-08-30,Travis,84.65
MCH-2717,,Ahmedabad,22,360.18,461,1.81,Medium,31.3,28,3.9,Morning,2022-06-20,Mathew,96.98
MCH-2718,Packaging Unit,Ahmedabad,12,415.27,920,1.3,Medium,30.4,7,1.6,Evening,2024-06-11,Angel,103.35
MCH-2719,3D Printer,Pune,4,448.98,1791,4.13,Medium,31.3,5,7.8,Evening,2024-09-25,Tammy,100.56
MCH-2720,Laser Cutter,Surat,6,1030.88,1545,13.64,Low,24.1,6,0.5,Evening,2022-12-14,Lisa,83.77
MCH-2721,CNC,Rajkot,22,1440.19,1147,13.77,Medium,29.4,20,2.1,Morning,2023-06-12,John,78.49
MCH-2722,Packaging Unit,Ahmedabad,18,391.91,283,1.56,Medium,32.1,17,29.1,Evening,2022-12-18,Jonathan,78.31
MCH-2723,Packaging Unit,Rajkot,11,513.65,897,1.47,High,34.2,23,0.7,Night,2024-05-09,,103.31
MCH-2724,CNC,Rajkot,11,933.31,1533,13.79,Low,27.1,6,11.9,Night,2023-12-22,Anthony,75.53
MCH-2725,,Ahmedabad,14,1006.62,224,6.34,Low,35.2,24,8.0,Morning,2023-05-06,,82.15
MCH-2726,Packaging Unit,Pune,5,228.5,188,5.54,Medium,40.1,25,4.5,Morning,2024-09-17,Derek,87.01
MCH-2727,,Vadodara,6,592.48,1228,7.1,High,34.2,18,4.0,Evening,2023-11-25,Patricia,92.39
MCH-2728,CNC,Vadodara,10,514.66,483,13.07,Low,35.3,23,0.0,Morning,2022-11-24,Douglas,77.15
MCH-2729,3D Printer,Vadodara,14,1210.77,1214,10.0,High,23.9,14,5.2,Morning,2025-02-11,Justin,84.75
MCH-2730,CNC,Vadodara,5,1623.12,996,12.01,Low,18.6,16,23.1,Night,2024-05-08,Mark,65.79
MCH-2731,CNC,Surat,19,1282.49,57,12.1,Medium,29.2,27,6.5,Morning,2024-04-09,Richard,69.89
MCH-2732,,Rajkot,10,1202.64,231,11.06,Medium,28.5,19,6.5,Morning,2023-04-15,Gregory,73.54
MCH-2733,,Rajkot,11,273.45,1107,7.51,Medium,24.8,14,3.8,Morning,2025-02-04,Justin,91.15
MCH-2734,Laser Cutter,Rajkot,19,491.11,1955,5.27,,49.0,27,5.1,Evening,2023-12-20,Paul,101.48
MCH-2735,Robotic Arm,Pune,18,1070.78,123,12.99,High,31.6,16,2.4,Evening,2024-04-02,Kelly,71.84
MCH-2736,Laser Cutter,Ahmedabad,11,674.81,463,4.68,Medium,30.4,9,15.7,Night,2022-01-12,Devin,82.54
MCH-2737,Packaging Unit,Vadodara,13,749.81,1221,6.83,,28.0,22,5.2,Night,2022-03-08,Lori,91.8
MCH-2738,Laser Cutter,Ahmedabad,14,473.89,1049,7.24,Low,25.5,5,12.9,Morning,2023-05-18,Amy,84.55
MCH-2739,3D Printer,Rajkot,21,668.87,1743,14.86,Medium,22.0,6,2.9,morning,2023-08-17,Whitney,81.82
MCH-2740,3D Printer,Vadodara,5,274.12,1629,10.33,Low,26.7,27,7.0,Night,2025-01-13,Susan,87.62
MCH-2741,Packaging Unit,Vadodara,6,1556.58,844,13.81,High,34.8,9,0.9,Evening,2022-08-18,Ryan,76.56
MCH-2742,3D Printer,Rajkot,20,401.72,866,6.81,High,31.2,10,12.4,Evening,2024-04-12,Megan,84.34
MCH-2743,Packaging Unit,Surat,13,527.68,1736,4.47,Medium,29.8,6,14.7,Morning,2022-05-10,Sharon,94.48
MCH-2744,Packaging Unit,Ahmedabad,5,336.45,361,13.53,Low,35.0,27,4.2,Morning,2024-02-01,Sarah,72.53
MCH-2745,CNC,Vadodara,21,722.73,413,7.08,High,40.0,25,6.4,Evening,2024-06-05,Robert,83.77
MCH-2746,Laser Cutter,Rajkot,21,773.5,98,8.59,High,29.4,10,3.3,Evening,2022-03-22,Hannah,80.22
MCH-2747,CNC,Vadodara,17,791.66,1772,12.43,Medium,27.7,18,2.6,Evening,2023-04-10,Tracy,86.96
MCH-2748,Packaging Unit,Vadodara,16,167.84,580,2.67,Medium,40.8,12,22.2,Morning,2024-03-12,Scott,83.71
MCH-2749,Robotic Arm,Surat,10,997.71,170,3.15,High,35.7,27,3.1,Night,2023-08-23,Robin,91.52
MCH-2750,Robotic Arm,Pune,7,764.07,1263,12.51,Medium,33.6,20,0.3,Night,2022-08-29,Joseph,84.2
MCH-2751,Packaging Unit,Vadodara,4,581.08,212,7.12,Low,35.2,29,5.6,Morning,2022-02-12,David,82.78
MCH-2752,Robotic Arm,Pune,5,1327.73,945,12.81,Medium,31.9,9,5.6,Night,2024-06-08,Lynn,76.44
MCH-2753,Laser Cutter,Ahmedabad,8,1013.3,413,13.76,High,30.2,21,7.3,Evening,2022-10-31,Donald,69.36
MCH-2754,CNC,Surat,7,348.04,1160,10.47,Medium,28.9,26,2.7,Evening,2024-05-12,Joseph,86.34
MCH-2755,Laser Cutter,Ahmedabad,15,325.98,1328,3.7,Medium,24.4,11,2.3,Morning,2023-01-10,David,101.59
MCH-2756,3D Printer,Rajkot,23,690.91,1735,14.15,Medium,,20,13.7,Evening,2023-04-18,Christopher,75.58
MCH-2757,CNC,Pune,23,1097.96,772,2.41,Medium,30.4,13,2.4,Evening,2023-07-09,Kellie,98.36
MCH-2758,CNC,Pune,4,479.58,717,7.94,Medium,26.4,16,1.6,Morning,2022-02-12,Christina,88.29
MCH-2759,Laser Cutter,Pune,14,149.7,1845,0.88,Low,,4,0.0,Night,2022-07-25,Jimmy,113.4
MCH-2760,,Pune,19,768.89,1162,1.24,Low,14.9,24,8.0,Night,2025-03-19,,100.5
MCH-2761,,Pune,13,489.77,1222,6.36,Medium,31.0,2,6.2,Night,2024-10-22,,92.42
MCH-2762,Laser Cutter,Ahmedabad,20,1566.95,162,8.07,Low,23.8,18,1.7,Morning,2023-12-01,Dennis,81.78
MCH-2763,Robotic Arm,Rajkot,16,656.96,79,4.06,,28.3,26,0.2,Morning,2022-12-14,Paul,91.46
MCH-2764,Laser Cutter,Ahmedabad,14,518.74,1725,5.31,,21.6,10,5.2,Morning,2024-06-21,Nathaniel,99.37
MCH-2765,Robotic Arm,Vadodara,23,627.09,111,0.47,Low,26.4,24,4.7,morning,2022-01-24,Bonnie,95.8
MCH-2766,Laser Cutter,Ahmedabad,20,268.01,1607,9.71,High,25.9,24,6.7,Morning,2022-06-01,Paul,88.9
MCH-2767,Packaging Unit,Rajkot,23,,167,0.88,Medium,,14,9.3,Evening,2023-08-03,Ronald,92.41
MCH-2768,3D Printer,Ahmedabad,15,617.26,1884,9.19,Medium,19.9,5,9.0,Morning,2023-04-30,Heather,90.14
MCH-2769,Packaging Unit,Vadodara,17,4597.92,1995,0.98,Medium,22.7,5,31.799999999999997,Morning,2022-12-24,Debbie,110.13
MCH-2770,Packaging Unit,Ahmedabad,18,1564.74,1918,7.05,Low,42.7,11,6.4,Night,2024-02-11,Michael,95.17
MCH-2771,3D Printer,Rajkot,11,487.16,996,11.48,Low,24.7,10,0.3,Night,2024-03-24,Kimberly,84.43
MCH-2772,Robotic Arm,Rajkot,19,1208.27,1150,3.38,Medium,19.0,14,11.7,Morning,2022-08-13,Jeffrey,92.91
MCH-2773,Packaging Unit,Pune,10,182.75,1392,10.88,Medium,33.0,3,2.1,Night,2024-07-19,Daniel,88.11
MCH-2774,3D Printer,Rajkot,17,1115.43,908,7.27,Low,11.3,6,5.9,morning,2023-09-27,Bryan,87.3
MCH-2775,3D Printer,Rajkot,8,,1058,11.08,Medium,23.2,24,7.1,Evening,2025-04-12,Kathleen,80.21
MCH-2776,Laser Cutter,Surat,21,657.19,379,8.39,High,33.2,25,4.6,Evening,2022-03-09,Howard,82.22
MCH-2777,CNC,Rajkot,4,1157.09,544,4.13,Low,32.1,21,8.4,Evening,2022-11-19,Jennifer,88.74
MCH-2778,Laser Cutter,Ahmedabad,7,466.51,1963,12.62,Low,27.8,13,7.6,Evening,2022-03-04,Keith,85.13
MCH-2779,CNC,Surat,4,681.93,1829,1.42,Medium,27.4,28,3.8,Morning,2022-06-09,Paige,108.77
MCH-2780,Packaging Unit,Ahmedabad,10,825.84,822,4.27,Low,33.8,4,0.3,Morning,2023-02-04,Steven,96.92
MCH-2781,Laser Cutter,Vadodara,14,234.18,1330,4.84,Medium,34.9,14,4.3,Night,2022-03-18,Maria,98.06
MCH-2782,Packaging Unit,Ahmedabad,19,1025.29,474,5.68,,25.0,23,10.6,Evening,2022-06-22,Victor,83.71
MCH-2783,3D Printer,Vadodara,17,925.68,1316,10.34,Medium,,6,5.2,Evening,2024-02-02,Craig,85.32
MCH-2784,Laser Cutter,Vadodara,22,352.09,193,2.02,Medium,29.0,11,5.6,morning,2022-06-05,,93.15
MCH-2785,,Pune,9,895.63,469,9.08,Medium,36.6,17,3.5,Night,2024-08-23,Richard,82.02
MCH-2786,3D Printer,Ahmedabad,12,949.24,633,7.75,Low,40.0,10,0.2,Evening,2025-02-10,Jade,88.28
MCH-2787,Robotic Arm,Pune,14,283.97,607,5.98,Medium,24.7,24,1.4,Evening,2022-12-08,Jody,91.71
MCH-2788,Robotic Arm,Surat,20,856.77,1999,13.06,Medium,29.3,7,1.8,Evening,2022-10-08,Teresa,88.05
MCH-2789,CNC,Vadodara,10,,907,11.74,Low,30.1,19,20.9,Night,2024-02-20,Jon,69.07
MCH-2790,Robotic Arm,Pune,23,,1058,2.84,High,34.1,19,22.1,Night,2024-05-05,Krista,86.82
MCH-2791,Laser Cutter,Ahmedabad,20,1408.18,1171,6.08,Medium,34.4,3,13.4,Morning,2024-10-18,Vanessa,86.21
MCH-2792,Packaging Unit,Pune,15,418.8,1504,5.13,High,38.7,25,18.5,Evening,2024-10-15,,88.73
MCH-2793,Robotic Arm,Rajkot,6,998.21,776,13.62,High,23.5,17,0.6,Night,2025-03-07,Amber,77.38
MCH-2794,CNC,Ahmedabad,9,908.21,1729,2.74,Medium,26.3,13,10.6,Evening,2023-11-14,,100.21
MCH-2795,Robotic Arm,Ahmedabad,21,679.14,909,13.83,,29.7,22,6.6,Morning,2024-08-28,Charles,74.32
MCH-2796,Packaging Unit,Pune,11,,246,8.46,Medium,28.4,10,4.1,Night,2025-02-25,Lauren,81.47
MCH-2797,Laser Cutter,Ahmedabad,15,479.33,293,4.62,Low,25.2,15,0.8,Night,2023-10-25,Michael,91.96
MCH-2798,Robotic Arm,Ahmedabad,14,662.97,1875,4.5,Medium,29.1,29,4.1,Morning,2022-08-20,William,102.81
MCH-2799,3D Printer,Ahmedabad,13,1272.67,258,13.85,Low,30.9,5,31.8,Night,2022-06-17,Marie,50.37
MCH-2800,Packaging Unit,Rajkot,14,917.95,1979,9.56,Medium,40.6,24,24.4,Morning,2023-01-13,Jeanette,78.98
MCH-2801,Robotic Arm,Surat,12,983.33,509,9.31,HIGH,31.7,24,8.1,morning,2022-10-21,Alicia,78.55
MCH-2802,,Surat,22,522.32,115,4.95,Low,34.0,29,15.2,Evening,2022-03-22,Robert,79.67
MCH-2803,Packaging Unit,Ahmedabad,22,623.5,535,9.66,Medium,36.4,2,14.4,Night,2022-07-02,,74.17
MCH-2804,Packaging Unit,Rajkot,8,382.92,1937,4.53,High,38.8,23,4.9,Morning,2024-10-07,Kevin,103.1
MCH-2805,Packaging Unit,Rajkot,13,334.49,1024,1.04,Low,34.0,7,15.7,Evening,2022-11-03,Sandra,94.99
MCH-2806,CNC,Pune,14,1158.35,769,1.53,Low,27.4,20,10.4,Night,2022-01-01,Joseph,94.41
MCH-2807,CNC,Vadodara,14,694.36,1428,2.3,Low,27.0,5,26.6,Morning,2024-04-08,John,87.69
MCH-2808,,Surat,21,,1652,13.33,High,32.4,7,5.5,Evening,2025-02-13,Jessica,81.72
MCH-2809,Packaging Unit,Ahmedabad,18,653.13,1268,9.09,Low,31.4,4,4.1,Evening,2023-08-14,,88.58
MCH-2810,Laser Cutter,Surat,19,607.48,1621,6.77,Medium,28.6,19,19.2,Night,2025-03-06,Thomas,85.66
MCH-2811,3D Printer,Pune,13,614.56,595,5.08,Medium,32.6,20,3.5,Night,2024-02-27,David,91.47
MCH-2812,CNC,Pune,17,144.68,1423,10.2,Low,35.3,8,6.8,Night,2024-03-14,Tyrone,86.49
MCH-2813,,Pune,10,1238.62,203,0.81,High,40.6,4,2.9,Morning,2022-01-02,Rachel,96.27
MCH-2814,CNC,Pune,23,,313,5.34,Low,35.0,3,9.5,Evening,2023-11-09,Thomas,84.57
MCH-2815,3D Printer,Vadodara,12,1079.56,147,11.69,Medium,29.6,24,16.5,Morning,2022-01-17,Brooke,64.75
MCH-2816,CNC,Surat,8,702.45,1211,14.29,High,,6,5.8,Evening,2024-05-14,Kenneth,76.45
MCH-2817,Packaging Unit,Surat,22,883.42,747,14.24,High,24.1,20,8.3,Morning,2024-12-20,Julia,70.67
MCH-2818,CNC,Surat,22,1035.96,169,3.86,High,26.9,9,1.2,Evening,2022-01-05,Scott,91.37
MCH-2819,Laser Cutter,Vadodara,6,428.3,1087,12.95,High,18.6,25,6.7,Evening,2024-11-28,Sara,77.86
MCH-2820,Packaging Unit,Ahmedabad,7,395.56,639,1.69,High,31.6,20,0.8,Evening,2024-07-26,Laura,100.82
MCH-2821,Laser Cutter,Surat,21,596.53,514,6.28,High,37.3,8,15.3,Night,2024-11-14,Shawn,80.16
MCH-2822,Robotic Arm,Surat,4,1081.66,983,8.74,High,20.1,7,5.8,Night,2024-09-04,Isabel,85.11
MCH-2823,Robotic Arm,Surat,16,1054.92,1117,4.44,Low,39.5,6,13.2,Evening,2022-08-03,Eric,89.68
MCH-2824,Robotic Arm,Surat,9,637.0,780,3.86,High,27.2,7,2.9,Night,2024-04-21,Charles,95.84
MCH-2825,3D Printer,Surat,9,308.46,239,11.1,Low,27.8,27,3.3,Night,2025-02-10,Paul,77.04
MCH-2826,CNC,Rajkot,22,497.36,1956,2.75,High,34.9,3,19.4,Morning,2025-01-06,Leslie,96.51
MCH-2827,CNC,Rajkot,9,798.54,418,0.46,High,28.4,22,5.6,Evening,2023-07-20,Sarah,97.5
MCH-2828,Packaging Unit,Ahmedabad,6,643.88,312,11.83,High,28.5,22,11.0,Morning,2023-11-20,Stanley,70.32
MCH-2829,Laser Cutter,Rajkot,15,799.16,1477,12.77,Medium,35.8,16,1.3,Morning,2022-03-03,Michael,84.72
MCH-2830,Laser Cutter,Pune,9,893.1,377,14.47,High,27.6,15,9.4,Evening,2022-11-14,Diana,66.35
MCH-2831,Packaging Unit,Ahmedabad,6,372.33,861,0.17,Low,,17,4.8,Morning,2025-03-08,Sarah,102.94
MCH-2832,Robotic Arm,Vadodara,8,995.12,964,6.03,Low,24.5,21,5.2,Evening,2025-03-26,Robin,90.91
MCH-2833,Laser Cutter,Ahmedabad,22,968.57,1343,2.32,Medium,34.4,18,11.2,Evening,2025-01-08,Maria,97.33
MCH-2834,CNC,Ahmedabad,19,1862.48,639,6.29,Medium,23.4,21,5.2,Morning,2022-09-15,Patricia,86.44
MCH-2835,3D Printer,Vadodara,11,707.5,882,6.31,High,35.1,12,0.2,Evening,2024-02-09,Noah,93.58
MCH-2836,Laser Cutter,Vadodara,9,691.71,1156,14.04,Low,38.7,7,6.9,Evening,2022-05-16,Christina,75.74
MCH-2837,CNC,Pune,10,912.85,1235,3.36,Low,26.1,26,8.7,Night,2022-10-11,Nancy,96.18
MCH-2838,Robotic Arm,Surat,7,554.11,1183,6.77,High,23.2,19,11.3,Morning,2023-04-06,Angel,87.62
MCH-2839,3D Printer,Vadodara,12,399.23,1085,3.79,High,32.2,25,2.9,Morning,2024-05-22,Justin,98.86
MCH-2840,Robotic Arm,Pune,8,1297.34,250,4.85,Medium,24.1,22,1.0,Night,2024-03-28,Kristin,89.83
MCH-2841,CNC,Pune,16,913.5,64,14.81,High,21.4,22,19.5,Morning,2023-05-19,,55.96
MCH-2842,Robotic Arm,Ahmedabad,14,959.34,1279,3.57,Low,35.6,20,6.5,Night,2023-01-31,Belinda,97.6
MCH-2843,,Vadodara,6,369.68,1434,6.31,High,42.4,4,1.7,Morning,2023-08-26,Kimberly,97.61
MCH-2844,CNC,Rajkot,11,,1850,13.7,Medium,35.9,11,9.1,Morning,2024-05-09,Cindy,80.98
MCH-2845,Robotic Arm,Surat,4,775.63,1064,1.19,Low,30.8,11,14.7,Morning,2022-05-18,Patrick,95.09
MCH-2846,Packaging Unit,Surat,10,1129.21,1117,1.81,Medium,27.9,16,14.4,Evening,2022-11-26,Karen,94.0
MCH-2847,Packaging Unit,Rajkot,17,8664.96,1999,14.83,Low,33.4,26,7.800000000000001,Morning,2024-12-08,Brenda,84.54
MCH-2848,Robotic Arm,Vadodara,16,505.05,1296,5.41,High,41.2,7,36.6,Evening,2024-06-22,,73.64
MCH-2849,Robotic Arm,Ahmedabad,9,1028.67,141,5.42,High,30.1,7,2.5,Night,2023-04-20,Jennifer,87.12
MCH-2850,Packaging Unit,Pune,10,1114.65,925,5.6,High,24.0,12,7.5,Night,2023-05-30,James,89.67
MCH-2851,,Ahmedabad,18,276.82,946,12.87,Low,33.7,19,5.2,Evening,2022-10-20,Angela,78.11
MCH-2852,CNC,Rajkot,19,1440.69,541,14.95,Low,36.2,19,7.0,Evening,2022-12-23,Kevin,67.65
MCH-2853,Robotic Arm,Surat,9,446.24,1892,5.72,Low,36.4,9,0.7,Evening,2024-07-07,Jessica,103.2
MCH-2854,3D Printer,Surat,23,869.64,520,12.5,Low,28.4,19,4.5,Night,2024-08-08,Charles,74.94
MCH-2855,Laser Cutter,Surat,11,696.75,85,13.91,Medium,22.3,6,19.6,Night,2022-01-27,Amy,58.17
MCH-2856,Robotic Arm,Rajkot,8,712.29,992,10.66,Medium,39.5,6,26.3,Night,2022-11-21,Brandy,67.52
MCH-2857,Packaging Unit,Surat,22,387.89,1537,10.51,Low,24.0,7,4.1,Evening,2023-07-31,Andrew,88.36
MCH-2858,3D Printer,Surat,10,842.13,190,10.19,High,31.8,3,10.0,Evening,2023-03-15,Justin,73.0
MCH-2859,3D Printer,Vadodara,16,476.64,1033,6.35,Low,29.4,7,15.6,Evening,2022-05-03,Benjamin,84.31
MCH-2860,Laser Cutter,Surat,22,526.34,300,9.25,High,24.9,7,8.8,Evening,2023-07-20,Isabel,77.09
MCH-2861,Laser Cutter,Rajkot,20,1118.17,1413,0.64,Low,20.1,17,4.1,Evening,2025-04-04,Crystal,106.03
MCH-2862,3D Printer,Vadodara,23,838.71,1717,1.15,High,25.8,23,4.7,Night,2023-07-13,Aaron,107.52
MCH-2863,CNC,Vadodara,12,592.78,1717,6.64,,27.4,18,22.7,Morning,2024-03-06,Kenneth,84.29
MCH-2864,Packaging Unit,Vadodara,5,942.39,1808,11.25,High,37.9,20,9.2,Evening,2022-03-21,,84.78
MCH-2865,Robotic Arm,Rajkot,10,2853.76,1909,2.29,HIGH,23.8,4,46.8,Evening,2022-04-30,Derrick,105.36
MCH-2866,3D Printer,Rajkot,18,548.33,76,2.88,High,28.1,15,1.1,Morning,2022-01-04,Jill,93.32
MCH-2867,Laser Cutter,Vadodara,4,615.63,882,13.64,Low,27.5,24,7.4,Evening,2023-12-11,Adam,74.01
MCH-2868,Laser Cutter,Ahmedabad,10,678.43,1711,12.69,Medium,,2,6.1,Night,2023-03-07,Ronald,83.64
MCH-2869,Laser Cutter,Pune,14,587.12,223,11.37,Low,27.4,15,18.8,Night,2022-01-22,,65.12
MCH-2870,3D Printer,Pune,21,792.29,435,0.59,Medium,37.0,2,12.7,Night,2023-05-11,Jonathan,92.42
MCH-2871,Laser Cutter,Pune,21,462.69,333,12.47,Low,34.7,25,4.1,morning,2023-02-01,Michelle,74.3
MCH-2872,CNC,Pune,16,435.83,952,5.02,Medium,26.4,14,3.4,Morning,2022-02-03,Mary,94.89
MCH-2873,CNC,Rajkot,16,517.67,567,0.61,Medium,26.8,26,19.2,Evening,2022-08-13,Timothy,89.33
MCH-2874,Packaging Unit,Surat,11,880.6,682,8.83,Low,35.5,16,5.6,Evening,2024-12-20,Laurie,82.85
MCH-2875,Packaging Unit,Vadodara,20,664.79,330,4.57,Medium,38.2,3,3.9,Evening,2024-11-01,Rose,89.93
MCH-2876,CNC,Vadodara,7,735.4,1812,2.33,High,37.3,28,15.1,Morning,2025-01-30,Tyler,98.82
MCH-2877,3D Printer,Pune,6,432.46,521,6.72,Low,24.0,8,22.0,Morning,2025-01-06,David,74.88
MCH-2878,Packaging Unit,Ahmedabad,22,462.89,352,14.45,Low,,20,2.6,Night,2024-04-06,Tyler,71.55
MCH-2879,Packaging Unit,Ahmedabad,9,890.07,1712,9.07,Low,32.4,17,4.5,Evening,2025-02-07,Christina,91.71
MCH-2880,3D Printer,Vadodara,10,232.06,1081,4.74,Medium,31.0,19,11.8,Night,2022-08-15,Aaron,90.94
MCH-2881,Packaging Unit,Rajkot,20,1601.2,1291,8.52,High,21.9,14,2.9,Night,2024-04-30,Jasmine,89.4
MCH-2882,Robotic Arm,Vadodara,20,878.74,751,11.19,Medium,29.9,29,12.3,Night,2025-01-25,Natasha,74.01
MCH-2883,Robotic Arm,Vadodara,15,1571.12,840,11.03,Medium,17.8,18,19.4,Evening,2023-01-11,Brian,69.12
MCH-2884,CNC,Surat,8,1143.21,1630,7.61,Medium,21.4,19,16.9,Morning,2022-11-29,Courtney,84.9
MCH-2885,Robotic Arm,Surat,22,470.41,1497,10.19,High,33.2,3,7.2,Evening,2022-11-26,Kenneth,86.38
MCH-2886,Robotic Arm,Vadodara,4,497.35,54,1.19,High,32.3,20,4.4,Evening,2022-08-26,Theodore,94.28
MCH-2887,3D Printer,Vadodara,4,345.66,1467,4.35,High,38.0,27,27.1,Evening,2023-12-21,Thomas,84.06
MCH-2888,Packaging Unit,Vadodara,12,761.14,1608,2.35,High,26.5,14,6.7,Night,2023-02-12,Kevin,102.92
MCH-2889,CNC,Pune,10,514.35,1813,10.32,Low,26.8,8,9.8,Night,2024-05-21,Erica,86.87
MCH-2890,Laser Cutter,Ahmedabad,18,351.19,84,9.3,Low,25.7,14,10.3,Evening,2025-02-22,David,74.39
MCH-2891,Laser Cutter,Rajkot,23,996.84,1463,1.9,Medium,22.7,28,6.6,Night,2022-06-15,Stephen,102.35
MCH-2892,3D Printer,Pune,14,,536,1.26,Medium,32.4,18,3.0,Evening,2024-09-28,Amy,99.0
MCH-2893,CNC,Rajkot,4,462.89,85,14.06,High,45.0,28,2.7,Morning,2022-04-22,Karen,70.04
MCH-2894,Robotic Arm,Rajkot,4,1214.42,485,5.75,Medium,18.0,7,3.8,Morning,2025-02-17,,88.15
MCH-2895,Robotic Arm,Vadodara,6,1325.94,1289,4.57,Low,33.9,14,0.5,Morning,2022-02-14,Jose,99.36
MCH-2896,Laser Cutter,Ahmedabad,4,534.36,557,12.53,Low,34.4,9,23.4,Night,2025-01-22,John,62.44
MCH-2897,Robotic Arm,Surat,15,1076.55,1651,12.71,Medium,31.1,11,4.3,Night,2024-04-25,Angela,83.79
MCH-2898,CNC,Surat,6,446.44,1839,11.89,Low,26.3,11,12.5,Evening,2023-07-13,Michael,82.16
MCH-2899,Robotic Arm,Vadodara,20,779.89,1451,0.97,Medium,31.2,7,24.5,Night,2024-02-18,Amanda,91.89
MCH-2900,Laser Cutter,Rajkot,4,,1446,6.22,Low,32.2,19,3.0,Morning,2023-04-08,David,96.71
MCH-2901,Robotic Arm,Rajkot,16,,687,11.67,High,24.2,19,5.9,Night,2023-09-28,Stephanie,77.64
MCH-2902,CNC,Rajkot,12,323.2,1814,7.05,Low,29.2,24,7.1,Morning,2024-10-17,William,95.58
MCH-2903,CNC,Vadodara,11,564.05,1839,13.51,High,24.4,19,2.8,Night,2025-01-08,Krista,85.54
MCH-2904,Robotic Arm,Vadodara,20,660.58,1520,5.0,High,37.0,18,2.8,Evening,2024-01-15,Sean,99.76
MCH-2905,Packaging Unit,Rajkot,14,198.46,892,8.25,Low,20.3,19,13.5,Morning,2024-03-09,Natalie,81.2
MCH-2906,3D Printer,Surat,20,237.08,1402,12.67,High,25.8,24,5.3,Evening,2024-04-20,Jennifer,82.29
MCH-2907,,Rajkot,7,857.46,1965,8.84,Medium,28.8,3,3.2,Evening,2024-06-30,Paul,95.23
MCH-2908,CNC,Pune,21,1126.96,1769,10.61,High,23.1,29,1.1,Morning,2023-09-04,Jeremy,91.14
MCH-2909,Laser Cutter,Ahmedabad,7,1202.56,56,13.84,Medium,32.8,17,7.1,Night,2023-05-30,Emily,66.1
MCH-2910,Packaging Unit,Ahmedabad,22,504.43,1006,14.41,HIGH,43.4,15,3.4,Morning,2022-01-19,Lucas,76.46
MCH-2911,Laser Cutter,Surat,7,,1297,14.89,High,,21,14.6,Night,2024-08-02,Wyatt,70.25
MCH-2912,Laser Cutter,Surat,7,509.78,740,5.12,High,26.6,20,2.2,Evening,2022-12-30,Lisa,93.66
MCH-2913,Laser Cutter,Pune,17,590.16,157,3.33,Medium,22.8,17,6.0,Morning,2022-01-06,Shawn,89.61
MCH-2914,,Ahmedabad,22,1793.29,1363,3.99,Low,28.6,25,4.0,Night,2022-01-07,Heather,98.02
MCH-2915,Laser Cutter,Rajkot,20,879.07,88,12.87,High,21.5,3,2.8,Evening,2022-09-28,Michael,71.78
MCH-2916,Robotic Arm,Ahmedabad,22,808.1,1325,1.6,Medium,36.4,12,4.1,Night,2022-04-10,Robert,103.82
MCH-2917,CNC,Rajkot,13,796.53,276,7.67,Low,25.9,20,8.9,Evening,2024-08-13,Mary,79.59
MCH-2918,3D Printer,Rajkot,7,787.45,639,9.89,Medium,32.7,29,3.4,Night,2024-08-14,Andrea,82.04
MCH-2919,3D Printer,Vadodara,17,541.29,341,7.64,High,,25,8.7,Night,2022-08-15,Steven,80.7
MCH-2920,Packaging Unit,Rajkot,14,384.51,1251,5.71,Medium,37.0,5,4.5,Evening,2024-04-20,Shannon,95.31
MCH-2921,Packaging Unit,Pune,9,536.66,330,11.08,Medium,35.8,23,2.9,Evening,2023-11-03,Shawn,77.79
MCH-2922,3D Printer,Ahmedabad,21,525.24,775,5.07,High,28.0,16,1.2,Evening,2023-04-04,Nathan,94.73
MCH-2923,Robotic Arm,Ahmedabad,11,937.93,1438,8.74,High,28.0,10,0.3,Evening,2022-02-26,Lindsey,92.95
MCH-2924,CNC,Rajkot,18,720.77,947,14.07,High,30.1,2,12.2,Morning,2024-01-02,Sergio,70.18
MCH-2925,Robotic Arm,Vadodara,10,973.22,1252,5.29,,25.1,4,12.4,Night,2022-09-25,Leslie,89.78
MCH-2926,3D Printer,Ahmedabad,20,609.04,1033,10.62,Medium,29.3,6,32.7,Morning,2022-02-14,Nancy,63.61
MCH-2927,3D Printer,Surat,22,947.01,813,14.81,High,19.5,13,6.3,Evening,2023-06-28,Kathleen,71.39
MCH-2928,CNC,Ahmedabad,6,310.45,1734,8.86,Medium,28.4,24,2.8,Morning,2022-11-16,Christina,94.33
MCH-2929,,Surat,7,1010.29,1988,0.53,High,35.7,24,14.8,Morning,2023-08-02,Philip,103.7
MCH-2930,Packaging Unit,Vadodara,14,1136.04,808,9.45,Medium,44.7,28,12.7,Night,2022-08-13,Karen,77.32
MCH-2931,Packaging Unit,Ahmedabad,6,718.45,745,12.48,Low,23.1,27,14.2,Morning,2025-01-29,Kenneth,70.28
MCH-2932,Robotic Arm,Rajkot,11,393.41,1675,6.21,High,32.0,29,15.6,Night,2022-10-29,Kimberly,90.06
MCH-2933,3D Printer,Ahmedabad,13,721.62,769,10.14,Low,34.3,6,33.8,Evening,2022-07-27,Desiree,61.44
MCH-2934,Robotic Arm,Rajkot,19,241.93,1033,10.16,High,32.6,24,0.7,Morning,2023-10-17,Travis,87.45
MCH-2935,Packaging Unit,Rajkot,11,325.96,1740,11.84,Medium,32.8,18,2.1,Morning,2023-09-07,Michelle,88.88
MCH-2936,Laser Cutter,Vadodara,11,1078.46,1068,4.61,Medium,26.0,20,1.5,Night,2024-02-07,Tanya,97.09
MCH-2937,CNC,Vadodara,12,1491.08,1698,10.58,High,39.9,25,15.5,Morning,2023-12-22,Christopher,80.01
MCH-2938,3D Printer,Ahmedabad,17,674.38,350,10.41,Low,32.9,4,1.5,Evening,2022-08-14,Richard,80.08
MCH-2939,3D Printer,Pune,8,538.57,153,12.12,High,23.3,16,1.5,Night,2022-01-30,Holly,75.22
MCH-2940,Laser Cutter,Ahmedabad,10,,1340,3.77,High,33.5,28,4.7,Evening,2024-10-11,Judy,99.36
MCH-2941,3D Printer,Vadodara,8,337.36,225,1.23,Low,36.9,26,2.5,Evening,2024-07-08,Mason,97.18
MCH-2942,,Vadodara,4,,1420,1.17,Low,26.9,3,5.7,Evening,2024-02-13,Vanessa,104.95
MCH-2943,Laser Cutter,Surat,7,159.45,1006,13.45,Low,23.7,16,12.7,Evening,2022-10-16,,72.37
MCH-2944,Packaging Unit,Surat,10,890.27,585,0.97,Low,26.7,28,2.4,Night,2024-02-16,,99.98
MCH-2945,CNC,Surat,4,315.71,1399,2.23,High,36.6,5,9.2,Night,2023-08-08,William,100.31
MCH-2946,Packaging Unit,Vadodara,13,1304.55,1539,4.62,High,32.0,13,4.7,Morning,2025-02-06,Justin,98.43
MCH-2947,Laser Cutter,Ahmedabad,22,515.07,1610,4.35,Medium,23.7,2,5.8,Morning,2024-05-10,Eric,99.92
MCH-2948,Robotic Arm,Pune,13,241.98,1853,4.34,Medium,28.6,19,1.0,Night,2024-06-03,Tami,105.72
MCH-2949,CNC,Vadodara,12,370.41,1443,14.68,Medium,31.0,8,3.2,Morning,2024-06-07,Scott,79.9
MCH-2950,Robotic Arm,Vadodara,20,508.54,570,8.57,Medium,30.1,12,0.9,Morning,2023-07-21,Sarah,86.25
MCH-2951,3D Printer,Vadodara,16,531.37,900,2.82,Low,22.9,13,35.3,Evening,2024-01-25,Annette,76.39
MCH-2952,CNC,Surat,5,511.49,78,12.79,Medium,30.2,11,4.1,Evening,2023-07-16,Patrick,71.47
MCH-2953,Robotic Arm,Pune,15,573.73,74,5.25,High,27.8,9,4.2,Night,2023-01-27,Amanda,86.36
MCH-2954,Robotic Arm,Ahmedabad,14,402.05,954,13.94,Medium,33.7,24,4.9,Morning,2023-05-01,Brian,76.07
MCH-2955,Robotic Arm,Pune,13,561.01,1967,5.18,High,32.3,4,0.1,Evening,2024-09-08,Latasha,105.16
MCH-2956,,Ahmedabad,9,291.31,248,12.57,High,,6,12.6,Evening,2023-03-11,Patricia,67.69
MCH-2957,CNC,Rajkot,21,814.24,1391,11.53,Medium,34.6,8,2.9,Evening,2024-09-06,Frederick,85.34
MCH-2958,Packaging Unit,Surat,8,304.65,953,14.37,High,24.0,19,3.3,Evening,2024-06-30,Victoria,76.46
MCH-2959,3D Printer,Ahmedabad,10,574.26,468,9.49,High,30.2,25,12.3,Morning,2024-05-07,Miranda,75.49
MCH-2960,,Pune,22,1537.73,1716,3.49,,,4,15.0,Night,2024-08-18,Jeff,94.62
MCH-2961,Robotic Arm,Vadodara,7,384.06,1353,9.01,Medium,29.4,2,14.8,Morning,2022-11-29,Daniel,82.35
MCH-2962,Laser Cutter,Ahmedabad,16,450.72,967,8.02,Medium,29.8,15,14.0,Morning,2022-02-18,Allison,81.57
MCH-2963,Laser Cutter,Rajkot,18,404.05,1654,3.07,High,,14,1.6,Night,2024-01-05,Doris,105.95
MCH-2964,3D Printer,Surat,6,1107.58,1200,8.22,Low,30.3,17,0.9,Evening,2024-12-02,Janet,91.35
MCH-2965,Packaging Unit,Pune,5,484.23,1708,10.69,High,34.0,26,3.5,Evening,2022-04-25,Devon,89.71
MCH-2966,Packaging Unit,Vadodara,12,865.82,1341,13.64,High,27.8,19,1.2,Night,2023-02-13,Rebecca,81.82
MCH-2967,CNC,Ahmedabad,5,1482.6,1705,7.71,High,33.9,15,4.8,Night,2024-09-26,Amy,93.31
MCH-2968,,Pune,10,1200.08,1391,1.07,High,19.9,23,3.9,Morning,2022-09-26,,105.01
MCH-2969,Robotic Arm,Vadodara,23,912.76,1921,13.86,High,14.0,19,0.9,Morning,2023-11-08,Nicholas,86.35
MCH-2970,Packaging Unit,Surat,9,702.98,457,5.97,Medium,32.7,4,8.5,Morning,2024-09-01,John,84.91
MCH-2971,Packaging Unit,Ahmedabad,8,307.09,1507,5.97,HIGH,30.4,11,4.2,Night,2022-10-05,Jeremy,97.24
MCH-2972,Laser Cutter,Surat,10,,1871,13.07,Medium,33.4,13,1.6,Night,2023-11-14,Carla,87.55
MCH-2973,Robotic Arm,Vadodara,19,373.56,641,10.64,High,35.7,18,2.9,Morning,2023-04-05,Dawn,81.5
MCH-2974,CNC,Surat,14,,1015,11.94,HIGH,29.8,28,10.1,Night,2023-04-06,David,76.68
MCH-2975,CNC,Rajkot,14,582.86,932,13.41,Medium,20.4,18,7.6,Night,2022-09-26,Christopher,74.79
MCH-2976,CNC,Ahmedabad,13,897.45,1654,5.27,Low,32.5,4,16.2,Evening,2024-09-05,Gregory,90.62
MCH-2977,CNC,Rajkot,20,496.04,1322,6.53,Medium,,4,7.5,Night,2024-03-20,Douglas,92.0
MCH-2978,Laser Cutter,Ahmedabad,12,624.42,228,4.81,Medium,23.9,2,5.9,Night,2022-09-26,Melissa,87.26
MCH-2979,CNC,Vadodara,23,570.36,916,5.97,Medium,28.3,26,4.6,Night,2022-06-07,James,91.66
MCH-2980,Laser Cutter,Pune,13,270.94,620,13.9,Medium,41.9,22,13.0,Evening,2024-10-10,Steven,67.88
MCH-2981,Packaging Unit,Surat,5,528.69,233,7.0,High,37.1,24,14.0,Morning,2024-12-16,Kathleen,77.39
MCH-2982,Laser Cutter,Surat,10,959.93,1355,13.02,Medium,23.2,23,0.3,Night,2023-08-20,Jennifer,83.67
MCH-2983,3D Printer,Vadodara,12,715.44,589,2.45,Medium,39.7,16,0.1,Night,2022-08-09,Andrew,98.92
MCH-2984,3D Printer,Vadodara,18,242.11,1796,1.95,Medium,38.2,22,6.6,Morning,2023-09-22,Dennis,106.1
MCH-2985,Packaging Unit,Rajkot,23,525.61,1775,7.09,High,26.6,17,3.5,Morning,2024-08-14,Veronica,97.41
MCH-2986,Robotic Arm,Rajkot,19,795.55,338,8.08,Medium,16.9,23,7.5,Night,2022-12-28,Terri,80.27
MCH-2987,3D Printer,Pune,21,866.88,1228,9.39,High,34.5,4,7.0,Night,2024-08-01,Ashley,85.31
MCH-2988,Laser Cutter,Surat,4,512.94,549,1.46,Medium,22.4,14,0.5,Evening,2024-07-06,Sarah,100.57
MCH-2989,Packaging Unit,Pune,5,,1573,8.3,High,20.2,13,0.9,Morning,2023-07-18,Christopher,94.56
MCH-2990,Robotic Arm,Pune,8,956.35,1970,5.07,Low,29.8,29,0.7,Morning,2023-06-04,Julian,104.42
MCH-2991,3D Printer,Vadodara,19,404.05,503,10.62,Low,24.1,14,3.1,Evening,2023-09-03,William,80.2
MCH-2992,Robotic Arm,Vadodara,13,1042.46,1412,2.77,High,30.5,26,1.3,Evening,2024-12-17,Todd,103.83
MCH-2993,,Ahmedabad,7,335.18,859,6.35,Medium,26.2,11,13.0,Night,2023-08-25,Jeremy,84.88
MCH-2994,CNC,Rajkot,12,1361.75,1455,13.27,High,23.6,26,0.2,Night,2023-05-10,Mary,83.5
MCH-2995,CNC,Vadodara,8,1196.96,1001,8.23,High,29.2,2,2.2,Night,2022-10-09,Brian,88.63
MCH-2996,3D Printer,Ahmedabad,23,1129.45,1041,12.3,Medium,36.8,17,0.5,Evening,2022-09-28,Summer,82.11
MCH-2997,Robotic Arm,Vadodara,13,294.73,134,7.81,Low,24.2,26,1.2,Evening,2025-01-15,Carrie,84.24
MCH-2998,3D Printer,Rajkot,16,402.08,1041,2.41,Low,17.5,23,5.5,Morning,2022-12-04,Christopher,99.43
MCH-2999,Robotic Arm,Vadodara,12,901.99,69,8.0,Medium,29.0,13,21.8,Evening,2024-06-28,Kevin,68.03
MCH-3000,Laser Cutter,Rajkot,8,571.9,1645,12.12,Low,36.8,16,17.5,Morning,2025-01-06,Victor,76.4
MCH-3001,,Vadodara,15,885.07,1021,11.7,Low,27.7,2,6.8,Night,2022-08-30,Alan,79.08
MCH-3002,3D Printer,Ahmedabad,11,667.45,230,3.97,High,39.4,27,1.3,Morning,2024-09-09,Monica,92.11
MCH-3003,Robotic Arm,Vadodara,23,728.2,1002,7.63,High,24.8,4,5.1,Evening,2025-02-22,David,88.48
MCH-3004,Laser Cutter,Rajkot,21,870.25,1983,9.86,High,34.9,29,6.4,Morning,2024-04-02,Christina,91.08
MCH-3005,Robotic Arm,Vadodara,17,741.47,1538,7.01,Medium,35.2,27,8.0,Night,2024-09-26,Timothy,92.14
MCH-3006,Laser Cutter,Rajkot,5,739.65,1263,13.77,Low,38.4,16,3.9,Morning,2022-12-30,Lisa,79.2
MCH-3007,Robotic Arm,Rajkot,18,294.28,789,9.16,High,31.3,7,5.4,Evening,2024-02-04,Luke,84.05
MCH-3008,3D Printer,Ahmedabad,11,886.65,144,14.51,High,32.5,14,0.4,Evening,2024-10-02,Crystal,70.63
MCH-3009,3D Printer,Surat,18,1322.81,1765,7.77,Low,21.9,20,3.3,Evening,2025-03-30,Ryan,94.97
MCH-3010,Packaging Unit,Ahmedabad,13,554.69,489,6.61,Medium,31.3,5,8.4,Night,2025-02-16,Danielle,84.18
MCH-3011,Laser Cutter,Rajkot,15,973.78,109,3.39,High,24.7,20,8.5,Morning,2022-09-21,John,86.79
MCH-3012,CNC,Pune,15,,78,4.7,Low,30.4,15,9.5,Evening,2024-12-03,Andrea,83.27
MCH-3013,Packaging Unit,Rajkot,11,577.01,1235,10.42,High,,22,3.7,Night,2025-03-04,Sarah,86.04
MCH-3014,CNC,Rajkot,18,395.24,1940,14.2,High,35.6,3,3.3,Night,2024-11-04,,84.89
MCH-3015,Laser Cutter,Pune,22,749.33,773,10.56,High,32.2,8,2.2,Evening,2024-10-08,Christopher,82.71
MCH-3016,3D Printer,Pune,19,322.74,1435,9.71,High,33.8,3,1.9,Night,2024-07-13,,90.75
MCH-3017,CNC,Vadodara,14,968.39,880,7.97,,34.5,21,2.9,Evening,2022-11-09,Paige,87.98
MCH-3018,,Surat,10,659.75,1110,5.05,High,,9,2.0,Night,2024-07-23,Lisa,96.81
MCH-3019,Packaging Unit,Rajkot,22,467.36,1510,14.23,High,28.8,12,14.2,Night,2022-09-29,Autumn,73.52
MCH-3020,,Pune,5,571.58,1168,3.7,Low,15.8,22,4.2,Night,2024-05-19,Olivia,98.58
MCH-3021,3D Printer,Surat,22,909.54,1284,3.22,Medium,38.2,14,1.7,Night,2022-02-18,Christopher,101.77
MCH-3022,Robotic Arm,Rajkot,9,1006.02,550,4.15,Medium,22.5,19,2.5,Morning,2022-12-21,Michael,93.1
MCH-3023,Laser Cutter,Surat,8,862.96,743,2.55,Low,30.0,12,0.2,Evening,2024-03-07,Jeffrey,99.72
MCH-3024,Robotic Arm,Rajkot,12,731.51,407,10.94,Low,29.8,18,0.9,Morning,2023-06-10,Kristen,79.84
MCH-3025,Packaging Unit,Rajkot,15,341.91,1029,13.44,Medium,17.3,13,15.4,Morning,2025-04-14,Sean,70.43
MCH-3026,Laser Cutter,Surat,16,507.64,1163,12.07,,35.0,5,7.3,Evening,2022-05-12,Ian,79.72
MCH-3027,Robotic Arm,Pune,23,369.02,231,6.07,High,14.8,19,4.0,Night,2022-12-03,Jane,86.46
MCH-3028,CNC,Vadodara,11,371.24,1770,3.47,High,24.1,28,6.1,Evening,2024-08-31,Christopher,103.01
MCH-3029,Robotic Arm,Rajkot,18,741.42,1701,14.63,Low,31.0,28,1.6,Morning,2023-08-24,Jennifer,82.74
MCH-3030,3D Printer,Ahmedabad,5,656.42,407,8.5,Low,27.4,17,3.8,Night,2024-06-04,,82.79
MCH-3031,CNC,Rajkot,14,315.23,825,1.96,Low,26.5,12,15.4,Evening,2022-02-27,Vincent,91.72
MCH-3032,3D Printer,Pune,22,443.67,522,12.13,High,33.9,7,2.6,Night,2023-01-31,,77.64
MCH-3033,CNC,Rajkot,8,842.7,1961,9.52,High,25.7,26,27.0,Night,2024-06-18,Eric,77.2
MCH-3034,Packaging Unit,Vadodara,11,759.77,1639,7.75,Medium,32.3,20,2.4,Night,2024-02-18,Michael,95.39
MCH-3035,Laser Cutter,Ahmedabad,22,432.56,392,8.56,High,26.4,14,1.5,Morning,2022-02-15,Kelly,84.48
MCH-3036,CNC,Vadodara,15,391.27,965,1.44,High,33.6,12,13.1,Night,2023-08-24,,95.43
MCH-3037,Packaging Unit,Surat,20,872.55,488,14.29,Medium,36.2,7,7.2,Morning,2024-02-23,Dan,69.2
MCH-3038,Packaging Unit,Surat,14,162.79,1194,9.94,High,29.4,27,9.1,Night,2023-11-02,Paula,83.47
MCH-3039,Laser Cutter,Vadodara,11,603.11,1912,4.58,HIGH,35.8,12,0.2,Night,2023-09-26,John,105.77
MCH-3040,,Ahmedabad,21,520.21,316,12.52,High,22.7,10,1.1,Night,2022-05-18,Jose,76.08
MCH-3041,CNC,Surat,14,1744.04,296,7.18,HIGH,30.1,22,2.9,Evening,2024-06-13,Sarah,83.59
MCH-3042,Packaging Unit,Pune,22,309.34,588,5.99,Low,24.6,24,3.8,Night,2022-10-12,Billy,89.82
MCH-3043,Packaging Unit,Ahmedabad,5,,485,11.69,High,31.4,5,5.8,Evening,2022-07-26,George,76.2
MCH-3044,Laser Cutter,Rajkot,11,1140.22,175,0.93,Medium,36.2,10,11.6,Morning,2024-01-31,Robin,89.85
MCH-3045,3D Printer,Pune,22,260.7,416,14.3,Low,24.4,20,8.9,Evening,2024-03-09,Andrea,68.26
MCH-3046,Laser Cutter,Vadodara,17,590.17,835,12.38,Medium,37.0,25,1.5,Morning,2024-02-15,Hannah,80.31
MCH-3047,3D Printer,Pune,19,1152.73,1870,5.65,Low,38.6,2,6.7,Morning,2025-01-14,Michael,97.95
MCH-3048,3D Printer,Ahmedabad,4,834.09,726,6.97,Medium,28.4,21,9.5,Morning,2023-03-21,Nicholas,84.27
MCH-3049,Robotic Arm,Vadodara,17,1735.09,1689,12.86,Medium,31.8,13,3.5,Morning,2023-08-03,Joe,83.43
MCH-3050,3D Printer,Ahmedabad,9,1004.04,1015,6.74,Low,31.1,3,23.4,Morning,2022-02-26,Patricia,77.16
MCH-3051,Laser Cutter,Surat,18,787.52,376,10.8,Low,34.7,8,11.7,Morning,2022-08-19,Maria,72.22
MCH-3052,CNC,Rajkot,21,472.74,626,6.69,Low,27.5,10,0.9,Evening,2022-02-14,Randy,90.53
MCH-3053,Packaging Unit,Surat,16,677.51,58,14.23,Low,37.8,25,19.6,Evening,2022-05-30,Allen,57.34
MCH-3054,Laser Cutter,Vadodara,9,835.67,1392,5.32,Medium,27.6,11,1.6,Morning,2024-07-12,Patricia,98.65
MCH-3055,CNC,Pune,7,304.06,1742,3.71,Medium,33.5,20,19.4,morning,2023-12-10,Jack,93.08
MCH-3056,3D Printer,Ahmedabad,21,1187.3,1729,14.82,Medium,34.3,5,4.4,Morning,2022-06-26,Charles,79.99
MCH-3057,Robotic Arm,Vadodara,13,390.49,584,10.42,Low,31.0,26,2.9,Evening,2024-10-11,Amanda,81.44
MCH-3058,Laser Cutter,Pune,21,852.05,1160,11.55,Low,41.7,13,12.6,Evening,2022-04-06,Robert,76.53
MCH-3059,Packaging Unit,Pune,7,530.02,919,7.63,Low,28.3,16,3.9,Morning,2025-03-03,Matthew,88.91
MCH-3060,3D Printer,Rajkot,22,604.42,1939,9.98,,27.7,11,8.8,Morning,2022-08-01,John,89.17
MCH-3061,Robotic Arm,Surat,20,1376.43,436,4.31,Medium,33.5,2,22.7,Night,2024-11-30,Ronald,77.16
MCH-3062,Robotic Arm,Surat,11,567.4,348,10.46,Low,33.3,3,6.4,Night,2023-12-31,Connie,76.69
MCH-3063,3D Printer,Rajkot,8,813.2,1849,8.68,Low,31.5,27,3.2,Night,2025-02-02,Wendy,94.65
MCH-3064,,Rajkot,6,,203,12.59,Medium,29.2,14,3.8,morning,2025-03-19,Crystal,73.62
MCH-3065,3D Printer,Surat,7,687.66,1028,12.29,High,38.5,11,1.4,Night,2022-09-04,Nathan,82.02
MCH-3066,3D Printer,Pune,23,972.85,911,1.12,Medium,21.2,17,6.1,Morning,2025-01-04,Justin,99.69
MCH-3067,Laser Cutter,Vadodara,13,541.96,1764,4.16,Low,27.8,12,2.6,Night,2022-01-13,Bruce,103.79
MCH-3068,CNC,Rajkot,19,476.27,1549,2.64,Medium,,5,4.0,Morning,2022-11-29,Brandon,104.15
MCH-3069,3D Printer,Ahmedabad,18,507.22,1564,1.4,Low,24.6,14,0.9,Morning,2022-05-27,Gregory,108.88
MCH-3070,Laser Cutter,Surat,9,,1396,1.37,Medium,25.9,12,9.0,Night,2022-10-30,Jennifer,101.61
MCH-3071,3D Printer,Surat,13,594.51,692,5.4,High,32.0,11,1.7,Evening,2023-09-21,Matthew,92.93
MCH-3072,3D Printer,Pune,11,248.01,1436,5.35,High,38.6,2,1.9,Morning,2023-01-14,Emily,99.58
MCH-3073,Packaging Unit,Vadodara,23,320.82,1653,9.03,Low,30.3,26,0.5,Morning,2022-05-02,Jennifer,94.91
MCH-3074,Packaging Unit,Ahmedabad,12,429.19,628,14.48,High,27.0,3,5.0,Night,2023-11-09,William,72.16
MCH-3075,,Pune,21,,78,12.61,Medium,36.4,29,3.9,morning,2023-05-13,Kimberly,72.06
MCH-3076,Packaging Unit,Surat,23,713.01,643,8.39,Medium,47.0,19,17.6,Night,2023-03-04,Robert,75.24
MCH-3077,3D Printer,Surat,20,621.13,1741,2.67,Low,30.7,22,13.2,Evening,2024-10-14,Bruce,99.04
MCH-3078,Laser Cutter,Pune,14,723.87,1495,8.13,,32.3,6,4.9,Night,2022-05-21,Lauren,91.73
MCH-3079,3D Printer,Ahmedabad,18,1149.33,696,2.56,Low,,25,2.4,morning,2023-02-10,Jacob,97.36
MCH-3080,3D Printer,Vadodara,6,772.8,1329,12.38,Low,26.6,16,2.5,Morning,2022-05-11,Susan,83.46
MCH-3081,Laser Cutter,Vadodara,9,1375.83,1909,11.21,Low,30.1,16,9.4,Night,2025-02-22,Kayla,84.94
MCH-3082,CNC,Rajkot,7,,697,14.23,High,32.1,16,10.9,Evening,2022-02-22,Eric,68.96
MCH-3083,3D Printer,Ahmedabad,18,,1916,13.29,High,37.5,7,17.4,Morning,2024-10-14,Jennifer,74.2
MCH-3084,3D Printer,Pune,12,533.32,323,4.42,HIGH,19.3,15,0.6,Morning,2022-12-01,Richard,92.67
MCH-3085,Robotic Arm,Rajkot,19,926.94,1758,5.02,Medium,34.5,15,1.3,Night,2023-12-01,Joseph,102.38
MCH-3086,Laser Cutter,Rajkot,16,751.21,1811,8.73,Medium,30.5,21,3.1,Night,2025-03-22,Jill,94.39
MCH-3087,CNC,Vadodara,5,874.72,525,6.48,HIGH,34.2,11,12.8,Evening,2023-01-05,Cheryl,81.21
MCH-3088,3D Printer,Vadodara,9,724.83,1467,2.44,Medium,24.2,21,5.0,Morning,2022-11-27,,102.81
MCH-3089,3D Printer,Surat,12,1099.72,542,0.58,Medium,41.5,14,19.8,Night,2023-02-20,Caitlin,87.93
MCH-3090,Laser Cutter,Rajkot,17,335.98,164,4.09,Medium,23.7,25,7.7,Evening,2023-03-21,Daniel,87.32
MCH-3091,CNC,Rajkot,20,425.63,1787,5.36,High,34.3,6,1.6,Evening,2022-06-08,Philip,102.44
MCH-3092,,Pune,20,544.87,1648,6.65,Low,32.2,4,8.3,Evening,2022-04-18,Kenneth,93.84
MCH-3093,Robotic Arm,Rajkot,22,955.04,814,14.67,Low,38.9,7,0.3,Night,2023-11-10,,75.87
MCH-3094,Laser Cutter,Rajkot,9,957.56,1698,10.2,High,34.8,17,36.3,Morning,2024-05-15,,66.97
MCH-3095,3D Printer,Surat,22,164.37,1954,14.54,Medium,24.8,19,1.2,Evening,2023-02-18,Victoria,86.13
MCH-3096,Packaging Unit,Ahmedabad,13,824.76,1101,4.66,Low,32.9,25,1.2,Morning,2023-10-30,Rachel,97.84
MCH-3097,Laser Cutter,Rajkot,13,1174.44,542,4.49,Medium,20.5,24,3.4,Morning,2025-03-05,Mary,91.48
MCH-3098,Robotic Arm,Vadodara,19,231.3,862,7.15,Medium,29.3,29,6.7,Morning,2022-04-26,Erika,87.86
MCH-3099,CNC,Surat,20,678.98,1508,3.29,Medium,38.9,10,0.6,Morning,2022-10-30,Elizabeth,104.6
MCH-3100,Robotic Arm,Pune,16,1125.38,1966,14.58,High,26.9,27,2.9,Morning,2022-08-17,Joshua,83.59
MCH-3101,3D Printer,Pune,22,960.32,1351,14.43,Medium,36.2,8,10.4,Morning,2022-10-14,Patrick,73.75
MCH-3102,3D Printer,Vadodara,15,679.23,198,8.77,High,28.7,16,4.7,Night,2022-12-14,Samantha,79.85
MCH-3103,CNC,Ahmedabad,17,1439.07,451,0.92,Medium,20.5,26,4.6,Night,2024-08-06,Gavin,96.64
MCH-3104,CNC,Vadodara,23,655.9,234,9.01,Medium,20.2,26,4.0,Evening,2022-10-30,Joyce,80.19
MCH-3105,3D Printer,Rajkot,17,734.51,1521,1.28,,36.5,27,12.2,morning,2024-05-23,Jennifer,100.53
MCH-3106,Packaging Unit,Surat,11,651.79,893,6.44,Medium,26.4,9,5.9,Night,2023-01-03,Marc,89.5
MCH-3107,CNC,Vadodara,21,1189.1,1066,5.43,,28.2,19,2.7,Night,2024-01-26,Jeffrey,94.43
MCH-3108,Laser Cutter,Surat,14,463.94,117,10.35,Medium,22.4,16,17.7,Evening,2022-01-31,Jennifer,67.22
MCH-3109,Robotic Arm,Rajkot,7,938.54,1955,9.93,High,33.4,21,5.7,Night,2022-04-15,,91.1
MCH-3110,,Surat,20,373.54,345,4.02,Low,33.6,25,0.6,Night,2024-04-19,William,93.88
MCH-3111,Laser Cutter,Rajkot,6,1001.22,1670,7.16,Medium,27.2,6,1.1,Evening,2022-01-25,Travis,97.4
MCH-3112,CNC,Surat,8,422.27,1467,11.52,High,38.4,3,14.7,Evening,2023-12-30,Michelle,78.29
MCH-3113,Packaging Unit,Ahmedabad,14,671.4,938,9.75,Low,21.6,14,18.4,Evening,2023-03-17,Teresa,74.48
MCH-3114,Packaging Unit,Pune,14,374.4,645,7.14,Low,29.1,15,0.7,Evening,2024-05-17,Rachel,90.07
MCH-3115,Laser Cutter,Pune,13,907.24,1590,2.21,High,31.7,2,7.3,Evening,2023-02-14,Lisa,102.42
MCH-3116,3D Printer,Rajkot,21,558.91,293,11.48,High,25.1,28,10.0,Evening,2022-11-28,Theresa,71.68
MCH-3117,CNC,Surat,14,488.02,999,10.32,Medium,38.9,27,6.0,Evening,2024-02-21,Melissa,82.79
MCH-3118,CNC,Ahmedabad,5,731.85,1196,10.18,High,40.6,12,0.7,Night,2023-02-08,Richard,88.07
MCH-3119,3D Printer,Pune,23,424.59,1288,8.89,Low,38.7,16,11.9,Evening,2024-11-03,Brandi,84.02
MCH-3120,3D Printer,Rajkot,23,485.73,514,5.71,Low,29.7,4,4.5,Morning,2023-04-30,James,89.02
MCH-3121,3D Printer,Pune,7,453.45,1099,11.33,Medium,25.9,14,3.8,Night,2023-04-11,Janet,83.19
MCH-3122,Robotic Arm,Surat,6,1319.99,787,12.37,High,31.1,12,3.9,Night,2023-01-21,Paula,77.2
MCH-3123,Laser Cutter,Surat,8,877.91,249,13.14,High,34.2,15,0.1,Night,2022-05-02,Joseph,74.47
MCH-3124,Packaging Unit,Surat,20,1099.87,1297,1.93,Low,35.3,2,14.6,Night,2024-12-23,Mary,95.16
MCH-3125,Robotic Arm,Ahmedabad,4,,1237,10.67,Medium,24.7,24,8.4,Morning,2023-06-26,Nicole,82.17
MCH-3126,Packaging Unit,Vadodara,4,332.22,1091,6.61,Low,30.9,6,2.5,Evening,2022-10-27,Clarence,93.65
MCH-3127,CNC,Vadodara,22,691.49,1260,0.12,Medium,29.7,25,2.0,Night,2024-04-09,David,107.87
MCH-3128,CNC,Vadodara,7,261.48,630,12.37,Low,31.9,6,1.4,Morning,2023-12-30,Melinda,79.16
MCH-3129,CNC,Rajkot,21,388.76,57,6.88,High,30.8,2,4.0,Morning,2022-03-07,Danielle,83.36
MCH-3130,Robotic Arm,Pune,18,,1053,10.69,Low,29.4,25,1.2,Evening,2023-03-23,Sean,85.51
MCH-3131,CNC,Rajkot,22,1076.59,1307,5.94,High,31.2,23,27.7,Evening,2022-07-17,Christine,78.08
MCH-3132,Packaging Unit,Surat,6,324.14,1473,0.2,High,31.4,19,26.0,Night,2023-07-23,Robert,93.21
MCH-3133,Packaging Unit,Ahmedabad,12,690.19,568,8.33,High,25.0,9,3.1,Morning,2023-07-03,,84.92
MCH-3134,3D Printer,Pune,13,,1482,8.02,Medium,33.6,29,3.9,Morning,2023-10-16,Matthew,92.66
MCH-3135,CNC,Pune,12,582.22,228,8.73,High,33.1,2,3.1,Evening,2024-10-10,Patricia,81.44
MCH-3136,Packaging Unit,Surat,7,465.33,629,6.2,Medium,28.5,7,9.5,Morning,2023-09-09,,85.53
MCH-3137,CNC,Surat,11,707.61,1599,1.16,Low,35.6,9,11.0,Evening,2023-01-02,Joseph,102.29
MCH-3138,,Rajkot,9,437.27,1489,1.59,Low,33.9,19,10.2,Night,2023-04-09,Cody,101.46
MCH-3139,Robotic Arm,Ahmedabad,23,506.47,1142,14.03,Low,31.6,25,2.5,Morning,2022-06-28,John,78.98
MCH-3140,Laser Cutter,Pune,6,838.79,1418,14.55,Low,30.6,20,7.4,Morning,2022-01-25,Rebecca,76.34
MCH-3141,3D Printer,Pune,7,611.28,402,3.35,Medium,35.0,3,21.4,Night,2025-02-16,Timothy,80.8
MCH-3142,Laser Cutter,Rajkot,21,1205.19,1237,13.48,Low,24.8,22,2.6,Evening,2022-01-11,Austin,79.81
MCH-3143,CNC,Vadodara,15,1020.92,933,14.08,High,35.4,22,0.7,Evening,2022-12-20,William,77.67
MCH-3144,Packaging Unit,Surat,11,460.65,1834,12.16,Medium,17.5,14,7.5,Morning,2023-05-05,Anne,85.06
MCH-3145,Robotic Arm,Surat,4,812.21,132,13.24,Medium,36.1,11,1.6,Morning,2022-05-31,Denise,72.34
MCH-3146,3D Printer,Surat,19,401.69,1753,0.4,Low,31.1,22,6.4,Evening,2022-12-12,Jillian,108.75
MCH-3147,3D Printer,Ahmedabad,13,1006.03,311,8.44,Low,32.1,15,7.4,Night,2023-05-07,Jennifer,79.09
MCH-3148,Robotic Arm,Rajkot,20,905.98,1447,3.2,Medium,27.9,7,4.3,Night,2023-04-20,Andre,101.35
MCH-3149,,Rajkot,14,647.49,1477,0.19,Medium,28.1,15,4.0,Evening,2023-02-05,Kendra,108.2
MCH-3150,3D Printer,Rajkot,14,332.07,1979,5.22,,,3,9.4,Night,2022-08-05,Daniel,99.0
MCH-3151,Packaging Unit,Rajkot,15,788.53,1285,12.83,High,40.4,18,14.5,Night,2023-07-02,Jill,73.77
MCH-3152,,Surat,16,,1385,6.67,Medium,,25,4.7,Morning,2024-11-05,Robert,93.26
MCH-3153,Packaging Unit,Pune,14,385.48,1463,1.49,High,32.0,7,8.6,Night,2024-08-22,Eddie,102.64
MCH-3154,CNC,Ahmedabad,4,706.52,1168,8.76,Medium,20.7,17,19.5,Night,2024-11-04,Michael,77.55
MCH-3155,3D Printer,Pune,5,706.17,1234,7.42,,27.3,10,3.9,Morning,2024-05-28,John,91.7
MCH-3156,Laser Cutter,Surat,11,1091.98,1083,14.27,High,30.2,6,7.3,Night,2024-09-22,Erica,73.82
MCH-3157,3D Printer,Rajkot,10,1087.13,1326,0.63,High,32.9,6,3.5,Night,2023-10-18,John,105.79
MCH-3158,Packaging Unit,Rajkot,8,734.43,1534,5.68,Medium,32.1,27,2.1,Night,2022-02-23,Kathryn,98.9
MCH-3159,Robotic Arm,Pune,8,1093.03,1658,0.34,Medium,23.2,28,1.7,Evening,2023-04-29,Thomas,110.39
MCH-3160,Robotic Arm,Rajkot,23,593.54,126,4.62,High,29.3,4,0.5,Night,2023-07-11,Roberto,90.61
MCH-3161,Packaging Unit,Vadodara,6,527.67,794,7.14,Medium,31.0,24,1.2,Evening,2025-01-02,Cynthia,90.74
MCH-3162,CNC,Surat,16,696.0,690,6.45,Low,25.2,17,13.5,Morning,2024-11-13,Anthony,82.41
MCH-3163,Laser Cutter,Rajkot,5,953.99,189,7.03,High,27.2,27,0.7,Evening,2022-09-02,Jeffrey,85.66
MCH-3164,3D Printer,Vadodara,16,560.03,1979,13.22,High,35.6,17,7.8,Morning,2025-03-21,Debra,83.79
MCH-3165,,Ahmedabad,16,588.17,1696,14.35,Low,25.6,11,6.9,Morning,2023-05-09,Mary,79.76
MCH-3166,Packaging Unit,Rajkot,21,907.1,136,14.13,High,34.4,18,2.8,Night,2022-09-22,Bryan,69.62
MCH-3167,3D Printer,Rajkot,5,642.58,569,8.5,High,31.4,8,0.0,Evening,2024-05-23,Vanessa,86.82
MCH-3168,Packaging Unit,Surat,22,363.96,1812,1.73,Medium,,16,0.2,Night,2022-11-13,Trevor,110.98
MCH-3169,Packaging Unit,Ahmedabad,18,319.81,559,5.13,Medium,33.0,14,17.5,Morning,2022-10-04,Stephen,81.69
MCH-3170,,Ahmedabad,12,276.1,1774,2.99,Medium,37.5,9,14.9,Evening,2023-11-29,Mary,97.98
MCH-3171,Robotic Arm,Surat,14,1047.22,793,2.79,Low,31.9,24,0.2,Evening,2025-01-16,Jeremiah,99.39
MCH-3172,3D Printer,Vadodara,14,909.17,884,14.81,High,29.1,21,25.3,morning,2022-04-13,Tony,58.74
MCH-3173,Robotic Arm,Pune,19,,1484,9.4,Medium,30.8,10,8.7,Evening,2024-04-04,Sean,86.3
MCH-3174,Packaging Unit,Vadodara,4,327.51,554,5.6,High,31.8,11,1.7,Evening,2022-02-27,Kevin,91.76
MCH-3175,Packaging Unit,Ahmedabad,15,786.8,514,3.82,High,16.5,27,9.4,Night,2023-02-15,James,88.94
MCH-3176,Packaging Unit,Surat,5,1072.88,1260,4.84,Low,39.3,15,0.2,Night,2023-05-23,Larry,99.15
MCH-3177,3D Printer,Vadodara,7,274.76,414,12.52,Medium,28.9,24,2.8,Morning,2022-05-19,Catherine,76.06
MCH-3178,Robotic Arm,Surat,17,275.83,1196,9.62,High,22.7,15,1.2,Night,2022-09-04,Julie,89.49
MCH-3179,3D Printer,Rajkot,7,690.18,1212,3.73,Medium,27.8,21,5.1,Morning,2022-04-03,Dustin,98.08
MCH-3180,Laser Cutter,Rajkot,13,717.91,993,7.92,Medium,27.3,19,11.2,Evening,2023-04-15,,83.57
MCH-3181,Laser Cutter,Vadodara,18,621.87,443,3.76,Low,19.0,18,0.6,Night,2023-12-22,Patricia,94.86
MCH-3182,Laser Cutter,Rajkot,13,243.45,1642,5.65,Medium,31.4,17,1.3,Morning,2025-04-02,Kimberly,101.13
MCH-3183,Laser Cutter,Pune,6,408.28,737,10.83,Medium,14.6,2,19.0,Night,2023-09-20,Matthew,70.6
MCH-3184,Packaging Unit,Surat,17,572.92,1754,4.84,High,25.1,18,14.5,Night,2024-09-12,David,93.97
MCH-3185,Robotic Arm,Ahmedabad,12,1059.74,107,6.34,Low,22.8,6,0.3,Morning,2023-07-19,Seth,86.49
MCH-3186,CNC,Pune,5,1050.72,1908,11.22,High,25.4,17,43.2,Morning,2023-01-08,Jennifer,61.72
MCH-3187,CNC,Ahmedabad,11,447.57,825,4.12,Low,23.8,10,5.8,Evening,2023-03-15,Jared,93.94
MCH-3188,Laser Cutter,Pune,14,764.7,210,6.69,Low,19.9,2,13.5,Night,2024-04-30,Sandra,77.83
MCH-3189,Robotic Arm,Pune,11,499.63,1550,12.63,Low,27.9,20,13.5,Morning,2023-02-16,Tiffany,77.49
MCH-3190,3D Printer,Rajkot,7,575.21,690,13.52,Medium,20.6,25,1.2,Evening,2025-02-05,Joshua,77.05
MCH-3191,3D Printer,Surat,10,588.4,376,7.49,Medium,33.3,24,22.9,Morning,2022-05-07,Laura,71.28
MCH-3192,Laser Cutter,Vadodara,12,862.68,1066,6.4,High,32.8,9,2.1,Night,2023-06-04,Bonnie,93.38
MCH-3193,Laser Cutter,Ahmedabad,11,850.58,331,8.47,Medium,29.6,7,2.0,Night,2025-01-25,Morgan,83.2
MCH-3194,3D Printer,Rajkot,5,989.6,204,1.83,Medium,28.6,26,0.3,Morning,2025-02-16,Susan,96.42
MCH-3195,CNC,Pune,19,470.42,937,11.27,Medium,28.5,6,5.5,Night,2022-10-17,Tabitha,80.75
MCH-3196,,Ahmedabad,21,271.16,1675,4.38,Low,30.5,10,4.2,Night,2023-09-09,Michael,101.87
MCH-3197,Packaging Unit,Pune,14,462.85,1498,3.05,Low,28.0,25,3.9,Night,2023-04-10,Christopher,102.99
MCH-3198,CNC,Rajkot,12,553.72,152,3.47,Low,33.7,3,8.7,Morning,2022-01-14,Benjamin,87.45
MCH-3199,3D Printer,Ahmedabad,6,1558.71,52,2.94,High,32.8,13,15.9,Morning,2022-05-29,Sherri,81.2
MCH-3200,Laser Cutter,Vadodara,7,647.42,739,10.77,High,29.8,22,12.7,Night,2023-05-24,Bill,74.8
MCH-3201,3D Printer,Ahmedabad,21,292.77,1073,10.89,,33.1,25,3.3,Morning,2025-04-03,Gregory,84.43
MCH-3202,3D Printer,Vadodara,8,1550.37,1900,8.4,Medium,38.2,29,3.0,Night,2022-08-11,Leonard,94.72
MCH-3203,Packaging Unit,Rajkot,14,303.88,106,13.3,High,,7,10.9,Night,2022-07-25,,66.22
MCH-3204,CNC,Vadodara,10,1053.73,1625,10.13,Low,29.4,26,23.1,Night,2022-07-21,Jill,75.61
MCH-3205,CNC,Vadodara,13,857.87,476,0.15,HIGH,30.7,17,1.4,Evening,2022-06-12,Michelle,101.46
MCH-3206,3D Printer,Pune,18,416.42,478,5.54,Medium,38.4,8,10.8,morning,2022-05-23,Jennifer,84.75
MCH-3207,Packaging Unit,Surat,17,682.64,1251,2.12,High,29.2,24,9.7,Evening,2023-01-05,Kyle,98.42
MCH-3208,3D Printer,Rajkot,20,426.82,573,13.72,Low,,12,6.0,Night,2024-12-10,Matthew,72.53
MCH-3209,Robotic Arm,Vadodara,20,1190.47,1705,12.51,High,26.6,28,3.0,Night,2023-09-26,Elizabeth,85.39
MCH-3210,Robotic Arm,Surat,5,916.69,796,9.59,High,38.3,6,11.4,Night,2023-11-30,Kristin,78.16
MCH-3211,CNC,Ahmedabad,15,780.34,438,5.61,High,,22,1.3,Evening,2024-11-05,Matthew,90.41
MCH-3212,3D Printer,Ahmedabad,7,411.92,1857,0.52,Medium,27.4,19,1.6,Night,2025-02-19,Linda,112.73
MCH-3213,CNC,Ahmedabad,9,613.35,1698,1.99,Medium,25.3,9,16.1,Night,2023-11-23,Martin,98.02
MCH-3214,Robotic Arm,Rajkot,22,420.26,1911,6.47,High,29.3,28,9.8,Morning,2024-05-12,Kathy,95.52
MCH-3215,Robotic Arm,Pune,9,780.21,339,1.79,High,24.8,15,0.5,Morning,2022-10-29,Keith,97.78
MCH-3216,3D Printer,Pune,4,801.05,1593,8.41,High,32.3,8,3.2,Morning,2023-10-08,Laura,93.07
MCH-3217,Packaging Unit,Vadodara,9,844.85,481,2.17,High,29.2,27,20.4,Evening,2022-02-21,Paul,84.18
MCH-3218,CNC,Rajkot,17,598.89,750,6.76,High,32.3,22,1.6,morning,2022-03-05,Joe,90.75
MCH-3219,3D Printer,Rajkot,12,140.69,459,3.95,,36.2,25,11.0,Night,2022-10-06,,88.02
MCH-3220,Robotic Arm,Ahmedabad,9,970.76,592,13.84,High,26.2,3,1.2,Night,2024-09-30,Tyler,75.03
MCH-3221,CNC,Surat,10,1057.93,1283,2.96,High,31.3,20,11.1,Morning,2025-03-06,Micheal,95.49
MCH-3222,Laser Cutter,Surat,7,890.43,1826,6.08,Low,34.9,24,0.3,Night,2023-12-28,Lisa,101.57
MCH-3223,CNC,Ahmedabad,12,927.87,644,11.41,High,18.2,7,9.1,Evening,2024-04-26,Timothy,74.85
MCH-3224,Packaging Unit,Surat,12,726.49,1403,8.9,Medium,25.3,28,4.3,Night,2024-06-14,Gregory,89.84
MCH-3225,3D Printer,Rajkot,15,633.93,423,8.61,Medium,25.6,29,18.4,Morning,2023-06-14,Glenn,72.52
MCH-3226,3D Printer,Rajkot,18,,1702,13.2,Low,33.1,27,8.7,Morning,2022-01-27,Andrew,80.93
MCH-3227,Packaging Unit,Vadodara,16,282.58,1656,13.19,Medium,26.6,3,16.3,Night,2022-05-08,Andrew,75.61
MCH-3228,CNC,Rajkot,18,,277,14.11,Medium,31.9,3,8.7,Evening,2025-01-24,Darius,67.08
MCH-3229,,Surat,17,978.57,67,14.73,Medium,36.3,25,9.3,Night,2023-06-17,Joseph,63.19
MCH-3230,Robotic Arm,Vadodara,5,593.32,181,0.84,High,39.8,28,24.0,Night,2022-08-12,Sherry,82.18
MCH-3231,CNC,Surat,22,732.49,1474,0.52,Low,26.2,27,3.0,Morning,2022-04-02,Katherine,108.1
MCH-3232,Laser Cutter,Ahmedabad,6,693.01,1130,6.65,,30.3,15,4.7,Night,2024-12-24,Kyle,91.84
MCH-3233,Packaging Unit,Vadodara,4,964.02,1070,12.65,Low,28.3,6,2.8,Evening,2024-02-03,David,80.28
MCH-3234,Robotic Arm,Surat,6,253.8,1624,13.14,Low,29.4,14,6.6,Evening,2023-12-27,Danielle,82.27
MCH-3235,3D Printer,Vadodara,9,336.44,1172,13.76,,21.4,18,5.0,Morning,2022-10-23,Stephen,78.27
MCH-3236,Packaging Unit,Rajkot,4,551.64,1723,11.24,High,39.5,4,2.4,Evening,2025-02-16,Anthony,89.41
MCH-3237,3D Printer,Vadodara,12,451.25,205,6.22,Medium,33.1,5,0.4,Morning,2024-07-08,Bethany,88.34
MCH-3238,Packaging Unit,Pune,11,895.89,75,10.0,Low,31.7,16,0.9,Morning,2022-08-01,Sarah,78.72
MCH-3239,3D Printer,Rajkot,23,444.68,1959,11.87,Low,38.0,15,0.6,Morning,2023-05-24,Mitchell,91.53
MCH-3240,3D Printer,Surat,15,651.8,1764,6.01,Medium,37.2,25,2.0,Evening,2023-05-21,Autumn,100.35
MCH-3241,Robotic Arm,Ahmedabad,4,910.37,1389,11.89,Medium,34.9,27,7.0,Evening,2022-04-15,Nicholas,81.59
MCH-3242,CNC,Pune,22,666.82,710,6.6,High,32.0,3,15.1,Morning,2022-10-14,Michael,81.19
MCH-3243,CNC,Pune,20,604.28,1910,5.69,High,31.6,5,39.1,Morning,2023-04-11,Eric,76.3
MCH-3244,Packaging Unit,Ahmedabad,11,431.47,1961,10.47,Medium,27.6,22,3.5,Evening,2023-08-28,Tyler,92.34
MCH-3245,Robotic Arm,Rajkot,4,241.12,406,0.21,Low,33.8,16,8.6,Morning,2024-06-04,Tabitha,96.6
MCH-3246,CNC,Surat,22,1043.18,797,0.79,HIGH,30.4,25,4.7,Morning,2022-12-03,Shawn,100.28
MCH-3247,3D Printer,Rajkot,23,,81,12.04,HIGH,37.8,21,1.0,Morning,2024-08-01,,74.84
MCH-3248,Packaging Unit,Rajkot,16,257.5,338,8.6,,27.8,11,3.6,Evening,2022-04-05,Kent,82.73
MCH-3249,CNC,Surat,8,457.64,931,0.63,High,39.5,16,5.0,Night,2024-05-06,,102.34
MCH-3250,Laser Cutter,Vadodara,16,229.54,284,2.16,Low,28.1,23,3.2,Night,2022-02-13,Michael,95.48
MCH-3251,CNC,Vadodara,16,946.02,1282,8.06,High,30.9,9,1.1,Morning,2022-10-27,David,92.44
MCH-3252,3D Printer,Surat,5,1396.91,987,10.23,Low,26.2,9,32.4,Morning,2022-05-16,Monique,63.09
MCH-3253,Robotic Arm,Vadodara,22,518.33,608,4.96,High,30.1,8,2.0,Night,2022-03-05,Kimberly,93.01
MCH-3254,Packaging Unit,Pune,5,1047.65,255,3.66,High,27.4,6,11.2,Night,2022-06-25,Casey,85.47
MCH-3255,3D Printer,Rajkot,12,319.32,1656,11.79,Medium,30.0,13,2.7,Morning,2023-09-14,Mercedes,87.87
MCH-3256,3D Printer,Ahmedabad,13,146.84,1888,9.36,High,28.7,9,11.9,Night,2023-09-02,Judy,88.47
MCH-3257,Laser Cutter,Ahmedabad,16,154.86,1314,10.63,High,34.4,20,17.0,morning,2022-12-26,Nicole,77.57
MCH-3258,3D Printer,Rajkot,6,1802.83,704,2.88,Medium,28.7,8,11.1,Evening,2023-05-09,Victoria,89.76
MCH-3259,Laser Cutter,Vadodara,8,280.49,1091,13.96,Low,28.7,2,10.9,Night,2024-02-08,Sharon,73.14
MCH-3260,3D Printer,Surat,9,792.59,1082,2.97,High,24.1,28,3.4,Morning,2022-12-20,William,99.56
MCH-3261,CNC,Rajkot,23,1089.29,545,2.59,Low,30.4,25,14.2,Morning,2023-08-19,David,87.87
MCH-3262,Packaging Unit,Rajkot,22,216.71,641,14.68,Low,23.2,21,2.4,Morning,2025-04-11,Lisa,73.99
MCH-3263,Robotic Arm,Rajkot,5,347.56,1004,6.86,Medium,25.3,16,35.4,Night,2023-07-05,Stephen,69.37
MCH-3264,Laser Cutter,Ahmedabad,7,962.14,1553,8.27,Low,31.4,12,2.1,Morning,2024-10-29,,93.56
MCH-3265,,Surat,22,332.05,493,7.67,Low,33.5,19,1.0,Morning,2022-04-02,William,87.59
MCH-3266,Packaging Unit,Pune,11,578.91,154,9.46,High,33.0,26,3.4,Morning,2022-04-12,Ashley,79.16
MCH-3267,Laser Cutter,Ahmedabad,22,1734.98,1330,7.89,High,32.4,29,4.2,Evening,2024-05-27,Erin,89.88
MCH-3268,3D Printer,Ahmedabad,12,791.59,462,14.59,High,44.7,16,0.1,Evening,2023-09-29,Andrea,73.47
MCH-3269,Laser Cutter,Pune,4,799.77,1957,7.83,High,30.5,29,2.1,Night,2023-04-10,Brandon,98.04
MCH-3270,Robotic Arm,Pune,19,414.88,1644,10.93,,32.3,29,3.9,Morning,2024-10-31,Margaret,88.52
MCH-3271,Packaging Unit,Surat,7,387.79,536,10.42,High,33.7,29,6.7,Night,2023-07-15,,78.38
MCH-3272,3D Printer,Ahmedabad,20,966.13,395,10.51,Medium,36.8,6,1.1,Morning,2025-04-10,Kaitlyn,80.12
MCH-3273,CNC,Surat,15,419.66,507,2.53,High,,25,12.2,Night,2023-02-24,,90.03
MCH-3274,3D Printer,Ahmedabad,19,494.47,134,14.63,Medium,29.6,12,32.7,Night,2024-02-26,Steven,48.26
MCH-3275,3D Printer,Ahmedabad,14,559.4,397,5.59,Medium,29.5,8,8.5,Evening,2024-04-16,Kimberly,85.38
MCH-3276,CNC,Pune,19,2046.73,946,13.1,High,27.2,23,4.7,Morning,2023-06-13,Barry,75.47
MCH-3277,3D Printer,Ahmedabad,6,2805.52,1649,10.66,High,33.4,6,7.199999999999999,Night,2024-01-05,James,91.08
MCH-3278,3D Printer,Surat,18,,1165,7.07,Low,29.9,8,1.1,Night,2024-04-28,Jimmy,93.99
MCH-3279,Robotic Arm,Surat,6,726.11,1564,8.74,High,26.3,3,6.7,Evening,2022-10-08,James,89.83
MCH-3280,CNC,Rajkot,4,1559.36,851,12.27,High,26.7,18,1.2,Evening,2023-05-29,Carrie,79.48
MCH-3281,Laser Cutter,Vadodara,23,1365.61,1022,10.67,High,22.9,12,4.3,Night,2024-10-10,Lisa,82.22
MCH-3282,3D Printer,Pune,11,787.26,265,3.76,Low,16.5,7,1.2,Morning,2023-07-23,Amber,92.72
MCH-3283,3D Printer,Rajkot,15,839.46,570,9.69,High,37.0,20,4.3,Night,2025-03-31,Rhonda,81.16
MCH-3284,,Ahmedabad,23,1091.81,952,4.4,High,15.5,5,7.4,Evening,2023-07-10,William,92.39
MCH-3285,3D Printer,Ahmedabad,22,781.13,1489,8.6,Medium,33.5,8,1.9,Evening,2023-12-18,Jennifer,92.76
MCH-3286,Robotic Arm,Pune,7,777.22,1915,14.48,Low,27.9,21,8.5,Morning,2023-06-25,Angela,79.94
MCH-3287,,Pune,5,,1237,8.14,Medium,26.9,2,0.0,Night,2023-10-15,Michael,92.5
MCH-3288,3D Printer,Pune,16,1567.1,1795,11.67,High,32.2,23,15.4,morning,2022-03-09,Alexander,78.6
MCH-3289,3D Printer,Pune,4,499.05,798,13.49,Medium,26.4,5,13.6,Night,2024-01-01,Austin,69.44
MCH-3290,3D Printer,Ahmedabad,12,1101.3,601,3.81,Medium,31.6,2,22.5,Evening,2022-02-01,Kevin,80.07
MCH-3291,CNC,Surat,22,341.38,1185,4.09,,25.1,29,1.5,Evening,2023-12-12,Sandra,100.16
MCH-3292,Packaging Unit,Rajkot,10,923.29,1640,14.94,High,32.9,22,0.2,Morning,2024-01-25,Jason,82.33
MCH-3293,Packaging Unit,Vadodara,8,712.46,1838,5.85,,37.8,7,15.0,Night,2022-10-17,Brian,92.1
MCH-3294,Robotic Arm,Pune,16,626.76,1329,13.2,Medium,32.3,21,1.5,Evening,2024-04-16,Elizabeth,82.73
MCH-3295,CNC,Pune,5,574.82,1553,9.67,Medium,37.5,25,1.8,Morning,2024-02-26,Nicholas,91.52
MCH-3296,CNC,Pune,21,517.46,1951,12.82,Low,27.9,19,4.3,Morning,2022-03-20,Nathan,86.87
MCH-3297,Laser Cutter,Pune,20,727.79,1714,7.6,Low,27.6,8,2.1,Evening,2023-08-05,Jeffrey,96.57
MCH-3298,Laser Cutter,Vadodara,15,644.31,729,10.52,Low,22.5,15,5.2,Evening,2023-12-02,George,80.47
MCH-3299,Packaging Unit,Surat,19,786.42,1995,12.28,Medium,,29,16.9,Evening,2022-05-14,Lauren,79.11
MCH-3300,CNC,Rajkot,4,384.52,76,10.68,High,32.7,2,11.7,Night,2024-11-12,Colleen,70.53
MCH-3301,3D Printer,Pune,5,481.69,461,12.5,High,37.1,29,10.8,Evening,2023-12-31,Joshua,70.59
MCH-3302,Robotic Arm,Pune,22,885.03,1257,11.69,Low,20.9,7,22.0,Morning,2024-01-20,Gregory,70.43
MCH-3303,Laser Cutter,Surat,17,722.94,306,8.08,Low,33.7,7,7.6,Morning,2023-10-15,Christopher,80.04
MCH-3304,3D Printer,Surat,7,458.67,656,0.91,Low,28.5,23,7.1,Evening,2022-08-26,Ivan,98.02
MCH-3305,Robotic Arm,Pune,19,1159.76,1711,12.01,Low,36.2,13,0.6,Evening,2024-11-04,Sarah,88.16
MCH-3306,CNC,Surat,6,831.84,1472,8.61,Medium,26.0,10,20.1,Night,2023-05-18,Sarah,79.79
MCH-3307,Laser Cutter,Rajkot,19,837.19,322,12.02,Low,,13,2.5,Night,2023-09-13,Andrea,75.7
MCH-3308,Laser Cutter,Ahmedabad,11,447.23,1229,2.89,Medium,27.9,16,29.8,Evening,2023-10-11,Lisa,82.96
MCH-3309,Packaging Unit,Vadodara,9,711.86,1129,11.56,Low,19.1,10,1.5,Morning,2024-05-13,Kimberly,84.22
MCH-3310,Laser Cutter,Rajkot,15,323.7,1240,4.58,High,45.5,9,17.4,Evening,2023-02-19,Matthew,88.53
MCH-3311,CNC,Ahmedabad,9,379.72,72,1.46,Low,30.2,23,1.7,Morning,2024-03-11,Maria,95.95
MCH-3312,Packaging Unit,Rajkot,17,1084.94,1226,12.25,Low,36.5,21,0.4,Morning,2023-09-05,Melissa,83.89
MCH-3313,Robotic Arm,Pune,4,441.96,524,13.07,High,,2,6.7,Evening,2023-03-15,,72.91
MCH-3314,Laser Cutter,Surat,16,1007.2,1249,2.6,High,27.4,29,29.9,Morning,2023-08-03,Shannon,82.84
MCH-3315,Packaging Unit,Pune,21,173.66,1828,10.53,Low,27.8,16,1.3,Morning,2022-12-18,Joseph,93.02
MCH-3316,CNC,Vadodara,19,204.09,282,4.5,High,30.5,21,12.2,Evening,2022-04-04,Amanda,84.52
MCH-3317,CNC,Ahmedabad,21,826.59,1737,3.22,Medium,31.5,3,4.9,Evening,2022-07-27,Christine,103.42
MCH-3318,3D Printer,Ahmedabad,7,526.67,1146,4.05,High,23.1,29,3.9,Morning,2022-10-31,Destiny,97.97
MCH-3319,Packaging Unit,Ahmedabad,13,464.37,369,1.91,,36.2,16,4.8,Night,2024-02-17,Patricia,95.23
MCH-3320,Robotic Arm,Pune,8,489.02,1404,8.69,Medium,29.4,26,3.8,Evening,2023-01-13,Justin,90.96
MCH-3321,,Vadodara,12,888.75,98,3.37,Low,35.5,12,3.4,Evening,2022-06-22,,90.43
MCH-3322,CNC,Surat,9,297.0,1373,6.91,Low,39.8,22,5.8,Evening,2022-10-19,Laurie,93.14
MCH-3323,3D Printer,Rajkot,14,255.59,100,1.51,High,33.4,18,11.3,Night,2025-01-22,Heather,89.54
MCH-3324,Packaging Unit,Ahmedabad,10,1400.82,858,11.27,,32.0,24,3.4,Night,2024-03-14,Kristen,80.23
MCH-3325,Robotic Arm,Pune,10,181.53,1257,10.11,Low,26.6,4,7.6,Morning,2024-02-09,Joe,84.68
MCH-3326,Laser Cutter,Pune,23,248.18,1912,0.57,Low,27.8,26,7.0,Morning,2023-12-07,Jerome,109.54
MCH-3327,,Ahmedabad,9,719.16,1003,3.28,Medium,29.7,13,5.0,Evening,2024-08-21,Julia,97.27
MCH-3328,CNC,Pune,15,,1947,10.01,High,34.2,29,10.2,Morning,2022-11-04,Brett,88.67
MCH-3329,Laser Cutter,Ahmedabad,12,1035.39,1156,5.8,Low,27.3,4,10.1,Night,2022-05-02,Kyle,89.48
MCH-3330,Packaging Unit,Pune,21,791.83,974,13.55,High,22.7,23,0.5,morning,2022-09-24,Alyssa,79.54
MCH-3331,3D Printer,Pune,4,789.38,722,3.21,Medium,,16,10.1,Morning,2022-03-19,Diane,91.4
MCH-3332,Robotic Arm,Vadodara,11,6727.04,1230,4.81,High,21.5,7,51.0,Evening,2023-09-22,Debbie,93.48
MCH-3333,CNC,Rajkot,9,812.62,1586,14.06,Medium,34.6,3,10.1,Night,2022-05-08,Jennifer,76.87
MCH-3334,CNC,Rajkot,21,981.12,750,3.88,,29.8,10,1.3,Morning,2022-07-10,Curtis,96.18
MCH-3335,Robotic Arm,Vadodara,17,330.11,1114,14.8,Low,35.1,28,19.2,Morning,2022-01-09,Zachary,65.77
MCH-3336,CNC,Rajkot,19,2453.97,1760,9.54,High,21.1,17,2.2,Morning,2023-05-30,Michael,90.54
MCH-3337,Laser Cutter,Rajkot,5,527.68,405,10.95,Medium,,15,18.6,Evening,2022-08-21,Phyllis,67.7
MCH-3338,Packaging Unit,Rajkot,22,289.63,61,2.79,Low,24.6,7,4.0,morning,2024-06-06,Anthony,91.71
MCH-3339,CNC,Rajkot,6,665.76,669,8.49,High,39.0,4,5.7,Night,2024-08-15,David,83.65
MCH-3340,3D Printer,Vadodara,6,384.94,1886,5.4,Medium,36.5,16,5.0,Evening,2022-05-09,Terri,100.87
MCH-3341,Laser Cutter,Vadodara,7,577.44,1232,11.2,Low,28.6,8,6.8,Night,2022-12-03,,82.28
MCH-3342,3D Printer,Surat,22,379.33,795,10.94,Medium,43.4,24,2.0,Morning,2023-04-05,Tyrone,82.8
MCH-3343,Packaging Unit,Vadodara,16,657.06,113,4.77,Low,34.7,18,2.2,Evening,2024-06-05,Paula,88.92
MCH-3344,Packaging Unit,Surat,17,253.19,1630,6.07,Low,16.8,8,0.3,Evening,2025-01-26,,100.87
MCH-3345,CNC,Ahmedabad,13,1314.84,1871,10.72,Low,37.5,22,20.9,Morning,2024-05-21,Sarah,77.64
MCH-3346,CNC,Pune,22,639.25,774,6.44,Medium,24.8,5,2.5,Evening,2024-03-26,Daniel,90.91
MCH-3347,CNC,Vadodara,20,,1262,9.96,Medium,33.4,25,1.6,Night,2024-03-08,Thomas,89.18
MCH-3348,Laser Cutter,Vadodara,19,,770,14.56,Low,30.1,5,2.3,Night,2023-06-08,Nicole,74.72
MCH-3349,3D Printer,Vadodara,21,700.12,457,8.46,Medium,25.6,10,15.1,Evening,2022-05-19,Tony,75.32
MCH-3350,Robotic Arm,Surat,15,1094.76,1901,5.17,HIGH,31.9,15,5.9,Night,2022-01-16,Matthew,99.81
MCH-3351,Laser Cutter,Surat,8,550.12,762,8.18,High,30.0,16,4.1,Night,2023-06-04,Richard,86.33
MCH-3352,Robotic Arm,Pune,16,754.77,1254,10.06,Low,34.1,4,12.0,Morning,2022-03-25,Brett,80.85
MCH-3353,Robotic Arm,Surat,13,575.59,1574,5.23,,34.5,11,4.7,Evening,2024-02-27,Jonathan,98.54
MCH-3354,Robotic Arm,Rajkot,20,639.77,283,5.2,High,36.2,21,26.2,Morning,2023-04-02,Matthew,72.7
MCH-3355,,Surat,14,322.11,1626,2.88,Low,,7,4.5,Evening,2023-01-24,Frank,104.18
MCH-3356,Robotic Arm,Surat,23,,1499,6.34,Medium,13.4,5,3.2,Morning,2024-02-05,,96.75
MCH-3357,,Vadodara,22,835.29,602,11.22,Medium,20.3,6,5.5,Morning,2022-09-27,Jose,77.53
MCH-3358,CNC,Pune,4,1211.82,626,0.37,High,42.1,22,18.5,Night,2024-07-10,Kimberly,89.8
MCH-3359,3D Printer,Vadodara,21,251.55,1079,13.78,Medium,,9,14.9,Evening,2025-03-16,Eric,70.64
MCH-3360,Packaging Unit,Rajkot,7,951.72,1191,7.72,Low,26.9,5,11.0,Morning,2024-02-22,Steven,85.43
MCH-3361,3D Printer,Surat,21,533.82,332,1.26,,23.5,24,1.3,Morning,2024-06-18,Leah,98.57
MCH-3362,Robotic Arm,Rajkot,23,857.04,367,6.4,Medium,29.3,22,0.9,Morning,2025-01-09,Rebecca,88.4
MCH-3363,Packaging Unit,Ahmedabad,4,1146.29,1792,13.9,Low,27.8,5,12.4,Night,2024-06-16,Joanna,76.82
MCH-3364,Robotic Arm,Rajkot,11,,1131,2.31,Low,31.3,23,0.6,Morning,2025-04-06,John,103.57
MCH-3365,Laser Cutter,Pune,12,1407.78,1602,11.97,Medium,27.2,9,0.3,Morning,2022-05-05,,87.19
MCH-3366,Robotic Arm,Rajkot,6,989.87,894,14.46,High,26.5,26,2.2,Night,2023-08-09,Brandon,75.58
MCH-3367,Packaging Unit,Vadodara,10,1636.46,1232,13.55,HIGH,,7,4.8,Evening,2025-01-28,Christine,77.47
MCH-3368,Robotic Arm,Vadodara,15,212.4,67,6.41,Medium,43.3,23,1.4,Morning,2023-05-19,Richard,86.45
MCH-3369,Packaging Unit,Vadodara,8,,1630,14.81,Low,27.0,17,15.7,Evening,2022-02-17,Joel,72.55
MCH-3370,,Pune,12,906.75,565,1.12,Medium,32.9,2,30.5,Evening,2023-10-31,Brian,79.82
MCH-3371,Robotic Arm,Pune,9,837.3,1711,6.67,Medium,26.8,29,10.3,Night,2022-11-17,Sonya,92.51
MCH-3372,Packaging Unit,Pune,19,,1331,13.98,High,31.1,12,42.6,Night,2025-01-07,Benjamin,51.25
MCH-3373,Packaging Unit,Rajkot,17,546.18,605,0.64,Medium,31.0,18,4.8,Evening,2023-08-09,Ian,99.62
MCH-3374,Packaging Unit,Vadodara,20,647.85,60,2.2,,34.8,29,2.3,Morning,2023-06-21,Stephanie,93.56
MCH-3375,Packaging Unit,Surat,10,1712.72,954,14.89,Low,34.1,11,36.2,Night,2024-12-14,Randy,50.38
MCH-3376,Robotic Arm,Surat,21,2038.25,183,14.08,Low,24.9,6,1.0,Night,2024-05-09,Karen,69.75
MCH-3377,CNC,Ahmedabad,8,1793.16,1283,13.35,High,37.1,8,0.7,Morning,2024-06-10,Kelly,80.94
MCH-3378,3D Printer,Surat,20,206.83,1116,8.18,Medium,23.4,14,3.7,Morning,2023-04-26,Lisa,90.05
MCH-3379,Packaging Unit,Pune,14,,1000,10.14,HIGH,32.7,3,3.1,morning,2022-02-08,Meghan,84.63
MCH-3380,CNC,Ahmedabad,9,665.8,500,11.72,High,24.3,15,1.9,Morning,2022-04-27,Joshua,78.45
MCH-3381,Robotic Arm,Ahmedabad,19,262.73,139,2.09,Medium,25.0,29,3.6,Morning,2022-01-22,Christopher,94.08
MCH-3382,Laser Cutter,Surat,19,639.5,103,5.93,Low,27.2,4,9.0,Morning,2022-08-22,Patrick,81.78
MCH-3383,,Vadodara,10,440.16,322,13.4,Medium,34.5,11,13.4,Morning,2024-11-25,Jaime,65.87
MCH-3384,CNC,Surat,19,1444.11,1507,12.76,Medium,27.9,19,1.1,Morning,2022-12-02,Donald,84.21
MCH-3385,CNC,Ahmedabad,4,637.88,1426,0.71,High,17.7,14,6.2,Morning,2024-02-07,Michael,105.21
MCH-3386,Laser Cutter,Surat,11,217.75,1759,14.31,Low,27.4,28,2.7,Evening,2024-06-15,Heidi,83.84
MCH-3387,CNC,Rajkot,4,783.04,1725,2.57,High,24.5,19,32.6,Evening,2024-12-01,Michael,85.3
MCH-3388,CNC,Vadodara,4,577.91,265,2.59,,23.4,24,16.6,Night,2024-11-02,Stephanie,84.58
MCH-3389,3D Printer,Rajkot,13,497.67,792,13.07,Low,27.6,28,24.6,Evening,2022-07-28,Jay,62.53
MCH-3390,Robotic Arm,Vadodara,10,955.64,796,7.72,High,26.7,5,4.6,Morning,2023-04-07,Craig,86.61
MCH-3391,,Pune,10,766.71,923,0.45,Low,25.1,26,2.9,Night,2022-09-24,Sean,103.67
MCH-3392,Packaging Unit,Pune,10,501.27,601,5.63,Medium,32.8,11,11.2,Evening,2022-02-22,Stephen,85.19
MCH-3393,3D Printer,Vadodara,9,239.82,1754,8.55,Medium,34.2,20,21.6,Evening,2023-03-28,Jacqueline,82.05
MCH-3394,Packaging Unit,Surat,22,551.67,965,11.08,Low,22.5,12,14.0,Morning,2024-05-08,Christina,75.29
MCH-3395,3D Printer,Vadodara,7,448.42,643,1.0,Low,35.6,5,5.7,Morning,2023-12-23,Jose,98.73
MCH-3396,CNC,Surat,22,976.48,1549,9.46,Low,25.1,4,3.8,Evening,2022-10-06,Steven,89.93
MCH-3397,Laser Cutter,Rajkot,18,294.19,1751,14.84,High,32.7,21,0.4,Night,2024-02-25,Joseph,84.21
MCH-3398,3D Printer,Ahmedabad,16,993.94,1669,3.59,Low,29.4,8,4.2,Night,2024-09-24,Peggy,102.37
MCH-3399,CNC,Vadodara,21,623.51,91,12.76,High,26.6,9,10.3,Night,2023-03-19,Emily,67.14
MCH-3400,3D Printer,Vadodara,18,441.58,1194,1.82,HIGH,33.6,21,0.3,Evening,2023-09-02,Amanda,105.47
MCH-3401,Robotic Arm,Vadodara,12,,1994,1.41,High,29.0,3,0.4,Night,2023-07-15,Wesley,112.77
MCH-3402,Laser Cutter,Ahmedabad,23,,536,3.09,High,28.1,11,0.3,Night,2025-02-20,Kevin,97.59
MCH-3403,Robotic Arm,Vadodara,15,861.29,1153,2.13,High,34.9,24,14.4,Morning,2022-05-19,Nancy,94.04
MCH-3404,Packaging Unit,Rajkot,6,444.05,355,4.22,,29.5,18,6.5,Morning,2023-10-22,Charles,89.33
MCH-3405,Robotic Arm,Ahmedabad,14,386.67,1547,13.82,Low,24.0,17,28.0,Morning,2023-02-11,Fred,65.1
MCH-3406,CNC,Rajkot,14,834.94,626,13.49,Medium,22.3,6,24.3,Morning,2025-01-03,Robert,60.03
MCH-3407,Packaging Unit,Surat,19,688.63,882,6.7,High,31.3,25,0.8,Evening,2023-12-30,Jennifer,92.41
MCH-3408,Packaging Unit,Pune,9,957.63,561,6.84,Medium,33.0,23,10.1,Evening,2022-06-21,,82.56
MCH-3409,Packaging Unit,Pune,6,1046.89,183,8.02,High,35.8,21,9.1,Morning,2022-11-05,Sheena,77.62
MCH-3410,Laser Cutter,Vadodara,12,401.71,806,10.05,,35.4,29,2.3,Night,2022-03-10,Austin,84.43
MCH-3411,Packaging Unit,Ahmedabad,16,420.3,1778,4.92,High,25.3,22,6.7,Night,2024-09-13,Mary,99.69
MCH-3412,Robotic Arm,Vadodara,15,908.58,260,6.54,High,,13,2.5,Night,2022-05-27,Harold,86.04
MCH-3413,Packaging Unit,Vadodara,12,778.01,1718,2.34,Low,32.4,15,11.4,Night,2022-03-22,Mark,100.55
MCH-3414,Laser Cutter,Rajkot,10,753.31,497,10.63,High,32.1,13,26.0,Evening,2024-03-18,Austin,63.61
MCH-3415,3D Printer,Ahmedabad,18,1006.26,349,4.98,Medium,22.8,22,9.2,Night,2023-07-31,Kelly,85.07
MCH-3416,Laser Cutter,Ahmedabad,12,5938.32,497,8.7,Medium,30.5,17,18.0,Evening,2023-10-26,Donald,83.58
MCH-3417,Laser Cutter,Ahmedabad,18,331.49,954,10.99,High,29.6,10,11.4,Evening,2022-11-07,Bianca,77.52
MCH-3418,Robotic Arm,Pune,15,329.75,103,3.01,Low,30.9,6,0.8,Night,2023-02-26,,93.81
MCH-3419,3D Printer,Ahmedabad,8,1110.58,1365,6.74,High,,6,9.4,Morning,2023-02-20,Stacey,89.73
MCH-3420,CNC,Rajkot,18,470.75,251,10.49,Medium,42.4,5,2.2,Evening,2023-12-12,Jacob,78.9
MCH-3421,Packaging Unit,Vadodara,14,594.53,1967,14.53,High,24.7,10,3.5,Night,2023-10-25,Russell,84.03
MCH-3422,Packaging Unit,Ahmedabad,21,189.08,1578,10.31,High,,24,3.2,Evening,2024-07-23,Kyle,90.02
MCH-3423,Robotic Arm,Rajkot,19,1279.37,913,8.23,Low,32.1,15,16.5,Morning,2022-02-12,Nicole,77.77
MCH-3424,CNC,Vadodara,18,269.11,1005,7.05,High,21.1,25,1.3,Morning,2022-06-16,Danielle,92.98
MCH-3425,3D Printer,Ahmedabad,12,886.06,313,12.25,High,22.5,10,10.4,Evening,2024-12-20,Alexis,69.56
MCH-3426,Laser Cutter,Surat,20,,1205,10.68,Low,,29,0.9,Evening,2022-09-29,Tina,87.36
MCH-3427,Packaging Unit,Surat,8,833.21,678,9.73,High,33.3,7,10.9,Evening,2023-04-19,,77.37
MCH-3428,3D Printer,Surat,8,650.53,1959,5.5,Medium,23.7,15,0.1,Morning,2023-01-29,Joseph,104.33
MCH-3429,Robotic Arm,Rajkot,10,968.01,447,7.76,Low,35.9,22,0.7,Morning,2022-07-04,Elizabeth,86.33
MCH-3430,Laser Cutter,Pune,4,601.63,1127,10.64,High,37.3,29,43.5,Evening,2022-11-01,Dylan,56.8
MCH-3431,Robotic Arm,Pune,11,907.93,1851,8.86,Low,35.4,14,11.5,Night,2022-02-26,Donna,88.36
MCH-3432,Laser Cutter,Surat,14,1595.32,1420,9.25,High,27.8,17,1.0,Evening,2024-05-29,Christina,90.35
MCH-3433,Laser Cutter,Vadodara,21,108.17,762,0.36,Low,23.5,24,5.7,Night,2024-06-23,David,101.49
MCH-3434,Packaging Unit,Pune,9,711.8,1849,1.87,Medium,28.6,6,12.9,Morning,2023-12-16,Danielle,101.62
MCH-3435,Robotic Arm,Surat,8,399.09,1179,7.86,Low,33.4,17,11.0,morning,2022-07-28,John,85.83
MCH-3436,3D Printer,Surat,8,1038.05,1464,4.26,Low,25.4,24,5.6,Morning,2025-02-15,Brian,98.28
MCH-3437,,Vadodara,10,321.11,465,3.88,Medium,33.7,26,0.9,Night,2022-12-31,Brian,95.03
MCH-3438,,Surat,8,311.84,119,6.03,HIGH,20.7,12,9.5,Night,2025-02-01,Jacob,81.84
MCH-3439,CNC,Surat,13,541.21,1647,5.89,Medium,38.6,15,8.2,Evening,2022-06-03,,95.43
MCH-3440,Laser Cutter,Vadodara,20,742.72,1164,12.78,,25.5,2,3.3,Night,2024-09-30,Angel,80.77
MCH-3441,,Vadodara,17,192.66,687,12.82,High,28.9,12,4.1,Evening,2022-03-13,Philip,76.94
MCH-3442,3D Printer,Ahmedabad,20,343.93,1262,2.74,Low,30.3,2,19.6,Night,2024-09-13,Joshua,90.83
MCH-3443,3D Printer,Rajkot,20,237.39,628,4.54,Medium,41.6,29,0.8,Morning,2022-06-28,Nicole,95.25
MCH-3444,CNC,Ahmedabad,18,1734.9,1887,10.33,Low,37.2,10,3.8,Night,2025-04-13,Sharon,89.93
MCH-3445,Robotic Arm,Ahmedabad,4,255.5,1603,10.7,High,,8,2.3,Night,2022-10-04,Carl,89.98
MCH-3446,CNC,Rajkot,4,181.13,511,13.04,Medium,31.4,29,10.0,Night,2023-05-07,Lauren,70.92
MCH-3447,Robotic Arm,Surat,10,1123.62,876,10.28,Low,,22,3.1,Evening,2023-01-09,,82.96
MCH-3448,Robotic Arm,Vadodara,19,562.88,1452,10.69,High,,28,3.7,Night,2022-08-01,James,87.33
MCH-3449,Packaging Unit,Ahmedabad,17,526.15,1985,10.3,Low,24.1,21,3.9,Evening,2023-06-25,Jodi,92.46
MCH-3450,Packaging Unit,Rajkot,8,503.5,654,2.39,High,34.0,28,8.5,Morning,2022-01-28,Matthew,94.0
MCH-3451,Robotic Arm,Rajkot,13,977.33,854,12.92,Medium,34.3,18,5.5,Morning,2022-01-15,Kevin,76.03
MCH-3452,,Pune,11,436.81,1050,6.88,High,21.2,17,0.5,Morning,2022-02-04,Shane,94.02
MCH-3453,Robotic Arm,Pune,13,634.38,281,11.85,High,31.2,25,0.6,Evening,2023-05-26,Kristen,77.32
MCH-3454,CNC,Surat,23,1233.29,1286,0.75,Low,33.7,9,1.6,morning,2024-01-08,Heather,106.33
MCH-3455,Packaging Unit,Vadodara,20,711.2,364,14.09,,30.8,3,3.3,Evening,2024-09-26,Destiny,71.53
MCH-3456,CNC,Rajkot,20,,1489,12.68,Medium,27.2,9,0.0,Night,2022-04-03,Gregory,85.32
MCH-3457,Packaging Unit,Surat,20,367.03,1765,9.45,Medium,26.6,16,2.7,Night,2024-06-29,Elizabeth,93.39
MCH-3458,Laser Cutter,Pune,21,231.17,1040,10.03,High,27.5,13,13.5,Evening,2022-05-11,Andrew,78.83
MCH-3459,Laser Cutter,Pune,13,,1340,2.14,Medium,31.1,12,0.1,Morning,2023-03-26,Kathleen,106.1
MCH-3460,3D Printer,Pune,10,613.82,92,3.78,High,26.9,13,25.9,Night,2022-06-09,Marcus,74.2
MCH-3461,Packaging Unit,Rajkot,21,733.06,468,8.24,High,33.8,13,18.4,Evening,2023-01-20,Isaac,73.49
MCH-3462,Packaging Unit,Surat,4,410.29,360,9.79,High,,26,4.4,Morning,2023-07-26,Caleb,79.75
MCH-3463,Robotic Arm,Pune,6,1223.75,1943,5.31,,33.3,24,2.4,Evening,2022-01-25,Mary,102.14
MCH-3464,3D Printer,Rajkot,7,554.22,1756,4.54,Low,34.9,28,4.4,Night,2022-09-12,Keith,101.68
MCH-3465,Laser Cutter,Rajkot,19,283.92,306,6.89,High,30.6,6,3.3,morning,2023-05-12,Stephanie,86.05
MCH-3466,Laser Cutter,Ahmedabad,20,606.53,819,12.94,Medium,28.6,9,2.6,Evening,2022-06-16,Joel,78.26
MCH-3467,CNC,Pune,22,255.93,1259,3.96,Medium,28.7,7,16.0,morning,2023-10-20,Natasha,91.01
MCH-3468,Laser Cutter,Vadodara,22,219.76,610,1.77,High,33.3,26,0.4,Night,2022-03-21,Brittany,100.95
MCH-3469,CNC,Ahmedabad,6,557.26,1332,12.79,Low,31.3,18,7.8,Evening,2024-09-28,Xavier,79.26
MCH-3470,CNC,Vadodara,9,491.05,353,7.28,Medium,34.7,14,3.3,Morning,2023-05-10,Gary,85.37
MCH-3471,CNC,Pune,7,1034.03,1545,4.93,Low,32.7,29,16.2,Evening,2024-12-02,John,90.2
MCH-3472,Laser Cutter,Vadodara,10,1533.11,1660,10.22,Low,36.0,27,2.6,Evening,2023-06-26,Carlos,89.38
MCH-3473,Packaging Unit,Surat,18,820.93,568,11.6,High,35.5,16,6.2,Evening,2023-01-02,Jonathan,76.02
MCH-3474,Robotic Arm,Surat,15,631.35,374,9.64,Low,30.2,11,11.5,Morning,2024-04-30,Brenda,74.88
MCH-3475,Robotic Arm,Surat,13,1412.12,495,5.76,High,26.1,23,7.3,Night,2023-10-24,James,85.48
MCH-3476,CNC,Surat,5,511.1,818,14.66,High,23.0,4,16.5,Morning,2023-09-06,Heather,65.22
MCH-3477,Packaging Unit,Rajkot,5,836.19,565,7.53,Low,24.9,4,4.6,Evening,2023-02-28,Jesus,85.23
MCH-3478,3D Printer,Pune,23,645.11,1687,12.16,High,28.0,26,0.9,Night,2024-08-13,Marcus,88.19
MCH-3479,,Rajkot,8,592.04,287,1.99,,18.6,9,1.4,Night,2022-05-29,Kenneth,96.59
MCH-3480,Laser Cutter,Ahmedabad,23,611.75,286,2.04,Low,40.0,26,0.9,Morning,2024-10-19,Erica,96.8
MCH-3481,Robotic Arm,Vadodara,15,1113.1,53,8.48,Low,29.1,21,4.5,Morning,2024-10-09,Gregory,78.74
MCH-3482,CNC,Rajkot,23,868.25,1645,6.14,Medium,41.7,29,5.4,Evening,2022-07-05,Edward,96.41
MCH-3483,Packaging Unit,Surat,15,685.86,1390,6.96,High,26.3,27,31.5,Morning,2024-05-11,Sara,74.63
MCH-3484,Packaging Unit,Ahmedabad,12,,1350,1.33,High,34.4,25,6.5,Morning,2022-03-17,Michele,102.49
MCH-3485,Laser Cutter,Vadodara,19,1196.91,441,8.21,High,22.0,17,3.5,Morning,2022-06-04,,83.1
MCH-3486,Packaging Unit,Vadodara,15,947.45,1032,0.27,High,29.0,18,7.5,Evening,2022-04-18,Tyler,101.46
MCH-3487,Packaging Unit,Surat,21,989.4,1242,6.36,High,24.6,10,6.6,Night,2024-03-30,Sarah,91.6
MCH-3488,,Surat,19,516.16,833,11.68,Low,36.1,21,15.2,Morning,2023-03-02,Theresa,72.2
MCH-3489,Packaging Unit,Vadodara,5,878.99,81,3.69,Medium,26.9,27,6.4,Morning,2022-06-12,Brian,87.56
MCH-3490,Packaging Unit,Vadodara,17,863.85,591,0.83,High,23.5,6,13.5,Morning,2024-08-27,Latoya,92.58
MCH-3491,Robotic Arm,Surat,14,775.85,367,0.99,High,21.0,24,25.5,Night,2022-11-02,Stacey,82.12
MCH-3492,Laser Cutter,Pune,7,686.7,1054,7.31,Medium,39.6,5,6.1,Night,2024-03-14,Elizabeth,88.91
MCH-3493,CNC,Pune,9,235.33,1549,0.41,Medium,32.0,2,2.5,Morning,2025-02-19,Jamie,110.0
MCH-3494,CNC,Ahmedabad,4,449.31,1353,13.42,Medium,32.3,11,5.9,Evening,2025-03-13,Keith,79.66
MCH-3495,Robotic Arm,Vadodara,18,816.65,1207,13.29,High,40.1,13,1.8,Evening,2025-04-04,Steven,81.05
MCH-3496,Laser Cutter,Ahmedabad,17,535.65,289,9.43,Medium,,29,8.3,Morning,2023-06-05,Glenn,76.97
MCH-3497,Robotic Arm,Vadodara,18,832.64,1874,4.95,Medium,26.1,11,6.9,morning,2024-04-22,Jeffrey,99.7
MCH-3498,CNC,Vadodara,10,907.43,685,8.33,Low,30.4,8,8.7,Morning,2024-01-11,Jennifer,81.66
MCH-3499,Laser Cutter,Surat,22,793.62,1053,8.11,High,32.4,2,13.5,Night,2024-09-15,Holly,81.97
MCH-3500,Laser Cutter,Surat,11,414.28,1590,13.64,High,20.5,8,1.4,Morning,2024-09-20,Roger,84.4
MCH-3501,Robotic Arm,Rajkot,10,825.46,1295,7.27,High,22.9,7,5.4,Evening,2024-12-03,Michael,91.29
MCH-3502,Laser Cutter,Pune,7,336.68,79,9.24,,18.4,10,6.5,Evening,2022-05-17,Gregory,77.15
MCH-3503,Laser Cutter,Ahmedabad,8,839.66,1443,6.92,Medium,21.1,7,18.1,Night,2024-08-12,Benjamin,84.32
MCH-3504,Packaging Unit,Vadodara,12,309.39,1207,12.58,Medium,28.6,4,6.0,Evening,2022-12-14,Joanna,80.26
MCH-3505,CNC,Vadodara,12,587.22,563,6.87,HIGH,24.0,12,3.0,Night,2023-02-20,Joshua,88.01
MCH-3506,,Surat,11,125.18,921,6.86,,33.6,3,2.2,Evening,2023-11-10,Angelica,92.24
MCH-3507,Robotic Arm,Pune,21,246.51,732,1.36,Low,31.1,24,7.7,Evening,2022-05-30,Janice,97.64
MCH-3508,Packaging Unit,Surat,7,858.56,1380,12.81,Medium,30.9,28,11.2,Morning,2024-03-05,Steven,76.81
MCH-3509,,Pune,18,691.15,1655,13.88,High,26.7,26,3.4,Night,2023-10-27,Michelle,82.66
MCH-3510,3D Printer,Pune,12,502.54,203,13.19,Low,32.1,8,21.7,morning,2022-05-25,Laura,59.4
MCH-3511,Laser Cutter,Vadodara,19,579.92,194,3.69,High,19.2,15,11.6,Evening,2023-06-05,Chelsea,85.29
MCH-3512,3D Printer,Ahmedabad,5,442.02,1239,3.0,Low,,3,5.0,Night,2024-01-17,Natalie,100.19
MCH-3513,Robotic Arm,Vadodara,20,897.51,1741,8.81,High,30.6,6,3.2,Night,2024-03-12,Michael,93.37
MCH-3514,Robotic Arm,Ahmedabad,7,407.16,1799,13.0,Low,26.9,16,2.3,Night,2023-12-05,David,86.8
MCH-3515,Laser Cutter,Ahmedabad,19,896.72,321,12.21,Medium,29.8,6,4.3,Night,2024-04-08,Amy,73.96
MCH-3516,CNC,Rajkot,8,833.48,1148,7.51,High,32.6,5,25.1,Night,2022-09-18,Stephanie,75.79
MCH-3517,Laser Cutter,Surat,4,,1459,10.18,High,22.2,27,10.2,morning,2022-01-08,Bryan,83.7
MCH-3518,3D Printer,Vadodara,8,998.01,749,5.42,Medium,27.1,21,10.0,Evening,2023-02-05,Daniel,86.98
MCH-3519,Packaging Unit,Pune,22,876.02,813,6.59,Low,30.8,2,5.5,Morning,2022-08-03,Taylor,88.49
MCH-3520,CNC,Rajkot,9,369.44,1083,4.94,Low,23.2,28,13.7,Night,2024-04-28,Patty,89.03
MCH-3521,3D Printer,Rajkot,16,289.59,623,3.04,High,37.6,25,2.8,Night,2024-10-19,Austin,96.74
MCH-3522,CNC,Rajkot,8,337.3,1958,13.87,Medium,31.3,21,3.3,Evening,2022-12-24,Teresa,85.78
MCH-3523,CNC,Ahmedabad,21,185.64,1402,3.36,Medium,30.4,7,2.6,Morning,2022-07-31,Jennifer,102.88
MCH-3524,Robotic Arm,Surat,20,526.67,1264,7.93,Low,31.8,9,14.2,Night,2022-06-12,Rebecca,83.98
MCH-3525,CNC,Pune,23,520.1,1298,5.16,High,38.5,13,22.3,Night,2022-11-15,Edward,84.14
MCH-3526,Robotic Arm,Surat,21,699.05,902,2.88,,39.0,9,3.4,Evening,2024-06-30,Jeffrey,98.38
MCH-3527,Packaging Unit,Surat,4,901.23,862,9.49,Low,26.0,25,6.0,Morning,2024-10-11,Alicia,82.72
MCH-3528,CNC,Surat,5,1052.03,438,2.34,Medium,19.7,14,0.1,Night,2022-05-27,Stacy,97.4
MCH-3529,Packaging Unit,Pune,7,139.28,1688,9.26,Low,34.3,22,8.2,Morning,2023-08-22,Derek,89.61
MCH-3530,Laser Cutter,Pune,6,1100.7,746,4.26,High,20.7,22,0.4,Evening,2023-09-05,Jerry,95.84
MCH-3531,CNC,Pune,16,562.02,1761,3.25,Low,30.5,13,18.0,Night,2022-07-02,Kimberly,94.77
MCH-3532,CNC,Ahmedabad,6,831.35,951,12.28,Low,29.2,9,1.8,Evening,2024-07-02,Jennifer,80.92
MCH-3533,3D Printer,Vadodara,9,1365.04,1629,14.31,Low,40.5,17,8.8,Morning,2023-12-25,Michael,76.84
MCH-3534,Laser Cutter,Vadodara,6,427.24,1061,1.12,Medium,25.4,14,9.2,Night,2024-05-29,,99.55
MCH-3535,CNC,Ahmedabad,4,368.52,971,1.58,High,29.0,14,9.1,Morning,2024-06-07,Erik,98.04
MCH-3536,Laser Cutter,Rajkot,18,753.57,176,11.52,High,19.9,26,4.8,Morning,2023-08-21,Danielle,73.99
MCH-3537,,Rajkot,23,633.17,1540,1.28,High,35.1,5,1.2,Night,2022-11-27,Matthew,108.53
MCH-3538,Robotic Arm,Surat,21,477.29,1474,2.42,Low,41.1,10,4.9,Evening,2022-03-05,Todd,103.33
MCH-3539,CNC,Pune,14,797.79,959,0.67,Medium,25.7,4,7.1,Night,2022-05-18,Katherine,100.54
MCH-3540,3D Printer,Surat,17,897.66,1150,9.05,Medium,24.3,9,4.4,Morning,2023-10-25,Brian,87.12
MCH-3541,Packaging Unit,Ahmedabad,5,774.43,1071,7.39,Low,30.6,20,6.5,Morning,2022-09-29,Tanya,88.49
MCH-3542,CNC,Rajkot,4,572.81,1327,14.25,High,19.6,19,2.1,Night,2024-02-29,Karen,80.27
MCH-3543,Robotic Arm,Vadodara,19,570.72,1400,4.52,Low,21.0,26,21.1,Morning,2024-05-09,Mark,87.04
MCH-3544,Laser Cutter,Surat,8,1145.13,347,14.98,Medium,32.6,22,16.0,morning,2022-05-13,Preston,60.1
MCH-3545,CNC,Pune,12,1524.7,673,3.86,High,18.0,25,2.6,Night,2024-03-30,Frances,93.89
MCH-3546,3D Printer,Pune,17,588.36,1018,5.78,Medium,24.8,4,15.3,Morning,2022-02-27,James,85.37
MCH-3547,,Vadodara,7,896.82,1404,9.19,High,26.3,11,7.7,Morning,2022-10-09,Brandon,86.65
MCH-3548,Robotic Arm,Surat,22,364.89,1856,4.32,High,27.0,19,4.2,Morning,2024-06-19,Heather,103.37
MCH-3549,CNC,Surat,18,1155.76,1319,2.39,High,31.1,10,4.1,Evening,2024-03-26,Jennifer,101.69
MCH-3550,CNC,Rajkot,12,,1519,2.28,Low,28.0,6,2.4,Night,2025-03-02,Briana,106.13
MCH-3551,CNC,Surat,6,710.14,1590,10.64,Medium,30.8,26,5.7,Morning,2023-07-14,Margaret,86.97
MCH-3552,CNC,Pune,6,408.37,1682,1.53,Medium,36.5,16,1.7,Morning,2025-02-13,Kayla,109.18
MCH-3553,Laser Cutter,Vadodara,16,256.68,624,7.11,High,,27,15.3,Evening,2024-02-13,Brittany,79.9
MCH-3554,CNC,Rajkot,5,999.46,1139,8.76,High,21.4,14,12.8,Evening,2023-12-04,Victoria,81.58
MCH-3555,Laser Cutter,Ahmedabad,16,986.26,1134,14.97,Low,40.2,5,0.8,Morning,2023-05-23,Anthony,77.54
MCH-3556,Robotic Arm,Rajkot,13,1344.13,1372,3.9,High,29.0,26,4.9,Evening,2023-04-20,Courtney,98.28
MCH-3557,Robotic Arm,Surat,15,220.05,466,5.08,Medium,34.3,23,6.1,Evening,2024-09-19,Stacey,89.14
MCH-3558,CNC,Ahmedabad,13,806.6,1368,8.81,High,37.2,19,4.8,Night,2023-05-22,Karen,89.27
MCH-3559,Laser Cutter,Ahmedabad,18,1345.03,809,2.85,Medium,28.9,11,13.6,Night,2023-11-16,Monique,89.6
MCH-3560,Laser Cutter,Pune,13,1069.65,788,0.61,Medium,32.4,19,1.3,Evening,2023-05-31,Brandon,102.91
MCH-3561,Laser Cutter,Ahmedabad,18,406.73,402,13.63,High,33.6,16,2.3,Evening,2022-08-03,Anthony,73.9
MCH-3562,Robotic Arm,Rajkot,5,292.51,1933,14.61,High,31.4,28,4.7,Evening,2024-07-10,,83.18
MCH-3563,Robotic Arm,Rajkot,18,703.95,1710,2.55,High,27.1,19,2.3,Night,2023-07-16,Mark,106.53
MCH-3564,Packaging Unit,Rajkot,4,1043.28,1666,1.34,Low,32.6,24,41.400000000000006,Night,2023-10-02,Lisa,106.19
MCH-3565,Robotic Arm,Ahmedabad,16,431.82,51,12.32,Medium,34.7,20,11.4,Night,2023-08-26,Justin,67.19
MCH-3566,3D Printer,Rajkot,12,254.79,1123,14.6,Medium,,28,2.0,Morning,2022-09-01,Jeffrey,78.39
MCH-3567,CNC,Vadodara,12,707.71,1356,2.94,High,33.0,10,5.6,Evening,2025-03-30,Heather,100.49
MCH-3568,CNC,Ahmedabad,23,685.79,1539,7.48,Medium,25.7,17,37.3,Evening,2023-11-10,Bobby,70.78
MCH-3569,Robotic Arm,Rajkot,7,1165.63,374,12.91,Medium,25.9,18,6.2,Evening,2023-09-22,Chad,71.29
MCH-3570,Laser Cutter,Ahmedabad,5,777.16,594,6.03,Medium,25.4,17,2.5,Morning,2023-06-19,Karen,90.03
MCH-3571,CNC,Surat,15,425.58,1898,6.61,,37.0,8,5.0,Evening,2023-06-24,William,98.49
MCH-3572,Robotic Arm,Surat,19,268.37,471,9.16,Low,28.5,17,3.0,Night,2025-03-11,Brent,83.12
MCH-3573,Packaging Unit,Ahmedabad,19,153.41,1446,4.41,High,28.3,14,1.6,Night,2024-01-12,Samantha,101.89
MCH-3574,3D Printer,Pune,20,331.87,771,3.28,Low,42.5,9,0.9,Evening,2024-07-03,Casey,98.76
MCH-3575,3D Printer,Ahmedabad,13,573.71,280,7.09,High,24.7,12,16.6,Night,2023-09-11,Lori,75.71
MCH-3576,Packaging Unit,Ahmedabad,21,544.13,1579,2.54,High,38.1,19,1.7,Night,2024-06-12,Daniel,106.11
MCH-3577,Robotic Arm,Pune,14,370.75,1104,9.25,Medium,40.9,6,0.9,Evening,2024-10-09,Jaclyn,89.54
MCH-3578,CNC,Surat,14,1663.76,1149,8.61,Medium,31.2,6,2.5,Evening,2022-01-07,,88.23
MCH-3579,Robotic Arm,Rajkot,21,1524.7,1017,0.74,Medium,35.2,20,14.5,Morning,2023-02-26,Christopher,94.67
MCH-3580,Robotic Arm,Rajkot,17,702.71,822,1.21,Medium,20.8,2,7.3,Night,2024-06-10,Andrew,98.32
MCH-3581,3D Printer,Pune,22,,1848,10.89,Medium,18.2,26,0.2,Morning,2022-06-22,Hannah,92.21
MCH-3582,Packaging Unit,Surat,23,747.25,1825,1.26,Medium,39.5,10,1.4,Evening,2025-01-29,,110.64
MCH-3583,3D Printer,Vadodara,7,1013.69,1031,14.34,High,27.1,24,5.6,Night,2024-09-20,Paul,74.54
MCH-3584,Laser Cutter,Ahmedabad,16,723.82,1012,11.95,Low,23.6,23,3.2,Morning,2022-08-17,Michael,81.26
MCH-3585,3D Printer,Surat,9,439.23,1118,11.49,High,25.5,12,3.1,Night,2024-05-29,Carolyn,83.54
MCH-3586,Robotic Arm,Rajkot,14,765.23,271,7.16,Low,,20,2.6,Morning,2024-06-19,Peter,85.03
MCH-3587,Packaging Unit,Surat,10,890.01,356,5.53,Low,26.0,7,3.4,Evening,2022-07-20,,88.26
MCH-3588,Packaging Unit,Vadodara,23,238.11,1841,2.1,Low,26.3,28,5.1,Morning,2023-04-02,Emily,107.23
MCH-3589,CNC,Vadodara,8,1334.54,1681,9.8,Medium,30.5,20,0.6,Evening,2024-02-26,Tammy,92.08
MCH-3590,Laser Cutter,Surat,12,948.18,1183,14.67,Medium,39.6,2,15.0,Night,2022-05-22,Kristin,68.66
MCH-3591,Laser Cutter,Vadodara,16,678.63,1671,4.33,,18.4,21,7.4,Morning,2025-02-07,Michael,99.12
MCH-3592,Laser Cutter,Pune,16,817.71,811,7.84,Medium,35.2,15,10.5,Evening,2024-05-22,Christopher,82.56
MCH-3593,Robotic Arm,Rajkot,12,1215.45,1649,10.78,Medium,27.2,10,5.5,Evening,2023-08-23,Sheila,86.6
MCH-3594,CNC,Pune,21,786.42,781,2.5,High,33.0,28,2.0,Night,2024-08-17,Kevin,98.98
MCH-3595,Laser Cutter,Pune,7,823.56,1531,7.48,High,36.1,19,0.1,Morning,2023-01-03,Scott,96.55
MCH-3596,CNC,Vadodara,6,1118.48,1016,13.67,HIGH,34.5,26,13.5,Evening,2024-11-30,Caitlyn,70.08
MCH-3597,3D Printer,Vadodara,17,1295.9,950,11.43,Low,14.1,6,12.2,Night,2023-08-20,Angela,74.67
MCH-3598,Laser Cutter,Rajkot,6,464.77,996,5.12,Medium,17.9,4,15.5,Morning,2022-05-28,Cody,86.55
MCH-3599,3D Printer,Rajkot,18,13468.72,541,14.52,Medium,23.7,3,69.0,Night,2024-10-11,Susan,65.01
MCH-3600,CNC,Ahmedabad,18,594.66,370,9.64,Low,26.5,22,1.0,Evening,2022-09-06,Carolyn,82.25
MCH-3601,Packaging Unit,Surat,8,1298.18,723,0.92,High,24.7,18,0.3,Evening,2024-04-30,Crystal,102.12
MCH-3602,Packaging Unit,Surat,12,791.37,1791,13.71,High,30.2,13,8.0,Morning,2024-02-26,Justin,80.77
MCH-3603,Packaging Unit,Rajkot,20,,115,12.44,High,35.2,28,13.5,Night,2022-10-02,Howard,65.25
MCH-3604,3D Printer,Vadodara,22,874.53,1662,0.6,Medium,36.5,26,5.6,Evening,2023-09-14,Stephanie,107.48
MCH-3605,Robotic Arm,Ahmedabad,12,1094.12,271,1.12,Low,29.6,11,8.3,Morning,2022-05-26,Manuel,92.65
MCH-3606,Packaging Unit,Pune,6,573.55,464,12.0,Low,28.9,12,9.4,Morning,2022-12-15,Sierra,72.47
MCH-3607,Robotic Arm,Vadodara,4,1029.35,933,7.37,HIGH,29.9,25,2.8,Evening,2023-05-06,Jessica,89.6
MCH-3608,Packaging Unit,Ahmedabad,15,833.34,597,8.86,HIGH,30.3,9,5.6,Morning,2022-06-11,Sandra,82.14
MCH-3609,3D Printer,Ahmedabad,10,979.83,882,9.58,Low,28.8,14,6.7,Evening,2024-10-29,Alexander,82.1
MCH-3610,3D Printer,Ahmedabad,19,789.31,332,2.9,Low,26.9,28,8.3,Evening,2022-01-14,Angela,90.03
MCH-3611,Laser Cutter,Surat,6,712.43,1649,2.45,Low,39.0,11,0.1,Morning,2023-07-03,David,107.75
MCH-3612,3D Printer,Vadodara,7,426.58,1771,11.41,Low,25.7,19,0.3,Evening,2022-12-18,Kurt,91.12
MCH-3613,3D Printer,Vadodara,21,614.08,1743,5.1,High,26.0,19,4.9,Evening,2024-12-04,Claudia,100.02
MCH-3614,Laser Cutter,Rajkot,14,845.4,796,10.69,Low,31.9,6,14.5,Evening,2022-02-05,Gabrielle,73.9
MCH-3615,Packaging Unit,Pune,8,545.81,86,1.27,High,39.1,13,11.5,Morning,2023-07-22,Barbara,89.35
MCH-3616,3D Printer,Surat,6,562.08,1315,4.22,Low,,11,0.1,Morning,2023-09-27,Deborah,101.65
MCH-3617,3D Printer,Surat,20,482.12,1605,6.14,Low,30.1,25,4.7,Evening,2024-09-29,Spencer,97.12
MCH-3618,Robotic Arm,Pune,13,585.69,990,2.12,High,30.1,17,8.3,Evening,2023-12-25,Sierra,97.36
MCH-3619,CNC,Surat,21,608.67,1592,13.19,Low,30.8,23,4.7,Night,2023-07-27,Tyler,82.73
MCH-3620,3D Printer,Vadodara,17,782.51,1988,9.8,Medium,29.7,21,6.6,Morning,2024-08-13,Jacob,91.23
MCH-3621,CNC,Rajkot,20,,232,5.52,Low,35.9,17,9.2,Morning,2022-11-29,Brittany,84.03
MCH-3622,Packaging Unit,Surat,4,598.82,69,0.19,Low,43.3,15,0.1,Morning,2022-10-28,Brooke,99.27
MCH-3623,Laser Cutter,Ahmedabad,22,496.44,1316,4.44,High,37.7,14,1.9,Night,2023-03-24,Jessica,100.05
MCH-3624,Packaging Unit,Ahmedabad,23,491.37,1171,5.03,High,34.6,14,5.2,Night,2024-06-21,Kimberly,95.36
MCH-3625,Robotic Arm,Surat,8,413.01,1467,8.57,Low,23.4,5,15.8,Evening,2024-11-09,,83.43
MCH-3626,3D Printer,Pune,5,709.96,532,4.86,Low,35.9,24,17.1,Night,2023-01-25,Kyle,81.73
MCH-3627,Packaging Unit,Surat,18,475.4,810,13.67,High,,2,2.7,Morning,2024-04-14,,76.84
MCH-3628,Laser Cutter,Surat,19,894.52,762,13.02,Low,25.5,13,14.5,Evening,2022-06-29,Melissa,68.88
MCH-3629,CNC,Pune,21,321.65,1083,9.75,Medium,33.0,9,6.9,Night,2024-10-27,Rebecca,84.24
MCH-3630,Packaging Unit,Vadodara,4,240.84,328,5.62,Low,21.4,27,8.3,Night,2024-09-03,David,85.34
MCH-3631,Robotic Arm,Rajkot,13,1031.56,1888,10.57,Medium,27.0,26,10.5,Morning,2023-03-21,Zachary,85.77
MCH-3632,,Vadodara,19,1142.98,1823,13.12,High,39.5,23,1.2,Morning,2023-01-16,Angela,86.48
MCH-3633,3D Printer,Rajkot,23,558.0,1804,0.16,High,28.0,14,7.9,Evening,2024-11-02,Wendy,108.39
MCH-3634,Robotic Arm,Surat,11,454.97,1954,9.77,Medium,29.4,21,2.4,Night,2023-12-17,Holly,94.41
MCH-3635,Robotic Arm,Vadodara,14,769.74,1542,12.85,Low,32.7,24,6.3,Night,2024-10-28,Amanda,81.64
MCH-3636,CNC,Vadodara,10,474.01,399,9.07,Medium,,24,1.6,Morning,2023-02-12,Cory,83.39
MCH-3637,3D Printer,Rajkot,12,513.55,68,1.5,Low,23.9,4,0.4,Morning,2025-01-06,Megan,96.55
MCH-3638,CNC,Ahmedabad,17,,1655,3.81,High,36.2,6,5.7,Night,2022-01-17,Paul,100.26
MCH-3639,CNC,Pune,10,692.34,130,13.38,Medium,34.6,20,18.3,Night,2022-10-19,Steven,60.52
MCH-3640,Packaging Unit,Pune,20,943.94,913,5.01,High,22.4,17,0.9,Evening,2024-10-16,David,95.61
MCH-3641,Laser Cutter,Pune,22,463.6,541,2.68,Low,29.5,21,1.6,Night,2025-02-08,Gary,97.37
MCH-3642,Laser Cutter,Vadodara,22,665.7,545,8.54,Low,26.3,19,0.3,Night,2023-01-18,Richard,86.3
MCH-3643,,Pune,8,,1063,13.99,High,28.3,18,1.4,Evening,2025-01-18,Johnny,78.54
MCH-3644,CNC,Rajkot,9,653.38,307,11.43,High,27.5,5,0.9,Morning,2023-09-17,Julie,78.13
MCH-3645,Packaging Unit,Surat,22,840.7,1844,1.5,,40.7,23,2.9,Morning,2022-12-15,Natalie,109.14
MCH-3646,Laser Cutter,Ahmedabad,17,565.7,1605,5.29,Low,37.0,7,14.5,Morning,2024-03-27,Jeffery,91.84
MCH-3647,Packaging Unit,Rajkot,5,576.84,1316,6.1,High,32.6,22,2.6,Evening,2022-03-28,Mary,96.12
MCH-3648,3D Printer,Pune,9,,743,3.04,High,29.8,10,1.4,Morning,2023-01-31,Spencer,97.62
MCH-3649,Packaging Unit,Vadodara,19,759.41,1914,3.21,Medium,32.9,16,4.9,Evening,2023-05-19,Jeremy,105.02
MCH-3650,CNC,Surat,16,567.57,97,7.3,Medium,33.4,14,10.5,Evening,2022-06-24,Jennifer,78.05
MCH-3651,CNC,Surat,22,591.79,1526,4.23,Medium,27.9,18,2.2,Morning,2024-02-25,Richard,101.87
MCH-3652,CNC,Vadodara,14,738.37,1716,13.92,Medium,37.0,21,30.5,Evening,2024-08-09,Shelly,64.06
MCH-3653,,Ahmedabad,5,412.33,536,7.9,,29.3,4,8.9,Evening,2022-03-11,Stephanie,81.85
MCH-3654,Robotic Arm,Surat,15,482.2,428,7.45,Low,33.1,14,1.2,Night,2023-08-28,Kristin,87.14
MCH-3655,3D Printer,Ahmedabad,11,463.91,1385,5.4,Low,22.1,18,4.9,Evening,2023-07-18,Barbara,96.65
MCH-3656,Packaging Unit,Vadodara,22,726.52,1213,3.71,Low,26.3,7,4.1,Morning,2024-01-30,Michael,98.78
MCH-3657,Packaging Unit,Ahmedabad,12,906.41,938,1.25,Low,32.2,10,7.4,Morning,2024-05-27,Jeffrey,98.84
MCH-3658,3D Printer,Pune,23,551.25,1565,2.61,Low,38.3,19,3.2,Night,2024-11-08,Jacob,104.79
MCH-3659,Packaging Unit,Rajkot,12,,1546,12.9,High,35.5,25,12.4,Evening,2024-05-18,Peter,77.54
MCH-3660,Laser Cutter,Surat,6,469.93,593,13.97,High,36.4,7,19.0,Morning,2024-10-08,Joshua,63.03
MCH-3661,Packaging Unit,Vadodara,4,482.79,1988,6.5,High,25.8,15,6.8,Morning,2022-09-05,Lee,98.12
MCH-3662,Laser Cutter,Ahmedabad,22,1244.68,998,12.77,High,36.5,16,19.5,Morning,2023-06-14,Donna,67.35
MCH-3663,3D Printer,Rajkot,16,468.72,512,10.45,High,31.9,21,8.7,Evening,2022-04-19,Patricia,76.61
MCH-3664,Robotic Arm,Vadodara,19,784.15,617,14.74,Medium,38.6,11,14.9,Morning,2024-03-22,Evelyn,64.11
MCH-3665,Laser Cutter,Ahmedabad,23,122.23,550,6.66,Low,23.6,5,8.5,Morning,2023-05-15,Claudia,85.14
MCH-3666,Packaging Unit,Rajkot,23,1236.9,338,11.98,Medium,35.0,9,3.3,Evening,2023-04-11,Robert,74.78
MCH-3667,,Rajkot,18,562.22,1980,5.39,Medium,31.9,29,5.0,Night,2022-12-27,Amanda,101.42
MCH-3668,Laser Cutter,Vadodara,17,,619,5.23,High,26.5,3,2.0,Night,2022-07-16,Megan,92.58
MCH-3669,Packaging Unit,Rajkot,21,1916.39,1985,4.22,Medium,25.3,5,11.6,Morning,2023-03-19,Melissa,97.24
MCH-3670,Robotic Arm,Ahmedabad,7,156.51,797,1.27,High,30.7,8,17.7,Evening,2023-03-17,,91.49
MCH-3671,Robotic Arm,Pune,10,545.66,1048,12.75,Low,37.6,17,21.1,Night,2024-11-29,Donna,67.68
MCH-3672,3D Printer,Vadodara,8,1248.27,1216,4.47,High,26.5,25,0.4,Night,2023-01-06,Andrew,99.13
MCH-3673,CNC,Vadodara,4,247.2,975,14.8,High,28.5,24,6.0,Night,2023-06-01,Chelsea,73.97
MCH-3674,Robotic Arm,Pune,20,283.41,1695,13.89,Medium,36.4,22,19.4,Morning,2024-10-15,Sheila,72.36
MCH-3675,Laser Cutter,Surat,13,852.85,52,0.36,Low,33.9,15,1.1,Evening,2023-06-16,Tina,97.72
MCH-3676,Packaging Unit,Surat,14,841.21,1260,7.2,Medium,20.0,13,1.8,Night,2022-11-30,Mark,93.64
MCH-3677,CNC,Vadodara,9,1350.65,1585,0.62,High,26.9,26,14.1,Evening,2023-05-29,Evan,100.17
MCH-3678,Laser Cutter,Vadodara,12,1256.88,725,11.99,Low,35.6,4,3.0,Morning,2022-09-27,Jennifer,78.17
MCH-3679,CNC,Surat,11,349.92,1214,7.49,High,,18,4.1,Night,2022-06-12,Rebecca,91.77
MCH-3680,CNC,Vadodara,18,1215.77,1787,11.03,,,11,2.2,Evening,2022-08-05,Gregory,89.55
MCH-3681,CNC,Ahmedabad,22,1048.2,1238,4.84,Low,27.9,8,12.6,Morning,2025-02-21,Sharon,90.32
MCH-3682,Robotic Arm,Ahmedabad,12,1399.33,1482,3.96,Medium,36.0,19,6.2,Evening,2024-12-12,Susan,98.09
MCH-3683,Packaging Unit,Pune,10,953.8,67,10.35,High,,16,13.6,Evening,2023-04-12,Joel,68.98
MCH-3684,,Surat,19,509.98,869,12.55,High,31.1,3,2.4,Night,2024-12-03,Hector,79.73
MCH-3685,CNC,Rajkot,12,435.0,1383,14.19,High,25.9,20,0.5,morning,2023-03-21,Barbara,82.17
MCH-3686,3D Printer,Vadodara,21,798.84,1368,11.54,Medium,39.4,8,2.6,Night,2025-02-15,,85.36
MCH-3687,Packaging Unit,Pune,19,526.47,1124,10.1,Low,24.5,11,25.6,Evening,2024-05-01,Jonathan,70.49
MCH-3688,Robotic Arm,Vadodara,17,477.87,327,12.2,Medium,31.2,17,5.0,Night,2022-05-08,Danielle,74.14
MCH-3689,Packaging Unit,Pune,5,1004.92,553,14.09,Medium,30.3,12,0.4,morning,2022-10-18,Joshua,74.71
MCH-3690,Robotic Arm,Surat,6,262.58,1303,10.51,Low,21.5,10,2.4,Evening,2022-04-06,Steven,87.78
MCH-3691,CNC,Pune,18,550.12,91,14.26,Low,38.6,21,6.8,Evening,2023-09-22,Collin,66.69
MCH-3692,Packaging Unit,Ahmedabad,23,782.23,751,13.8,Medium,25.1,7,3.0,morning,2022-03-15,Janet,75.44
MCH-3693,Robotic Arm,Surat,15,845.12,1806,3.68,High,23.5,5,1.4,Night,2022-11-27,John,105.5
MCH-3694,Packaging Unit,Vadodara,17,771.47,1405,13.7,High,26.4,22,3.0,Morning,2025-01-26,Shannon,81.11
MCH-3695,Laser Cutter,Rajkot,19,413.61,1161,7.08,Low,27.6,10,8.8,Evening,2022-12-24,Erika,88.76
MCH-3696,Packaging Unit,Pune,8,531.96,1293,1.96,High,30.3,10,4.2,Evening,2024-12-30,Michael,103.16
MCH-3697,3D Printer,Ahmedabad,14,1131.97,1031,9.3,Low,32.1,15,3.8,Evening,2023-09-25,,85.71
MCH-3698,3D Printer,Rajkot,14,1228.77,580,5.83,High,28.6,12,3.6,Morning,2024-10-10,Claudia,88.9
MCH-3699,Robotic Arm,Ahmedabad,22,337.76,828,2.96,,25.4,4,21.0,Night,2024-06-29,Angela,85.8
MCH-3700,3D Printer,Vadodara,9,749.33,1355,6.36,Medium,26.8,2,6.5,Evening,2024-11-29,Kyle,92.95
MCH-3701,Robotic Arm,Pune,8,1558.2,1238,4.16,High,30.3,4,3.9,Night,2023-05-23,Michael,97.04
MCH-3702,CNC,Surat,22,1489.03,255,9.24,Medium,33.2,25,6.0,Evening,2024-03-06,Shelby,77.32
MCH-3703,Robotic Arm,Ahmedabad,19,328.27,1080,5.64,High,30.3,3,16.0,Night,2022-02-14,Patricia,86.05
MCH-3704,,Ahmedabad,16,857.0,1957,4.24,Medium,30.8,20,15.2,Night,2022-09-13,Jessica,95.96
MCH-3705,Packaging Unit,Surat,17,1175.07,603,3.87,HIGH,39.5,25,1.7,morning,2024-08-21,Jackson,94.42
MCH-3706,Laser Cutter,Surat,22,273.57,1362,12.05,High,26.3,20,3.9,Evening,2022-08-20,Ryan,84.13
MCH-3707,CNC,Surat,10,890.75,1477,10.61,Low,30.0,2,8.1,Night,2023-10-13,James,84.15
MCH-3708,3D Printer,Rajkot,7,706.05,1207,8.05,High,36.0,2,3.8,Night,2025-04-14,Samantha,90.29
MCH-3709,3D Printer,Ahmedabad,22,1001.83,1367,2.5,High,25.4,14,21.6,Morning,2023-09-09,Catherine,89.84
MCH-3710,CNC,Surat,11,,524,14.28,,33.7,6,8.1,Night,2022-01-03,David,69.07
MCH-3711,Packaging Unit,Surat,10,452.52,1557,1.13,High,31.1,7,23.8,Evening,2023-10-29,Sarah,93.41
MCH-3712,Robotic Arm,Pune,12,1138.89,931,13.75,HIGH,26.8,29,21.5,Morning,2023-10-28,Katherine,63.58
MCH-3713,Laser Cutter,Ahmedabad,9,344.02,1605,6.1,High,40.2,27,3.6,Night,2025-04-07,William,98.16
MCH-3714,Packaging Unit,Surat,22,780.57,1738,12.88,High,40.0,25,5.8,Morning,2023-07-28,Dana,83.55
MCH-3715,Packaging Unit,Vadodara,9,641.77,425,11.31,Medium,22.2,21,11.8,Evening,2022-10-24,Mark,71.74
MCH-3716,Robotic Arm,Rajkot,14,334.8,1429,11.64,Medium,28.2,18,8.9,Evening,2023-07-10,Michael,81.92
MCH-3717,CNC,Rajkot,6,458.79,1877,3.96,Medium,37.2,13,0.2,Night,2022-06-25,Charles,106.93
MCH-3718,,Ahmedabad,9,576.74,1762,2.8,High,23.3,2,2.8,Night,2024-08-07,Shannon,106.3
MCH-3719,Packaging Unit,Vadodara,9,380.62,1666,0.87,Medium,29.3,20,21.9,Evening,2024-12-28,Dwayne,96.27
MCH-3720,Packaging Unit,Ahmedabad,17,1389.11,1471,13.21,Medium,29.5,8,0.3,Morning,2025-03-15,Laura,83.64
MCH-3721,Packaging Unit,Pune,19,1023.82,74,3.92,Low,19.3,18,28.5,Evening,2024-12-27,Nathaniel,71.36
MCH-3722,Robotic Arm,Ahmedabad,8,485.24,246,11.95,Medium,22.7,12,4.8,Evening,2022-07-14,Kendra,74.1
MCH-3723,Packaging Unit,Surat,22,1225.64,1041,4.45,Low,27.8,18,7.2,Morning,2025-02-28,Matthew,92.98
MCH-3724,Packaging Unit,Rajkot,9,448.79,1965,13.34,Low,25.8,10,4.9,Morning,2022-06-02,George,85.62
MCH-3725,Laser Cutter,Pune,11,1329.39,1251,9.47,High,36.6,22,0.2,Night,2024-10-27,Shannon,89.45
MCH-3726,Laser Cutter,Rajkot,11,212.65,1717,0.55,High,28.0,7,13.2,Evening,2024-09-27,Lauren,103.66
MCH-3727,Packaging Unit,Surat,13,107.82,726,14.62,High,31.0,25,6.4,Evening,2025-02-14,,72.18
MCH-3728,Laser Cutter,Ahmedabad,10,359.34,1883,0.86,High,36.3,18,2.2,Morning,2024-07-26,Victoria,111.92
MCH-3729,Laser Cutter,Ahmedabad,15,518.54,1650,8.97,Low,39.9,14,7.8,Evening,2024-08-30,Hannah,89.61
MCH-3730,CNC,Pune,18,940.23,1013,2.36,Low,28.4,6,9.2,Night,2022-11-07,Keith,95.94
MCH-3731,CNC,Pune,10,,717,11.45,High,,4,7.7,Night,2024-12-15,Cole,76.95
MCH-3732,3D Printer,Ahmedabad,6,494.51,883,7.32,High,36.3,6,2.0,Morning,2023-02-14,Rachel,90.61
MCH-3733,,Surat,8,969.68,1812,14.53,High,34.2,27,5.2,Night,2024-05-28,Adam,81.01
MCH-3734,Robotic Arm,Pune,22,835.17,684,2.18,Medium,36.2,22,6.8,Morning,2025-02-28,Debra,95.39
MCH-3735,Laser Cutter,Vadodara,10,615.66,250,6.24,Low,34.8,9,7.2,Night,2022-12-24,Ronald,83.68
MCH-3736,3D Printer,Ahmedabad,22,312.79,1382,9.0,High,30.1,13,3.3,Morning,2025-02-06,Allison,90.76
MCH-3737,Laser Cutter,Rajkot,10,627.31,995,6.54,,32.9,25,13.9,Evening,2025-02-09,Thomas,84.59
MCH-3738,3D Printer,Surat,11,733.35,932,10.2,High,37.9,24,2.9,Evening,2022-04-29,Michael,84.29
MCH-3739,Packaging Unit,Pune,18,525.29,1678,5.32,Medium,30.1,2,11.2,Evening,2022-06-13,Johnny,94.75
MCH-3740,CNC,Rajkot,4,428.08,1953,7.92,Medium,29.1,3,28.0,Evening,2024-09-01,Rachel,80.22
MCH-3741,3D Printer,Pune,4,949.15,1419,11.3,Low,31.7,7,1.0,Morning,2023-05-24,,87.17
MCH-3742,Laser Cutter,Rajkot,19,733.48,283,2.31,High,30.4,15,13.3,Morning,2024-03-03,Cheryl,87.38
MCH-3743,3D Printer,Vadodara,6,268.64,1651,1.59,Low,27.4,15,16.6,Morning,2022-03-02,Jason,98.57
MCH-3744,Laser Cutter,Rajkot,5,168.75,1924,1.01,High,17.9,17,0.4,Evening,2023-03-01,Andrew,113.49
MCH-3745,Robotic Arm,Ahmedabad,8,247.34,1128,4.37,High,23.1,27,39.5,Morning,2023-03-06,Dennis,72.66
MCH-3746,Robotic Arm,Pune,11,730.75,1480,4.78,High,27.2,26,5.6,Night,2022-06-20,Ricky,97.81
MCH-3747,Laser Cutter,Surat,23,831.32,340,1.11,High,,20,1.5,Morning,2024-04-07,Bradley,98.38
MCH-3748,Robotic Arm,Pune,16,1304.22,1399,1.09,Medium,30.7,3,8.5,Evening,2023-04-01,Alexandria,101.67
MCH-3749,3D Printer,Surat,8,321.69,1519,11.76,Low,30.3,3,6.1,Evening,2022-09-16,Amanda,84.41
MCH-3750,3D Printer,Ahmedabad,11,,1201,8.54,Low,30.1,24,5.1,Morning,2022-09-27,Rodney,89.2
MCH-3751,Robotic Arm,Vadodara,9,613.1,442,9.71,Medium,,3,5.8,Night,2022-10-04,Timothy,79.33
MCH-3752,CNC,Rajkot,13,902.24,1982,10.91,Low,28.6,16,9.1,Night,2024-03-22,Bryan,87.04
MCH-3753,CNC,Vadodara,13,519.15,1041,13.06,Low,30.5,29,4.6,Night,2022-04-12,Brian,78.59
MCH-3754,3D Printer,Ahmedabad,8,205.67,569,7.88,High,32.3,23,11.7,Morning,2022-10-28,James,80.5
MCH-3755,Laser Cutter,Pune,15,911.16,1297,11.11,Medium,19.7,5,13.4,Night,2024-02-23,Cheryl,77.91
MCH-3756,CNC,Ahmedabad,14,705.72,644,8.37,Low,41.4,15,13.1,Evening,2023-12-19,,78.45
MCH-3757,3D Printer,Rajkot,12,391.73,296,7.85,Medium,27.4,14,6.3,Night,2023-02-09,Rachael,81.8
MCH-3758,Robotic Arm,Vadodara,13,313.15,1541,7.97,,32.0,14,4.4,Night,2022-03-05,Amy,93.37
MCH-3759,Robotic Arm,Ahmedabad,23,787.65,1246,9.29,Medium,39.2,13,5.9,Night,2022-01-08,Jorge,86.55
MCH-3760,Laser Cutter,Surat,20,1090.4,913,11.05,Low,34.6,16,0.3,Night,2023-03-15,Susan,83.74
MCH-3761,Packaging Unit,Ahmedabad,16,382.77,1277,12.22,HIGH,23.7,19,3.3,Evening,2024-03-15,,83.34
MCH-3762,3D Printer,Ahmedabad,11,920.4,1872,3.26,High,38.5,25,4.1,Morning,2023-12-15,Candice,104.9
MCH-3763,Robotic Arm,Ahmedabad,11,1370.32,785,3.77,Low,33.4,29,4.0,Evening,2023-10-08,Cynthia,94.24
MCH-3764,Packaging Unit,Rajkot,16,525.89,336,13.13,Medium,18.3,15,3.5,Morning,2023-07-06,Jake,73.34
MCH-3765,3D Printer,Ahmedabad,5,808.79,930,7.78,Low,29.4,4,4.7,Evening,2024-12-13,Antonio,87.74
MCH-3766,Laser Cutter,Pune,18,175.51,1062,1.8,High,26.2,2,5.1,Night,2025-03-01,Stephen,101.43
MCH-3767,CNC,Ahmedabad,11,328.4,704,9.41,Medium,40.4,25,2.5,Night,2024-10-27,,84.83
MCH-3768,Packaging Unit,Ahmedabad,21,876.29,915,8.38,High,28.7,18,1.5,Night,2024-06-12,John,88.56
MCH-3769,Packaging Unit,Pune,6,340.24,1484,5.77,High,31.7,17,0.4,Evening,2022-10-07,Elizabeth,100.06
MCH-3770,Packaging Unit,Ahmedabad,10,748.61,410,12.26,High,26.5,10,9.8,Evening,2023-06-06,Ralph,70.97
MCH-3771,CNC,Surat,8,261.0,491,11.21,Medium,32.6,2,9.1,Evening,2022-08-30,Lawrence,74.93
MCH-3772,CNC,Rajkot,13,778.77,109,1.88,Medium,28.7,18,2.0,Evening,2024-04-27,Katie,94.64
MCH-3773,CNC,Vadodara,14,926.01,1137,11.2,High,26.6,20,2.5,Morning,2024-11-14,Melissa,84.0
MCH-3774,Robotic Arm,Vadodara,13,754.89,486,2.31,High,26.4,7,5.4,Evening,2022-07-12,Christopher,94.57
MCH-3775,Laser Cutter,Pune,22,854.7,1351,11.62,Low,36.2,13,0.9,Morning,2022-12-15,Cory,86.17
MCH-3776,Robotic Arm,Surat,23,791.62,1141,14.61,Low,27.9,18,4.8,Night,2024-08-12,Jessica,75.8
MCH-3777,CNC,Pune,17,413.95,1336,0.42,,38.5,19,17.9,Morning,2022-01-12,Gregory,97.17
MCH-3778,3D Printer,Vadodara,23,563.13,654,7.55,Medium,30.3,13,6.4,Morning,2023-04-12,Jenny,85.07
MCH-3779,Laser Cutter,Ahmedabad,21,706.55,1476,1.54,High,24.4,25,5.1,Night,2023-09-14,Kristin,104.64
MCH-3780,Robotic Arm,Ahmedabad,22,365.37,865,0.89,Low,36.9,18,6.3,Morning,2024-01-23,Eric,100.5
MCH-3781,Packaging Unit,Pune,14,159.0,741,4.19,Medium,26.7,4,12.6,Night,2023-12-11,Lauren,88.75
MCH-3782,Laser Cutter,Surat,12,312.97,743,4.88,Medium,25.5,9,1.4,Evening,2024-03-21,Jonathon,95.0
MCH-3783,Laser Cutter,Rajkot,13,631.34,630,9.05,Low,29.9,23,2.7,Evening,2022-02-09,Sara,84.36
MCH-3784,Laser Cutter,Rajkot,8,994.11,703,8.11,Low,26.9,20,7.6,Night,2023-01-24,Monica,82.9
MCH-3785,Robotic Arm,Surat,11,913.31,1279,4.2,Medium,30.3,25,3.8,Night,2022-07-04,Jake,98.29
MCH-3786,Packaging Unit,Ahmedabad,13,908.39,960,3.04,Medium,19.5,15,2.0,Night,2023-02-14,Gregory,99.22
MCH-3787,Packaging Unit,Pune,8,1248.27,1928,9.61,Low,39.4,4,2.4,Morning,2023-07-03,Ryan,93.38
MCH-3788,Robotic Arm,Pune,20,547.87,1518,0.26,Medium,28.5,5,9.8,Evening,2022-04-28,Mallory,104.49
MCH-3789,Laser Cutter,Vadodara,10,287.2,1446,5.33,High,41.0,20,8.5,Morning,2024-12-05,Renee,95.03
MCH-3790,Packaging Unit,Vadodara,6,1337.49,1809,12.78,Medium,26.4,28,1.4,Evening,2024-08-31,Jonathan,86.62
MCH-3791,Robotic Arm,Vadodara,15,595.62,1532,1.6,Low,36.6,7,1.5,Evening,2024-06-19,Larry,107.67
MCH-3792,Packaging Unit,Ahmedabad,10,301.02,1352,3.98,Low,27.0,9,9.8,Evening,2022-02-20,Phillip,96.02
MCH-3793,Laser Cutter,Ahmedabad,18,510.56,1142,7.07,High,21.8,6,3.7,Night,2023-01-27,Regina,92.06
MCH-3794,Robotic Arm,Ahmedabad,14,713.21,983,13.92,Low,38.2,10,16.3,Evening,2022-12-19,Craig,67.92
MCH-3795,Robotic Arm,Rajkot,12,697.98,1724,11.46,Low,35.5,17,3.3,Morning,2024-03-03,Diane,88.14
MCH-3796,Robotic Arm,Pune,4,941.41,857,9.06,High,34.4,26,16.7,Night,2024-03-13,Nicholas,75.99
MCH-3797,3D Printer,Rajkot,15,336.36,582,11.05,Medium,32.3,28,14.7,Evening,2024-08-08,Karen,71.98
MCH-3798,Packaging Unit,Ahmedabad,15,785.73,1735,1.5,Medium,,28,8.3,Morning,2024-10-25,Roberta,104.53
MCH-3799,Packaging Unit,Pune,22,635.63,1090,14.11,Low,30.0,29,25.8,Night,2025-01-02,Kathleen,61.9
MCH-3800,CNC,Vadodara,11,2174.3,879,6.31,Medium,28.0,25,12.1,Night,2024-02-23,Keith,83.13
MCH-3801,Packaging Unit,Vadodara,17,451.76,1600,1.98,Medium,35.0,10,0.1,Morning,2023-01-21,Adam,108.66
MCH-3802,Robotic Arm,Ahmedabad,6,777.2,1059,7.36,Medium,34.2,25,6.5,Morning,2024-05-09,Michael,88.44
MCH-3803,Robotic Arm,Surat,20,512.65,622,4.4,Medium,23.0,10,8.3,Evening,2024-03-26,Kimberly,89.84
MCH-3804,Robotic Arm,Pune,17,600.85,782,1.96,High,26.3,25,11.2,Evening,2022-10-29,Melissa,93.9
MCH-3805,Robotic Arm,Ahmedabad,15,818.35,496,9.63,Medium,31.6,5,9.9,Morning,2023-05-24,Margaret,76.77
MCH-3806,CNC,Vadodara,16,393.25,1111,6.99,Low,29.6,9,1.5,Morning,2023-03-05,Danielle,93.67
MCH-3807,Packaging Unit,Surat,19,544.69,437,2.51,Low,27.0,11,4.5,Evening,2025-03-16,Robert,94.69
MCH-3808,Packaging Unit,Vadodara,19,,1620,8.96,Low,27.5,14,3.3,Evening,2025-02-12,Stephen,92.42
MCH-3809,3D Printer,Vadodara,16,1236.23,1722,12.74,Medium,37.2,7,3.6,Evening,2025-03-03,Stacie,84.58
MCH-3810,Packaging Unit,Rajkot,11,862.11,419,5.2,Low,37.0,8,15.9,Morning,2023-01-26,Kelly,80.73
MCH-3811,3D Printer,Surat,6,297.36,603,13.35,Low,36.3,21,3.1,Night,2024-05-15,Troy,75.73
MCH-3812,Laser Cutter,Ahmedabad,10,686.92,1836,5.31,Medium,27.6,10,0.5,Night,2024-12-21,Christopher,103.35
MCH-3813,Robotic Arm,Pune,5,908.92,68,8.69,Medium,25.5,6,1.0,Evening,2023-05-24,Tina,81.19
MCH-3814,Packaging Unit,Rajkot,17,1239.66,1882,14.87,Medium,18.4,5,12.9,Evening,2023-12-14,Lindsey,75.14
MCH-3815,3D Printer,Ahmedabad,23,386.39,1574,8.08,High,27.6,18,3.6,Night,2023-02-09,Dana,93.88
MCH-3816,Packaging Unit,Pune,22,694.27,573,2.23,,,6,7.2,Night,2025-02-14,,94.28
MCH-3817,Packaging Unit,Surat,14,1176.24,1179,12.79,Low,24.3,27,9.7,Night,2022-11-13,Nathan,75.77
MCH-3818,Laser Cutter,Pune,10,1034.21,1487,12.76,HIGH,23.9,7,2.9,Evening,2024-03-05,Katie,83.36
MCH-3819,Packaging Unit,Ahmedabad,11,1370.05,1619,5.94,Low,25.6,9,13.9,Night,2022-06-13,Matthew,89.92
MCH-3820,Laser Cutter,Rajkot,14,912.63,1594,0.67,Medium,26.8,28,16.4,Morning,2024-12-13,Angelica,99.16
MCH-3821,Laser Cutter,Ahmedabad,22,147.88,901,5.89,High,39.0,17,4.0,Evening,2025-02-19,John,92.72
MCH-3822,Robotic Arm,Surat,10,400.98,814,0.42,Low,21.8,25,13.8,Evening,2024-07-04,John,95.71
MCH-3823,,Pune,21,758.04,954,11.14,Medium,,4,9.0,Morning,2023-04-25,Kerri,78.29
MCH-3824,3D Printer,Vadodara,18,718.31,778,11.32,Low,32.5,5,0.7,Night,2022-04-20,Scott,82.33
MCH-3825,3D Printer,Ahmedabad,10,781.92,1541,14.93,Medium,25.7,18,7.3,Night,2024-07-17,John,76.75
MCH-3826,Laser Cutter,Ahmedabad,18,552.42,1002,1.5,High,24.2,24,2.6,Morning,2022-06-09,Rebecca,102.74
MCH-3827,CNC,Surat,7,430.19,604,6.62,High,30.2,29,4.1,morning,2023-10-03,Robert,88.31
MCH-3828,Laser Cutter,Pune,8,532.98,1616,0.5,Low,37.8,9,28.0,Night,2023-09-13,Crystal,92.11
MCH-3829,CNC,Surat,23,1102.34,322,11.75,Medium,38.9,9,1.2,Morning,2023-08-21,Regina,76.77
MCH-3830,Packaging Unit,Pune,6,299.42,279,14.63,High,26.3,6,9.7,Evening,2024-04-03,Joshua,65.85
MCH-3831,CNC,Rajkot,18,,400,5.15,Medium,32.0,5,9.5,Morning,2025-03-31,Victor,85.45
MCH-3832,,Ahmedabad,15,,198,8.35,,31.7,8,2.5,Evening,2023-12-29,Lori,82.53
MCH-3833,3D Printer,Pune,19,1140.19,1150,1.54,High,29.6,18,36.2,Morning,2024-06-23,Matthew,79.53
MCH-3834,Laser Cutter,Ahmedabad,18,316.87,239,10.32,Medium,21.4,7,6.3,Evening,2024-03-01,William,76.49
MCH-3835,CNC,Ahmedabad,18,,114,5.5,Medium,33.7,18,3.9,Evening,2024-03-01,Michael,85.99
MCH-3836,Laser Cutter,Rajkot,11,972.25,1402,10.35,Medium,,25,1.9,Evening,2024-03-28,John,88.26
MCH-3837,Laser Cutter,Rajkot,22,920.42,1310,2.35,High,37.2,28,4.9,Night,2023-07-31,Natalie,101.47
MCH-3838,Laser Cutter,Ahmedabad,4,982.87,1243,10.45,Medium,,24,13.9,Night,2023-01-19,Cassandra,78.32
MCH-3839,Laser Cutter,Surat,10,1172.98,1643,0.78,Medium,36.8,26,16.0,Night,2024-11-21,Brian,99.26
MCH-3840,3D Printer,Ahmedabad,11,1093.16,895,2.4,Medium,25.5,14,9.4,Night,2023-07-13,Nicholas,94.52
MCH-3841,Packaging Unit,Pune,6,692.82,1403,10.52,Medium,18.3,21,9.7,Morning,2023-03-03,Donald,82.87
MCH-3842,3D Printer,Ahmedabad,16,687.64,1057,7.71,HIGH,24.5,17,10.5,Morning,2022-06-18,Ryan,85.06
MCH-3843,,Vadodara,22,351.88,437,2.35,Low,,10,3.5,Evening,2024-09-23,Martin,95.99
MCH-3844,3D Printer,Rajkot,13,384.9,1276,12.24,High,27.8,26,12.0,Evening,2023-12-10,William,77.2
MCH-3845,Robotic Arm,Ahmedabad,21,386.62,1800,1.7,Low,25.4,8,4.9,Morning,2022-12-14,Thomas,107.62
MCH-3846,Laser Cutter,Rajkot,16,455.06,1541,3.69,Medium,,15,1.4,Night,2024-04-30,Diana,103.83
MCH-3847,Laser Cutter,Vadodara,14,745.02,139,2.33,Low,22.3,20,3.2,Evening,2024-06-13,,93.19
MCH-3848,Robotic Arm,Ahmedabad,10,242.1,726,1.05,High,26.8,19,3.4,Evening,2024-01-29,Amy,101.22
MCH-3849,Packaging Unit,Pune,13,1065.93,1607,5.68,Low,,8,3.6,Morning,2024-02-26,William,97.99
MCH-3850,3D Printer,Vadodara,17,1677.59,445,7.34,Low,36.3,28,0.4,Evening,2023-05-07,David,86.35
MCH-3851,CNC,Pune,9,748.39,359,5.88,Medium,33.6,8,5.2,Night,2022-11-21,William,86.52
MCH-3852,Laser Cutter,Ahmedabad,7,,633,11.09,High,,6,4.4,Night,2024-12-05,Amy,79.66
MCH-3853,CNC,Surat,22,318.48,1490,7.19,High,22.7,23,5.8,Morning,2023-02-27,Gregory,93.52
MCH-3854,3D Printer,Surat,23,173.31,223,12.94,High,29.9,27,0.8,Morning,2023-06-22,Jack,75.17
MCH-3855,CNC,Rajkot,8,771.73,1114,5.07,Medium,32.8,3,11.8,morning,2024-10-29,Kimberly,89.78
MCH-3856,Laser Cutter,Pune,23,771.71,1126,2.35,Low,26.0,29,6.8,Evening,2024-02-09,Pamela,98.82
MCH-3857,3D Printer,Ahmedabad,20,1082.24,662,4.74,High,29.7,20,11.0,Night,2024-04-16,Caleb,86.79
MCH-3858,Laser Cutter,Rajkot,12,476.17,628,11.03,High,23.3,26,5.0,Evening,2025-03-10,Laura,78.99
MCH-3859,3D Printer,Surat,4,776.28,171,8.58,,36.7,12,1.3,Night,2024-10-27,Adam,82.25
MCH-3860,3D Printer,Vadodara,12,816.19,1961,12.75,High,24.6,19,4.1,Morning,2024-05-30,Lisa,86.81
MCH-3861,Packaging Unit,Rajkot,11,844.38,1458,13.09,Medium,21.2,17,5.0,Evening,2024-08-13,Michael,81.26
MCH-3862,3D Printer,Rajkot,19,1145.52,843,1.07,,37.4,19,5.5,Evening,2022-02-23,Alicia,99.4
MCH-3863,Packaging Unit,Rajkot,19,418.16,192,6.08,High,21.3,19,1.9,Morning,2023-12-12,,87.51
MCH-3864,3D Printer,Vadodara,19,1370.4,1196,7.62,Low,23.6,18,4.0,Morning,2022-11-19,Elizabeth,89.97
MCH-3865,Laser Cutter,Pune,20,1444.25,1203,4.62,High,27.1,7,9.4,Morning,2025-01-15,Samantha,92.14
MCH-3866,Robotic Arm,Vadodara,23,818.05,1426,8.03,High,17.5,7,2.6,Night,2024-12-07,Scott,92.83
MCH-3867,3D Printer,Vadodara,15,,885,9.44,Low,38.3,6,1.7,Evening,2022-08-24,James,86.86
MCH-3868,Packaging Unit,Surat,8,329.25,780,7.16,High,30.2,15,8.5,Evening,2023-11-10,Maria,85.76
MCH-3869,Laser Cutter,Ahmedabad,14,780.99,324,12.61,Medium,34.7,7,0.7,Evening,2023-06-30,Barbara,75.87
MCH-3870,3D Printer,Vadodara,5,671.77,1056,13.93,High,23.7,3,0.5,Night,2022-08-11,Kari,79.63
MCH-3871,Robotic Arm,Pune,11,1150.15,760,11.26,High,24.4,7,8.7,Evening,2022-09-21,Corey,76.08
MCH-3872,3D Printer,Rajkot,6,1001.04,803,8.32,HIGH,19.6,14,6.1,Evening,2022-12-02,Christina,84.35
MCH-3873,Robotic Arm,Vadodara,6,429.23,1679,4.36,Low,34.9,6,36.3,Night,2023-03-24,Heather,79.25
MCH-3874,Laser Cutter,Ahmedabad,18,1354.26,126,12.13,Low,29.7,12,16.0,Morning,2022-11-28,,63.66
MCH-3875,3D Printer,Pune,11,663.43,1919,13.4,Low,31.9,20,1.7,Night,2025-01-23,Patty,87.05
MCH-3876,,Vadodara,5,644.68,1902,13.85,Medium,28.4,10,2.8,Night,2022-11-16,Adam,85.27
MCH-3877,CNC,Surat,23,,370,12.04,Low,32.3,12,27.9,Night,2023-09-06,Laura,59.01
MCH-3878,3D Printer,Ahmedabad,5,1121.77,1351,14.17,Low,36.0,29,32.5,Night,2022-06-06,Aimee,58.57
MCH-3879,3D Printer,Ahmedabad,5,1183.88,1485,7.31,Low,33.9,20,1.1,Night,2022-03-14,David,95.29
MCH-3880,Robotic Arm,Vadodara,18,1156.6,1177,4.9,Low,38.2,16,12.5,Night,2024-02-18,Grant,89.61
MCH-3881,Robotic Arm,Pune,15,,1004,10.09,Medium,31.7,28,22.3,Night,2023-02-15,Vickie,71.85
MCH-3882,Laser Cutter,Ahmedabad,10,431.72,1207,10.62,Medium,23.1,6,17.5,Evening,2022-09-25,Dustin,75.95
MCH-3883,Robotic Arm,Rajkot,21,572.27,1067,10.38,Medium,31.8,9,20.2,Evening,2023-09-17,Roberta,73.17
MCH-3884,CNC,Ahmedabad,12,288.6,210,14.93,Low,24.4,12,10.3,morning,2023-08-24,Mark,64.27
MCH-3885,CNC,Surat,17,453.33,522,12.7,Low,31.5,12,1.9,morning,2022-04-03,Cynthia,76.97
MCH-3886,Laser Cutter,Pune,10,,1388,5.56,Medium,23.5,6,0.8,Evening,2022-08-22,Meghan,98.28
MCH-3887,Laser Cutter,Vadodara,22,401.57,1403,12.97,Low,,6,37.5,Night,2023-03-29,Peter,58.93
MCH-3888,Robotic Arm,Surat,13,753.28,960,4.81,Medium,22.6,25,26.1,Night,2022-01-14,Ryan,79.03
MCH-3889,Laser Cutter,Surat,21,532.71,160,5.41,Low,40.1,25,0.1,Morning,2022-07-23,Robin,89.68
MCH-3890,CNC,Rajkot,22,324.11,1961,6.45,Low,27.4,14,1.2,Morning,2022-03-17,Dawn,102.14
MCH-3891,Robotic Arm,Pune,13,713.1,712,9.44,Medium,31.7,16,4.1,Evening,2024-08-13,Ryan,83.16
MCH-3892,Packaging Unit,Ahmedabad,9,649.25,1661,1.89,Medium,29.8,16,2.4,Evening,2022-10-31,Cassandra,107.45
MCH-3893,CNC,Vadodara,16,299.53,637,0.59,High,24.0,24,1.7,morning,2025-04-02,Gregory,102.51
MCH-3894,3D Printer,Vadodara,8,391.36,1731,5.29,Medium,33.3,11,2.7,Night,2022-01-21,Darrell,101.4
MCH-3895,CNC,Ahmedabad,5,864.57,1640,14.97,Medium,23.9,14,6.4,Morning,2022-08-23,Jennifer,78.01
MCH-3896,Laser Cutter,Pune,6,445.5,448,1.48,High,41.3,27,24.2,Morning,2022-12-12,Michael,83.2
MCH-3897,Robotic Arm,Surat,8,661.74,967,10.16,Medium,30.5,26,7.1,Night,2022-11-20,Crystal,81.82
MCH-3898,CNC,Surat,5,1746.44,415,7.85,Medium,29.1,20,9.8,Evening,2022-05-20,Rachel,78.4
MCH-3899,3D Printer,Surat,19,625.06,260,7.07,Medium,25.1,3,1.6,Evening,2022-11-17,Christina,86.01
MCH-3900,Laser Cutter,Vadodara,19,711.44,767,4.81,Medium,27.0,6,10.3,Morning,2022-12-17,James,88.55
MCH-3901,3D Printer,Ahmedabad,14,,201,8.46,Low,23.8,26,23.3,Morning,2024-02-01,Rodney,67.89
MCH-3902,Laser Cutter,Pune,17,386.6,480,4.33,High,,3,2.3,Morning,2025-03-19,Crystal,93.18
MCH-3903,3D Printer,Surat,15,182.84,1035,7.68,High,37.5,21,9.9,Morning,2022-07-18,Howard,86.07
MCH-3904,3D Printer,Vadodara,23,596.22,1200,11.2,Low,21.0,21,12.5,Morning,2023-02-23,,78.0
MCH-3905,Packaging Unit,Ahmedabad,6,759.0,1000,11.38,High,29.4,5,57.3,Morning,2024-04-03,Anthony,44.38
MCH-3906,CNC,Ahmedabad,21,480.53,1361,10.39,Low,30.0,18,0.3,Morning,2023-12-26,Michael,89.67
MCH-3907,3D Printer,Vadodara,21,602.61,366,14.98,Medium,32.3,20,3.9,Morning,2024-10-06,Joseph,69.5
MCH-3908,CNC,Rajkot,15,998.01,1534,11.54,Low,38.1,3,6.3,Evening,2023-12-25,Kimberly,83.87
MCH-3909,Robotic Arm,Rajkot,7,387.25,278,6.82,High,35.6,8,1.8,Morning,2023-07-01,Joy,86.86
MCH-3910,3D Printer,Surat,13,901.93,1977,3.87,Medium,28.4,28,2.8,Morning,2023-10-29,Billy,105.49
MCH-3911,3D Printer,Vadodara,6,659.05,1806,5.51,High,33.6,16,10.5,Morning,2023-11-21,Joshua,95.74
MCH-3912,Robotic Arm,Ahmedabad,8,702.76,1754,11.87,High,31.6,22,3.5,Morning,2022-03-03,Katherine,87.42
MCH-3913,CNC,Vadodara,13,429.14,701,10.01,Medium,24.8,7,2.1,Morning,2022-01-15,Megan,83.74
MCH-3914,CNC,Vadodara,13,878.45,1311,7.82,High,46.5,19,16.1,Morning,2024-11-28,Jonathan,82.76
MCH-3915,CNC,Pune,23,1125.39,1666,1.38,High,32.9,6,3.7,Morning,2025-01-01,Dana,106.93
MCH-3916,3D Printer,Rajkot,18,619.91,726,5.82,Low,24.7,26,21.8,Evening,2023-11-28,Joshua,78.26
MCH-3917,Laser Cutter,Ahmedabad,20,822.41,587,12.51,Medium,26.4,16,2.3,Night,2022-10-01,Kenneth,77.09
MCH-3918,Packaging Unit,Rajkot,23,295.74,115,14.75,Medium,30.1,4,1.4,Evening,2023-06-08,Frank,70.06
MCH-3919,Packaging Unit,Rajkot,22,425.19,1671,14.99,High,33.5,18,5.0,Night,2023-10-19,Lorraine,79.84
MCH-3920,Packaging Unit,Surat,13,436.72,1480,11.16,Low,34.0,22,6.2,Night,2024-11-28,,85.05
MCH-3921,3D Printer,Pune,13,1079.87,214,14.98,High,32.1,26,9.9,Evening,2023-05-23,Kathleen,63.35
MCH-3922,Robotic Arm,Ahmedabad,14,391.17,1999,4.91,Low,,20,6.8,Evening,2025-01-29,Tamara,101.52
MCH-3923,3D Printer,Rajkot,7,994.44,745,3.92,Medium,33.4,20,9.8,Morning,2022-10-10,Michelle,90.09
MCH-3924,Packaging Unit,Vadodara,7,808.07,381,5.3,Low,31.9,7,3.3,Evening,2023-03-14,,89.11
MCH-3925,3D Printer,Surat,19,445.76,1261,7.42,Low,24.7,15,2.7,Night,2022-01-29,Maria,93.14
MCH-3926,CNC,Pune,11,413.82,740,12.76,High,30.4,18,10.2,Morning,2024-05-11,Christopher,72.92
MCH-3927,Robotic Arm,Rajkot,16,758.98,1494,9.98,Low,31.1,2,2.9,Morning,2023-01-25,Lindsay,89.38
MCH-3928,Robotic Arm,Pune,20,535.03,1947,8.65,HIGH,35.8,27,1.6,Night,2024-03-24,Kathleen,97.04
MCH-3929,Laser Cutter,Vadodara,4,768.77,196,0.66,Medium,37.1,4,29.2,Night,2022-01-25,Micheal,78.78
MCH-3930,CNC,Ahmedabad,16,416.01,943,5.54,Low,22.8,8,4.7,Morning,2023-03-18,Richard,92.89
MCH-3931,Packaging Unit,Vadodara,11,495.24,205,1.49,High,,22,11.3,Night,2024-03-20,Jennifer,90.11
MCH-3932,Laser Cutter,Ahmedabad,17,,135,8.03,High,21.7,29,0.6,Evening,2024-10-23,Chelsea,83.58
MCH-3933,3D Printer,Vadodara,7,1443.55,296,6.41,Medium,37.8,4,10.7,Night,2023-05-14,Aaron,80.09
MCH-3934,Laser Cutter,Pune,14,865.36,1224,1.23,High,30.1,15,6.0,Evening,2022-12-09,Bonnie,102.3
MCH-3935,Packaging Unit,Ahmedabad,21,884.97,856,3.83,Low,,22,5.9,Night,2023-04-11,,94.08
MCH-3936,Packaging Unit,Rajkot,21,481.22,1028,5.54,Medium,30.1,14,25.0,Night,2025-02-14,Bobby,79.3
MCH-3937,Robotic Arm,Surat,20,534.44,670,4.09,Low,17.1,29,6.1,Evening,2022-04-12,Paul,92.37
MCH-3938,,Pune,22,304.43,1276,9.21,Medium,,12,1.3,Morning,2023-12-03,Brandon,90.87
MCH-3939,,Vadodara,14,381.97,1089,4.57,,31.4,3,1.2,Night,2025-04-03,Andre,98.55
MCH-3940,CNC,Surat,8,996.95,1373,10.28,Medium,28.1,27,0.6,Night,2022-05-31,,89.04
MCH-3941,Laser Cutter,Surat,16,800.25,1951,0.43,Medium,32.4,23,15.2,Evening,2022-06-11,Jessica,103.62
MCH-3942,CNC,Surat,12,226.2,890,5.86,High,,16,36.3,Night,2023-05-19,Gregory,69.96
MCH-3943,Robotic Arm,Ahmedabad,18,806.24,779,2.93,HIGH,30.8,16,7.5,Night,2023-11-23,Allison,94.23
MCH-3944,CNC,Pune,11,658.55,458,7.35,High,28.6,16,8.1,Night,2023-12-13,Calvin,82.51
MCH-3945,CNC,Vadodara,13,14027.28,150,3.58,Low,31.4,16,46.2,Evening,2024-09-30,Ashley,86.2
MCH-3946,,Vadodara,7,423.51,344,0.14,High,39.8,20,22.4,Morning,2024-05-16,Rebecca,86.3
MCH-3947,CNC,Surat,19,197.77,1619,12.2,Medium,22.2,5,10.2,Night,2025-03-10,Amber,81.67
MCH-3948,3D Printer,Surat,22,378.83,1259,11.37,,16.5,18,0.1,Evening,2024-02-23,Courtney,87.14
MCH-3949,Robotic Arm,Ahmedabad,17,805.67,1471,9.16,High,38.3,5,4.4,Evening,2025-03-24,Sharon,89.71
MCH-3950,3D Printer,Surat,11,694.76,1857,13.94,High,17.5,17,0.8,Night,2023-03-16,Paul,86.04
MCH-3951,Robotic Arm,Surat,23,1007.84,1827,11.6,HIGH,36.5,5,0.6,Evening,2024-01-25,Joel,90.17
MCH-3952,3D Printer,Rajkot,10,573.96,1822,8.31,Medium,30.6,4,5.7,Evening,2023-06-08,Amanda,93.75
MCH-3953,Laser Cutter,Pune,6,1687.45,1199,3.11,Low,34.0,12,15.2,Morning,2022-06-18,Jermaine,90.72
MCH-3954,Robotic Arm,Rajkot,23,798.51,592,2.53,Medium,37.1,11,18.8,Night,2024-02-13,Dana,85.57
MCH-3955,CNC,Ahmedabad,16,803.75,1184,12.59,High,34.3,27,1.5,Night,2023-09-19,Bradley,82.49
MCH-3956,Packaging Unit,Vadodara,11,655.65,71,9.63,Low,19.9,28,4.5,Night,2024-08-23,Deanna,77.25
MCH-3957,3D Printer,Surat,6,504.49,1807,1.63,Low,30.4,19,7.9,Night,2023-10-11,Kathleen,105.55
MCH-3958,Robotic Arm,Vadodara,6,155.93,628,3.13,Medium,23.8,10,1.1,Morning,2023-08-03,Russell,97.98
MCH-3959,3D Printer,Ahmedabad,9,1433.65,1025,12.96,,32.9,29,6.0,Morning,2023-08-02,Douglas,76.37
MCH-3960,Laser Cutter,Rajkot,22,752.19,502,6.79,Medium,29.6,14,2.9,Night,2022-04-09,Daniel,87.5
MCH-3961,3D Printer,Vadodara,20,1426.91,1535,4.83,High,26.8,28,20.5,Morning,2024-08-28,Emily,86.74
MCH-3962,Laser Cutter,Surat,14,671.97,976,9.5,Low,30.1,16,1.3,Night,2022-02-23,Michelle,87.26
MCH-3963,Laser Cutter,Vadodara,10,249.27,1009,13.47,High,32.0,29,1.6,Night,2025-02-05,Bethany,79.99
MCH-3964,CNC,Ahmedabad,13,731.33,1109,12.4,High,29.1,23,3.7,Morning,2025-01-03,Mike,80.81
MCH-3965,3D Printer,Ahmedabad,12,700.19,1474,1.49,Medium,28.8,10,2.7,Night,2022-07-04,Stephanie,106.41
MCH-3966,,Pune,8,1073.45,304,4.82,Low,28.4,15,8.5,Evening,2023-04-18,,85.41
MCH-3967,Robotic Arm,Surat,6,357.06,153,13.09,Low,33.6,28,4.4,Morning,2024-09-24,Joshua,71.5
MCH-3968,Laser Cutter,Vadodara,19,405.17,1198,11.54,HIGH,10.3,27,25.3,Night,2023-03-18,Kim,68.61
MCH-3969,CNC,Ahmedabad,12,763.82,560,11.83,Low,23.9,26,1.9,Evening,2022-06-12,Alexander,78.59
MCH-3970,3D Printer,Rajkot,9,358.05,657,2.57,Medium,41.4,17,2.2,Morning,2022-07-21,Cynthia,98.28
MCH-3971,Packaging Unit,Ahmedabad,21,288.84,1635,10.76,Medium,40.3,24,4.6,Morning,2022-03-10,Sean,88.47
MCH-3972,Laser Cutter,Vadodara,17,543.65,1509,6.99,Medium,34.0,6,17.0,Night,2022-06-15,Brianna,85.92
MCH-3973,Robotic Arm,Ahmedabad,10,738.23,1255,3.61,Low,28.3,12,0.5,Night,2022-10-22,John,101.83
MCH-3974,3D Printer,Vadodara,16,1027.02,295,2.97,Low,27.8,13,7.5,Evening,2024-02-28,David,89.8
MCH-3975,3D Printer,Rajkot,16,662.39,1363,9.88,Medium,26.0,17,3.5,Morning,2023-12-11,Michelle,88.2
MCH-3976,3D Printer,Ahmedabad,10,855.55,1756,3.88,High,43.6,2,10.4,Morning,2023-05-29,David,98.37
MCH-3977,CNC,Surat,13,1207.53,1615,3.93,,30.7,4,18.9,Evening,2025-01-20,Jason,90.64
MCH-3978,Laser Cutter,Vadodara,23,262.73,1098,12.15,Low,37.0,15,6.1,Evening,2022-03-03,Luis,80.2
MCH-3979,Robotic Arm,Ahmedabad,20,395.15,375,3.72,High,33.3,6,8.9,Morning,2022-12-03,Lauren,88.89
MCH-3980,Robotic Arm,Surat,14,860.93,703,7.23,Medium,25.9,14,4.2,Morning,2022-10-08,Zachary,87.23
MCH-3981,Packaging Unit,Pune,14,1838.12,57,1.03,High,40.4,16,7.5,Evening,2023-10-04,Brian,90.54
MCH-3982,CNC,Pune,12,430.35,237,4.54,Low,25.1,5,15.7,Evening,2023-04-14,Joshua,81.29
MCH-3983,,Vadodara,9,177.06,1934,8.13,Low,24.9,19,0.7,Night,2025-02-10,John,99.11
MCH-3984,Packaging Unit,Pune,8,564.41,825,7.43,Medium,21.4,3,1.9,Evening,2022-12-27,Luke,89.88
MCH-3985,Laser Cutter,Surat,10,771.85,1851,14.95,,37.3,19,29.5,Evening,2024-05-16,Robin,63.77
MCH-3986,CNC,Vadodara,7,286.98,127,10.61,High,23.1,24,7.8,Morning,2022-10-06,Bradley,73.97
MCH-3987,CNC,Rajkot,10,524.91,1198,10.08,High,28.3,18,17.0,Night,2024-08-15,Jessica,77.17
MCH-3988,Packaging Unit,Vadodara,11,238.43,1113,7.52,Medium,22.1,16,14.2,Morning,2024-01-28,Melody,83.95
MCH-3989,3D Printer,Vadodara,6,313.61,1081,4.2,Low,33.2,3,14.1,Night,2023-10-12,Julie,90.29
MCH-3990,3D Printer,Vadodara,16,375.39,1441,9.36,Low,27.3,19,16.7,Morning,2022-10-26,Charles,81.06
MCH-3991,Robotic Arm,Pune,8,,469,4.07,Medium,24.4,25,3.1,Night,2022-07-22,Jason,92.99
MCH-3992,Packaging Unit,Rajkot,6,176.13,1885,11.36,Medium,35.9,24,15.5,Evening,2022-01-06,James,81.89
MCH-3993,3D Printer,Rajkot,4,646.19,1651,11.56,High,30.9,23,5.9,Night,2024-06-12,Aaron,85.59
MCH-3994,3D Printer,Ahmedabad,11,804.93,979,11.87,High,36.2,20,3.6,Evening,2024-10-28,Nicholas,80.75
MCH-3995,3D Printer,Surat,15,862.9,366,1.99,High,34.4,19,1.7,Evening,2022-10-17,Frank,96.65
MCH-3996,CNC,Vadodara,16,1778.84,1212,13.26,Medium,37.8,3,15.6,Morning,2024-05-14,Andrea,70.12
MCH-3997,Robotic Arm,Surat,21,358.28,1246,6.49,High,35.1,20,0.9,Morning,2022-06-14,Kevin,96.26
MCH-3998,Laser Cutter,Rajkot,4,1111.91,353,3.13,High,45.8,16,6.2,Night,2023-04-19,Richard,90.75
MCH-3999,Packaging Unit,Surat,11,262.13,699,1.12,Medium,32.5,26,8.7,Morning,2024-12-26,,97.12
MCH-4000,Laser Cutter,Rajkot,13,753.21,557,2.06,High,28.1,29,2.8,Morning,2023-05-29,,97.49
MCH-4001,CNC,Rajkot,20,771.41,851,3.4,Medium,30.2,19,0.3,Night,2022-09-05,Tyler,98.98
MCH-4002,,Surat,9,963.77,1088,2.7,Medium,31.3,12,0.8,Morning,2024-12-19,Angela,101.73
MCH-4003,Robotic Arm,Rajkot,15,,464,13.04,Low,,21,5.2,Night,2022-02-06,Wendy,71.76
MCH-4004,Laser Cutter,Ahmedabad,16,560.25,1786,8.78,Medium,25.8,28,8.6,Evening,2025-01-11,Michael,90.5
MCH-4005,Laser Cutter,Surat,7,588.01,180,0.91,,37.2,24,3.0,Night,2024-11-16,Justin,96.74
MCH-4006,CNC,Surat,21,1167.88,211,2.75,Medium,,24,6.1,Evening,2023-10-30,Laura,90.32
MCH-4007,3D Printer,Rajkot,12,823.26,1312,8.38,Medium,35.3,24,2.2,Night,2023-03-11,Stephanie,91.46
MCH-4008,Laser Cutter,Surat,23,876.19,614,12.7,High,29.8,22,1.2,Morning,2024-02-02,Nichole,77.62
MCH-4009,Laser Cutter,Pune,10,606.5,347,7.28,High,31.7,20,13.7,Morning,2022-08-13,Breanna,77.88
MCH-4010,Laser Cutter,Vadodara,13,996.8,1471,2.9,Low,35.3,16,10.4,Morning,2023-03-17,Kyle,97.75
MCH-4011,CNC,Vadodara,5,1201.48,358,1.06,Medium,25.3,7,4.9,Morning,2022-03-18,John,95.72
MCH-4012,Packaging Unit,Vadodara,11,,703,6.47,High,35.2,18,15.3,Evening,2022-07-29,Mary,81.56
MCH-4013,3D Printer,Pune,11,121.7,235,14.84,Low,27.7,23,28.5,Evening,2024-02-26,Daniel,52.15
MCH-4014,Robotic Arm,Surat,22,1121.74,669,14.47,Low,30.3,4,30.0,Evening,2024-10-20,Melanie,54.03
MCH-4015,CNC,Surat,17,534.16,90,5.78,Low,21.7,14,25.4,Morning,2024-04-05,Michael,70.65
MCH-4016,CNC,Surat,13,883.24,651,11.02,High,24.6,20,30.7,Night,2025-02-18,,60.63
MCH-4017,Laser Cutter,Pune,22,412.09,365,7.92,High,20.6,2,20.7,Morning,2025-01-14,Tony,72.12
MCH-4018,3D Printer,Surat,10,764.43,621,9.18,Medium,31.0,20,14.6,Night,2025-04-08,Marvin,75.5
MCH-4019,Robotic Arm,Pune,15,167.14,1395,12.01,Low,21.4,6,5.6,Morning,2024-10-10,Melissa,83.45
MCH-4020,3D Printer,Pune,9,663.21,424,14.44,High,22.5,14,9.9,Morning,2023-04-27,Alexandria,66.78
MCH-4021,CNC,Rajkot,12,1426.2,1711,1.23,High,27.9,14,13.6,Evening,2022-12-08,Tyler,100.24
MCH-4022,CNC,Vadodara,16,401.24,1174,13.28,Low,23.4,13,6.3,Evening,2023-09-26,,78.24
MCH-4023,3D Printer,Rajkot,17,1242.26,436,11.34,Low,28.2,18,0.5,Evening,2024-03-24,Douglas,78.83
MCH-4024,CNC,Rajkot,5,215.71,350,1.08,Low,24.5,12,1.5,Night,2024-09-18,,99.4
MCH-4025,,Surat,11,504.39,1600,5.69,Medium,25.9,5,12.1,Evening,2024-05-12,Sonia,92.76
MCH-4026,Laser Cutter,Rajkot,13,717.39,1008,9.53,,26.7,15,3.2,Evening,2022-08-20,Willie,86.08
MCH-4027,3D Printer,Ahmedabad,4,,1423,6.7,Low,38.9,22,1.6,Evening,2023-12-18,Charles,95.99
MCH-4028,CNC,Vadodara,14,327.31,1864,13.81,High,38.3,14,8.8,Morning,2023-02-01,Angel,81.29
MCH-4029,,Surat,16,516.06,1610,4.39,Low,33.3,7,1.3,Evening,2024-10-31,Sandra,102.99
MCH-4030,CNC,Ahmedabad,9,,1925,6.69,High,29.7,12,15.5,Night,2022-04-21,David,91.29
MCH-4031,Robotic Arm,Rajkot,8,850.31,223,8.12,Medium,,24,17.2,Evening,2023-12-26,Diana,72.36
MCH-4032,Laser Cutter,Pune,11,1201.32,659,9.33,High,28.7,18,2.9,Night,2023-07-22,Lydia,83.09
MCH-4033,3D Printer,Surat,18,932.29,1890,12.61,Medium,29.4,20,45.3,Night,2022-11-29,Anthony,57.49
MCH-4034,3D Printer,Vadodara,10,729.68,1482,11.98,High,31.7,6,6.5,Night,2022-02-27,Ray,82.8
MCH-4035,3D Printer,Ahmedabad,23,732.8,713,10.36,Medium,32.2,6,0.9,Night,2023-09-21,James,83.54
MCH-4036,3D Printer,Surat,5,909.8,1648,12.88,Medium,28.8,15,0.3,Night,2025-03-16,Michael,86.46
MCH-4037,Robotic Arm,Vadodara,16,135.28,415,3.15,,18.2,20,14.1,Morning,2024-01-18,,87.1
MCH-4038,CNC,Pune,12,1039.68,1686,9.53,Low,30.7,25,0.9,Morning,2023-09-30,Jonathan,92.87
MCH-4039,3D Printer,Surat,18,255.44,558,1.66,Medium,35.4,25,3.4,Morning,2022-09-18,Elizabeth,98.59
MCH-4040,Packaging Unit,Vadodara,12,1568.71,823,10.14,Medium,29.2,2,9.0,Evening,2023-06-30,Tyler,78.04
MCH-4041,3D Printer,Pune,11,491.69,350,7.18,Medium,32.8,28,11.5,Evening,2024-11-30,Colleen,79.8
MCH-4042,Packaging Unit,Pune,22,294.89,485,3.88,Low,,7,15.9,Night,2024-03-13,Alyssa,84.73
MCH-4043,Packaging Unit,Rajkot,23,1064.29,1848,14.66,Low,29.4,4,6.4,Night,2023-07-23,Mary,80.08
MCH-4044,CNC,Pune,5,,1141,4.24,Medium,35.1,12,7.8,Night,2024-07-04,Jonathan,94.64
MCH-4045,,Rajkot,22,678.78,139,11.71,High,23.6,26,1.0,Night,2023-11-25,James,76.07
MCH-4046,Laser Cutter,Pune,19,1155.65,1405,3.41,Medium,33.7,7,11.5,Morning,2023-03-21,Thomas,95.19
MCH-4047,CNC,Pune,12,1159.25,807,5.49,Medium,25.0,24,1.2,Night,2023-11-19,Shannon,93.25
MCH-4048,Robotic Arm,Surat,8,279.04,405,7.0,High,15.5,25,9.3,Evening,2022-11-07,Kevin,82.47
MCH-4049,Packaging Unit,Vadodara,16,444.14,1191,5.91,High,21.2,3,1.9,Morning,2024-11-09,Joseph,96.14
MCH-4050,3D Printer,Surat,15,,1803,12.11,HIGH,26.5,8,5.6,Morning,2024-04-21,Benjamin,86.22
MCH-4051,Packaging Unit,Rajkot,14,546.36,1171,13.83,Medium,32.0,8,2.1,Morning,2022-10-02,Joseph,79.85
MCH-4052,Laser Cutter,Pune,9,563.92,1968,10.31,Medium,32.9,12,2.7,Night,2023-02-03,Christina,93.08
MCH-4053,,Vadodara,23,619.54,1611,3.3,Medium,,26,14.2,Night,2023-06-11,Charles,96.0
MCH-4054,3D Printer,Surat,17,1103.1,1972,6.57,Low,25.3,9,9.4,Night,2023-06-11,William,95.14
MCH-4055,,Rajkot,12,795.58,1242,13.86,,25.3,6,9.7,Evening,2024-06-02,Kathy,74.7
MCH-4056,Laser Cutter,Rajkot,23,,757,7.65,Medium,32.7,3,3.9,Evening,2022-12-14,Timothy,86.81
MCH-4057,Packaging Unit,Vadodara,13,1077.5,1123,5.59,Medium,34.9,10,5.3,morning,2024-02-22,Kayla,92.93
MCH-4058,3D Printer,Pune,19,,1354,2.41,Medium,28.8,2,5.4,Morning,2022-05-10,Michele,100.91
MCH-4059,CNC,Vadodara,17,351.15,1167,8.75,High,33.7,10,0.3,Morning,2024-03-31,Mary,91.51
MCH-4060,Packaging Unit,Vadodara,11,163.12,1526,11.13,Low,25.8,6,8.3,Night,2023-08-14,Carolyn,84.41
MCH-4061,CNC,Pune,23,664.02,1635,5.0,Low,37.4,28,5.7,Night,2023-01-19,Chris,98.69
MCH-4062,,Surat,18,597.39,721,9.08,Medium,33.5,9,5.1,Night,2022-03-30,Richard,83.42
MCH-4063,Robotic Arm,Vadodara,7,715.6,1253,7.16,High,37.2,19,25.2,Night,2023-12-10,Melissa,77.46
MCH-4064,Packaging Unit,Surat,16,378.58,1068,10.42,High,31.7,22,1.6,Night,2023-03-14,Kristi,86.4
MCH-4065,Packaging Unit,Ahmedabad,16,449.23,1371,12.73,Medium,22.4,13,10.8,Night,2023-03-26,Diane,77.76
MCH-4066,CNC,Surat,7,656.18,1394,8.87,High,26.5,7,7.0,Evening,2022-08-24,Adrian,88.04
MCH-4067,CNC,Surat,9,,734,6.89,Low,26.2,23,10.2,Morning,2023-11-14,Christopher,84.11
MCH-4068,CNC,Surat,13,526.75,1637,5.07,Medium,31.6,20,16.7,Morning,2024-02-14,Rachel,91.06
MCH-4069,CNC,Surat,20,755.43,278,6.94,Low,32.7,9,4.0,Night,2024-12-28,Corey,84.56
MCH-4070,Robotic Arm,Rajkot,15,221.55,544,8.21,High,34.8,8,3.6,Evening,2025-02-08,Amanda,85.28
MCH-4071,Laser Cutter,Ahmedabad,9,349.03,882,7.83,High,38.0,25,16.1,Night,2022-07-25,Brian,79.92
MCH-4072,Robotic Arm,Rajkot,19,,1569,7.9,High,23.3,4,12.3,Evening,2024-01-01,Paul,88.03
MCH-4073,,Ahmedabad,11,,1461,8.05,Medium,17.9,29,10.5,Morning,2025-03-17,Tony,87.36
MCH-4074,Robotic Arm,Vadodara,4,737.66,1475,12.58,Medium,28.9,16,1.7,Morning,2022-10-25,Jodi,84.89
MCH-4075,Robotic Arm,Surat,15,592.6,196,1.39,Low,31.0,10,2.8,morning,2022-04-02,Brian,96.05
MCH-4076,Robotic Arm,Rajkot,10,688.15,1646,5.23,High,,16,0.6,Evening,2023-04-19,Matthew,101.85
MCH-4077,Robotic Arm,Ahmedabad,22,1015.7,1800,6.42,High,29.2,9,0.7,Night,2022-06-09,Carrie,100.22
MCH-4078,Packaging Unit,Surat,9,645.78,1117,5.61,,25.6,2,6.9,Night,2022-08-14,Anita,92.34
MCH-4079,,Vadodara,14,645.02,430,11.62,High,18.4,23,2.7,Morning,2022-10-20,Megan,77.53
MCH-4080,3D Printer,Vadodara,20,1105.67,1829,2.42,,36.6,23,7.8,Night,2025-03-31,,103.36
MCH-4081,Packaging Unit,Rajkot,8,800.38,182,3.72,Low,21.4,7,11.2,Night,2023-12-14,Alexa,85.09
MCH-4082,,Vadodara,23,1596.78,1350,3.53,High,31.6,20,2.8,Morning,2024-05-22,John,99.95
MCH-4083,Packaging Unit,Vadodara,18,502.07,1315,9.05,Low,28.6,9,3.7,Night,2023-05-27,Brian,89.55
MCH-4084,3D Printer,Rajkot,19,684.95,626,4.64,Low,32.2,8,0.4,Night,2022-03-30,Savannah,94.68
MCH-4085,Packaging Unit,Surat,15,1399.01,1127,9.59,Low,46.7,2,14.4,Evening,2022-08-01,Jennifer,78.13
MCH-4086,Robotic Arm,Pune,12,511.24,1544,4.61,Medium,34.4,5,7.0,Morning,2023-05-06,Ryan,98.02
MCH-4087,Laser Cutter,Surat,22,184.66,85,7.45,High,30.1,28,3.7,Night,2024-07-08,Travis,82.95
MCH-4088,3D Printer,Vadodara,6,632.54,1489,7.19,Low,23.9,25,1.4,Morning,2022-10-21,Michael,96.14
MCH-4089,Robotic Arm,Vadodara,22,724.57,248,9.89,Low,37.5,10,4.5,Evening,2022-04-18,Deborah,78.1
MCH-4090,CNC,Pune,19,450.05,881,3.93,Medium,39.2,19,4.2,Night,2022-05-17,,95.9
MCH-4091,Packaging Unit,Ahmedabad,11,519.23,1419,13.57,Medium,20.2,16,13.3,Evening,2023-10-04,Adrienne,74.63
MCH-4092,Laser Cutter,Surat,11,1899.37,1262,12.93,Low,36.0,13,33.0,Night,2022-01-12,,58.84
MCH-4093,CNC,Surat,18,443.17,968,11.36,Low,16.1,24,8.8,Evening,2022-03-21,Angela,78.55
MCH-4094,CNC,Ahmedabad,23,734.86,1347,11.64,Medium,26.2,19,17.4,Night,2024-09-19,Andrea,74.72
MCH-4095,CNC,Rajkot,13,653.69,1667,8.3,Medium,18.7,21,1.7,Evening,2022-06-12,,95.17
MCH-4096,,Ahmedabad,4,441.65,1424,7.88,Medium,35.4,17,0.6,Night,2022-02-21,Matthew,95.06
MCH-4097,CNC,Surat,22,642.51,1438,1.98,Medium,16.5,6,9.2,Morning,2023-04-07,Christopher,100.67
MCH-4098,,Vadodara,15,729.94,1667,9.62,High,29.2,21,4.9,Morning,2022-01-31,Brenda,90.18
MCH-4099,CNC,Surat,13,,658,6.3,Medium,27.6,19,11.0,Evening,2022-03-27,Francisco,84.17
MCH-4100,Packaging Unit,Surat,4,677.02,1860,0.23,Medium,34.2,24,6.7,Evening,2023-07-23,Kristen,109.38
MCH-4101,Laser Cutter,Pune,6,536.08,372,0.79,Low,29.9,21,9.0,Evening,2023-10-09,Kenneth,94.45
MCH-4102,CNC,Vadodara,11,309.41,619,11.81,Medium,30.6,27,3.6,Night,2023-03-03,Zachary,78.58
MCH-4103,CNC,Surat,15,1302.55,195,0.54,Medium,22.9,27,4.3,Evening,2024-07-31,Jennifer,95.67
MCH-4104,Packaging Unit,Ahmedabad,18,527.17,1337,9.61,Medium,30.0,17,6.9,Night,2024-06-13,Daniel,86.34
MCH-4105,Packaging Unit,Surat,17,613.98,1573,5.53,Medium,24.7,2,0.7,Morning,2023-07-11,Sara,100.68
MCH-4106,Packaging Unit,Vadodara,7,818.44,1773,7.41,High,38.0,27,0.5,Morning,2023-08-19,Monique,98.44
MCH-4107,CNC,Pune,16,1096.0,501,10.16,High,34.6,11,2.7,Evening,2022-08-09,Justin,80.4
MCH-4108,Laser Cutter,Pune,20,938.75,813,2.77,High,38.8,12,5.5,Night,2023-04-06,Adam,96.04
MCH-4109,Packaging Unit,Ahmedabad,21,891.58,198,13.82,Medium,34.9,22,3.3,Morning,2022-04-02,Dennis,70.43
MCH-4110,Laser Cutter,Surat,17,,1854,2.85,Low,29.2,18,5.7,Night,2024-10-22,Emily,104.13
MCH-4111,Packaging Unit,Surat,23,,108,5.98,High,31.3,8,2.4,Evening,2023-09-21,David,86.56
MCH-4112,3D Printer,Surat,21,291.18,1251,3.27,Low,33.4,10,5.0,Night,2024-10-30,Tiffany,99.97
MCH-4113,Laser Cutter,Pune,6,250.34,1203,3.29,High,34.6,7,13.1,Evening,2022-09-05,Jody,93.92
MCH-4114,CNC,Ahmedabad,7,1511.03,445,0.1,High,24.9,24,1.9,Evening,2022-05-27,Richard,100.02
MCH-4115,Packaging Unit,Vadodara,17,752.39,1440,5.99,Low,28.9,29,2.6,Night,2023-06-06,Stanley,97.13
MCH-4116,3D Printer,Pune,23,703.46,826,12.65,Low,35.8,12,18.0,Night,2023-12-20,Jessica,67.98
MCH-4117,,Pune,7,166.16,1769,9.78,Low,32.1,2,0.6,Morning,2022-12-09,,94.52
MCH-4118,Robotic Arm,Pune,23,501.24,1919,5.41,Medium,37.1,29,15.2,Night,2023-02-17,Rachel,93.82
MCH-4119,3D Printer,Ahmedabad,7,1455.77,1219,2.05,Medium,14.7,11,22.6,Night,2024-10-18,Judy,88.16
MCH-4120,3D Printer,Vadodara,19,495.69,562,13.92,High,35.3,20,1.4,Evening,2024-01-20,William,75.16
MCH-4121,3D Printer,Vadodara,4,61.49,1154,1.17,Medium,36.7,20,3.3,Evening,2022-07-06,Sean,104.88
MCH-4122,,Pune,8,,1482,1.05,Medium,22.9,19,4.7,Morning,2023-08-08,Scott,106.28
MCH-4123,3D Printer,Rajkot,15,560.84,327,9.35,Low,28.2,23,1.5,Night,2023-12-23,Valerie,82.17
MCH-4124,Packaging Unit,Rajkot,4,814.25,725,2.53,High,32.3,28,3.8,morning,2024-02-17,Laura,97.16
MCH-4125,Robotic Arm,Ahmedabad,13,690.27,1459,1.24,Medium,33.8,19,10.3,Morning,2022-07-19,Ashley,101.48
MCH-4126,Packaging Unit,Vadodara,18,463.32,1158,1.57,Low,28.1,24,19.2,Morning,2023-02-08,Angela,92.41
MCH-4127,Robotic Arm,Rajkot,22,395.28,701,8.12,High,28.2,16,5.3,Night,2024-04-25,Vincent,85.33
MCH-4128,3D Printer,Rajkot,20,941.01,1489,6.16,Medium,29.3,8,10.8,Evening,2022-12-06,George,91.18
MCH-4129,Robotic Arm,Surat,8,739.96,1026,10.84,Low,17.2,28,25.1,Night,2024-12-12,,68.24
MCH-4130,CNC,Ahmedabad,14,277.15,201,12.99,Low,,8,1.9,Morning,2023-12-21,Timothy,73.97
MCH-4131,3D Printer,Rajkot,22,843.87,1150,8.75,High,26.3,18,7.3,Morning,2024-07-28,Christian,85.77
MCH-4132,3D Printer,Rajkot,8,847.04,1827,10.11,Medium,,25,6.5,Night,2024-10-07,Luis,89.24
MCH-4133,Packaging Unit,Surat,23,838.4,67,11.24,High,,5,3.0,Night,2024-09-01,Alexandra,74.78
MCH-4134,CNC,Vadodara,9,627.82,1163,0.1,Medium,26.7,21,26.9,Morning,2022-03-03,,89.76
MCH-4135,Laser Cutter,Rajkot,23,1208.05,1926,10.72,Low,20.6,5,24.2,Night,2024-04-08,Jason,75.94
MCH-4136,3D Printer,Ahmedabad,20,375.14,489,4.57,Medium,27.7,17,7.5,Morning,2022-10-20,Molly,89.15
MCH-4137,3D Printer,Rajkot,20,,1483,4.11,Low,44.9,10,32.9,Morning,2023-05-01,Nicolas,80.44
MCH-4138,CNC,Vadodara,19,414.78,245,13.44,High,40.4,11,7.5,Evening,2022-09-01,Keith,69.32
MCH-4139,,Vadodara,15,530.66,176,10.69,High,38.4,12,15.9,Night,2024-06-21,Tara,68.2
MCH-4140,Laser Cutter,Rajkot,4,259.13,1339,0.39,Medium,24.6,17,2.8,Night,2024-08-16,Patricia,108.05
MCH-4141,3D Printer,Vadodara,23,242.3,1941,8.95,Low,32.9,21,11.2,Morning,2023-02-15,Andrew,90.09
MCH-4142,Robotic Arm,Rajkot,17,444.88,779,13.47,High,34.7,22,5.4,Morning,2022-12-28,Michael,75.14
MCH-4143,Robotic Arm,Surat,13,776.7,1133,1.22,High,36.9,29,9.1,Evening,2024-10-15,,99.52
MCH-4144,Packaging Unit,Surat,6,1191.79,569,6.5,Medium,32.1,14,10.5,Morning,2024-02-19,Brenda,82.69
MCH-4145,Packaging Unit,Pune,18,469.52,1517,14.73,High,32.4,29,1.7,Morning,2022-05-11,Andrew,81.32
MCH-4146,CNC,Rajkot,9,687.27,1163,4.16,High,24.2,15,19.0,Morning,2022-09-03,Christopher,87.09
MCH-4147,Robotic Arm,Pune,12,598.08,1136,4.05,Medium,37.7,9,3.1,Evening,2024-10-06,Nancy,98.34
MCH-4148,Packaging Unit,Rajkot,23,729.41,1724,8.37,High,24.3,18,0.6,Night,2023-01-14,Whitney,96.16
MCH-4149,3D Printer,Rajkot,23,384.71,744,8.15,Low,29.7,11,1.2,Night,2023-06-21,,88.51
MCH-4150,Laser Cutter,Vadodara,11,252.08,1717,12.14,Medium,30.1,15,4.0,Morning,2022-03-02,Kristin,86.87
MCH-4151,3D Printer,Vadodara,20,638.11,743,13.47,Low,37.2,28,23.4,Evening,2024-01-29,Holly,61.96
MCH-4152,Laser Cutter,Surat,18,485.99,1341,2.57,Low,32.7,9,4.1,Evening,2022-08-03,Jeffrey,102.47
MCH-4153,Packaging Unit,Vadodara,18,672.15,882,2.54,Medium,24.0,8,27.9,Morning,2022-12-22,Katherine,81.78
MCH-4154,CNC,Vadodara,8,804.97,1403,11.89,,38.4,8,2.2,Morning,2023-03-14,Brett,85.22
MCH-4155,CNC,Ahmedabad,18,1171.7,1089,12.23,Low,31.0,26,6.6,Morning,2022-04-01,Luis,78.32
MCH-4156,Laser Cutter,Pune,22,1128.69,1064,3.17,Low,41.7,25,4.5,morning,2024-12-05,,97.76
MCH-4157,Packaging Unit,Surat,7,,84,11.95,High,37.9,10,5.0,Night,2024-09-19,Stephanie,71.02
MCH-4158,Laser Cutter,Surat,15,422.73,586,14.67,Medium,,21,3.7,Night,2022-04-14,Carrie,72.35
MCH-4159,3D Printer,Ahmedabad,18,1585.44,1510,6.55,High,29.3,22,17.7,Evening,2024-06-20,John,84.83
MCH-4160,CNC,Ahmedabad,17,640.99,1160,1.54,Low,36.6,8,0.2,Night,2025-01-30,Laura,105.53
MCH-4161,Packaging Unit,Rajkot,20,676.36,452,2.9,Medium,32.0,25,1.3,Morning,2023-11-21,Angela,96.09
MCH-4162,3D Printer,Pune,11,675.46,470,9.9,Low,26.3,27,22.2,Morning,2025-02-17,Ashley,67.61
MCH-4163,Laser Cutter,Pune,20,491.52,256,2.83,High,31.4,13,10.1,morning,2024-12-19,Brian,88.7
MCH-4164,CNC,Ahmedabad,7,523.35,446,4.31,High,32.1,13,5.2,Night,2024-03-06,Mark,90.71
MCH-4165,Packaging Unit,Rajkot,22,485.46,316,10.89,Low,47.6,2,5.2,Morning,2024-01-14,Cynthia,76.52
MCH-4166,3D Printer,Pune,14,214.99,875,10.91,Medium,37.8,11,3.6,morning,2024-10-15,Jackson,82.64
MCH-4167,Laser Cutter,Rajkot,5,577.52,289,3.8,Low,30.0,16,2.9,Morning,2023-04-07,Adam,91.95
MCH-4168,CNC,Surat,6,471.65,335,5.9,High,29.1,2,1.8,Morning,2024-02-27,,89.06
MCH-4169,Robotic Arm,Pune,12,520.66,590,0.5,Medium,24.0,13,3.6,Night,2023-10-31,Matthew,100.65
MCH-4170,3D Printer,Surat,5,726.74,1924,8.22,Low,38.8,18,41.6,Morning,2023-05-20,Bryan,69.44
MCH-4171,Robotic Arm,Surat,4,727.05,670,6.03,High,26.2,10,5.5,Evening,2022-02-23,Robert,88.63
MCH-4172,CNC,Vadodara,13,723.08,1405,6.64,Medium,23.4,20,2.8,Morning,2022-05-16,Robert,95.44
MCH-4173,CNC,Vadodara,22,840.44,1282,4.72,High,32.3,24,18.5,Evening,2024-02-17,Amber,87.09
MCH-4174,CNC,Rajkot,14,661.97,960,11.05,,27.5,21,4.1,Night,2022-05-29,Evan,82.08
MCH-4175,3D Printer,Surat,13,732.99,519,0.53,High,18.1,27,4.3,Morning,2022-06-12,,99.21
MCH-4176,CNC,Rajkot,9,864.28,1739,1.08,High,21.0,28,7.8,Evening,2022-06-06,Anita,105.64
MCH-4177,Packaging Unit,Pune,18,509.56,682,11.55,Medium,30.5,29,12.3,Morning,2025-03-01,Kelsey,73.25
MCH-4178,CNC,Surat,15,313.52,1388,5.86,Medium,30.6,7,25.4,Morning,2022-08-24,Mark,81.62
MCH-4179,Packaging Unit,Surat,9,241.12,743,10.43,Medium,35.2,23,12.0,Morning,2024-08-02,Fernando,76.59
MCH-4180,Robotic Arm,Pune,22,551.62,1277,5.96,High,26.8,25,14.1,Night,2024-07-27,Danielle,88.06
MCH-4181,Packaging Unit,Surat,21,561.11,779,6.46,Medium,27.1,23,1.0,Evening,2024-08-29,Julie,92.07
MCH-4182,Laser Cutter,Ahmedabad,6,461.81,143,7.84,Medium,29.6,26,11.3,Night,2024-02-09,Tyler,76.94
MCH-4183,CNC,Ahmedabad,6,812.11,661,14.06,Medium,29.4,15,0.6,Evening,2023-05-17,Ashley,75.81
MCH-4184,Laser Cutter,Vadodara,15,389.61,465,11.31,Medium,37.0,10,7.1,Night,2024-12-05,Brian,75.73
MCH-4185,Packaging Unit,Ahmedabad,17,344.23,1327,2.73,High,20.5,20,4.9,Morning,2025-02-09,Eric,101.68
MCH-4186,Laser Cutter,Rajkot,6,1139.99,361,7.17,Low,34.5,4,0.5,morning,2024-02-08,Kevin,86.69
MCH-4187,Laser Cutter,Rajkot,22,515.96,878,9.84,Low,25.4,28,4.6,Evening,2023-04-22,Erica,83.68
MCH-4188,3D Printer,Surat,23,609.91,52,8.1,Low,37.9,19,19.7,Night,2022-09-22,Tara,69.57
MCH-4189,3D Printer,Pune,9,,1248,5.04,Low,,23,5.9,Evening,2023-05-24,Kimberly,95.7
MCH-4190,Packaging Unit,Ahmedabad,4,754.18,415,4.57,Low,42.7,16,1.8,Evening,2022-12-11,Daniel,91.98
MCH-4191,Packaging Unit,Pune,6,769.8,1659,2.7,High,18.4,7,14.8,Night,2023-07-20,George,96.97
MCH-4192,CNC,Vadodara,16,537.77,1111,1.55,Medium,34.4,15,14.4,Evening,2024-04-06,Michael,95.31
MCH-4193,Robotic Arm,Ahmedabad,6,271.71,971,9.22,High,36.0,6,24.4,Evening,2025-02-09,Jacob,72.18
MCH-4194,Packaging Unit,Ahmedabad,12,983.36,1358,4.78,Medium,21.0,8,1.9,Night,2024-12-23,Toni,99.02
MCH-4195,Laser Cutter,Pune,13,571.95,1862,12.36,Medium,30.4,13,7.3,Night,2022-05-31,Sheila,84.87
MCH-4196,Packaging Unit,Ahmedabad,16,911.68,1498,11.24,Low,27.6,3,5.1,Night,2022-12-10,Pamela,85.13
MCH-4197,CNC,Rajkot,12,684.89,1252,3.71,High,31.4,26,4.5,Night,2024-06-26,Jason,98.88
MCH-4198,Laser Cutter,Vadodara,10,763.53,112,6.62,Low,23.4,19,7.2,Morning,2023-06-05,Victoria,81.56
MCH-4199,Laser Cutter,Pune,14,319.1,1213,5.69,Medium,45.7,11,26.2,Night,2022-08-18,,79.93
MCH-4200,Laser Cutter,Vadodara,23,906.99,448,7.01,High,21.5,26,9.8,Night,2024-02-17,,81.56
MCH-4201,Packaging Unit,Surat,4,606.47,1730,9.16,Medium,,15,4.2,Night,2022-07-27,Stephen,92.29
MCH-4202,Packaging Unit,Rajkot,16,203.16,1339,6.99,Medium,27.1,14,4.7,Evening,2023-11-12,James,93.6
MCH-4203,,Ahmedabad,21,1208.81,1096,13.22,Low,29.4,19,10.1,Night,2022-01-13,John,73.9
MCH-4204,,Ahmedabad,13,,530,2.68,,31.0,17,13.7,Morning,2023-04-19,Anthony,87.08
MCH-4205,Robotic Arm,Rajkot,8,494.98,888,4.09,Medium,36.3,26,0.2,Night,2022-01-08,Heather,98.37
MCH-4206,CNC,Vadodara,15,,1275,0.64,Medium,25.4,14,4.2,Evening,2025-01-18,Christine,104.88
MCH-4207,Robotic Arm,Vadodara,15,989.36,904,9.01,Medium,27.3,4,7.1,Night,2023-11-08,Anna,83.13
MCH-4208,Laser Cutter,Surat,14,429.63,570,2.45,High,30.1,16,1.5,Night,2024-09-04,Timothy,98.19
MCH-4209,CNC,Vadodara,21,1074.71,546,0.19,Medium,31.2,24,6.9,Evening,2024-03-28,Nicholas,97.8
MCH-4210,3D Printer,Rajkot,15,505.2,723,14.54,Low,26.8,14,4.9,Morning,2022-06-27,Laura,72.79
MCH-4211,Packaging Unit,Vadodara,7,303.23,315,14.96,Medium,23.3,16,8.2,Night,2023-06-12,Casey,66.53
MCH-4212,Laser Cutter,Vadodara,21,319.42,688,14.45,Medium,20.9,14,7.5,Night,2024-12-23,Jamie,71.13
MCH-4213,Robotic Arm,Rajkot,19,444.55,1089,8.84,Low,27.0,18,6.1,Night,2023-04-17,Ronnie,86.49
MCH-4214,Laser Cutter,Pune,21,576.99,232,8.01,High,39.9,23,11.5,Night,2022-01-11,Amy,77.04
MCH-4215,Laser Cutter,Surat,8,1466.61,180,14.29,Low,34.0,12,27.9,Night,2025-03-06,Michelle,51.29
MCH-4216,CNC,Rajkot,8,622.58,959,6.96,High,31.1,22,1.1,Night,2022-11-23,Scott,92.41
MCH-4217,Packaging Unit,Rajkot,5,408.74,1498,6.42,,27.5,10,0.7,Night,2025-01-24,Daniel,98.57
MCH-4218,CNC,Ahmedabad,8,,1003,11.31,Medium,37.2,2,7.8,Evening,2024-06-17,Erica,78.8
MCH-4219,Packaging Unit,Vadodara,12,617.6,1068,14.0,High,,16,9.1,Morning,2024-10-05,Robert,73.65
MCH-4220,CNC,Rajkot,10,1088.34,1604,8.42,High,38.7,6,1.3,Evening,2025-03-13,Nicholas,94.06
MCH-4221,Packaging Unit,Pune,5,271.69,1772,10.37,Medium,25.1,25,1.7,Evening,2022-03-28,Jessica,92.45
MCH-4222,3D Printer,Pune,6,447.65,1122,14.78,Medium,31.8,4,17.1,Evening,2024-12-02,Raymond,67.18
MCH-4223,Packaging Unit,Rajkot,18,1055.46,59,8.32,High,,3,3.4,Morning,2022-04-25,Shannon,79.96
MCH-4224,3D Printer,Ahmedabad,10,640.94,1212,14.84,Low,24.9,11,1.2,Morning,2023-01-14,Eric,78.66
MCH-4225,CNC,Ahmedabad,20,398.68,889,9.47,High,34.5,24,18.5,Morning,2022-05-17,Jaclyn,74.95
MCH-4226,Packaging Unit,Surat,9,1336.02,1803,4.31,High,20.7,7,0.7,Evening,2025-02-27,Stefanie,104.01
MCH-4227,3D Printer,Rajkot,7,552.01,383,13.35,Medium,30.5,18,3.7,Night,2023-06-19,Leslie,73.11
MCH-4228,Robotic Arm,Rajkot,5,,999,7.64,Medium,35.0,10,12.3,Night,2022-11-23,Antonio,84.03
MCH-4229,3D Printer,Pune,7,335.5,83,10.9,High,42.5,26,12.2,Evening,2024-12-13,Michael,69.87
MCH-4230,3D Printer,Surat,11,,433,5.32,Low,32.2,3,6.0,Night,2022-05-09,Anthony,87.35
MCH-4231,CNC,Vadodara,17,978.6,1945,13.87,Medium,33.2,19,1.4,Morning,2023-12-29,Sherry,86.09
MCH-4232,Laser Cutter,Rajkot,23,920.19,1281,4.74,Medium,30.4,13,5.1,Evening,2023-10-05,Jason,96.31
MCH-4233,3D Printer,Surat,16,355.58,1250,4.36,High,32.4,15,12.0,Morning,2023-10-13,Ryan,92.79
MCH-4234,Packaging Unit,Ahmedabad,18,543.34,1920,0.66,Low,27.1,24,6.9,Evening,2022-01-23,Steven,109.07
MCH-4235,CNC,Surat,6,630.67,1094,5.82,High,41.3,29,7.3,Evening,2023-09-04,James,91.47
MCH-4236,Packaging Unit,Rajkot,9,2283.89,970,7.88,High,33.3,13,1.0,Morning,2023-04-17,Jacob,88.36
MCH-4237,3D Printer,Pune,6,1433.49,1178,4.09,Low,31.1,8,1.4,Evening,2024-11-03,Lawrence,98.61
MCH-4238,CNC,Pune,19,257.5,816,8.63,HIGH,29.8,7,1.5,Evening,2025-03-07,Daniel,88.12
MCH-4239,Laser Cutter,Ahmedabad,14,282.01,1557,1.16,Medium,27.0,12,5.4,Night,2023-09-20,Dale,106.47
MCH-4240,Laser Cutter,Pune,5,641.66,878,14.31,Low,,20,0.3,Evening,2022-01-04,Vernon,77.57
MCH-4241,Packaging Unit,Pune,7,557.25,1771,14.04,Low,24.3,7,1.4,Night,2023-04-25,Miranda,84.9
MCH-4242,CNC,Surat,11,409.83,455,7.02,High,30.6,25,14.7,Night,2023-03-04,Sharon,78.88
MCH-4243,Packaging Unit,Pune,16,336.9,240,13.46,Low,25.5,2,0.5,Morning,2023-11-19,Stephanie,74.25
MCH-4244,Laser Cutter,Vadodara,8,818.91,798,10.46,Medium,44.1,15,11.5,Morning,2023-07-14,Brian,76.51
MCH-4245,Packaging Unit,Surat,4,278.59,87,2.73,High,30.6,6,17.6,Morning,2024-03-29,Rachael,82.55
MCH-4246,Robotic Arm,Rajkot,22,933.9,483,4.26,Medium,,16,18.1,Evening,2023-12-08,Brittany,81.5
MCH-4247,3D Printer,Ahmedabad,8,494.14,1208,12.41,,25.2,21,20.6,morning,2022-10-08,Karl,70.12
MCH-4248,Laser Cutter,Ahmedabad,12,224.42,147,5.69,Low,24.0,6,1.7,Evening,2023-06-10,Katrina,88.33
MCH-4249,Robotic Arm,Rajkot,9,632.47,408,8.07,Low,,7,22.3,Evening,2024-01-22,Jennifer,70.75
MCH-4250,Laser Cutter,Rajkot,12,808.79,534,1.61,Low,33.6,26,2.3,Morning,2023-07-10,Brian,98.46
MCH-4251,3D Printer,Ahmedabad,13,374.28,112,5.49,High,27.3,4,16.5,Evening,2024-10-28,Amy,77.87
MCH-4252,Laser Cutter,Rajkot,4,761.22,1564,11.6,Low,22.0,14,31.0,Night,2023-10-29,Beth,67.05
MCH-4253,Laser Cutter,Rajkot,23,739.84,1200,14.92,High,38.0,29,4.9,Evening,2024-05-09,James,75.67
MCH-4254,CNC,Vadodara,7,913.59,1104,1.76,Medium,26.9,29,10.5,Night,2025-04-14,Betty,97.02
MCH-4255,Robotic Arm,Pune,5,604.19,1955,1.83,High,26.6,14,4.7,Morning,2022-07-13,Natalie,108.48
MCH-4256,Packaging Unit,Surat,5,193.92,767,1.22,,27.3,28,5.8,Night,2023-05-13,Melinda,99.61
MCH-4257,Laser Cutter,Rajkot,17,,1885,0.31,High,38.2,21,7.1,Night,2022-06-09,Scott,109.8
MCH-4258,,Rajkot,18,1064.24,1981,2.24,Medium,28.1,2,21.2,Night,2022-01-18,John,95.67
MCH-4259,Laser Cutter,Vadodara,9,422.71,1834,8.35,Medium,46.1,22,8.0,Night,2022-08-09,Troy,92.38
MCH-4260,3D Printer,Surat,5,724.2,77,3.97,High,30.2,23,20.2,Evening,2024-04-30,,77.53
MCH-4261,Robotic Arm,Rajkot,17,335.13,1327,5.15,High,30.1,25,10.0,Morning,2023-02-27,William,93.28
MCH-4262,,Vadodara,5,794.05,969,12.47,Medium,21.4,19,7.3,Morning,2024-04-17,Christina,76.89
MCH-4263,Laser Cutter,Rajkot,13,981.89,1879,8.06,High,,11,7.5,Evening,2024-05-13,Amanda,92.89
MCH-4264,Packaging Unit,Vadodara,14,372.11,1892,8.33,Low,36.3,6,2.3,Evening,2022-05-20,Joseph,96.97
MCH-4265,,Pune,17,363.38,1805,11.08,Medium,24.5,4,1.6,Morning,2023-11-04,Shelly,91.24
MCH-4266,3D Printer,Rajkot,22,1139.99,490,14.64,High,25.6,6,10.9,Night,2024-07-19,James,65.54
MCH-4267,Laser Cutter,Ahmedabad,4,561.59,642,7.22,Medium,23.4,19,5.5,Night,2023-12-22,Joshua,86.26
MCH-4268,CNC,Pune,8,370.37,1615,10.93,High,36.5,18,10.9,Evening,2023-12-24,Eric,83.44
MCH-4269,Laser Cutter,Ahmedabad,11,659.99,443,9.22,Low,35.3,17,21.8,Morning,2022-11-07,Julie,69.05
MCH-4270,CNC,Vadodara,6,1147.86,286,14.92,High,32.4,9,13.0,Evening,2023-05-02,Brendan,61.8
MCH-4271,CNC,Surat,13,523.43,1354,0.3,High,26.3,20,4.0,Morning,2023-08-07,Maria,107.14
MCH-4272,Robotic Arm,Pune,5,368.35,1462,10.32,Medium,33.6,22,1.0,morning,2023-06-03,David,90.32
MCH-4273,Robotic Arm,Pune,18,647.76,1740,9.81,High,31.7,27,13.4,Evening,2024-04-07,,84.57
MCH-4274,CNC,Surat,16,515.41,1419,2.68,Medium,23.8,13,2.5,Night,2022-01-28,Amber,103.98
MCH-4275,Laser Cutter,Pune,15,587.54,1656,8.27,Medium,45.2,11,15.5,Night,2023-03-30,Matthew,85.57
MCH-4276,Robotic Arm,Rajkot,9,1201.11,1805,3.97,Medium,39.3,16,0.0,Night,2024-12-24,Jason,105.39
MCH-4277,Robotic Arm,Rajkot,9,695.3,1827,3.44,Low,30.3,16,10.6,Night,2022-02-21,Stephanie,99.93
MCH-4278,Robotic Arm,Rajkot,11,159.01,1097,8.99,Medium,35.4,12,2.3,Night,2022-07-26,Michael,89.32
MCH-4279,3D Printer,Surat,22,756.85,1634,7.66,High,23.0,15,11.4,Night,2022-03-21,Lance,89.24
MCH-4280,CNC,Ahmedabad,16,707.76,1819,5.93,Medium,25.6,17,6.1,Evening,2024-02-11,Claudia,98.02
MCH-4281,Laser Cutter,Pune,13,180.21,699,0.55,Low,41.3,20,3.6,Evening,2023-01-18,John,101.95
MCH-4282,Robotic Arm,Rajkot,23,679.41,1070,6.73,Low,40.8,9,17.2,Night,2022-10-01,Joseph,82.45
MCH-4283,3D Printer,Rajkot,17,498.0,1611,14.32,HIGH,,6,7.9,Evening,2025-01-11,Charles,78.54
MCH-4284,Laser Cutter,Ahmedabad,11,133.41,985,13.84,Low,28.7,25,1.6,Night,2022-06-01,Marc,79.22
MCH-4285,Laser Cutter,Surat,16,408.81,745,5.2,High,30.4,11,5.5,Evening,2023-07-03,Daniel,91.37
MCH-4286,Laser Cutter,Vadodara,8,1331.2,1271,11.57,High,,19,22.9,Morning,2023-03-26,David,69.52
MCH-4287,Laser Cutter,Surat,12,1163.16,798,6.17,,34.3,14,13.6,Night,2023-03-12,Cameron,83.13
MCH-4288,Laser Cutter,Vadodara,23,828.6,700,9.85,Low,,18,2.5,Evening,2022-09-29,Frank,83.2
MCH-4289,Robotic Arm,Ahmedabad,23,1165.99,1271,2.93,High,33.2,17,4.9,Evening,2024-03-19,Danielle,99.64
MCH-4290,3D Printer,Ahmedabad,22,466.17,1992,7.52,High,19.3,17,5.8,Morning,2025-01-13,Rebecca,96.83
MCH-4291,Laser Cutter,Ahmedabad,16,598.33,1223,8.54,High,33.0,19,17.1,Night,2025-02-24,Cynthia,80.29
MCH-4292,,Pune,5,548.74,64,14.97,Low,23.4,26,19.3,Morning,2022-10-09,Stephen,56.3
MCH-4293,CNC,Ahmedabad,7,6676.8,1582,6.49,Medium,28.5,2,0.6000000000000001,Evening,2023-06-20,Marie,98.94
MCH-4294,Packaging Unit,Ahmedabad,9,1586.98,1989,5.37,Medium,34.7,27,6.9,Night,2022-09-12,Jacqueline,98.74
MCH-4295,Laser Cutter,Rajkot,14,650.09,1003,1.77,High,23.0,26,6.5,Evening,2024-08-18,Caitlin,99.34
MCH-4296,3D Printer,Rajkot,23,1240.32,1090,0.67,Low,33.9,22,7.5,Evening,2023-04-16,Jon,100.72
MCH-4297,CNC,Pune,10,579.4,310,11.81,High,25.3,17,2.9,Night,2024-12-13,Susan,76.11
MCH-4298,Laser Cutter,Surat,10,350.2,1700,8.8,High,25.5,2,8.8,Morning,2022-02-22,Tyler,89.91
MCH-4299,Packaging Unit,Vadodara,22,652.18,1989,1.96,Low,31.3,24,10.2,Morning,2022-01-07,Devin,104.58
MCH-4300,Packaging Unit,Ahmedabad,23,448.02,1203,3.83,Medium,30.8,16,24.3,Morning,2022-04-29,James,84.71
MCH-4301,Packaging Unit,Surat,7,589.57,732,12.27,Medium,25.9,10,1.6,Night,2023-11-29,Curtis,79.6
MCH-4302,CNC,Surat,6,,140,1.98,Medium,34.4,23,17.0,Morning,2022-07-31,Andrew,84.34
MCH-4303,CNC,Vadodara,9,649.56,851,7.96,Medium,34.1,7,11.1,Night,2022-07-16,Ronald,82.47
MCH-4304,3D Printer,Pune,15,1159.28,1660,3.83,High,40.4,9,3.4,Night,2024-07-01,Timothy,102.14
MCH-4305,CNC,Rajkot,10,972.58,1397,10.74,,25.7,26,0.4,Night,2022-05-12,Andrea,88.49
MCH-4306,3D Printer,Ahmedabad,21,388.46,1931,8.38,Low,38.5,6,10.7,Night,2023-02-05,,91.29
MCH-4307,Packaging Unit,Vadodara,9,1180.11,1176,4.72,Low,30.6,24,4.1,Morning,2024-02-20,Danielle,95.8
MCH-4308,Robotic Arm,Surat,10,1506.8,690,10.99,Medium,40.1,4,5.2,Evening,2024-12-04,Gerald,77.98
MCH-4309,Packaging Unit,Pune,13,555.4,1222,12.18,Low,34.1,13,1.3,Night,2022-08-11,Daniel,84.12
MCH-4310,CNC,Rajkot,13,988.92,647,14.06,Low,33.2,6,9.7,Evening,2024-12-27,Allison,69.07
MCH-4311,Laser Cutter,Ahmedabad,8,714.23,577,11.76,Medium,40.2,29,0.0,Night,2024-01-20,Eric,80.27
MCH-4312,CNC,Vadodara,4,802.44,1374,10.36,Low,26.0,7,0.0,morning,2022-07-09,Nicole,89.58
MCH-4313,3D Printer,Pune,23,1365.94,179,8.26,High,22.3,12,1.3,Evening,2024-06-27,April,82.11
MCH-4314,Robotic Arm,Ahmedabad,9,1086.51,1078,8.37,Low,40.1,24,2.2,Morning,2023-08-17,Paul,89.15
MCH-4315,CNC,Surat,23,861.95,1218,14.66,High,35.0,20,31.9,Evening,2022-06-29,Stephen,57.27
MCH-4316,CNC,Rajkot,16,2617.19,1843,6.14,Medium,21.0,27,1.6,Morning,2024-02-09,Devin,98.22
MCH-4317,Laser Cutter,Rajkot,4,602.84,1956,6.21,HIGH,23.4,22,6.0,Morning,2022-06-16,Tyler,98.82
MCH-4318,Packaging Unit,Vadodara,4,307.91,974,11.94,High,30.8,4,1.8,Morning,2024-05-24,Sherri,82.54
MCH-4319,,Pune,13,470.28,1608,5.23,Medium,29.2,21,6.1,Evening,2023-07-17,Christopher,98.0
MCH-4320,3D Printer,Pune,23,215.4,1167,6.2,Medium,23.1,5,4.6,Evening,2022-12-14,Kevin,93.8
MCH-4321,3D Printer,Vadodara,17,683.8,1330,1.11,Medium,35.8,29,9.8,Morning,2022-11-27,Jonathan,101.03
MCH-4322,Packaging Unit,Pune,5,408.08,989,0.97,Medium,26.9,2,6.7,Morning,2024-01-31,Donna,101.03
MCH-4323,CNC,Surat,17,319.87,1433,13.17,Medium,30.8,14,2.4,Evening,2025-03-02,Lisa,83.46
MCH-4324,Robotic Arm,Ahmedabad,10,355.84,74,12.4,,24.2,25,0.3,Night,2023-12-29,,75.1
MCH-4325,Robotic Arm,Surat,15,976.69,1671,7.04,Medium,36.7,6,4.0,Evening,2022-02-20,Gregory,95.65
MCH-4326,Laser Cutter,Pune,12,511.32,944,10.9,Low,28.2,13,1.1,Night,2022-04-29,Jennifer,84.57
MCH-4327,3D Printer,Surat,19,,1831,7.42,High,27.6,11,15.6,Night,2023-04-08,Bridget,89.07
MCH-4328,CNC,Vadodara,4,526.73,1802,14.53,Medium,36.4,29,4.6,Night,2024-01-04,Darlene,81.98
MCH-4329,Laser Cutter,Pune,5,643.87,1481,14.19,High,38.5,13,0.3,Night,2022-02-22,Kimberly,82.83
MCH-4330,Packaging Unit,Surat,22,338.41,458,5.56,High,34.9,2,10.2,Morning,2023-01-21,Gregory,85.07
MCH-4331,Packaging Unit,Pune,14,1005.46,869,2.66,Low,28.2,21,6.3,Night,2023-05-03,Richard,96.08
MCH-4332,Laser Cutter,Ahmedabad,13,,949,2.76,Low,30.3,17,3.9,Morning,2022-03-10,Randy,98.84
MCH-4333,Laser Cutter,Pune,19,675.19,650,14.14,High,35.8,28,1.7,Night,2022-07-29,Tony,74.98
MCH-4334,Packaging Unit,Vadodara,6,889.79,324,10.06,Medium,26.0,7,2.2,morning,2023-04-19,Timothy,79.77
MCH-4335,Robotic Arm,Rajkot,15,,408,8.9,High,35.4,2,1.2,Night,2024-10-03,Veronica,83.98
MCH-4336,,Vadodara,22,371.98,537,7.79,Low,34.5,7,8.8,Evening,2022-03-14,Courtney,82.2
MCH-4337,3D Printer,Pune,7,996.39,593,5.66,,32.7,16,5.1,Morning,2022-04-20,Martha,88.63
MCH-4338,Robotic Arm,Ahmedabad,10,1775.72,1431,8.31,Medium,24.2,8,11.6,Evening,2024-09-09,Kristen,84.65
MCH-4339,Packaging Unit,Ahmedabad,11,321.84,1764,10.99,Low,32.4,25,10.3,Night,2023-07-18,Andrew,85.05
MCH-4340,3D Printer,Ahmedabad,16,947.52,108,2.29,HIGH,31.3,20,1.4,Morning,2022-09-27,Antonio,93.99
MCH-4341,Laser Cutter,Pune,7,792.71,435,4.96,Low,32.6,8,0.7,Evening,2022-12-16,Samantha,92.08
MCH-4342,3D Printer,Rajkot,13,927.94,1075,2.19,Medium,22.8,23,3.7,Night,2022-05-12,George,100.66
MCH-4343,3D Printer,Surat,11,756.0,1953,2.35,Medium,27.0,13,3.6,Morning,2023-07-05,Christopher,107.98
MCH-4344,Robotic Arm,Pune,10,577.62,1534,2.56,Low,31.3,19,6.9,Morning,2023-05-14,Benjamin,102.01
MCH-4345,Packaging Unit,Rajkot,18,749.66,926,10.65,,28.9,12,1.0,Night,2023-06-21,Katelyn,84.65
MCH-4346,CNC,Vadodara,18,,866,1.63,HIGH,,21,14.8,Evening,2024-04-01,Eric,92.38
MCH-4347,Laser Cutter,Ahmedabad,4,139.58,581,13.56,Medium,31.4,14,7.7,Evening,2025-03-11,Susan,72.13
MCH-4348,Packaging Unit,Ahmedabad,20,197.06,501,3.43,Medium,27.4,23,9.2,Morning,2023-03-26,Nancy,90.59
MCH-4349,3D Printer,Surat,7,734.9,1937,0.32,Low,36.7,16,19.8,Night,2024-02-11,Daniel,100.59
MCH-4350,Robotic Arm,Rajkot,5,1019.62,888,7.17,Low,27.2,21,17.1,Night,2023-12-08,Hector,79.63
MCH-4351,3D Printer,Ahmedabad,11,484.01,1323,8.96,Medium,35.8,2,2.8,Morning,2024-02-19,Melissa,90.45
MCH-4352,3D Printer,Vadodara,22,991.69,316,14.43,Low,24.1,12,1.7,Morning,2023-11-03,Julie,71.17
MCH-4353,Robotic Arm,Surat,16,912.43,69,4.03,High,22.6,23,6.8,Night,2023-11-11,Nicholas,86.45
MCH-4354,3D Printer,Pune,19,1084.28,1539,1.34,,20.5,23,19.5,Morning,2024-07-31,Amanda,94.95
MCH-4355,,Pune,5,,870,2.53,Low,33.1,17,7.2,Morning,2023-07-05,Elizabeth,95.65
MCH-4356,CNC,Vadodara,22,654.9,77,11.56,High,20.5,13,0.5,Night,2022-10-30,Anna,76.24
MCH-4357,Laser Cutter,Pune,9,1019.67,105,11.36,Medium,38.3,4,6.8,morning,2024-12-20,Roger,71.94
MCH-4358,3D Printer,Rajkot,16,533.72,289,5.07,Low,32.0,23,0.6,Night,2023-01-09,,91.09
MCH-4359,Laser Cutter,Rajkot,23,,1759,3.68,Medium,32.9,20,2.7,Morning,2025-02-14,Steven,104.29
MCH-4360,Laser Cutter,Surat,11,510.81,956,8.82,Medium,8.7,26,7.7,Morning,2024-10-01,Jamie,84.21
MCH-4361,CNC,Rajkot,5,997.64,506,2.94,High,36.6,6,5.3,Morning,2023-01-22,Alexis,93.2
MCH-4362,Laser Cutter,Pune,21,966.46,1262,3.85,High,27.6,29,5.3,Morning,2023-06-20,Mary,97.73
MCH-4363,Packaging Unit,Surat,6,374.41,569,14.97,Low,37.2,6,9.2,Night,2023-09-29,,67.83
MCH-4364,CNC,Surat,22,1400.34,628,7.98,High,37.9,4,2.0,Morning,2023-12-31,,85.87
MCH-4365,Robotic Arm,Pune,19,1277.31,1141,14.93,High,22.0,27,1.6,Night,2023-02-18,Jenny,76.7
MCH-4366,Robotic Arm,Vadodara,5,1171.41,1644,7.7,Low,30.9,6,5.6,Evening,2022-02-14,William,92.71
MCH-4367,3D Printer,Ahmedabad,16,362.65,1346,1.52,Medium,17.0,5,20.8,Evening,2022-09-04,,93.1
MCH-4368,Packaging Unit,Ahmedabad,15,185.52,854,4.19,Medium,22.0,27,2.7,Night,2022-02-26,Nicole,96.58
MCH-4369,CNC,Surat,5,376.57,811,10.24,High,24.2,4,0.4,Morning,2022-07-16,Andrew,85.46
MCH-4370,Packaging Unit,Rajkot,14,470.95,729,4.71,Low,30.0,29,3.7,Night,2022-09-06,Michael,93.39
MCH-4371,,Ahmedabad,12,1705.26,687,5.64,Medium,,24,9.5,Morning,2024-10-26,Courtney,85.36
MCH-4372,,Surat,15,463.32,1490,10.35,Low,29.1,2,4.0,Night,2022-01-09,Danielle,88.25
MCH-4373,Laser Cutter,Pune,18,158.1,897,0.68,High,29.2,4,0.2,Morning,2023-01-21,Tony,105.75
MCH-4374,Packaging Unit,Rajkot,6,184.9,1566,11.92,Medium,23.7,11,14.1,Night,2023-10-26,Gary,79.08
MCH-4375,3D Printer,Vadodara,8,850.0,138,4.95,,31.1,23,10.8,Morning,2022-10-13,Joshua,82.48
MCH-4376,Packaging Unit,Pune,6,943.19,365,12.93,Low,27.3,21,2.1,Night,2025-04-12,Zachary,74.36
MCH-4377,CNC,Ahmedabad,19,267.2,595,8.36,High,31.1,23,2.1,Evening,2023-03-01,Patricia,86.39
MCH-4378,Robotic Arm,Pune,18,483.03,60,10.27,High,23.8,23,4.7,Morning,2022-11-22,Jason,75.98
MCH-4379,3D Printer,Rajkot,13,540.3,1077,0.73,High,38.8,18,0.2,Evening,2022-04-09,Stephen,106.6
MCH-4380,3D Printer,Rajkot,9,1372.94,1522,14.8,Low,44.7,27,7.8,Evening,2024-04-02,Felicia,75.66
MCH-4381,3D Printer,Surat,20,306.81,953,13.76,High,31.4,4,11.9,Evening,2024-11-05,James,71.65
MCH-4382,Packaging Unit,Rajkot,16,608.62,1347,12.58,Low,33.0,13,9.7,Morning,2022-11-11,Jeremiah,78.41
MCH-4383,Packaging Unit,Ahmedabad,5,415.64,75,4.28,Low,,22,5.0,Morning,2023-06-17,Victoria,87.97
MCH-4384,,Surat,6,717.47,292,11.35,Medium,29.9,19,13.3,Morning,2022-01-09,Erik,69.4
MCH-4385,Laser Cutter,Surat,20,940.36,1067,2.1,Medium,35.4,10,6.6,Evening,2023-12-11,Brittany,98.73
MCH-4386,3D Printer,Vadodara,12,,462,4.4,Medium,32.4,6,10.2,morning,2023-12-26,James,87.15
MCH-4387,3D Printer,Ahmedabad,17,620.57,518,13.87,Medium,28.9,4,16.9,Morning,2022-02-17,Jamie,63.86
MCH-4388,Laser Cutter,Rajkot,18,642.33,880,14.97,Medium,36.6,24,0.0,Night,2024-03-05,Frank,76.48
MCH-4389,Robotic Arm,Pune,4,192.05,1519,8.56,Medium,25.3,28,21.4,Night,2025-01-03,Oscar,80.28
MCH-4390,Packaging Unit,Vadodara,12,,798,11.73,Medium,37.9,12,14.4,Evening,2022-12-07,Brenda,71.88
MCH-4391,3D Printer,Surat,8,1539.59,1351,11.38,Low,28.8,2,19.0,Morning,2023-01-15,John,73.0
MCH-4392,CNC,Rajkot,5,1057.43,728,11.66,Medium,23.5,24,6.4,Morning,2024-07-10,Christine,76.76
MCH-4393,Packaging Unit,Ahmedabad,13,847.04,1854,7.48,High,23.4,7,33.6,Morning,2023-01-04,Amanda,75.76
MCH-4394,3D Printer,Vadodara,21,380.96,719,8.73,Low,40.5,10,10.1,Evening,2024-05-14,Colin,80.92
MCH-4395,Laser Cutter,Ahmedabad,13,,1898,13.71,Medium,31.3,18,6.1,Evening,2023-07-02,Kenneth,83.53
MCH-4396,CNC,Vadodara,11,257.96,711,14.46,Medium,30.4,16,4.3,Morning,2024-11-28,Abigail,73.63
MCH-4397,CNC,Rajkot,6,1098.22,1702,1.08,Medium,34.7,27,11.6,Morning,2023-05-12,Lisa,102.33
MCH-4398,Packaging Unit,Rajkot,21,954.66,409,0.84,High,24.1,15,2.1,Evening,2024-06-24,Cynthia,98.89
MCH-4399,3D Printer,Vadodara,13,951.77,1011,13.24,Low,36.4,29,0.0,Night,2022-03-21,Paul,80.59
MCH-4400,3D Printer,Pune,11,937.92,1778,14.85,Medium,37.3,24,1.1,Night,2023-08-05,Joshua,83.01
MCH-4401,CNC,Ahmedabad,12,1791.96,354,12.34,Low,26.6,28,1.5,Night,2025-02-20,Amanda,74.66
MCH-4402,Laser Cutter,Surat,19,758.59,529,8.45,Low,30.4,26,26.3,Night,2022-11-16,Robert,68.01
MCH-4403,3D Printer,Pune,22,737.56,1271,2.99,Medium,30.1,26,15.3,Evening,2022-11-10,Scott,92.85
MCH-4404,,Vadodara,7,591.26,531,0.54,Low,34.7,28,4.5,Morning,2022-12-13,Michael,99.35
MCH-4405,Laser Cutter,Pune,22,735.3,1018,6.32,Medium,35.6,23,10.4,Night,2022-10-23,Michael,87.51
MCH-4406,3D Printer,Ahmedabad,13,581.64,708,7.63,Low,32.1,28,1.2,Morning,2024-10-24,Maria,88.97
MCH-4407,Laser Cutter,Ahmedabad,20,207.87,899,2.37,High,28.8,19,1.9,Evening,2024-11-14,Brian,101.12
MCH-4408,Packaging Unit,Ahmedabad,18,818.18,1221,6.94,Medium,29.7,18,4.3,Morning,2024-11-13,Jacob,92.12
MCH-4409,3D Printer,Vadodara,4,244.17,178,14.13,Low,32.8,29,1.8,Night,2024-01-04,Laurie,71.61
MCH-4410,3D Printer,Ahmedabad,10,654.82,180,2.87,High,40.3,19,2.2,Morning,2022-02-21,Cody,93.28
MCH-4411,Robotic Arm,Surat,23,1427.44,1123,13.85,Medium,40.4,18,25.1,Evening,2024-02-17,David,62.05
MCH-4412,3D Printer,Surat,4,524.64,1839,14.52,Medium,27.4,15,2.9,Morning,2023-04-21,,83.51
MCH-4413,CNC,Vadodara,9,1663.1,415,2.46,High,19.8,4,2.9,Morning,2022-01-02,,94.13
MCH-4414,CNC,Surat,15,678.88,803,6.38,Medium,31.0,2,8.0,Night,2025-03-04,Helen,87.36
MCH-4415,Laser Cutter,Pune,8,339.06,993,1.14,Low,29.3,13,2.1,Evening,2023-04-08,Angela,104.04
MCH-4416,3D Printer,Pune,12,549.97,491,13.16,High,27.1,9,3.2,Morning,2023-09-16,Holly,74.75
MCH-4417,3D Printer,Pune,9,229.73,1694,9.68,Low,29.9,8,6.2,Morning,2024-09-05,Jeffrey,90.09
MCH-4418,Packaging Unit,Rajkot,15,422.31,490,13.94,High,28.2,3,12.6,Night,2025-02-03,Jennifer,66.78
MCH-4419,Packaging Unit,Pune,4,446.94,982,13.69,Low,31.9,24,1.1,Evening,2024-09-04,Brian,79.39
MCH-4420,3D Printer,Rajkot,22,1085.76,814,14.22,Medium,,28,1.3,Morning,2024-09-28,Lisa,75.88
MCH-4421,Robotic Arm,Vadodara,8,569.8,99,14.68,Low,30.6,13,0.4,Evening,2024-05-08,Marcus,70.37
MCH-4422,Laser Cutter,Vadodara,17,637.13,388,10.12,Medium,39.3,26,5.2,Evening,2022-03-17,Sarah,78.44
MCH-4423,CNC,Vadodara,9,564.07,1650,3.56,Medium,33.4,18,3.9,Morning,2023-11-22,Jimmy,103.09
MCH-4424,Packaging Unit,Ahmedabad,23,1144.76,1306,11.41,High,26.0,26,3.6,Evening,2022-01-14,Jesse,83.91
MCH-4425,Packaging Unit,Pune,7,236.73,1313,10.68,Medium,25.0,22,5.4,Morning,2024-02-19,Richard,85.46
MCH-4426,Laser Cutter,Pune,17,690.36,1304,9.23,High,29.9,19,4.6,Evening,2023-08-22,Wendy,88.2
MCH-4427,CNC,Ahmedabad,19,838.79,595,6.59,Low,,9,0.6,Morning,2025-01-07,William,90.16
MCH-4428,Laser Cutter,Pune,5,791.38,576,14.25,Low,,14,1.3,Morning,2025-04-06,Jeffrey,74.26
MCH-4429,CNC,Ahmedabad,18,1050.05,260,14.95,High,30.6,24,6.4,Morning,2023-05-18,Timothy,66.29
MCH-4430,CNC,Ahmedabad,7,395.93,765,6.28,High,35.9,5,3.5,Evening,2024-01-23,Maria,90.8
MCH-4431,CNC,Rajkot,12,760.27,1267,8.77,Medium,38.9,28,8.7,Evening,2022-03-20,Kylie,85.84
MCH-4432,3D Printer,Pune,11,1252.89,746,0.68,Medium,23.9,29,6.4,Night,2024-08-23,Teresa,98.59
MCH-4433,CNC,Vadodara,15,730.65,266,11.63,High,19.8,13,17.0,Night,2023-10-16,Andrea,66.01
MCH-4434,3D Printer,Vadodara,7,696.64,604,7.6,High,44.5,21,10.2,Evening,2022-10-15,Lindsey,81.7
MCH-4435,CNC,Rajkot,14,,1805,14.42,Low,29.2,25,0.5,Night,2022-04-13,Michael,84.09
MCH-4436,Robotic Arm,Surat,20,559.43,1967,7.45,High,35.5,22,1.8,Evening,2023-03-29,Courtney,99.43
MCH-4437,Packaging Unit,Rajkot,10,439.49,1588,0.43,Medium,34.8,22,5.2,Night,2024-01-09,Evan,108.11
MCH-4438,Robotic Arm,Vadodara,17,691.04,1218,9.9,High,30.1,23,1.9,Night,2022-07-29,Kathryn,88.03
MCH-4439,CNC,Vadodara,8,371.75,1246,4.56,,,21,15.4,Evening,2023-03-02,Curtis,89.95
MCH-4440,3D Printer,Rajkot,16,444.72,1125,5.13,Medium,33.9,6,15.2,Night,2023-11-12,Nicholas,87.84
MCH-4441,Laser Cutter,Ahmedabad,15,,1450,0.27,Low,32.1,2,2.9,Night,2024-09-24,Julie,109.4
MCH-4442,3D Printer,Ahmedabad,5,450.68,1362,0.73,High,25.7,24,2.0,Morning,2023-06-13,Tara,107.85
MCH-4443,,Pune,19,973.56,1841,1.73,High,27.7,19,24.1,Morning,2024-08-29,Cassandra,93.62
MCH-4444,Robotic Arm,Ahmedabad,6,764.73,1893,3.83,Medium,27.2,14,18.2,Evening,2023-09-22,Danielle,94.28
MCH-4445,3D Printer,Ahmedabad,23,1095.85,1310,3.67,Medium,,26,21.8,Evening,2023-02-02,Mary,86.75
MCH-4446,Robotic Arm,Vadodara,12,709.27,581,4.19,High,28.5,13,9.9,Evening,2022-07-25,,88.52
MCH-4447,3D Printer,Vadodara,6,543.53,1614,12.64,Medium,33.8,29,20.7,Night,2024-06-16,Deanna,72.9
MCH-4448,,Pune,11,395.0,331,7.14,Low,24.7,18,0.5,Night,2023-06-21,Abigail,87.56
MCH-4449,CNC,Pune,18,510.24,1557,12.0,Low,16.5,16,9.9,Morning,2024-09-22,Natalie,81.32
MCH-4450,Packaging Unit,Rajkot,12,,1900,3.82,Low,45.0,12,25.8,Evening,2023-12-05,Vanessa,88.6
MCH-4451,Packaging Unit,Pune,13,858.76,1562,10.7,Low,22.5,10,14.9,Morning,2023-03-11,Lori,79.96
MCH-4452,CNC,Pune,12,181.87,1226,0.52,Medium,40.0,9,13.9,Evening,2023-07-02,Zachary,99.19
MCH-4453,CNC,Ahmedabad,5,657.37,1979,0.65,High,25.2,24,2.1,Night,2023-03-02,Steven,112.78
MCH-4454,3D Printer,Ahmedabad,5,817.79,1208,12.85,Low,30.3,20,13.6,Morning,2023-08-16,Kathy,73.68
MCH-4455,Robotic Arm,Surat,22,386.12,272,14.03,High,22.9,11,8.5,Evening,2022-06-17,Tammy,67.71
MCH-4456,CNC,Surat,6,682.39,1069,13.32,High,44.7,22,2.9,Night,2025-03-17,Adam,79.26
MCH-4457,Robotic Arm,Vadodara,8,832.13,272,2.07,Medium,50.5,28,7.8,Morning,2024-01-09,Mark,91.48
MCH-4458,Packaging Unit,Rajkot,21,621.41,341,2.02,High,29.3,4,4.3,Evening,2024-06-17,Amy,94.9
MCH-4459,Packaging Unit,Rajkot,13,716.52,477,4.72,High,25.7,14,27.8,Morning,2024-03-06,Justin,74.05
MCH-4460,CNC,Ahmedabad,12,1002.78,1062,2.17,High,36.8,29,6.3,Night,2023-04-16,Cynthia,98.67
MCH-4461,3D Printer,Vadodara,13,519.78,1982,8.32,Medium,30.7,16,2.7,Morning,2025-01-04,Joanna,97.24
MCH-4462,CNC,Rajkot,22,530.58,1932,12.34,Medium,36.1,14,9.6,Evening,2022-02-06,Timothy,83.94
MCH-4463,Laser Cutter,Rajkot,7,511.49,1963,11.95,High,26.6,21,9.5,Evening,2022-05-20,Joshua,85.08
MCH-4464,Robotic Arm,Rajkot,19,,1884,0.25,Low,36.1,24,0.9,Evening,2023-03-07,Laura,113.5
MCH-4465,3D Printer,Rajkot,21,443.67,1097,5.53,Medium,30.6,12,4.2,Night,2023-09-16,Thomas,94.51
MCH-4466,3D Printer,Ahmedabad,19,722.66,244,9.23,High,26.2,22,0.6,Morning,2024-09-02,Garrett,82.12
MCH-4467,3D Printer,Ahmedabad,17,910.18,118,3.76,Medium,33.1,21,17.2,Night,2023-08-07,Wendy,80.12
MCH-4468,3D Printer,Rajkot,16,686.63,1648,5.57,Low,35.6,19,1.4,Morning,2022-10-26,Amanda,100.63
MCH-4469,3D Printer,Vadodara,20,762.13,1082,8.56,High,33.4,2,6.6,Night,2023-05-19,Robert,86.19
MCH-4470,Laser Cutter,Pune,15,678.79,1093,12.29,Low,41.8,4,8.6,Night,2022-03-03,Theresa,77.54
MCH-4471,3D Printer,Pune,18,1939.74,232,13.67,High,29.4,3,6.6,morning,2023-05-17,Carrie,67.2
MCH-4472,Packaging Unit,Surat,16,1043.5,1163,11.58,High,33.8,20,1.6,Morning,2023-06-13,Brent,83.92
MCH-4473,Packaging Unit,Vadodara,15,1198.04,1066,2.94,,30.5,7,3.9,Night,2024-12-16,Riley,98.56
MCH-4474,Robotic Arm,Pune,18,782.16,1247,2.37,Medium,32.3,10,0.9,morning,2024-09-26,Charles,103.9
MCH-4475,CNC,Ahmedabad,11,343.2,977,12.41,Medium,36.3,22,1.3,Morning,2022-10-17,Morgan,81.92
MCH-4476,,Ahmedabad,17,302.25,1640,11.3,Low,33.9,17,6.7,Morning,2024-06-05,Lauren,85.94
MCH-4477,Packaging Unit,Pune,14,610.59,120,1.82,Medium,38.9,20,21.6,Evening,2023-08-05,Jason,81.37
MCH-4478,Laser Cutter,Pune,22,457.97,1487,3.61,Medium,21.1,4,3.9,Evening,2022-10-03,Alexis,101.79
MCH-4479,CNC,Ahmedabad,4,498.28,405,7.01,Medium,27.8,11,4.4,Night,2023-08-19,Adam,85.56
MCH-4480,Laser Cutter,Rajkot,20,325.08,569,6.47,Medium,28.7,2,6.1,Night,2025-04-06,Joseph,87.07
MCH-4481,Laser Cutter,Vadodara,11,507.85,187,5.59,Low,33.9,17,8.0,Evening,2022-02-19,Christian,84.05
MCH-4482,CNC,Rajkot,10,354.39,180,6.56,Low,,14,5.3,Morning,2022-01-10,Amber,84.16
MCH-4483,Packaging Unit,Rajkot,4,637.52,470,14.46,HIGH,28.0,29,2.2,Night,2023-12-01,Pamela,72.55
MCH-4484,3D Printer,Ahmedabad,18,441.77,109,7.92,Low,37.3,5,24.0,Morning,2023-01-13,Mary,67.64
MCH-4485,Robotic Arm,Ahmedabad,11,175.73,734,10.72,Low,26.9,24,6.1,Morning,2024-08-07,Michael,80.16
MCH-4486,,Rajkot,15,314.41,1898,10.81,Low,32.7,29,18.0,Night,2023-10-06,,81.15
MCH-4487,Laser Cutter,Surat,9,500.38,291,8.55,Medium,29.7,11,6.8,Night,2022-05-16,Wesley,79.85
MCH-4488,Packaging Unit,Ahmedabad,16,1035.82,986,7.02,High,14.8,18,1.0,Evening,2025-02-14,Jason,92.0
MCH-4489,Packaging Unit,Ahmedabad,6,161.24,305,2.63,Low,35.3,24,7.1,Night,2023-04-22,Anthony,92.08
MCH-4490,Robotic Arm,Surat,19,754.64,1520,13.7,Low,28.4,7,1.2,Night,2024-03-16,Shannon,83.35
MCH-4491,Packaging Unit,Pune,15,215.81,1285,7.51,Low,27.3,28,2.2,Evening,2023-12-14,Cathy,93.84
MCH-4492,Laser Cutter,Ahmedabad,22,1057.29,1474,13.37,Low,33.0,16,19.5,Morning,2024-01-28,Kevin,70.38
MCH-4493,3D Printer,Surat,19,568.1,1750,14.67,Medium,34.0,21,5.8,Evening,2024-03-16,Felicia,80.37
MCH-4494,Robotic Arm,Pune,16,238.21,936,9.9,High,16.9,13,25.0,Morning,2023-01-12,Micheal,70.16
MCH-4495,CNC,Pune,15,1093.42,130,5.23,High,26.3,23,23.3,Night,2025-03-23,Dustin,72.75
MCH-4496,CNC,Surat,15,949.02,151,11.64,Medium,32.5,26,1.4,Night,2024-05-12,Diane,75.64
MCH-4497,,Ahmedabad,6,411.68,1848,10.11,Low,32.8,12,3.8,Morning,2024-08-03,,91.93
MCH-4498,Packaging Unit,Vadodara,5,333.7,991,0.67,Medium,26.8,18,0.8,Night,2023-05-23,Lisa,105.88
MCH-4499,Packaging Unit,Rajkot,22,683.35,1780,10.13,Medium,28.5,26,4.5,Evening,2023-01-06,Jasmine,90.45
MCH-4500,Robotic Arm,Surat,18,1265.09,1458,11.64,High,23.0,16,5.4,Evening,2024-07-12,Todd,83.28
MCH-4501,Packaging Unit,Vadodara,14,590.66,1908,8.68,High,21.7,3,3.3,Morning,2022-07-14,James,95.39
MCH-4502,Packaging Unit,Rajkot,21,296.66,1409,1.74,Low,23.4,23,7.9,Evening,2022-08-30,,102.31
MCH-4503,CNC,Pune,5,604.37,1037,2.02,,18.7,19,29.9,Night,2023-10-14,Anthony,82.81
MCH-4504,CNC,Ahmedabad,5,823.42,916,0.33,Medium,,12,0.1,Night,2022-02-20,Jesse,105.73
MCH-4505,Robotic Arm,Ahmedabad,17,435.44,1293,4.03,Medium,25.3,18,1.6,Morning,2025-01-17,Eric,100.97
MCH-4506,Robotic Arm,Vadodara,14,311.08,880,6.27,Low,22.5,9,8.1,Morning,2022-08-31,Michele,88.68
MCH-4507,3D Printer,Rajkot,18,1265.18,1554,14.99,High,37.8,7,15.0,Evening,2022-11-20,,70.66
MCH-4508,Packaging Unit,Pune,4,556.52,377,11.72,Medium,30.4,8,46.0,Morning,2022-07-04,,46.71
MCH-4509,3D Printer,Surat,16,444.21,98,0.13,Medium,29.0,6,6.0,Evening,2023-11-19,Ashley,95.72
MCH-4510,CNC,Pune,6,484.33,204,10.64,Medium,33.2,25,7.4,Morning,2023-10-02,Stephanie,74.55
MCH-4511,3D Printer,Rajkot,9,909.89,1948,13.81,,30.7,12,12.9,Night,2025-01-09,Mark,78.28
MCH-4512,Robotic Arm,Surat,18,1388.32,1626,9.27,Medium,25.2,15,9.0,Night,2023-11-28,Elizabeth,86.73
MCH-4513,CNC,Rajkot,23,,1693,7.69,High,26.5,15,4.3,Morning,2024-08-03,,94.91
MCH-4514,CNC,Ahmedabad,18,983.6,1417,13.44,High,29.9,8,12.8,Morning,2024-11-23,Michael,74.56
MCH-4515,Laser Cutter,Vadodara,17,1278.48,1563,3.66,Low,29.9,18,0.1,Evening,2023-02-05,Lori,103.81
MCH-4516,CNC,Rajkot,20,1264.01,887,3.7,High,35.1,24,5.5,Night,2024-09-29,Dwayne,94.34
MCH-4517,3D Printer,Ahmedabad,17,333.05,772,9.64,Medium,31.0,9,24.0,morning,2024-03-16,Frank,69.88
MCH-4518,Laser Cutter,Vadodara,14,1142.41,401,5.99,High,44.0,15,10.6,Morning,2022-02-28,John,82.31
MCH-4519,CNC,Pune,12,1265.93,293,7.68,Medium,26.4,18,0.3,Morning,2023-10-17,Jason,85.06
MCH-4520,3D Printer,Surat,14,932.77,845,6.16,Low,37.4,7,1.8,Evening,2024-05-24,Allen,92.13
MCH-4521,Packaging Unit,Ahmedabad,9,909.66,1844,14.38,Medium,36.3,6,25.2,Morning,2023-02-20,Kevin,67.67
MCH-4522,,Rajkot,17,1266.86,1820,12.37,High,22.4,19,17.2,Evening,2022-09-17,Kristy,76.58
MCH-4523,Packaging Unit,Rajkot,13,216.93,1619,1.66,High,35.1,3,5.4,Night,2022-04-17,Sabrina,106.08
MCH-4524,Laser Cutter,Pune,16,1242.85,1318,0.81,Medium,30.5,20,16.7,Night,2024-12-24,Brenda,95.9
MCH-4525,3D Printer,Rajkot,14,521.05,336,7.67,Low,26.1,11,12.5,Evening,2024-08-15,Joshua,77.97
MCH-4526,CNC,Ahmedabad,22,465.27,733,12.67,Medium,34.7,2,0.6,Night,2023-12-17,Kathleen,79.68
MCH-4527,Laser Cutter,Rajkot,6,577.82,738,7.7,Low,34.1,17,25.8,Night,2024-04-28,Kristen,71.86
MCH-4528,Robotic Arm,Surat,16,858.17,1714,9.03,Medium,31.6,14,22.5,Evening,2022-11-22,Matthew,79.25
MCH-4529,3D Printer,Ahmedabad,6,530.52,1114,8.92,Low,28.5,11,2.7,Evening,2022-10-30,Patrick,88.8
MCH-4530,3D Printer,Vadodara,19,,1184,11.86,Medium,,8,0.1,Evening,2024-06-02,Nicole,85.33
MCH-4531,Robotic Arm,Rajkot,6,591.43,251,6.46,Medium,26.6,9,3.9,Morning,2024-09-26,Jeremiah,85.6
MCH-4532,Robotic Arm,Ahmedabad,19,1001.13,1198,1.4,Medium,27.1,16,5.9,Night,2024-04-29,Kathleen,101.62
MCH-4533,Packaging Unit,Surat,7,908.96,1175,1.97,Low,40.9,20,4.9,Morning,2023-08-14,Danielle,101.12
MCH-4534,CNC,Rajkot,7,1456.83,402,8.99,High,35.6,28,2.6,Evening,2024-11-09,Patrick,81.47
MCH-4535,CNC,Rajkot,15,285.5,1071,5.24,Medium,33.3,21,9.9,Morning,2024-05-10,Darlene,91.11
MCH-4536,Laser Cutter,Rajkot,9,414.92,1211,13.39,Low,25.5,28,2.8,Evening,2024-12-31,Daniel,80.76
MCH-4537,CNC,Pune,6,319.9,410,13.79,Medium,28.2,24,31.8,Night,2022-02-03,Sarah,53.12
MCH-4538,3D Printer,Surat,9,796.97,972,10.27,Low,28.5,23,4.1,Morning,2023-09-30,Brooke,83.55
MCH-4539,CNC,Rajkot,20,680.92,1774,13.42,Low,26.6,8,15.7,Evening,2022-03-09,Sarah,75.98
MCH-4540,CNC,Pune,7,310.56,672,13.07,Medium,33.1,13,4.3,Evening,2022-10-01,Kelly,76.01
MCH-4541,CNC,Pune,13,584.87,162,2.97,High,25.7,26,2.3,Night,2024-02-04,Amber,92.96
MCH-4542,Laser Cutter,Vadodara,20,475.66,755,8.8,Low,35.1,22,1.6,Night,2023-07-25,David,86.89
MCH-4543,3D Printer,Ahmedabad,7,360.37,1126,0.52,Low,23.7,2,11.9,Night,2023-04-04,Jessica,99.5
MCH-4544,Robotic Arm,Rajkot,19,149.59,1942,14.34,High,33.6,4,10.5,morning,2022-03-31,Jenna,79.94
MCH-4545,Robotic Arm,Surat,11,616.86,132,3.18,High,28.2,15,1.9,Night,2022-07-20,,92.53
MCH-4546,3D Printer,Vadodara,18,1021.78,573,4.46,HIGH,31.8,23,4.4,Morning,2025-02-12,Sean,91.32
MCH-4547,Packaging Unit,Rajkot,21,,317,6.43,Medium,27.7,2,16.7,Morning,2022-06-08,John,77.13
MCH-4548,CNC,Rajkot,5,959.65,1468,1.43,Low,26.7,25,6.5,Morning,2024-06-29,Matthew,103.45
MCH-4549,Packaging Unit,Pune,12,508.31,1099,5.19,Low,27.2,10,33.2,Morning,2022-09-29,Richard,74.81
MCH-4550,CNC,Rajkot,11,,1369,9.57,High,20.8,6,26.9,Night,2022-12-24,Daniel,72.33
MCH-4551,Packaging Unit,Vadodara,11,858.72,1454,7.13,High,25.3,28,3.0,Evening,2022-05-04,,94.53
MCH-4552,3D Printer,Rajkot,12,1179.21,460,9.91,High,23.4,23,10.1,Morning,2022-04-23,Tracey,75.26
MCH-4553,Laser Cutter,Rajkot,23,451.48,1975,12.37,Medium,24.3,16,4.2,Evening,2022-04-08,Thomas,88.13
MCH-4554,Laser Cutter,Ahmedabad,6,1861.26,672,10.66,Low,31.1,29,6.9,Night,2022-04-07,Amy,76.79
MCH-4555,Robotic Arm,Ahmedabad,11,,1891,5.51,High,28.2,4,30.8,Evening,2022-03-04,Mary,81.2
MCH-4556,Packaging Unit,Ahmedabad,21,960.64,1404,2.22,Low,31.6,27,0.8,Morning,2022-05-20,Tammie,105.33
MCH-4557,Robotic Arm,Vadodara,10,,286,5.57,HIGH,26.3,15,1.6,Evening,2023-06-21,Debra,89.21
MCH-4558,CNC,Surat,15,433.08,1748,7.19,Medium,34.2,6,2.0,Evening,2023-06-07,Curtis,98.17
MCH-4559,Robotic Arm,Rajkot,19,622.67,1370,1.19,High,33.6,9,4.7,Night,2023-11-05,Joseph,104.86
MCH-4560,Packaging Unit,Surat,15,740.66,1962,2.28,High,34.0,21,3.8,Night,2023-07-29,Joseph,108.07
MCH-4561,Packaging Unit,Vadodara,9,505.17,1237,14.95,Medium,42.6,4,6.1,Night,2023-01-15,David,75.42
MCH-4562,Packaging Unit,Pune,20,378.68,730,0.82,High,,8,5.1,Night,2022-05-04,Krystal,100.33
MCH-4563,CNC,Surat,12,350.92,1813,1.29,Medium,33.0,3,2.7,Evening,2023-01-30,Joseph,110.14
MCH-4564,Robotic Arm,Pune,19,230.08,1036,6.3,Medium,27.5,4,0.7,morning,2022-01-30,Lori,95.21
MCH-4565,Robotic Arm,Vadodara,11,1159.1,69,3.64,Low,39.8,28,6.1,Morning,2025-04-13,Tina,87.37
MCH-4566,Robotic Arm,Vadodara,22,619.17,550,9.82,Medium,26.4,21,3.6,Morning,2024-12-30,Jerome,81.54
MCH-4567,Robotic Arm,Vadodara,17,506.91,1854,8.89,Medium,32.3,6,4.4,Evening,2023-01-30,Kimberly,93.87
MCH-4568,Robotic Arm,Pune,19,278.43,339,10.2,High,24.1,16,3.9,Evening,2025-01-26,Christine,79.3
MCH-4569,3D Printer,Pune,14,687.01,1509,10.13,Low,,25,21.1,Evening,2025-01-10,Richard,76.56
MCH-4570,3D Printer,Surat,20,1008.69,865,4.32,High,22.7,19,22.0,Evening,2023-10-21,,81.73
MCH-4571,Robotic Arm,Ahmedabad,11,838.76,904,3.16,Medium,34.4,28,4.2,Morning,2024-10-21,Tamara,97.08
MCH-4572,Packaging Unit,Ahmedabad,23,331.56,1471,9.48,High,27.9,28,13.4,morning,2024-07-11,Jacob,83.44
MCH-4573,Laser Cutter,Ahmedabad,12,1907.08,345,4.77,Low,27.5,28,2.9,Morning,2022-08-01,April,88.58
MCH-4574,Laser Cutter,Surat,13,568.04,758,10.16,Low,34.3,23,1.0,Morning,2022-09-13,Angela,84.49
MCH-4575,3D Printer,Pune,6,874.04,1943,10.79,High,29.7,23,11.0,Night,2024-03-27,Amy,85.66
MCH-4576,CNC,Ahmedabad,16,1008.67,200,12.25,High,33.3,18,2.3,Evening,2023-12-05,Valerie,74.12
MCH-4577,CNC,Vadodara,6,339.13,922,13.29,,37.8,23,1.5,Morning,2023-05-21,Kaitlyn,79.57
MCH-4578,3D Printer,Surat,14,434.78,906,9.49,Medium,26.7,6,2.4,Evening,2023-05-26,Rebecca,86.27
MCH-4579,,Vadodara,19,743.3,852,14.15,Medium,25.1,15,7.1,Night,2024-09-28,Daniel,72.77
MCH-4580,CNC,Rajkot,22,526.99,1296,12.13,Low,27.6,23,2.8,Evening,2024-07-08,Christine,83.83
MCH-4581,Packaging Unit,Vadodara,18,,1260,4.18,Medium,26.3,5,8.5,Night,2025-02-19,Stephen,95.87
MCH-4582,Robotic Arm,Pune,20,308.95,1400,10.85,Medium,37.8,9,8.6,Evening,2022-09-04,Laura,83.51
MCH-4583,3D Printer,Rajkot,5,990.04,104,7.95,High,29.9,16,4.6,Night,2023-06-21,Christine,80.33
MCH-4584,,Pune,21,1124.09,121,8.7,Medium,34.9,17,12.9,Morning,2022-09-03,Linda,72.97
MCH-4585,3D Printer,Pune,14,763.81,1607,6.52,High,29.4,24,3.0,Night,2022-10-18,Alexis,97.16
MCH-4586,Robotic Arm,Surat,6,860.26,1891,14.44,High,39.5,26,2.2,Night,2023-04-14,Jennifer,84.11
MCH-4587,CNC,Surat,10,265.76,748,10.51,Low,40.0,18,1.4,Night,2023-02-20,,83.85
MCH-4588,Robotic Arm,Rajkot,10,462.16,1870,0.72,Medium,36.9,21,14.3,Morning,2022-06-23,Yvonne,103.47
MCH-4589,Robotic Arm,Vadodara,18,103.26,1549,4.7,Low,34.9,2,1.1,Evening,2024-09-13,Manuel,102.59
MCH-4590,Packaging Unit,Ahmedabad,7,1147.89,641,1.29,High,37.8,27,22.0,Night,2023-02-27,Amy,85.72
MCH-4591,Packaging Unit,Rajkot,23,797.45,1741,9.51,High,38.0,12,0.5,Evening,2023-02-24,Jacob,94.0
MCH-4592,Laser Cutter,Vadodara,23,509.34,563,4.84,High,28.5,16,0.4,Night,2022-11-05,Lisa,94.0
MCH-4593,CNC,Vadodara,15,865.51,201,5.4,Medium,33.7,17,1.3,Evening,2024-03-14,Joanna,88.73
MCH-4594,Laser Cutter,Vadodara,15,529.11,1550,13.45,Low,42.2,25,26.0,Night,2025-01-18,Mary,67.06
MCH-4595,Laser Cutter,Surat,17,1357.86,338,14.84,Medium,34.9,11,2.7,Evening,2024-05-23,Elizabeth,69.31
MCH-4596,Packaging Unit,Pune,13,1374.4,528,1.86,Low,24.1,8,18.8,Morning,2022-09-18,,85.56
MCH-4597,Laser Cutter,Vadodara,16,893.72,1461,3.82,Low,30.2,27,9.6,Evening,2022-02-15,Darren,96.54
MCH-4598,,Pune,22,,1335,0.51,High,,14,0.5,morning,2022-04-04,Catherine,108.69
MCH-4599,Packaging Unit,Rajkot,8,973.51,990,6.44,Low,27.4,21,10.0,Morning,2023-12-19,Jonathan,86.98
MCH-4600,Robotic Arm,Ahmedabad,5,671.52,614,1.12,Medium,29.3,10,0.6,Morning,2022-02-13,Linda,101.5
MCH-4601,Robotic Arm,Surat,20,491.95,763,10.85,Low,29.8,2,1.3,Morning,2025-02-02,Nicholas,83.05
MCH-4602,Packaging Unit,Rajkot,22,397.07,1543,11.45,High,34.9,17,19.6,Morning,2022-12-24,Kristen,75.67
MCH-4603,,Vadodara,23,523.97,1650,0.34,HIGH,34.0,2,1.4,Night,2022-09-09,Monique,111.34
MCH-4604,Robotic Arm,Surat,8,1145.88,222,6.84,Medium,18.7,13,12.7,Evening,2024-11-08,,77.64
MCH-4605,CNC,Vadodara,23,1235.35,794,8.93,Low,16.1,5,4.4,Night,2022-06-16,Angela,83.91
MCH-4606,Packaging Unit,Vadodara,20,730.4,1111,2.16,High,38.0,24,0.3,Morning,2024-08-23,Curtis,103.68
MCH-4607,3D Printer,Surat,4,596.79,1709,12.86,High,28.1,22,1.5,Morning,2024-12-12,Edward,86.62
MCH-4608,Laser Cutter,Rajkot,6,814.12,1672,5.72,High,16.2,6,5.0,Morning,2022-08-11,Mitchell,97.83
MCH-4609,Laser Cutter,Ahmedabad,9,701.31,1716,4.91,Low,30.3,27,1.6,Morning,2023-10-16,Jose,102.36
MCH-4610,Packaging Unit,Ahmedabad,17,240.42,225,5.18,High,29.4,2,0.5,Morning,2025-03-04,Juan,90.82
MCH-4611,Laser Cutter,Pune,6,543.95,494,11.58,Medium,31.0,5,13.9,Evening,2022-08-04,Eric,70.45
MCH-4612,Packaging Unit,Rajkot,17,382.64,964,12.34,,27.5,24,3.7,Night,2024-03-03,Carol,80.22
MCH-4613,CNC,Vadodara,6,807.55,1399,10.01,Low,19.2,3,3.4,Night,2024-03-05,Michelle,88.1
MCH-4614,Laser Cutter,Ahmedabad,22,287.16,1840,9.89,Low,35.7,21,9.1,Night,2024-04-16,Kelly,88.77
MCH-4615,CNC,Vadodara,21,966.55,810,6.18,Low,36.4,6,10.1,Morning,2025-03-12,Benjamin,85.94
MCH-4616,Packaging Unit,Ahmedabad,12,966.81,1466,10.23,High,21.7,10,1.5,Evening,2023-03-23,Jeffrey,89.33
MCH-4617,Laser Cutter,Rajkot,21,400.89,1184,11.07,HIGH,35.8,14,0.1,Evening,2022-09-15,Justin,87.08
MCH-4618,Robotic Arm,Ahmedabad,16,505.0,545,2.08,Medium,36.4,23,7.0,Morning,2022-12-16,David,94.76
MCH-4619,Packaging Unit,Rajkot,20,566.13,1032,1.0,Low,28.8,4,2.7,Night,2024-04-04,Roger,103.9
MCH-4620,CNC,Vadodara,12,1243.96,1625,14.24,Medium,,9,14.6,Night,2024-05-14,Stephanie,73.06
MCH-4621,Laser Cutter,Rajkot,19,377.4,740,4.91,Low,34.6,19,1.2,Evening,2024-02-20,Marcus,94.97
MCH-4622,Robotic Arm,Surat,14,207.97,1151,5.19,High,32.0,8,19.0,Morning,2023-11-15,Angela,85.61
MCH-4623,3D Printer,Rajkot,18,203.81,285,8.41,Medium,18.0,18,9.3,Morning,2023-08-26,Nathan,78.75
MCH-4624,Packaging Unit,Surat,12,788.68,1046,1.98,Low,26.7,8,1.9,Evening,2022-10-19,Jeffrey,102.3
MCH-4625,Packaging Unit,Vadodara,17,631.12,1857,3.46,Medium,45.2,13,14.1,Morning,2022-06-19,,97.78
MCH-4626,Packaging Unit,Vadodara,17,623.84,1583,3.97,High,29.7,24,4.6,Morning,2022-11-06,,101.14
MCH-4627,Laser Cutter,Vadodara,19,575.7,1893,13.45,High,32.9,14,17.4,Evening,2023-12-16,Michelle,75.87
MCH-4628,Packaging Unit,Pune,4,549.64,763,14.13,High,19.5,16,0.2,Night,2023-06-02,Jeanne,77.17
MCH-4629,Robotic Arm,Ahmedabad,15,1011.15,1151,9.01,High,28.6,24,1.4,Evening,2022-09-10,Amanda,89.15
MCH-4630,Robotic Arm,Ahmedabad,16,968.66,801,5.89,Low,32.5,10,0.7,Morning,2025-03-13,Ryan,93.02
MCH-4631,Packaging Unit,Pune,22,535.93,857,13.58,Low,25.7,14,6.4,Morning,2022-12-29,Michael,74.74
MCH-4632,Packaging Unit,Surat,8,532.47,640,4.64,Low,26.7,8,19.1,Morning,2023-09-22,Joe,81.92
MCH-4633,3D Printer,Ahmedabad,15,1010.63,396,0.74,High,30.0,28,7.4,Evening,2022-03-02,Nicole,95.2
MCH-4634,Laser Cutter,Surat,4,661.38,1541,3.21,High,22.0,22,0.9,Night,2022-03-10,Jennifer,104.85
MCH-4635,CNC,Ahmedabad,22,962.26,580,5.98,Medium,34.5,25,40.7,Night,2023-11-24,Joseph,63.01
MCH-4636,Packaging Unit,Pune,8,740.91,650,3.54,Medium,40.4,6,8.1,Evening,2023-10-25,Diane,91.61
MCH-4637,CNC,Ahmedabad,11,525.33,1301,4.53,Low,26.9,21,6.0,Morning,2025-01-20,,96.83
MCH-4638,CNC,Rajkot,11,1048.9,1466,13.58,Medium,36.2,28,10.1,Morning,2023-10-11,Timothy,76.49
MCH-4639,Packaging Unit,Surat,6,1154.32,272,7.7,Medium,43.2,23,1.9,Morning,2025-02-03,Douglas,83.89
MCH-4640,CNC,Pune,22,436.79,1944,9.98,Medium,35.7,29,6.5,Evening,2025-02-08,Marcus,91.07
MCH-4641,Robotic Arm,Pune,12,896.75,1211,9.0,High,37.1,22,10.2,Morning,2024-09-10,Brian,83.67
MCH-4642,3D Printer,Ahmedabad,16,673.25,381,14.18,High,25.4,25,14.6,Night,2023-12-20,Ann,63.63
MCH-4643,Laser Cutter,Surat,18,1018.89,1679,4.1,Medium,37.5,10,3.5,Evening,2022-12-23,Austin,101.89
MCH-4644,3D Printer,Rajkot,15,671.89,1970,14.54,,29.5,4,16.6,Morning,2022-02-01,,74.76
MCH-4645,Robotic Arm,Rajkot,9,690.14,1492,5.65,High,30.0,13,5.3,Evening,2023-08-25,Justin,96.44
MCH-4646,3D Printer,Rajkot,10,1142.25,1641,6.89,Low,23.0,13,13.9,Night,2023-06-19,April,88.53
MCH-4647,CNC,Surat,14,8357.36,1821,9.0,High,18.0,28,4.199999999999999,Morning,2025-02-15,Michael,95.19
MCH-4648,CNC,Ahmedabad,6,239.86,1594,5.52,Low,37.6,17,7.1,Night,2024-04-01,Shelia,96.93
MCH-4649,CNC,Vadodara,13,,1406,8.93,Medium,,14,4.2,Evening,2022-07-18,Michael,89.75
MCH-4650,3D Printer,Surat,21,663.05,791,4.93,Low,24.9,11,10.8,Night,2023-03-14,Natalie,88.22
MCH-4651,3D Printer,Pune,10,885.65,1153,3.6,High,30.6,10,1.7,Night,2022-10-15,Joseph,99.95
MCH-4652,CNC,Surat,18,1869.19,1325,12.9,Medium,23.6,19,5.2,morning,2022-12-21,Alexis,78.93
MCH-4653,Robotic Arm,Pune,11,551.12,687,13.75,High,31.7,26,5.3,Night,2025-03-30,Jonathan,73.73
MCH-4654,Packaging Unit,Ahmedabad,11,774.41,1898,8.7,High,30.6,21,13.0,Night,2022-08-23,Kaitlin,88.21
MCH-4655,Laser Cutter,Pune,21,784.13,482,9.76,High,36.5,2,6.8,Evening,2023-10-11,Taylor,78.62
MCH-4656,Robotic Arm,Rajkot,22,506.0,1625,7.54,Low,31.7,13,6.0,Night,2022-10-13,Gregory,93.54
MCH-4657,CNC,Rajkot,18,1391.1,1462,1.43,High,48.2,16,39.3,Night,2022-06-28,Charles,79.83
MCH-4658,,Ahmedabad,11,387.59,1120,4.78,High,33.9,5,2.5,Night,2024-06-16,Sandy,97.47
MCH-4659,,Pune,13,610.65,1994,12.99,Medium,40.6,14,5.9,morning,2022-01-11,Cristian,85.63
MCH-4660,3D Printer,Surat,10,413.94,1742,5.76,High,33.9,12,9.3,Night,2022-10-01,Ronald,95.9
MCH-4661,Packaging Unit,Surat,19,838.2,144,0.26,,31.9,19,21.4,Evening,2024-10-14,Caroline,84.5
MCH-4662,Packaging Unit,Surat,5,620.64,1934,4.51,Medium,30.9,7,4.0,morning,2023-07-21,Jeffrey,103.41
MCH-4663,Laser Cutter,Pune,18,293.7,1902,5.49,High,38.3,13,9.8,Evening,2023-04-15,Michelle,97.59
MCH-4664,3D Printer,Surat,13,1626.37,1514,7.36,Low,27.5,19,1.3,Morning,2023-02-14,Daniel,94.66
MCH-4665,Packaging Unit,Ahmedabad,14,587.95,1784,5.26,Low,29.3,17,10.8,Morning,2023-01-10,Stacy,95.95
MCH-4666,Packaging Unit,Rajkot,10,672.68,539,12.7,Medium,29.3,8,3.8,Night,2024-06-11,,75.47
MCH-4667,Laser Cutter,Vadodara,22,349.02,782,10.86,High,40.0,15,4.4,Morning,2022-03-18,Anthony,81.22
MCH-4668,Laser Cutter,Vadodara,19,563.66,1321,14.67,,33.6,11,1.4,Morning,2023-03-10,Zachary,79.88
MCH-4669,Robotic Arm,Surat,15,1340.3,873,4.74,Low,30.6,12,2.2,Evening,2024-08-21,Kathleen,94.34
MCH-4670,Packaging Unit,Pune,10,,468,2.76,Medium,32.1,18,14.6,Evening,2024-12-12,Dawn,87.41
MCH-4671,3D Printer,Pune,11,443.88,82,7.93,Low,21.9,25,3.0,Evening,2022-07-29,,82.09
MCH-4672,Robotic Arm,Vadodara,21,,977,11.11,Low,38.0,28,10.2,Morning,2024-10-11,Jerry,77.41
MCH-4673,CNC,Ahmedabad,6,,333,5.7,High,33.1,2,9.4,Night,2024-04-21,Michele,84.17
MCH-4674,,Surat,18,817.5,1853,4.32,Medium,24.3,18,5.0,Morning,2024-01-24,Mary,102.13
MCH-4675,Packaging Unit,Pune,6,271.9,55,8.03,Low,30.9,25,22.7,Evening,2023-07-29,Matthew,68.12
MCH-4676,Laser Cutter,Ahmedabad,5,532.51,396,10.4,Low,34.2,22,2.4,Evening,2024-09-24,Judy,80.06
MCH-4677,3D Printer,Ahmedabad,10,1233.09,1415,1.03,,32.6,29,3.9,Night,2022-07-21,Elizabeth,105.24
MCH-4678,Laser Cutter,Pune,7,629.26,960,14.42,Medium,28.8,27,3.8,Morning,2024-02-03,,75.6
MCH-4679,CNC,Ahmedabad,16,564.51,1081,2.26,Medium,30.0,24,3.2,Night,2022-03-10,Hunter,101.44
MCH-4680,CNC,Ahmedabad,13,566.95,897,12.78,,23.5,17,3.3,Evening,2023-04-15,Richard,78.8
MCH-4681,CNC,Vadodara,11,1016.86,519,2.38,High,32.8,25,14.8,Evening,2023-03-03,Zoe,87.75
MCH-4682,3D Printer,Surat,10,950.32,744,1.1,High,41.3,10,26.1,Morning,2024-02-15,Diane,84.37
MCH-4683,Packaging Unit,Surat,6,753.85,547,13.53,High,32.8,8,2.1,Evening,2024-11-30,Matthew,74.95
MCH-4684,Packaging Unit,Rajkot,10,,1938,0.12,Low,30.9,25,13.3,Evening,2025-04-09,Daniel,105.12
MCH-4685,,Vadodara,11,855.45,430,13.32,High,29.8,26,23.8,Evening,2025-02-28,Keith,59.06
MCH-4686,CNC,Surat,12,632.47,523,0.55,Medium,33.3,21,3.9,Morning,2024-01-09,Christina,99.62
MCH-4687,Laser Cutter,Surat,17,1046.23,1608,7.39,Low,34.6,11,7.6,Morning,2023-12-10,Aimee,91.81
MCH-4688,Laser Cutter,Vadodara,16,767.67,579,4.75,Low,20.5,25,1.4,Morning,2022-05-03,Lance,93.25
MCH-4689,Robotic Arm,Ahmedabad,15,484.91,1427,7.41,High,26.6,19,4.1,Night,2024-10-16,Jose,93.51
MCH-4690,Laser Cutter,Surat,15,916.4,140,1.5,Low,26.1,5,9.5,Morning,2024-04-11,Jenna,90.21
MCH-4691,,Vadodara,7,649.38,629,9.03,High,30.6,9,1.4,Morning,2025-03-25,Amber,85.27
MCH-4692,Robotic Arm,Pune,22,557.04,154,13.4,Medium,20.2,20,1.9,Evening,2022-11-15,Rose,72.36
MCH-4693,Robotic Arm,Surat,11,857.14,1921,1.72,Medium,31.9,14,9.7,Morning,2023-10-09,Bradley,104.55
MCH-4694,Robotic Arm,Surat,9,496.75,1446,10.61,High,26.3,15,0.2,Morning,2024-10-17,Jesse,89.98
MCH-4695,Laser Cutter,Rajkot,11,1566.43,76,14.06,Medium,36.5,9,2.6,Night,2022-08-23,Louis,68.46
MCH-4696,Packaging Unit,Rajkot,13,481.35,1377,10.2,,32.7,13,6.7,Evening,2022-08-15,Shannon,85.7
MCH-4697,3D Printer,Pune,22,1950.45,1337,10.91,Low,31.2,8,7.8,Night,2023-06-10,Lindsey,81.08
MCH-4698,Packaging Unit,Ahmedabad,6,1003.19,112,9.45,Low,29.1,25,0.1,Morning,2025-03-17,Brandon,80.53
MCH-4699,Laser Cutter,Rajkot,8,769.67,1106,4.09,High,22.5,27,12.7,Night,2024-12-12,Alicia,91.05
MCH-4700,,Pune,16,730.47,1662,1.26,High,31.9,22,11.0,Night,2025-03-10,Alexander,102.59
MCH-4701,Laser Cutter,Pune,21,454.65,214,4.25,High,31.5,24,34.8,Night,2023-11-15,Christine,68.27
MCH-4702,CNC,Vadodara,12,608.05,1785,0.8,Low,34.3,13,23.2,Morning,2023-06-07,Samuel,96.17
MCH-4703,Robotic Arm,Vadodara,8,730.82,113,4.75,High,29.6,15,4.5,Night,2024-04-28,Joshua,87.25
MCH-4704,3D Printer,Pune,15,724.44,226,4.75,High,27.8,25,2.0,Evening,2022-02-15,Kyle,89.95
MCH-4705,Packaging Unit,Surat,22,623.86,383,12.2,High,27.9,27,19.4,Morning,2024-04-01,Jennifer,64.32
MCH-4706,Packaging Unit,Ahmedabad,15,528.99,1576,12.15,High,19.4,3,0.7,Morning,2022-11-10,Lindsay,87.59
MCH-4707,Packaging Unit,Pune,13,1306.28,64,9.68,Medium,26.0,17,7.4,Morning,2022-12-16,Elizabeth,74.13
MCH-4708,Robotic Arm,Pune,19,480.51,568,6.3,Medium,32.2,19,4.6,Morning,2022-05-01,Rhonda,88.23
MCH-4709,3D Printer,Ahmedabad,19,1253.92,724,4.34,High,26.2,13,6.2,Morning,2024-08-05,Andrew,91.22
MCH-4710,Packaging Unit,Vadodara,10,1013.53,110,0.65,Low,42.5,13,3.1,Evening,2024-04-12,Suzanne,96.0
MCH-4711,CNC,Surat,20,499.16,919,10.84,Low,31.2,28,5.5,Evening,2024-04-16,Crystal,81.42
MCH-4712,3D Printer,Surat,6,1122.81,838,4.81,Low,31.5,22,0.7,Evening,2022-07-16,Carrie,95.27
MCH-4713,CNC,Pune,4,250.04,977,14.44,High,26.3,17,8.9,Morning,2024-05-21,Jeffrey,72.67
MCH-4714,,Pune,21,951.52,824,3.65,Medium,24.6,11,2.0,Morning,2023-07-20,Stephanie,96.81
MCH-4715,CNC,Vadodara,21,,677,11.18,Low,21.5,8,1.1,Night,2023-06-26,Michael,81.88
MCH-4716,Packaging Unit,Ahmedabad,23,563.97,1506,7.64,Medium,30.0,7,3.5,Night,2022-11-12,,94.01
MCH-4717,Robotic Arm,Vadodara,4,275.86,1696,8.8,Low,18.8,28,2.7,Evening,2025-01-19,Kelly,94.25
MCH-4718,3D Printer,Surat,9,1187.65,1350,14.8,High,38.7,27,6.7,Night,2022-11-20,,75.26
MCH-4719,Robotic Arm,Surat,14,589.92,1716,5.29,Low,35.2,13,3.7,Evening,2022-11-01,Jennifer,100.29
MCH-4720,,Surat,22,228.57,462,1.79,Low,26.4,24,22.1,Morning,2023-05-01,Bradley,84.47
MCH-4721,Robotic Arm,Vadodara,9,418.7,988,2.55,Medium,23.0,11,8.5,Morning,2023-09-20,Samantha,96.59
MCH-4722,Laser Cutter,Ahmedabad,5,693.21,278,10.25,Low,35.5,11,11.8,Night,2022-01-04,Andrew,72.57
MCH-4723,Laser Cutter,Surat,18,,1309,0.97,,36.1,16,3.5,Night,2022-06-20,Jason,105.63
MCH-4724,CNC,Rajkot,20,613.11,1545,4.28,,30.8,11,25.1,Morning,2023-02-06,Nathaniel,85.87
MCH-4725,Robotic Arm,Pune,14,,1235,14.89,Low,31.6,4,14.6,Morning,2022-12-10,Noah,68.82
MCH-4726,3D Printer,Rajkot,19,883.34,339,11.32,High,29.6,27,63.5,Evening,2023-06-24,Jeffery,34.47
MCH-4727,Laser Cutter,Ahmedabad,23,1437.29,566,7.62,Low,22.8,19,23.1,Evening,2023-08-14,Felicia,71.25
MCH-4728,3D Printer,Pune,17,615.34,1497,9.89,Medium,28.4,7,0.7,Night,2022-02-14,Tommy,91.33
MCH-4729,CNC,Ahmedabad,12,910.31,694,2.51,Medium,,13,9.0,Evening,2023-08-17,Darrell,93.16
MCH-4730,Packaging Unit,Vadodara,4,631.41,151,9.3,Low,38.0,17,2.6,Morning,2024-09-16,Derek,79.94
MCH-4731,Laser Cutter,Pune,10,480.95,551,7.99,Medium,26.9,5,5.0,Night,2023-02-06,Tracy,84.42
MCH-4732,Packaging Unit,Surat,17,967.9,384,11.91,Medium,24.6,29,14.0,Evening,2022-05-14,Morgan,68.2
MCH-4733,CNC,Surat,22,478.21,58,4.84,Low,26.8,2,36.0,Morning,2022-06-04,Christina,64.92
MCH-4734,Robotic Arm,Pune,13,1707.32,163,5.24,Medium,25.7,9,3.0,Night,2023-01-06,Greg,86.34
MCH-4735,3D Printer,Ahmedabad,5,684.04,1729,10.33,Medium,32.0,4,0.4,Night,2023-01-11,Kara,92.49
MCH-4736,Laser Cutter,Ahmedabad,8,370.35,1257,6.97,Medium,30.9,21,10.6,morning,2022-08-25,Bruce,88.59
MCH-4737,Laser Cutter,Vadodara,20,540.66,1722,11.89,Low,29.5,11,4.5,Night,2023-06-25,Cheryl,86.65
MCH-4738,Robotic Arm,Ahmedabad,4,683.73,103,12.57,Medium,31.3,4,2.1,Night,2025-02-18,Lori,73.27
MCH-4739,Packaging Unit,Pune,9,359.32,1017,5.68,High,39.0,6,22.3,Evening,2023-07-13,William,80.99
MCH-4740,Packaging Unit,Vadodara,5,803.57,879,10.45,High,27.8,9,4.0,Morning,2023-08-13,Dawn,82.48
MCH-4741,3D Printer,Vadodara,12,681.74,1866,9.04,Medium,29.6,3,2.0,Night,2023-02-14,Ashley,95.1
MCH-4742,3D Printer,Pune,8,,713,5.46,Low,35.7,11,27.7,Evening,2025-01-16,Carl,74.03
MCH-4743,Packaging Unit,Surat,18,,1119,8.03,High,,19,5.2,Night,2023-10-08,Eric,89.33
MCH-4744,CNC,Surat,22,573.41,583,4.51,High,41.1,2,7.6,Night,2022-02-28,James,89.7
MCH-4745,Laser Cutter,Rajkot,12,1063.86,77,14.23,High,30.0,26,1.6,Evening,2025-01-25,,69.54
MCH-4746,Laser Cutter,Vadodara,21,1739.2,1273,9.89,Medium,,17,2.8,Night,2024-05-13,James,86.38
MCH-4747,,Vadodara,10,379.24,1462,1.2,Low,25.1,21,1.2,Morning,2024-09-04,Melissa,108.4
MCH-4748,Robotic Arm,Vadodara,10,642.83,1828,10.6,High,25.0,27,0.4,Night,2022-11-05,Lisa,92.84
MCH-4749,CNC,Vadodara,23,321.94,1959,7.61,Medium,34.6,26,2.7,Morning,2022-02-24,Madison,98.76
MCH-4750,Laser Cutter,Pune,10,780.0,1937,4.38,High,34.1,15,6.9,Evening,2023-11-09,Karen,101.44
MCH-4751,Robotic Arm,Surat,23,611.38,398,12.89,Medium,25.4,13,7.9,Morning,2024-08-31,Tiffany,71.13
MCH-4752,Robotic Arm,Surat,18,410.77,685,1.29,Medium,36.1,28,5.0,morning,2024-02-06,Kyle,99.04
MCH-4753,CNC,Pune,5,1001.49,356,2.32,,21.9,3,17.4,Morning,2023-01-29,Marissa,84.72
MCH-4754,Laser Cutter,Ahmedabad,21,1465.33,1617,14.11,Medium,29.2,14,14.0,Night,2023-06-20,Kyle,73.36
MCH-4755,CNC,Rajkot,11,580.35,1424,5.87,High,24.8,26,4.8,Morning,2023-07-20,Helen,95.94
MCH-4756,Laser Cutter,Ahmedabad,10,399.27,1122,6.86,Medium,19.2,27,5.2,Morning,2025-01-13,Joel,91.42
MCH-4757,Laser Cutter,Pune,10,816.82,173,10.16,Low,22.3,17,0.3,Evening,2024-12-25,John,79.74
MCH-4758,Robotic Arm,Pune,8,941.02,1206,5.99,Medium,17.3,25,3.6,Night,2022-01-01,,94.21
MCH-4759,Robotic Arm,Rajkot,4,438.32,1538,1.5,Low,26.8,25,1.1,Morning,2023-03-01,Jessica,108.42
MCH-4760,3D Printer,Ahmedabad,4,1144.82,99,3.3,High,40.4,7,2.6,Night,2023-10-08,Alexander,90.77
MCH-4761,CNC,Ahmedabad,11,637.24,380,12.99,Medium,25.2,4,13.0,Night,2024-07-04,Jessica,67.18
MCH-4762,Packaging Unit,Vadodara,20,892.16,1983,0.74,Low,31.1,15,6.0,Night,2022-03-20,Laura,109.57
MCH-4763,Packaging Unit,Vadodara,9,631.83,1093,9.46,HIGH,34.8,3,1.0,Night,2024-06-12,Juan,88.59
MCH-4764,3D Printer,Vadodara,9,1006.41,688,0.11,High,25.2,23,3.0,Evening,2024-04-13,Lori,101.98
MCH-4765,CNC,Ahmedabad,7,584.21,544,1.8,High,34.4,6,6.1,Night,2023-10-04,,95.83
MCH-4766,Laser Cutter,Ahmedabad,12,482.34,1631,12.17,,37.4,3,14.3,Morning,2023-10-21,Robert,78.55
MCH-4767,Robotic Arm,Pune,20,702.92,1173,13.1,,23.2,16,3.7,Evening,2025-01-18,,79.98
MCH-4768,CNC,Ahmedabad,5,696.87,1396,0.6,Low,36.3,18,0.8,Night,2022-02-16,Linda,108.88
MCH-4769,Robotic Arm,Surat,7,972.56,681,13.44,Low,21.5,9,4.4,Night,2024-11-26,Matthew,74.33
MCH-4770,Laser Cutter,Surat,22,743.16,416,3.46,Medium,28.8,12,11.6,Night,2022-11-11,Billy,87.37
MCH-4771,Robotic Arm,Pune,4,232.17,250,12.99,Medium,37.5,22,26.4,Night,2024-12-19,Marc,57.29
MCH-4772,Packaging Unit,Pune,6,448.06,138,2.86,HIGH,28.4,19,6.1,morning,2024-03-31,Ruth,90.52
MCH-4773,,Surat,20,482.37,807,1.95,Low,,23,1.6,Morning,2024-12-03,Teresa,101.02
MCH-4774,Robotic Arm,Surat,7,319.24,999,5.72,High,29.0,7,20.0,Evening,2022-12-29,Brianna,82.43
MCH-4775,3D Printer,Ahmedabad,19,563.68,1056,7.32,High,25.5,19,13.9,Morning,2022-01-01,William,83.62
MCH-4776,CNC,Rajkot,21,1113.56,1013,9.33,Low,40.8,8,15.8,Morning,2022-09-06,David,77.13
MCH-4777,Packaging Unit,Pune,14,1072.79,247,9.27,High,31.0,10,0.1,Morning,2023-09-14,Sarah,81.92
MCH-4778,Packaging Unit,Surat,19,858.88,1484,12.09,,25.8,22,26.0,Evening,2023-03-10,Candice,68.76
MCH-4779,Packaging Unit,Surat,11,332.0,557,9.27,High,36.2,19,8.0,Evening,2025-03-12,Kimberly,80.03
MCH-4780,CNC,Surat,4,717.11,1649,8.33,Low,18.8,22,2.5,Night,2024-01-16,James,94.31
MCH-4781,Robotic Arm,Vadodara,21,1977.76,1634,12.27,Low,29.2,9,3.3,morning,2022-02-13,Robert,83.94
MCH-4782,Robotic Arm,Ahmedabad,12,1337.37,1752,12.85,High,36.6,18,1.8,Evening,2022-07-26,Jennifer,85.73
MCH-4783,3D Printer,Vadodara,19,661.94,1426,13.47,Low,,6,5.0,Night,2022-05-18,Steven,80.5
MCH-4784,Laser Cutter,Ahmedabad,19,574.09,1554,8.08,Low,,17,0.8,Night,2023-04-04,Douglas,95.41
MCH-4785,3D Printer,Surat,5,904.14,1196,14.48,High,21.9,15,20.2,Morning,2023-02-28,Kathryn,65.58
MCH-4786,CNC,Rajkot,11,1171.69,1373,1.9,Low,25.7,10,10.0,Night,2024-01-22,Thomas,98.97
MCH-4787,3D Printer,Surat,8,593.51,1629,6.09,Low,30.1,20,9.0,Morning,2024-11-26,Pamela,94.25
MCH-4788,Robotic Arm,Rajkot,22,815.55,172,6.05,Medium,33.8,3,8.2,Night,2023-01-10,Jeffrey,82.43
MCH-4789,Robotic Arm,Vadodara,20,848.42,385,1.63,Low,31.4,2,7.6,Morning,2023-02-07,Evan,93.42
MCH-4790,CNC,Rajkot,18,1243.91,128,14.7,Low,18.0,7,17.6,Evening,2022-01-09,John,57.57
MCH-4791,Robotic Arm,Rajkot,23,369.2,1429,0.73,Medium,32.9,26,6.8,Morning,2023-05-04,Brady,105.16
MCH-4792,Laser Cutter,Vadodara,18,793.42,1337,1.63,Low,37.4,27,3.5,Night,2024-03-07,Anthony,104.3
MCH-4793,Packaging Unit,Ahmedabad,19,639.37,250,8.67,Low,28.2,22,9.9,Morning,2024-12-12,Christopher,76.9
MCH-4794,,Vadodara,6,644.55,1409,4.11,Low,28.2,10,7.9,Morning,2024-07-10,Christopher,97.07
MCH-4795,CNC,Ahmedabad,15,762.14,1151,9.96,Medium,,8,4.5,Night,2023-10-12,Samuel,85.43
MCH-4796,3D Printer,Ahmedabad,19,839.32,287,14.73,Medium,26.4,24,18.8,Night,2023-01-08,Anthony,58.57
MCH-4797,Packaging Unit,Rajkot,14,483.22,1779,3.74,High,24.8,25,3.1,Evening,2024-03-10,David,104.48
MCH-4798,CNC,Vadodara,19,,1701,12.97,High,27.8,4,14.7,Night,2024-07-01,Elizabeth,75.82
MCH-4799,Robotic Arm,Rajkot,14,560.63,334,12.01,High,30.9,3,17.9,Night,2023-04-06,Rachel,65.43
MCH-4800,Packaging Unit,Vadodara,23,1188.15,412,3.81,HIGH,32.8,25,8.9,Evening,2023-04-02,Jason,87.89
MCH-4801,Robotic Arm,Rajkot,13,527.21,1161,13.31,Medium,20.9,6,1.8,Night,2023-03-02,Richard,81.04
MCH-4802,Robotic Arm,Ahmedabad,17,1228.18,1973,4.06,Low,30.4,5,3.6,Night,2023-04-10,Randall,104.05
MCH-4803,3D Printer,Rajkot,5,,430,2.89,Medium,32.0,19,0.5,Morning,2023-04-13,Elizabeth,96.15
MCH-4804,Laser Cutter,Vadodara,16,632.99,529,12.03,High,21.5,22,10.6,Evening,2024-10-28,Stephanie,72.02
MCH-4805,Packaging Unit,Surat,16,1298.62,1831,4.93,Medium,25.9,18,5.1,Night,2022-11-27,Terry,99.97
MCH-4806,Robotic Arm,Vadodara,8,499.86,1673,9.42,Low,31.3,9,16.8,Night,2022-06-20,Alexandra,82.63
MCH-4807,Robotic Arm,Rajkot,4,312.68,1493,4.83,Medium,26.5,18,3.4,Morning,2024-11-24,Ashley,99.95
MCH-4808,,Rajkot,13,457.6,650,7.52,Low,,17,0.1,Night,2023-02-28,Ricardo,89.65
MCH-4809,Robotic Arm,Ahmedabad,5,,1187,12.02,,27.4,6,6.6,Morning,2023-07-18,Michael,80.44
MCH-4810,Laser Cutter,Pune,15,948.41,1034,4.31,Medium,36.5,6,13.9,Night,2024-05-05,Shane,88.91
MCH-4811,Packaging Unit,Rajkot,18,498.71,257,11.36,Low,39.1,2,7.2,Night,2023-09-27,James,73.67
MCH-4812,Robotic Arm,Rajkot,16,291.74,122,3.35,High,28.6,26,1.9,Morning,2023-05-26,Lindsey,92.57
MCH-4813,CNC,Ahmedabad,15,697.9,441,14.87,High,30.8,19,33.1,Evening,2023-08-01,Sara,49.77
MCH-4814,CNC,Surat,21,1102.1,1822,3.99,Medium,,10,3.5,Night,2023-04-20,Peter,103.18
MCH-4815,3D Printer,Surat,20,894.14,995,0.51,Low,25.9,20,71.2,Night,2023-02-25,Jesus,56.15
MCH-4816,Packaging Unit,Ahmedabad,6,,1542,9.9,Medium,37.6,7,5.2,Night,2024-08-08,Katrina,88.79
MCH-4817,Robotic Arm,Surat,4,615.37,568,7.09,Low,31.8,20,0.4,Evening,2024-08-03,Adam,89.39
MCH-4818,Robotic Arm,Vadodara,20,405.13,626,13.73,,30.9,17,7.2,Night,2022-10-09,Rachel,72.14
MCH-4819,Packaging Unit,Rajkot,10,680.45,393,6.92,Low,17.2,5,3.1,Evening,2024-09-19,Paul,86.29
MCH-4820,Laser Cutter,Surat,18,1093.52,1511,8.72,Low,32.1,25,10.0,Night,2024-06-16,Kelly,86.59
MCH-4821,Packaging Unit,Pune,23,418.1,520,13.78,,26.4,20,2.0,Evening,2024-07-29,Jennifer,74.78
MCH-4822,3D Printer,Ahmedabad,14,194.33,1962,9.35,Low,17.2,25,3.9,Morning,2023-04-09,Brandon,94.64
MCH-4823,3D Printer,Surat,7,1659.03,1143,12.51,,34.4,4,16.4,Night,2023-11-04,Perry,70.65
MCH-4824,3D Printer,Rajkot,14,956.97,812,7.6,Medium,20.7,24,2.8,Evening,2023-03-30,Christy,88.24
MCH-4825,3D Printer,Surat,22,1010.83,1140,4.64,High,32.3,16,15.3,Morning,2024-08-07,Tiffany,88.07
MCH-4826,Robotic Arm,Rajkot,16,907.1,512,1.51,Low,40.9,18,0.9,Morning,2022-11-05,Cathy,99.32
MCH-4827,3D Printer,Ahmedabad,6,903.11,891,11.62,Medium,34.5,16,5.8,Evening,2024-11-18,Megan,78.83
MCH-4828,CNC,Ahmedabad,20,,1206,1.42,Medium,22.7,11,5.7,Night,2023-02-16,Steven,102.8
MCH-4829,Packaging Unit,Pune,13,741.67,299,2.64,Low,23.9,6,1.8,Evening,2024-05-15,Kimberly,94.89
MCH-4830,Robotic Arm,Rajkot,19,763.45,960,6.54,Low,35.1,27,0.2,Morning,2022-05-09,Jared,93.69
MCH-4831,,Ahmedabad,19,560.01,165,0.45,High,28.9,9,2.1,morning,2023-03-17,Tammy,98.2
MCH-4832,Robotic Arm,Pune,17,961.87,1890,10.45,Low,37.2,8,2.5,Evening,2025-03-17,Justin,91.73
MCH-4833,CNC,Vadodara,13,156.75,1947,14.37,Low,21.8,8,4.5,Evening,2024-06-30,Steven,84.11
MCH-4834,Robotic Arm,Rajkot,15,449.49,1025,13.8,Low,42.4,24,0.5,Morning,2022-09-28,Roger,79.95
MCH-4835,Packaging Unit,Ahmedabad,10,1209.36,1608,12.95,,28.2,27,1.1,Morning,2023-01-16,Austin,85.0
MCH-4836,Packaging Unit,Rajkot,7,612.91,604,3.31,High,36.0,6,12.5,Night,2025-02-21,Todd,88.79
MCH-4837,CNC,Rajkot,15,1502.62,305,3.84,High,29.3,3,4.4,Evening,2023-09-14,James,89.64
MCH-4838,Laser Cutter,Vadodara,13,627.04,278,10.86,Low,,7,0.5,Night,2023-04-11,Joseph,79.35
MCH-4839,3D Printer,Ahmedabad,12,417.15,902,13.28,Medium,36.5,28,0.2,Morning,2024-06-05,,80.22
MCH-4840,Laser Cutter,Pune,12,795.98,225,13.57,Medium,19.1,27,3.3,Evening,2024-02-17,Kevin,71.29
MCH-4841,,Pune,18,749.01,837,0.56,Low,,19,4.3,Evening,2023-12-18,Mary,101.77
MCH-4842,CNC,Ahmedabad,17,263.41,444,13.04,Medium,20.3,21,8.3,Night,2023-10-15,Alexander,71.43
MCH-4843,Robotic Arm,Surat,16,576.38,413,11.61,Medium,31.1,7,1.9,Morning,2024-04-21,Heather,78.07
MCH-4844,Robotic Arm,Pune,23,,574,3.44,High,30.3,17,14.2,Morning,2025-01-02,Paula,85.56
MCH-4845,Laser Cutter,Ahmedabad,8,1529.86,1556,3.23,,,4,6.2,Evening,2023-12-20,April,99.98
MCH-4846,Robotic Arm,Surat,8,254.98,699,11.23,Medium,39.0,5,1.9,Morning,2022-03-21,Lauren,81.67
MCH-4847,Packaging Unit,Vadodara,11,983.24,1949,11.89,Low,28.4,28,5.5,Morning,2022-03-31,Jessica,87.21
MCH-4848,Laser Cutter,Ahmedabad,14,1440.83,1526,0.28,High,25.5,15,3.0,Evening,2024-04-03,,108.0
MCH-4849,,Rajkot,16,498.07,1391,7.47,High,32.4,9,5.6,Evening,2024-11-26,James,92.02
MCH-4850,Packaging Unit,Ahmedabad,19,950.97,528,12.35,Medium,38.8,12,3.6,Morning,2022-08-14,Victoria,75.82
MCH-4851,3D Printer,Rajkot,8,1198.15,394,10.69,HIGH,35.9,19,4.7,Evening,2023-10-12,Jennifer,76.9
MCH-4852,Laser Cutter,Pune,15,,914,11.77,Medium,42.3,12,9.0,Morning,2023-10-12,,77.29
MCH-4853,Packaging Unit,Rajkot,13,,1536,13.43,Low,20.9,7,0.1,Night,2024-09-07,Zachary,84.6
MCH-4854,Laser Cutter,Ahmedabad,22,832.49,1434,8.7,High,17.8,26,1.0,Morning,2024-04-17,Charles,92.66
MCH-4855,Laser Cutter,Ahmedabad,10,771.71,703,7.32,Medium,27.6,4,0.1,Evening,2022-11-22,Andrew,90.05
MCH-4856,Packaging Unit,Rajkot,17,614.18,1244,5.2,HIGH,39.8,22,6.7,Evening,2024-06-02,Gerald,94.4
MCH-4857,CNC,Rajkot,8,962.0,1639,4.31,Low,30.4,28,11.2,Evening,2024-04-28,Charles,95.82
MCH-4858,3D Printer,Surat,23,185.53,376,3.6,Low,31.0,11,28.7,Evening,2025-01-05,Sierra,75.58
MCH-4859,CNC,Rajkot,10,396.6,663,10.69,Low,27.2,26,9.8,Morning,2023-08-18,Julian,76.72
MCH-4860,Packaging Unit,Pune,10,476.09,1674,5.81,Medium,27.9,7,4.3,Morning,2022-02-17,Mark,98.64
MCH-4861,Robotic Arm,Surat,7,1019.17,924,11.71,Low,28.1,10,1.0,Night,2022-01-17,Kathy,82.12
MCH-4862,Laser Cutter,Rajkot,12,1046.29,1181,7.91,High,30.9,7,6.0,Evening,2024-11-13,James,88.33
MCH-4863,Laser Cutter,Rajkot,15,863.58,588,1.27,,24.6,4,7.1,Night,2024-05-13,Anthony,96.16
MCH-4864,Packaging Unit,Surat,17,586.64,1016,6.41,Medium,25.3,25,1.7,Evening,2022-09-15,Justin,93.62
MCH-4865,Packaging Unit,Pune,6,296.41,204,10.36,,29.0,3,1.9,Evening,2024-05-15,Linda,79.23
MCH-4866,,Surat,12,707.39,621,7.52,Low,,28,7.6,Evening,2023-11-06,Michael,83.8
MCH-4867,,Ahmedabad,17,710.61,1990,2.46,Low,32.3,24,5.5,Morning,2022-12-17,Christopher,106.8
MCH-4868,Laser Cutter,Surat,6,,502,2.15,Low,31.1,12,23.8,Evening,2024-11-16,,81.95
MCH-4869,3D Printer,Vadodara,22,863.82,750,6.87,Low,30.8,23,16.0,Morning,2023-06-07,Sarah,80.08
MCH-4870,Packaging Unit,Ahmedabad,18,429.41,555,13.56,High,30.8,28,9.9,Morning,2022-05-04,Ashley,69.96
MCH-4871,CNC,Surat,21,224.34,445,9.31,Low,22.0,13,7.4,Evening,2023-12-29,Paul,79.59
MCH-4872,Packaging Unit,Rajkot,19,469.79,1454,6.0,Medium,32.5,18,3.1,Night,2023-09-09,James,97.28
MCH-4873,Laser Cutter,Rajkot,16,1129.07,1707,10.18,Medium,,26,11.2,Evening,2022-03-11,Amanda,84.41
MCH-4874,Packaging Unit,Pune,21,1607.66,1840,9.0,Low,34.5,6,5.1,Night,2023-04-20,Carolyn,91.47
MCH-4875,3D Printer,Surat,12,415.09,808,8.39,High,38.2,17,0.7,Morning,2024-06-15,Michael,88.87
MCH-4876,Laser Cutter,Vadodara,9,505.64,1911,0.19,Medium,31.9,10,7.8,Morning,2023-11-07,Garrett,109.36
MCH-4877,Robotic Arm,Ahmedabad,5,701.53,1195,12.77,Medium,34.3,27,29.7,Night,2024-08-31,Kara,62.63
MCH-4878,Laser Cutter,Vadodara,22,1367.18,165,2.36,Low,31.5,20,16.6,Evening,2022-01-14,,83.08
MCH-4879,CNC,Pune,15,176.96,1016,14.19,Low,32.3,5,36.4,Night,2023-06-10,Daniel,54.35
MCH-4880,Robotic Arm,Rajkot,7,403.6,1128,6.96,Medium,32.3,19,3.0,Morning,2024-03-12,Steven,92.8
MCH-4881,CNC,Pune,9,148.84,207,3.59,High,41.2,14,1.2,Night,2024-07-02,Kevin,93.49
MCH-4882,Robotic Arm,Pune,9,1335.43,1699,0.36,,29.9,27,0.5,Evening,2022-06-11,,111.18
MCH-4883,CNC,Surat,9,719.56,1152,12.11,High,25.9,22,0.6,Night,2022-07-24,James,83.93
MCH-4884,3D Printer,Ahmedabad,14,551.88,1856,9.21,Low,23.8,29,11.1,Night,2022-07-16,Kristin,88.49
MCH-4885,Robotic Arm,Vadodara,4,530.94,454,4.28,Medium,36.4,7,1.6,Morning,2022-05-30,Jennifer,93.34
MCH-4886,Robotic Arm,Ahmedabad,16,750.77,1267,6.61,Low,36.1,16,2.1,Night,2023-08-25,Aaron,94.8
MCH-4887,Robotic Arm,Pune,19,941.05,1146,0.69,Low,27.1,26,0.6,Night,2022-07-16,Michael,106.41
MCH-4888,,Ahmedabad,13,789.88,1487,3.01,Low,33.1,17,14.5,Evening,2024-05-07,Crystal,95.09
MCH-4889,Robotic Arm,Vadodara,21,453.51,1947,6.11,High,33.4,17,6.3,Morning,2024-12-31,Debra,98.95
MCH-4890,Robotic Arm,Ahmedabad,14,642.65,1373,8.67,High,23.1,25,8.2,Night,2023-08-31,Kyle,87.44
MCH-4891,CNC,Surat,7,378.26,1810,13.04,Low,28.6,16,1.6,Night,2022-02-07,Angela,87.34
MCH-4892,3D Printer,Pune,16,500.66,1983,4.7,Medium,33.0,27,8.5,Morning,2022-11-19,David,100.46
MCH-4893,Laser Cutter,Pune,6,499.76,1583,12.84,,41.3,28,0.7,Night,2024-04-07,Steven,86.31
MCH-4894,Robotic Arm,Pune,15,1021.38,1093,6.4,Medium,38.7,28,3.5,Morning,2023-04-09,Nicholas,92.4
MCH-4895,CNC,Vadodara,17,1252.95,1119,9.44,Low,,18,1.2,Night,2024-09-09,Lynn,87.82
MCH-4896,Packaging Unit,Ahmedabad,14,1034.87,1182,6.47,Medium,26.6,17,6.9,Evening,2022-02-05,Tina,90.6
MCH-4897,,Ahmedabad,23,252.0,1128,12.07,High,27.1,25,11.4,Night,2024-05-24,Gabrielle,76.92
MCH-4898,Robotic Arm,Ahmedabad,4,1304.59,361,6.51,Medium,32.8,17,0.1,Evening,2022-11-01,Robert,88.05
MCH-4899,Robotic Arm,Pune,8,1414.8,637,14.04,,36.5,20,3.4,Evening,2023-01-15,Rachel,72.83
MCH-4900,Robotic Arm,Rajkot,16,505.63,1672,7.23,High,27.3,28,2.1,Morning,2022-05-13,Gary,97.28
MCH-4901,Packaging Unit,Ahmedabad,12,261.73,630,0.61,Medium,23.1,19,20.4,Morning,2024-03-04,Travis,89.38
MCH-4902,Packaging Unit,Vadodara,14,1080.29,350,7.57,Medium,31.8,22,5.3,morning,2024-11-14,,82.52
MCH-4903,Robotic Arm,Ahmedabad,23,781.47,1055,6.33,Medium,32.8,12,8.4,morning,2025-03-13,Christopher,89.14
MCH-4904,3D Printer,Surat,15,583.16,140,12.55,High,30.3,16,7.7,Evening,2022-04-25,Charles,69.84
MCH-4905,Laser Cutter,Ahmedabad,11,1080.25,435,8.53,High,37.2,24,24.2,Morning,2022-04-03,James,68.08
MCH-4906,Packaging Unit,Vadodara,6,647.61,1308,5.39,,25.3,23,2.0,Night,2024-07-14,Christine,97.79
MCH-4907,Robotic Arm,Ahmedabad,21,513.41,248,8.58,Medium,26.7,11,15.7,Evening,2023-11-03,Cindy,73.18
MCH-4908,CNC,Ahmedabad,12,133.36,911,6.07,Medium,29.1,2,7.7,Evening,2024-11-24,William,89.87
MCH-4909,Robotic Arm,Vadodara,9,952.26,1582,6.89,High,28.9,8,4.4,Evening,2022-09-30,Kristy,94.96
MCH-4910,Robotic Arm,Pune,23,693.88,773,3.07,Medium,38.4,28,5.0,Morning,2024-04-15,Savannah,95.81
MCH-4911,,Vadodara,9,581.47,1414,1.34,High,36.6,12,11.7,Morning,2022-02-16,Monique,100.08
MCH-4912,Laser Cutter,Rajkot,17,1374.02,958,5.28,Medium,28.8,2,0.2,Evening,2023-04-02,Mary,95.32
MCH-4913,Packaging Unit,Vadodara,23,243.98,1739,2.45,Medium,28.7,4,5.9,Evening,2023-12-26,Crystal,105.11
MCH-4914,CNC,Pune,23,823.38,980,6.43,High,36.7,10,8.6,Evening,2023-10-02,Elizabeth,88.11
MCH-4915,3D Printer,Rajkot,4,142.18,563,2.93,Low,25.5,29,12.0,Night,2022-06-30,Susan,90.23
MCH-4916,3D Printer,Surat,9,621.2,770,6.13,Medium,32.2,26,2.6,Night,2024-10-24,Steven,91.45
MCH-4917,3D Printer,Ahmedabad,14,410.17,1328,0.71,High,30.5,17,0.4,Night,2023-01-17,Jeremiah,108.78
MCH-4918,3D Printer,Pune,9,238.87,383,1.56,Medium,15.6,13,22.9,Night,2023-01-10,Mitchell,83.7
MCH-4919,3D Printer,Pune,20,488.27,699,10.85,Medium,32.9,18,4.9,Morning,2023-06-17,Stanley,80.0
MCH-4920,3D Printer,Surat,23,487.79,1575,5.44,High,18.2,26,16.0,Evening,2022-05-20,Holly,90.35
MCH-4921,Laser Cutter,Surat,14,870.48,373,11.23,Low,26.0,21,2.8,Morning,2024-07-27,Steven,77.44
MCH-4922,Laser Cutter,Pune,20,1084.16,1847,9.59,High,30.1,19,11.6,Night,2024-07-29,,86.54
MCH-4923,CNC,Vadodara,6,845.01,202,1.24,Medium,35.1,19,10.5,morning,2022-12-02,Alec,90.65
MCH-4924,3D Printer,Ahmedabad,11,1000.52,496,2.28,High,34.0,10,13.8,Morning,2025-01-17,Timothy,88.48
MCH-4925,Packaging Unit,Vadodara,5,591.86,202,2.12,Medium,36.4,8,1.8,Morning,2023-01-04,Brooke,95.34
MCH-4926,3D Printer,Surat,9,478.79,1491,0.43,High,31.5,25,5.9,Night,2022-02-05,Alexis,106.75
MCH-4927,CNC,Pune,7,703.73,688,13.13,High,24.0,27,4.7,Night,2024-06-11,Peter,75.18
MCH-4928,CNC,Vadodara,7,431.1,821,7.79,Medium,34.8,21,5.6,Morning,2022-09-07,Melissa,86.73
MCH-4929,CNC,Rajkot,6,851.78,1753,5.29,Medium,35.7,21,0.0,Night,2024-05-16,Mallory,102.81
MCH-4930,CNC,Pune,7,1376.19,1032,10.81,Medium,30.7,29,1.0,Evening,2023-08-28,Steven,84.31
MCH-4931,Packaging Unit,Surat,14,900.41,1644,7.69,High,24.3,26,9.2,Night,2024-04-16,Douglas,90.59
MCH-4932,Robotic Arm,Surat,7,728.08,1021,8.42,Low,27.2,22,4.1,morning,2023-09-25,Brett,87.76
MCH-4933,,Vadodara,9,1339.84,1156,8.36,High,35.1,25,2.1,Night,2023-11-22,Robert,89.53
MCH-4934,CNC,Vadodara,17,957.18,1275,11.08,Low,31.9,13,13.7,Morning,2023-07-03,Martin,77.51
MCH-4935,Packaging Unit,Surat,23,,597,7.26,HIGH,39.1,9,33.599999999999994,Morning,2023-01-12,David,85.79
MCH-4936,Laser Cutter,Ahmedabad,10,537.38,152,0.28,High,24.1,23,9.8,Night,2022-05-16,Maria,93.08
MCH-4937,CNC,Vadodara,16,153.11,1017,13.32,Low,25.3,24,6.2,Night,2023-04-12,Stephanie,77.28
MCH-4938,3D Printer,Surat,6,654.25,303,9.96,,32.3,10,2.9,Evening,2023-04-28,,79.64
MCH-4939,CNC,Ahmedabad,5,522.0,1230,7.93,,27.2,22,15.8,Night,2025-01-11,Timothy,82.58
MCH-4940,,Rajkot,19,539.73,1400,5.01,Medium,27.3,16,20.0,Morning,2022-02-19,Robert,86.88
MCH-4941,CNC,Rajkot,5,884.41,1429,10.45,Medium,32.8,25,7.3,Evening,2022-06-21,Corey,84.63
MCH-4942,Laser Cutter,Vadodara,11,584.26,324,2.31,Medium,24.2,12,2.2,Morning,2023-10-06,Anthony,95.71
MCH-4943,Robotic Arm,Pune,18,596.16,356,5.43,Low,29.5,21,3.8,Evening,2024-11-10,Amy,88.6
MCH-4944,Packaging Unit,Vadodara,7,357.25,734,10.04,Low,32.4,21,11.2,Morning,2025-02-03,Heather,77.69
MCH-4945,3D Printer,Vadodara,22,1050.55,1635,4.22,Low,28.8,29,7.3,Night,2024-04-19,Martha,98.57
MCH-4946,Robotic Arm,Vadodara,4,541.56,593,13.67,,30.4,15,18.3,Night,2023-12-20,,64.02
MCH-4947,Packaging Unit,Rajkot,14,943.48,1388,9.29,High,17.4,15,1.8,Morning,2023-03-12,Richard,90.38
MCH-4948,3D Printer,Rajkot,9,707.92,455,7.05,Medium,38.8,26,3.7,Night,2022-07-06,Bonnie,86.09
MCH-4949,Packaging Unit,Vadodara,6,790.4,1442,10.6,Medium,30.1,26,1.2,Night,2024-05-05,Lindsay,88.85
MCH-4950,3D Printer,Pune,13,479.87,306,13.58,High,31.6,23,1.2,Night,2023-06-20,Lindsay,73.86
MCH-4951,Packaging Unit,Ahmedabad,23,578.2,1805,6.33,High,24.8,6,20.6,Evening,2023-12-05,David,87.14
MCH-4952,CNC,Rajkot,14,256.18,872,2.57,High,29.0,7,6.3,Morning,2023-05-18,Lori,97.35
MCH-4953,Packaging Unit,Ahmedabad,4,659.78,1009,7.93,High,20.6,29,2.4,Evening,2025-01-03,Steven,89.93
MCH-4954,Laser Cutter,Rajkot,17,480.13,1965,7.55,Low,27.2,25,0.4,Morning,2023-04-05,Jessica,100.31
MCH-4955,CNC,Rajkot,5,753.33,1750,6.87,Low,28.8,21,7.4,Evening,2022-09-03,Bryce,94.59
MCH-4956,3D Printer,Surat,6,691.54,1600,7.89,High,24.1,6,5.9,Evening,2022-02-01,Kelly,92.44
MCH-4957,Robotic Arm,Surat,11,1554.4,1696,1.01,High,32.9,26,9.9,Morning,2023-06-27,Zachary,102.96
MCH-4958,Packaging Unit,Ahmedabad,14,1055.32,381,12.78,High,35.6,3,23.8,Morning,2025-02-27,James,59.45
MCH-4959,Robotic Arm,Rajkot,17,434.38,328,4.58,Medium,33.9,29,2.3,Morning,2023-08-14,Nathan,91.34
MCH-4960,CNC,Vadodara,7,203.38,964,7.53,High,21.0,9,4.5,Morning,2024-09-20,Jimmy,89.53
MCH-4961,Packaging Unit,Pune,14,390.43,386,7.61,Low,35.8,17,3.1,Night,2022-04-07,,85.27
MCH-4962,,Rajkot,14,939.35,229,7.25,High,33.7,5,24.1,Evening,2022-01-21,,69.2
MCH-4963,Laser Cutter,Surat,13,1116.49,673,3.73,Medium,34.5,12,18.4,Night,2024-09-06,Krystal,83.67
MCH-4964,Packaging Unit,Pune,19,559.4,1729,13.89,Medium,36.3,26,10.0,Morning,2024-09-19,Charles,78.83
MCH-4965,,Surat,20,1349.49,968,10.12,High,26.1,7,6.7,Morning,2022-02-03,,81.21
MCH-4966,3D Printer,Pune,23,1570.36,940,3.93,High,32.8,23,4.2,Morning,2023-08-23,Laura,94.79
MCH-4967,CNC,Ahmedabad,5,1115.8,876,3.72,High,37.6,27,14.5,Morning,2023-08-01,Katie,88.12
MCH-4968,Laser Cutter,Vadodara,21,634.16,1842,12.77,Medium,25.2,22,14.8,Night,2023-10-05,Martha,78.54
MCH-4969,CNC,Rajkot,13,614.04,521,2.91,Low,26.2,4,17.8,Evening,2023-03-23,Angela,85.18
MCH-4970,Robotic Arm,Ahmedabad,5,732.72,891,11.87,Medium,38.9,20,0.1,Evening,2023-04-11,Victoria,82.57
MCH-4971,,Rajkot,23,425.5,1688,12.68,Medium,24.4,29,2.5,Night,2023-01-17,Scott,86.35
MCH-4972,Packaging Unit,Vadodara,13,328.07,1237,11.77,Medium,,11,8.1,Night,2025-01-07,Denise,80.63
MCH-4973,Robotic Arm,Pune,4,391.58,116,7.95,Low,26.8,23,24.8,Night,2024-11-15,Nancy,67.15
MCH-4974,CNC,Ahmedabad,11,,1052,9.75,Low,17.4,22,1.1,Morning,2022-01-25,Erin,87.79
MCH-4975,CNC,Pune,5,630.44,1816,13.2,Low,29.7,6,13.9,Night,2024-05-20,Melissa,78.1
MCH-4976,Packaging Unit,Surat,23,1042.66,325,5.96,Medium,30.8,19,1.8,Evening,2025-03-30,Courtney,88.04
MCH-4977,Laser Cutter,Ahmedabad,17,1873.93,341,2.46,Medium,36.8,3,9.1,Night,2024-12-31,Kelly,88.87
MCH-4978,Laser Cutter,Vadodara,8,352.45,738,11.26,Medium,36.7,21,24.0,Evening,2024-03-17,Justin,66.33
MCH-4979,Robotic Arm,Pune,15,411.17,1196,7.51,High,30.8,27,9.1,Night,2023-08-11,Joshua,87.99
MCH-4980,3D Printer,Vadodara,12,,1479,12.89,,23.3,26,17.0,Evening,2024-09-09,Kathryn,74.35
MCH-4981,Laser Cutter,Surat,7,1250.22,521,6.39,Low,30.3,7,2.3,Night,2023-12-31,Timothy,88.17
MCH-4982,3D Printer,Pune,5,989.02,434,7.09,Low,38.4,10,3.7,Morning,2022-11-05,Connie,85.43
MCH-4983,Laser Cutter,Vadodara,11,,616,0.72,HIGH,15.8,7,13.2,Evening,2025-01-02,,93.48
MCH-4984,3D Printer,Surat,6,631.67,1161,13.38,High,22.1,16,1.9,Night,2023-01-17,Jaclyn,80.68
MCH-4985,CNC,Surat,18,1229.66,200,5.08,Low,33.7,13,10.0,Evening,2023-07-13,Kevin,82.75
MCH-4986,Robotic Arm,Pune,16,830.51,1735,12.22,High,35.3,19,8.1,Evening,2023-09-13,,83.16
MCH-4987,Robotic Arm,Vadodara,22,681.89,936,9.64,Low,19.5,20,0.3,Morning,2024-10-13,Stephen,87.34
MCH-4988,3D Printer,Ahmedabad,22,1416.14,896,12.65,Low,36.7,25,7.4,Night,2023-10-07,Edward,74.96
MCH-4989,Robotic Arm,Ahmedabad,23,565.94,1069,14.21,Low,27.7,14,2.8,morning,2022-03-18,Jeremy,77.72
MCH-4990,Laser Cutter,Surat,10,469.19,416,6.63,High,32.4,12,12.3,Evening,2023-07-30,Helen,80.93
MCH-4991,Laser Cutter,Rajkot,7,441.34,1140,7.51,,19.5,23,0.7,Night,2023-05-16,Jennifer,93.36
MCH-4992,Packaging Unit,Surat,9,1478.15,834,11.92,High,27.9,26,2.0,Night,2024-02-16,Jeffrey,79.6
MCH-4993,,Vadodara,14,716.11,456,9.86,Low,31.2,29,18.2,Evening,2023-03-15,Leah,70.32
MCH-4994,CNC,Rajkot,19,445.23,1986,3.81,Medium,15.2,6,4.8,Morning,2022-03-21,Lisa,104.93
MCH-4995,3D Printer,Pune,22,837.14,65,5.9,Low,30.3,11,10.1,Evening,2023-05-08,Anthony,80.48
MCH-4996,Packaging Unit,Vadodara,19,805.75,1867,0.22,Medium,24.4,6,1.3,Night,2024-10-08,Dakota,113.06
MCH-4997,Laser Cutter,Rajkot,22,686.56,1875,13.23,Medium,24.4,28,4.6,Evening,2023-07-29,,84.96
MCH-4998,CNC,Pune,10,574.58,336,8.47,Low,34.2,21,0.6,Night,2023-03-05,Janet,84.62
MCH-4999,3D Printer,Rajkot,15,544.25,936,2.5,Medium,26.3,25,4.9,Night,2024-05-29,Regina,98.59
MCH-5000,3D Printer,Vadodara,11,197.18,387,1.82,Low,33.9,11,11.2,Morning,2022-07-10,Patricia,91.46
MCH-5001,3D Printer,Surat,6,885.75,119,11.35,High,32.4,26,2.3,Evening,2024-03-21,Amy,75.42
MCH-5002,Robotic Arm,Pune,10,867.02,529,5.71,Low,31.8,24,2.9,Night,2023-04-10,Amy,89.72
MCH-5003,Packaging Unit,Ahmedabad,9,761.59,615,7.11,Medium,34.3,22,4.9,Morning,2024-04-08,Kaylee,86.39
MCH-5004,Packaging Unit,Pune,21,6729.68,822,9.16,HIGH,36.4,11,12.600000000000001,Morning,2022-10-01,Elizabeth,85.86
MCH-5005,Robotic Arm,Pune,7,,1496,12.22,Medium,27.0,12,19.1,Morning,2024-06-12,Kelly,74.4
MCH-5006,,Pune,7,954.26,430,10.77,Medium,23.7,26,12.5,Night,2025-03-11,Curtis,71.93
MCH-5007,Laser Cutter,Rajkot,22,1018.77,862,3.41,High,24.3,9,4.0,Morning,2023-02-08,Eugene,96.11
MCH-5008,Laser Cutter,Surat,19,1205.82,719,9.08,Low,27.4,27,0.8,Night,2025-01-25,David,85.55
MCH-5009,3D Printer,Rajkot,7,993.11,551,6.11,Medium,38.5,23,34.2,Evening,2025-01-09,Heather,67.01
MCH-5010,Robotic Arm,Surat,17,885.88,866,6.45,Medium,37.5,25,1.3,Morning,2023-02-07,Brandon,92.14
MCH-5011,3D Printer,Vadodara,22,780.57,1146,13.52,Medium,,11,4.4,Evening,2022-05-08,David,78.31
MCH-5012,CNC,Vadodara,9,1142.46,1240,4.38,Low,36.4,28,3.8,Morning,2023-08-05,Susan,97.28
MCH-5013,Packaging Unit,Vadodara,4,909.5,719,9.63,Low,25.3,10,8.0,Morning,2022-09-06,Sarah,79.83
MCH-5014,CNC,Surat,18,337.23,771,13.34,High,35.4,13,2.4,Night,2023-06-30,Kevin,77.58
MCH-5015,Laser Cutter,Ahmedabad,17,904.2,1639,2.96,Medium,28.8,18,10.4,Evening,2024-03-19,Nancy,99.17
MCH-5016,Laser Cutter,Pune,15,905.36,1425,1.82,High,23.0,20,7.8,Night,2022-05-11,Michael,101.48
MCH-5017,Laser Cutter,Pune,17,827.23,627,9.76,High,27.4,7,4.3,Morning,2022-07-11,Michael,81.51
MCH-5018,,Vadodara,20,453.59,884,12.69,High,30.9,26,1.9,Night,2023-08-22,Jennifer,80.01
MCH-5019,Laser Cutter,Vadodara,4,,615,0.48,Medium,27.6,4,19.5,Evening,2022-05-11,Rebecca,88.69
MCH-5020,Robotic Arm,Vadodara,13,504.9,1489,5.87,Medium,39.6,12,4.0,Morning,2024-05-09,Andrew,97.15
MCH-5021,Packaging Unit,Surat,20,9653.28,411,9.93,High,26.9,3,70.19999999999999,Evening,2024-07-01,Linda,73.65
MCH-5022,Robotic Arm,Ahmedabad,7,517.04,593,5.61,Medium,27.0,11,0.5,Morning,2022-10-23,Daniel,92.63
MCH-5023,CNC,Pune,6,875.59,77,13.8,High,32.0,9,2.0,Morning,2022-03-11,Judith,70.39
MCH-5024,,Surat,8,753.07,103,7.83,Medium,33.6,20,34.2,Morning,2024-11-10,Shawn,60.18
MCH-5025,3D Printer,Vadodara,17,451.52,1954,1.34,Low,35.9,25,0.4,Night,2022-09-19,David,112.68
MCH-5026,Robotic Arm,Pune,14,391.44,1978,14.35,Low,29.2,5,1.8,Night,2023-08-09,Katherine,85.96
MCH-5027,Laser Cutter,Pune,23,739.42,1453,9.14,Low,41.4,14,0.7,Night,2024-01-01,Glenn,92.28
MCH-5028,Packaging Unit,Rajkot,14,345.82,1341,3.04,Low,21.8,19,27.7,Morning,2023-02-03,Gabriela,85.21
MCH-5029,Robotic Arm,Rajkot,22,351.25,391,5.52,High,34.1,14,18.3,Evening,2025-03-04,Leonard,78.91
MCH-5030,Packaging Unit,Vadodara,9,695.52,708,2.81,High,39.2,9,4.5,Morning,2022-04-22,Mark,96.14
MCH-5031,,Ahmedabad,11,598.77,515,8.66,Medium,32.7,26,2.7,Morning,2023-12-22,Xavier,84.23
MCH-5032,3D Printer,Surat,9,525.84,1458,6.5,High,30.9,13,7.9,Morning,2023-06-26,Arthur,92.87
MCH-5033,3D Printer,Rajkot,11,656.29,1105,3.48,,30.3,3,0.3,Morning,2024-02-08,Kelsey,101.1
MCH-5034,Laser Cutter,Rajkot,6,464.66,450,8.46,,34.5,24,1.3,Night,2023-02-13,Susan,85.26
MCH-5035,Robotic Arm,Rajkot,17,,1850,5.53,,35.9,14,20.5,Evening,2022-03-21,Brittany,88.77
MCH-5036,Laser Cutter,Ahmedabad,17,799.59,503,14.73,High,25.4,12,18.1,Evening,2024-08-31,Juan,60.92
MCH-5037,3D Printer,Rajkot,12,1172.51,1801,13.59,High,25.3,20,1.1,Evening,2023-06-12,,85.38
MCH-5038,3D Printer,Surat,8,,547,6.96,Low,,27,0.0,Evening,2023-10-26,Megan,89.43
MCH-5039,CNC,Pune,15,404.88,1623,9.1,High,32.1,13,32.8,Evening,2022-06-28,Amy,71.79
MCH-5040,Robotic Arm,Vadodara,17,462.03,822,11.07,High,29.9,5,8.4,Night,2024-10-22,Stephanie,78.17
MCH-5041,3D Printer,Vadodara,6,,965,1.24,Medium,28.9,17,31.9,Evening,2024-09-21,Stephanie,82.36
MCH-5042,Robotic Arm,Vadodara,19,673.39,1955,13.8,,40.6,25,2.5,Evening,2022-03-09,Patricia,85.98
MCH-5043,3D Printer,Vadodara,14,1489.29,862,2.33,High,23.7,28,10.7,Morning,2024-12-04,Andrew,92.91
MCH-5044,,Vadodara,14,1066.02,1589,10.95,Low,16.1,10,3.0,Night,2025-04-13,Daniel,87.72
MCH-5045,Robotic Arm,Pune,23,504.83,609,13.74,HIGH,32.7,17,1.8,Evening,2024-06-13,Eric,75.61
MCH-5046,Packaging Unit,Vadodara,20,1199.25,1866,14.47,Low,27.0,2,7.0,Evening,2022-10-12,Scott,80.0
MCH-5047,Robotic Arm,Vadodara,17,440.26,315,5.17,Low,31.3,14,8.6,Morning,2023-10-10,Keith,85.64
MCH-5048,Robotic Arm,Ahmedabad,4,1082.75,1704,12.22,Medium,36.5,22,29.9,Morning,2024-08-15,Angel,67.28
MCH-5049,CNC,Ahmedabad,23,232.77,270,2.3,High,28.9,25,2.5,Evening,2023-05-31,Carol,95.57
MCH-5050,Laser Cutter,Surat,10,1302.42,1543,11.84,Medium,37.7,17,7.1,Morning,2022-01-26,George,82.35
MCH-5051,Packaging Unit,Vadodara,23,902.3,1549,7.85,High,22.4,14,0.1,Morning,2024-03-19,Robert,95.85
MCH-5052,3D Printer,Vadodara,19,604.09,1634,12.48,Medium,30.7,20,1.3,Night,2023-02-18,Seth,86.88
MCH-5053,Robotic Arm,Rajkot,5,1706.76,606,4.33,Medium,31.9,14,8.3,Night,2022-04-05,Brenda,88.14
MCH-5054,3D Printer,Vadodara,23,748.84,1835,4.25,,,18,7.1,Night,2023-06-15,Carolyn,100.75
MCH-5055,CNC,Surat,19,1345.74,1597,13.93,High,38.1,3,3.7,Evening,2022-08-31,Zachary,80.94
MCH-5056,CNC,Surat,6,724.8,1378,2.89,HIGH,28.7,23,21.7,Morning,2024-09-17,Richard,89.48
MCH-5057,Packaging Unit,Ahmedabad,4,724.37,1117,11.65,High,,24,6.5,Morning,2022-04-14,Patrick,80.42
MCH-5058,3D Printer,Ahmedabad,8,1773.43,133,10.56,Low,40.9,28,0.8,Evening,2023-11-08,Donna,76.89
MCH-5059,CNC,Surat,5,689.48,1633,5.65,Medium,,26,0.4,Morning,2022-01-09,William,101.04
MCH-5060,Robotic Arm,Pune,14,201.49,1426,14.68,High,23.6,25,0.4,Evening,2024-07-21,Paul,81.96
MCH-5061,3D Printer,Vadodara,21,768.08,1623,0.75,Low,33.3,7,13.9,Night,2023-04-11,Lisa,101.2
MCH-5062,Laser Cutter,Surat,13,598.76,311,5.66,High,36.0,28,2.5,Morning,2024-11-22,Diana,88.67
MCH-5063,Packaging Unit,Surat,19,816.76,459,5.13,High,33.1,22,0.7,Evening,2023-10-07,Jacqueline,91.91
MCH-5064,Laser Cutter,Ahmedabad,15,524.58,516,11.54,Low,26.2,19,6.4,Night,2023-04-28,Joshua,75.99
MCH-5065,3D Printer,Rajkot,16,,1871,3.21,,35.7,28,2.3,Evening,2024-11-24,Hannah,106.56
MCH-5066,CNC,Surat,6,613.34,1379,1.36,,40.5,2,3.0,Night,2023-06-07,Danielle,105.8
MCH-5067,Laser Cutter,Ahmedabad,22,635.14,1273,9.55,High,31.9,14,0.9,Night,2022-05-14,Riley,89.97
MCH-5068,Packaging Unit,Surat,17,515.53,555,8.25,High,39.1,13,3.3,Night,2022-10-07,Linda,85.08
MCH-5069,Packaging Unit,Vadodara,13,610.25,692,11.12,High,26.9,17,5.5,Night,2022-07-28,Robin,78.8
MCH-5070,Laser Cutter,Rajkot,19,541.38,1137,5.39,Low,35.1,29,7.2,Night,2023-05-19,Mary,92.88
MCH-5071,3D Printer,Surat,23,592.22,119,8.02,Low,32.1,23,2.6,Evening,2023-06-19,,82.29
MCH-5072,CNC,Rajkot,7,884.49,1951,12.58,Medium,24.8,22,27.4,Night,2023-06-07,David,70.65
MCH-5073,3D Printer,Ahmedabad,22,946.91,1333,9.51,,25.7,24,6.3,Evening,2024-07-27,,86.33
MCH-5074,3D Printer,Vadodara,16,1148.5,1846,5.6,Medium,24.1,13,17.6,Evening,2024-03-24,Lee,90.22
MCH-5075,Packaging Unit,Ahmedabad,11,1358.26,1332,4.94,,27.8,5,14.2,Night,2023-07-18,Francisco,89.34
MCH-5076,Laser Cutter,Rajkot,20,664.82,1071,7.65,Medium,28.8,27,5.1,Night,2022-10-07,Angela,89.11
MCH-5077,Packaging Unit,Pune,15,183.01,288,8.95,Medium,33.4,22,4.5,Evening,2025-01-25,,81.09
MCH-5078,Robotic Arm,Ahmedabad,18,566.15,741,10.56,High,24.2,19,5.8,Morning,2022-02-02,Danny,80.19
MCH-5079,Laser Cutter,Vadodara,10,566.21,1112,10.15,High,27.7,6,7.4,Evening,2023-04-01,Timothy,82.98
MCH-5080,Laser Cutter,Vadodara,7,578.16,93,5.82,Low,30.1,3,13.8,Morning,2023-08-11,Stacey,78.65
MCH-5081,Robotic Arm,Vadodara,4,1259.46,1803,6.79,Low,34.4,29,7.2,Night,2024-10-29,Nicholas,94.61
MCH-5082,CNC,Ahmedabad,22,788.1,66,2.82,High,27.9,4,6.2,Morning,2024-02-13,Kimberly,89.44
MCH-5083,Laser Cutter,Rajkot,6,597.83,736,14.06,High,37.0,19,14.1,Evening,2022-02-20,Kara,67.29
MCH-5084,Robotic Arm,Vadodara,22,816.47,142,8.37,High,29.4,6,13.5,Evening,2023-01-13,Chelsea,73.83
MCH-5085,CNC,Pune,14,645.71,666,0.91,Medium,28.8,16,4.4,Morning,2022-12-04,Bryan,99.73
MCH-5086,Robotic Arm,Pune,21,490.73,708,14.74,High,25.3,29,0.7,Evening,2023-06-26,Ian,75.23
MCH-5087,Laser Cutter,Rajkot,11,1422.98,91,13.1,Low,24.8,28,7.4,Morning,2023-11-28,Shelby,67.35
MCH-5088,CNC,Ahmedabad,11,624.22,936,3.1,High,34.6,7,5.3,Morning,2022-12-16,Jose,97.0
MCH-5089,Packaging Unit,Rajkot,19,453.03,1416,14.55,HIGH,27.0,21,3.4,Evening,2024-09-17,Timothy,79.67
MCH-5090,Laser Cutter,Surat,15,727.7,1221,8.56,Medium,33.2,14,8.1,Evening,2024-05-04,Shane,86.35
MCH-5091,CNC,Rajkot,14,272.71,431,11.28,Low,19.5,4,9.5,Evening,2024-09-20,Richard,73.99
MCH-5092,Laser Cutter,Vadodara,19,459.32,1560,5.46,High,29.9,3,9.2,Evening,2024-03-16,Larry,94.98
MCH-5093,Laser Cutter,Surat,13,294.52,446,4.52,Medium,25.1,26,0.6,Evening,2024-11-24,Ashley,93.84
MCH-5094,CNC,Vadodara,21,517.67,1291,9.88,Medium,24.6,7,4.6,Morning,2024-12-25,Alyssa,87.04
MCH-5095,Packaging Unit,Surat,21,504.97,1612,0.54,High,22.2,6,32.0,Night,2023-08-17,Brittany,89.23
MCH-5096,3D Printer,Pune,10,419.84,365,13.94,High,34.9,12,4.6,Night,2025-03-04,James,71.34
MCH-5097,Laser Cutter,Vadodara,10,361.99,124,10.88,Medium,37.6,18,5.3,Evening,2025-02-07,Gregory,75.05
MCH-5098,Robotic Arm,Vadodara,19,829.73,314,7.47,Medium,29.0,26,2.6,Evening,2023-10-01,Andre,84.67
MCH-5099,Robotic Arm,Ahmedabad,8,657.04,1587,8.59,High,24.6,5,4.2,Evening,2023-03-09,Dennis,92.17
MCH-5100,Laser Cutter,Vadodara,21,485.84,632,11.48,High,26.9,20,10.6,Night,2022-08-07,Nicole,74.19
MCH-5101,CNC,Surat,11,404.48,1915,3.07,High,31.8,3,2.8,Night,2023-10-14,Patrick,107.28
MCH-5102,Laser Cutter,Rajkot,5,530.38,1310,10.01,High,30.1,19,1.2,Morning,2022-01-11,Alvin,89.3
MCH-5103,Robotic Arm,Vadodara,16,936.11,1957,13.74,Low,28.6,24,0.1,Morning,2024-03-22,Tiffany,87.42
MCH-5104,Packaging Unit,Vadodara,20,1054.2,819,5.35,High,,9,2.1,morning,2024-05-31,Katherine,93.15
MCH-5105,Laser Cutter,Ahmedabad,21,328.23,500,3.02,Low,,10,0.4,Night,2024-09-05,Brooke,97.38
MCH-5106,,Surat,16,915.35,942,11.17,Low,30.7,10,2.4,Night,2024-11-09,Tyler,82.52
MCH-5107,3D Printer,Vadodara,18,406.35,821,9.32,Medium,30.9,28,14.7,Morning,2022-05-07,Alan,77.33
MCH-5108,CNC,Pune,16,600.33,501,8.16,Medium,31.7,3,5.4,Night,2024-01-17,,83.22
MCH-5109,3D Printer,Ahmedabad,14,1409.1,1718,6.94,Low,32.2,6,6.4,Night,2022-03-05,Nancy,93.94
MCH-5110,CNC,Ahmedabad,16,458.9,1174,3.66,High,28.3,13,43.7,Evening,2022-09-26,Stephen,71.22
MCH-5111,3D Printer,Surat,10,618.69,527,4.6,Medium,31.0,9,11.3,Night,2023-11-20,Cynthia,86.4
MCH-5112,Laser Cutter,Pune,13,797.64,696,6.06,High,22.6,9,3.3,Evening,2024-01-12,Jesse,90.23
MCH-5113,Packaging Unit,Rajkot,8,961.84,752,11.48,Medium,37.1,20,5.3,Evening,2023-10-11,,78.22
MCH-5114,Laser Cutter,Pune,17,475.32,1306,14.72,Low,26.2,20,0.6,Evening,2023-04-20,Teresa,80.34
MCH-5115,Laser Cutter,Surat,7,295.27,1522,14.56,Low,27.8,18,1.8,Night,2022-12-15,John,81.88
MCH-5116,Packaging Unit,Rajkot,22,1549.73,1371,6.18,,,22,43.7,Night,2025-04-07,Ronald,66.26
MCH-5117,Robotic Arm,Rajkot,7,475.68,529,5.02,High,25.4,13,6.2,Night,2023-12-27,Jeffrey,89.35
MCH-5118,CNC,Surat,21,401.41,1859,4.18,Low,24.5,19,4.2,Night,2022-09-18,Stephen,103.62
MCH-5119,CNC,Rajkot,14,412.09,954,11.07,Medium,35.9,4,1.2,Evening,2022-01-26,Bonnie,84.38
MCH-5120,Robotic Arm,Vadodara,15,447.13,173,0.65,Low,24.6,8,11.4,Night,2024-02-16,Keith,91.52
MCH-5121,Laser Cutter,Rajkot,7,771.91,1462,13.63,Medium,32.0,5,21.8,Night,2022-02-13,Jamie,68.56
MCH-5122,Laser Cutter,Ahmedabad,22,708.81,302,4.98,Medium,32.2,11,4.9,Evening,2024-10-23,Amanda,88.11
MCH-5123,,Vadodara,5,1001.21,714,13.4,Low,27.9,8,6.7,Evening,2022-12-06,Timothy,73.03
MCH-5124,Laser Cutter,Pune,11,316.9,1292,0.53,Low,27.5,4,9.0,Morning,2022-08-29,Kendra,102.95
MCH-5125,Packaging Unit,Ahmedabad,23,513.49,230,9.94,,30.3,6,0.7,Evening,2022-11-17,Jennifer,80.81
MCH-5126,CNC,Vadodara,6,1157.91,1274,6.46,Medium,32.1,21,14.5,Morning,2023-08-27,Danny,85.89
MCH-5127,Robotic Arm,Rajkot,11,466.63,446,5.28,Low,32.8,24,3.6,Night,2022-09-14,Sherry,89.97
MCH-5128,Robotic Arm,Ahmedabad,12,1494.29,1802,0.49,Low,24.2,6,1.3,Evening,2022-04-21,Sarah,110.99
MCH-5129,CNC,Ahmedabad,22,1132.0,623,1.24,High,,29,6.1,Night,2025-02-21,Isaiah,96.82
MCH-5130,Robotic Arm,Rajkot,4,1746.51,382,8.67,Medium,31.3,3,4.7,Morning,2024-05-02,Cynthia,80.06
MCH-5131,Laser Cutter,Ahmedabad,20,498.22,1934,3.82,High,23.3,14,3.0,Morning,2024-08-06,Erik,105.66
MCH-5132,Packaging Unit,Pune,21,716.37,1606,2.57,High,38.5,6,2.2,Night,2022-07-29,Colleen,105.68
MCH-5133,Laser Cutter,Pune,16,1257.06,1736,0.74,Medium,17.7,25,10.3,Morning,2023-09-19,Chad,103.98
MCH-5134,Laser Cutter,Rajkot,4,523.03,161,11.99,Medium,27.1,15,13.6,Morning,2025-01-23,Ian,67.09
MCH-5135,CNC,Ahmedabad,11,614.83,580,11.43,Low,32.8,17,2.1,Evening,2024-12-24,Miranda,79.63
MCH-5136,3D Printer,Surat,17,673.0,1305,8.89,Medium,29.2,9,0.6,Evening,2022-05-29,Robert,91.71
MCH-5137,Robotic Arm,Surat,12,766.63,1947,3.0,Medium,,14,5.1,Night,2023-04-28,Melissa,105.56
MCH-5138,3D Printer,Surat,17,810.81,986,6.17,Medium,30.8,18,13.4,Night,2022-01-10,Mary,85.34
MCH-5139,Robotic Arm,Rajkot,19,4949.84,1701,11.19,Medium,27.3,18,93.6,Night,2025-03-26,Matthew,79.99
MCH-5140,,Surat,11,590.62,428,0.17,Medium,31.7,19,4.0,Night,2023-04-02,Karen,99.58
MCH-5141,Packaging Unit,Rajkot,15,539.87,1540,14.0,Medium,35.5,18,2.2,Night,2025-02-09,Robert,82.52
MCH-5142,Packaging Unit,Vadodara,8,945.73,796,14.65,Medium,31.3,2,2.5,Night,2024-08-21,Linda,74.23
MCH-5143,3D Printer,Surat,13,330.97,637,14.95,High,27.8,7,5.4,Evening,2025-03-13,Adam,71.16
MCH-5144,CNC,Vadodara,15,1258.88,563,5.35,Medium,19.8,6,6.4,Night,2024-07-23,Chris,87.71
MCH-5145,,Rajkot,23,519.58,1560,5.26,High,39.7,8,14.1,Morning,2024-07-04,Joann,91.87
MCH-5146,Packaging Unit,Rajkot,9,1409.57,771,7.83,Low,25.2,2,3.5,Night,2024-09-14,Ronald,86.3
MCH-5147,Packaging Unit,Surat,15,513.44,832,2.03,Low,24.0,4,7.8,Evening,2024-07-18,Michael,96.68
MCH-5148,Packaging Unit,Rajkot,21,697.54,1451,5.78,Medium,29.0,3,14.8,Night,2024-09-03,Lisa,89.18
MCH-5149,Laser Cutter,Vadodara,19,435.32,1623,2.22,High,35.4,28,5.8,Morning,2023-05-18,Christopher,104.4
MCH-5150,Packaging Unit,Ahmedabad,11,300.78,856,2.39,High,29.6,23,24.4,Morning,2022-01-28,Mackenzie,84.84
MCH-5151,,Ahmedabad,7,584.55,1034,13.72,Medium,31.8,25,9.7,Evening,2023-01-10,Ryan,73.55
MCH-5152,3D Printer,Surat,15,1000.61,901,0.55,Low,29.7,15,3.0,Morning,2023-06-09,Kimberly,102.88
MCH-5153,,Ahmedabad,12,500.8,88,1.73,Low,23.2,19,2.5,morning,2024-09-04,Gina,94.81
MCH-5154,Packaging Unit,Rajkot,14,1020.86,1718,7.83,Low,23.2,29,0.3,Evening,2023-04-29,Shannon,96.99
MCH-5155,Packaging Unit,Pune,8,309.99,1554,4.42,,25.5,14,8.5,Evening,2024-04-22,Mark,97.72
MCH-5156,Robotic Arm,Rajkot,4,,416,13.27,Medium,34.3,18,1.3,Night,2023-05-21,Frederick,74.84
MCH-5157,Laser Cutter,Pune,23,294.98,1312,11.45,,33.5,2,16.0,Morning,2023-08-01,Adam,76.41
MCH-5158,,Pune,4,232.79,122,11.42,High,31.9,26,9.1,Evening,2022-05-18,Colleen,71.47
MCH-5159,Laser Cutter,Vadodara,20,350.81,244,5.82,High,24.9,6,13.0,Morning,2023-06-15,Matthew,80.79
MCH-5160,Packaging Unit,Surat,15,430.54,785,14.12,Medium,31.2,24,3.5,Morning,2024-08-31,Emily,75.24
MCH-5161,,Vadodara,6,470.75,465,4.28,Low,22.4,25,3.3,Evening,2022-05-26,Stephen,92.33
MCH-5162,,Rajkot,9,633.15,667,9.07,High,30.6,19,3.9,Evening,2025-02-22,,83.78
MCH-5163,Robotic Arm,Pune,7,1501.56,1823,13.63,High,30.8,17,11.0,Evening,2023-04-15,Allison,78.09
MCH-5164,CNC,Vadodara,16,437.69,1271,8.07,HIGH,22.6,6,0.7,Evening,2022-12-21,Christopher,93.34
MCH-5165,Packaging Unit,Ahmedabad,12,231.04,616,13.56,Low,30.0,19,7.6,Morning,2022-12-14,Anthony,72.36
MCH-5166,CNC,Rajkot,23,435.97,840,9.85,Medium,23.2,26,9.0,Evening,2022-05-06,Corey,80.38
MCH-5167,Laser Cutter,Rajkot,5,,1074,9.5,Medium,28.9,9,3.0,Morning,2023-05-25,Dominic,87.11
MCH-5168,Robotic Arm,Surat,9,335.24,1127,1.73,High,26.4,26,1.9,Evening,2022-08-13,Heather,104.12
MCH-5169,Laser Cutter,Rajkot,21,487.46,1512,6.01,Low,30.3,27,10.0,Morning,2023-03-30,Matthew,92.88
MCH-5170,Packaging Unit,Rajkot,20,1150.97,1785,9.13,Low,20.7,16,2.0,Morning,2023-10-06,Alicia,93.57
MCH-5171,CNC,Surat,8,481.53,1602,9.82,High,37.5,9,5.9,Evening,2022-03-09,Thomas,88.89
MCH-5172,Robotic Arm,Pune,18,533.46,1741,5.18,Medium,42.0,12,2.9,Morning,2024-09-14,Karen,101.36
MCH-5173,Packaging Unit,Ahmedabad,17,1826.51,449,14.87,Medium,34.0,21,3.8,Evening,2025-01-05,Allison,68.73
MCH-5174,Packaging Unit,Rajkot,12,737.77,1493,8.95,Medium,15.6,9,8.7,morning,2023-10-12,Brandon,87.4
MCH-5175,Packaging Unit,Surat,4,523.32,1513,7.7,High,32.4,7,6.8,Evening,2023-07-18,Kurt,91.7
MCH-5176,Robotic Arm,Rajkot,9,567.27,231,1.9,Medium,22.9,16,8.8,Night,2024-01-28,Jamie,91.15
MCH-5177,Robotic Arm,Rajkot,4,564.65,951,2.24,Medium,16.6,20,12.7,Morning,2024-06-11,Mark,93.75
MCH-5178,Robotic Arm,Rajkot,9,516.44,952,14.14,,,12,2.5,Morning,2023-12-23,Gina,77.17
MCH-5179,Laser Cutter,Surat,18,596.3,937,9.34,High,25.0,4,2.8,Night,2023-02-20,Aaron,86.32
MCH-5180,,Pune,16,419.9,1816,6.97,High,24.8,14,9.4,Night,2022-11-16,David,94.01
MCH-5181,Packaging Unit,Rajkot,17,452.71,235,12.84,Low,37.8,28,6.1,Evening,2022-11-07,Lisa,71.36
MCH-5182,Packaging Unit,Ahmedabad,11,560.97,762,8.44,Medium,28.8,29,0.7,Night,2022-01-02,Jennifer,88.18
MCH-5183,Packaging Unit,Vadodara,19,608.7,1590,6.66,Medium,24.7,13,1.8,Morning,2024-03-24,Kevin,97.8
MCH-5184,Robotic Arm,Vadodara,15,742.21,629,2.65,Low,30.3,3,1.7,Morning,2023-07-06,James,97.69
MCH-5185,CNC,Ahmedabad,18,523.16,386,8.94,Low,30.6,16,17.1,Morning,2023-12-24,Nicholas,72.62
MCH-5186,CNC,Ahmedabad,8,,271,8.32,Medium,29.4,20,6.9,Evening,2023-06-12,James,79.11
MCH-5187,3D Printer,Rajkot,13,376.07,220,8.21,High,25.3,24,4.3,Night,2024-09-16,Stephanie,81.87
MCH-5188,3D Printer,Rajkot,21,,1614,7.74,Medium,22.2,23,12.7,Morning,2024-01-20,Mary,87.98
MCH-5189,3D Printer,Vadodara,6,1044.51,1731,2.11,Medium,29.5,7,4.9,Morning,2024-01-14,Amy,105.28
MCH-5190,Packaging Unit,Ahmedabad,12,643.19,735,8.49,High,39.4,16,16.3,Evening,2023-03-01,Daniel,76.82
MCH-5191,Packaging Unit,Ahmedabad,9,1101.18,1035,0.56,Low,24.3,9,2.1,Evening,2024-03-18,Emily,104.46
MCH-5192,CNC,Surat,4,1367.97,221,11.46,HIGH,24.5,8,2.2,Night,2023-10-25,Teresa,75.43
MCH-5193,Packaging Unit,Ahmedabad,6,341.15,68,9.25,Low,25.4,9,8.7,Night,2022-03-30,,75.49
MCH-5194,3D Printer,Pune,5,83.45,914,14.03,Medium,24.4,25,2.8,Evening,2023-04-27,Kristin,77.48
MCH-5195,Robotic Arm,Surat,7,861.21,512,10.48,Low,24.3,13,6.0,Night,2023-07-30,Kevin,77.88
MCH-5196,CNC,Ahmedabad,15,310.5,1450,2.8,Medium,28.9,24,3.2,Evening,2022-08-04,Kevin,103.8
MCH-5197,Packaging Unit,Surat,4,292.73,1537,13.95,Low,37.1,7,6.4,Night,2022-05-12,Stephanie,80.01
MCH-5198,CNC,Pune,7,518.21,1425,2.19,High,34.8,27,18.0,Morning,2023-02-20,Gabrielle,94.15
MCH-5199,,Pune,18,756.16,608,14.97,Low,36.5,3,19.3,Evening,2025-03-24,Laura,60.54
MCH-5200,3D Printer,Pune,13,1021.55,55,1.82,Low,22.8,28,5.9,Evening,2025-03-07,Jeremy,91.23
MCH-5201,Laser Cutter,Rajkot,4,442.74,1758,3.44,High,33.8,21,0.0,Morning,2024-01-11,Dennis,107.14
MCH-5202,Robotic Arm,Ahmedabad,7,490.8,1986,0.82,Medium,33.0,10,6.8,Evening,2024-06-06,Brian,109.45
MCH-5203,CNC,Vadodara,12,458.74,1857,4.3,,29.5,20,6.1,Night,2023-10-27,William,101.95
MCH-5204,Packaging Unit,Ahmedabad,15,640.7,162,12.48,Low,28.0,7,4.8,Morning,2022-02-06,Joyce,72.11
MCH-5205,Laser Cutter,Pune,8,270.84,1852,3.32,Medium,30.6,8,3.3,Morning,2024-10-01,David,106.1
MCH-5206,Packaging Unit,Rajkot,10,806.81,563,12.14,Low,25.0,13,19.0,Evening,2022-01-28,Destiny,65.96
MCH-5207,Packaging Unit,Ahmedabad,17,548.19,143,8.42,High,31.0,14,6.0,Morning,2022-06-11,Samantha,79.37
MCH-5208,3D Printer,Surat,13,628.21,1426,8.77,High,35.4,24,23.5,Evening,2022-05-07,Andrea,77.0
MCH-5209,,Vadodara,14,338.11,391,8.08,Low,24.3,24,8.1,Night,2024-12-01,Michele,80.95
MCH-5210,Laser Cutter,Ahmedabad,15,1506.03,726,3.87,High,24.5,19,0.3,Evening,2023-11-20,Aaron,95.95
MCH-5211,Packaging Unit,Ahmedabad,13,815.01,662,2.93,Medium,35.3,19,1.5,Morning,2022-02-20,Kendra,97.44
MCH-5212,Laser Cutter,Ahmedabad,17,,665,2.88,High,21.9,25,7.0,Evening,2024-11-23,Andrew,93.66
MCH-5213,Robotic Arm,Vadodara,10,1259.59,142,14.61,High,22.5,12,7.7,Evening,2022-04-29,Jamie,64.77
MCH-5214,Packaging Unit,Pune,19,803.62,1762,8.11,Medium,33.4,5,3.2,Evening,2024-03-14,Angela,95.08
MCH-5215,Robotic Arm,Surat,11,474.33,1413,10.36,Low,33.7,5,0.4,Morning,2024-02-13,Amber,90.1
MCH-5216,CNC,Vadodara,23,221.53,613,0.58,,22.7,4,1.7,Evening,2022-12-16,Theresa,102.44
MCH-5217,Packaging Unit,Pune,22,654.0,904,3.33,Low,31.4,5,0.9,Night,2022-08-02,Gerald,99.31
MCH-5218,CNC,Vadodara,18,782.32,742,5.42,Low,25.3,3,2.3,Evening,2024-04-13,Craig,92.62
MCH-5219,Packaging Unit,Ahmedabad,13,1052.35,1753,0.63,High,24.6,29,0.4,Morning,2022-10-18,Courtney,111.56
MCH-5220,Laser Cutter,Surat,23,830.35,1714,12.33,Low,33.9,11,2.3,morning,2024-03-16,Elizabeth,86.83
MCH-5221,Laser Cutter,Vadodara,10,751.84,862,12.88,Low,35.7,14,9.9,Night,2024-03-11,Heidi,73.42
MCH-5222,Packaging Unit,Pune,19,302.96,1016,0.29,Low,30.8,13,2.4,Evening,2024-12-30,Robert,105.77
MCH-5223,Laser Cutter,Rajkot,8,1257.83,1928,11.59,High,,2,1.1,Morning,2024-07-22,Christopher,90.32
MCH-5224,3D Printer,Pune,6,655.31,1388,14.95,High,36.1,25,10.2,Night,2023-08-04,Megan,73.59
MCH-5225,CNC,Surat,19,493.68,230,8.56,Medium,31.9,14,12.5,Night,2022-07-14,Vincent,75.34
MCH-5226,Packaging Unit,Surat,5,1129.74,1250,8.97,Medium,40.5,7,23.3,Evening,2023-09-21,Parker,74.55
MCH-5227,Packaging Unit,Rajkot,18,350.02,173,4.65,HIGH,25.7,15,17.9,Morning,2024-12-08,John,79.11
MCH-5228,Packaging Unit,Ahmedabad,8,767.81,207,9.68,Low,,10,16.3,Morning,2022-10-25,Maria,69.86
MCH-5229,Laser Cutter,Ahmedabad,9,907.8,545,10.25,Low,32.7,6,6.5,Evening,2023-10-10,Carol,78.19
MCH-5230,3D Printer,Surat,12,987.43,267,12.46,Low,27.0,24,8.6,Morning,2022-08-04,Jennifer,69.87
MCH-5231,Robotic Arm,Rajkot,16,301.65,215,1.85,High,28.0,6,7.7,Night,2022-08-10,Crystal,92.27
MCH-5232,3D Printer,Surat,18,,1345,10.46,Medium,32.7,29,4.4,Evening,2022-10-29,Lucas,86.55
MCH-5233,Robotic Arm,Pune,10,689.33,169,1.75,High,16.2,5,9.7,Night,2022-09-14,John,90.13
MCH-5234,Laser Cutter,Surat,6,744.26,836,0.12,Medium,32.4,5,4.0,Night,2023-11-11,Erica,102.86
MCH-5235,Robotic Arm,Surat,9,731.14,747,0.98,High,26.8,11,4.3,Night,2023-06-11,Susan,100.21
MCH-5236,Robotic Arm,Ahmedabad,15,1084.12,1232,9.94,High,32.2,11,6.9,Evening,2025-01-11,Matthew,84.01
MCH-5237,3D Printer,Rajkot,6,643.43,778,8.72,Medium,33.7,4,1.5,Morning,2024-03-09,George,87.07
MCH-5238,CNC,Rajkot,23,498.72,866,5.0,Medium,30.4,11,19.2,Night,2024-05-22,Sharon,83.06
MCH-5239,Laser Cutter,Ahmedabad,16,,1941,13.63,Medium,27.8,13,2.1,Night,2022-07-15,Jeffrey,86.62
MCH-5240,3D Printer,Pune,14,816.56,1988,6.55,Low,23.9,8,21.5,Morning,2022-04-25,Paul,87.25
MCH-5241,CNC,Pune,15,1038.35,71,6.22,High,34.3,19,0.9,Night,2023-09-21,Rachael,86.04
MCH-5242,Laser Cutter,Pune,8,544.81,1821,13.99,Low,31.5,7,30.6,Night,2022-03-07,,65.0
MCH-5243,Robotic Arm,Surat,8,1240.53,882,12.87,Low,28.6,28,14.3,Morning,2024-08-01,Brian,69.83
MCH-5244,Robotic Arm,Rajkot,22,835.65,1370,12.36,High,20.6,2,16.3,Night,2022-02-11,Thomas,74.09
MCH-5245,CNC,Surat,11,668.32,1324,2.08,Low,23.8,25,0.4,Morning,2023-10-26,Michelle,105.64
MCH-5246,CNC,Pune,22,1154.18,850,14.3,Medium,23.8,16,10.2,Evening,2024-08-23,William,69.69
MCH-5247,CNC,Vadodara,9,1119.88,1939,11.27,High,18.6,17,12.9,Morning,2022-09-16,Daniel,82.99
MCH-5248,Robotic Arm,Rajkot,10,602.66,1258,10.68,High,26.3,13,31.2,Morning,2023-02-16,Jennifer,66.42
MCH-5249,Robotic Arm,Rajkot,20,958.38,881,14.38,High,34.5,17,1.0,Morning,2024-01-12,Angel,76.51
MCH-5250,3D Printer,Ahmedabad,6,392.97,714,5.63,Medium,34.2,28,2.8,Morning,2022-01-01,April,92.17
MCH-5251,3D Printer,Rajkot,4,415.51,1945,9.1,Medium,33.0,24,4.9,Night,2023-01-05,Mary,93.98
MCH-5252,Packaging Unit,Surat,14,1246.58,839,9.64,Low,30.2,27,3.4,Morning,2024-02-26,Jennifer,83.55
MCH-5253,Robotic Arm,Ahmedabad,12,1192.4,267,8.73,Low,,23,5.8,Evening,2022-02-13,,79.0
MCH-5254,CNC,Ahmedabad,16,639.33,102,5.39,Medium,21.0,14,6.6,Night,2024-12-11,Kerri,84.54
MCH-5255,Laser Cutter,Pune,14,1238.46,838,4.13,High,28.4,28,4.4,Night,2023-03-22,Rebecca,93.87
MCH-5256,CNC,Pune,15,392.07,1777,0.61,Low,35.0,19,9.6,Evening,2023-10-15,Lisa,106.31
MCH-5257,Laser Cutter,Ahmedabad,23,498.47,860,0.93,High,28.3,3,4.8,Morning,2022-12-23,Mary,101.23
MCH-5258,3D Printer,Vadodara,16,1577.21,1940,11.47,Low,30.8,11,7.0,Night,2022-12-23,,86.07
MCH-5259,Robotic Arm,Pune,23,666.07,1672,12.5,Low,31.6,10,3.0,Evening,2023-04-28,James,85.88
MCH-5260,3D Printer,Vadodara,11,408.57,546,12.57,High,22.7,22,6.6,Morning,2023-08-16,Sarah,74.21
MCH-5261,Packaging Unit,Ahmedabad,4,443.44,347,8.01,Medium,22.8,8,11.6,Morning,2024-08-03,Stacey,78.12
MCH-5262,Packaging Unit,Surat,8,320.51,1480,7.55,Medium,23.9,6,7.7,Night,2024-06-07,Kelli,91.39
MCH-5263,Laser Cutter,Rajkot,18,900.61,160,9.95,Low,30.7,4,12.1,Night,2023-07-06,Ashley,71.68
MCH-5264,Laser Cutter,Rajkot,15,589.46,1938,8.53,,28.0,26,5.2,Evening,2022-12-31,Phillip,94.61
MCH-5265,Packaging Unit,Ahmedabad,18,881.38,1808,6.15,High,30.7,19,1.0,Night,2023-03-07,Steven,100.81
MCH-5266,CNC,Ahmedabad,18,891.16,1277,4.55,Medium,43.0,19,1.4,Evening,2022-05-12,Andrew,99.29
MCH-5267,Laser Cutter,Surat,5,,601,14.8,Medium,28.4,25,4.7,Evening,2022-02-07,Melanie,70.14
MCH-5268,Packaging Unit,Surat,4,1547.79,846,14.08,Low,32.1,25,9.6,Morning,2023-07-20,Wanda,69.96
MCH-5269,Robotic Arm,Ahmedabad,5,223.84,395,9.29,Medium,29.1,23,1.6,Evening,2024-03-10,Adrienne,83.27
MCH-5270,Packaging Unit,Surat,18,50.63,518,5.73,Medium,27.7,25,12.2,Night,2022-02-25,Nichole,84.24
MCH-5271,CNC,Vadodara,17,292.93,453,12.06,Medium,28.6,11,10.2,Evening,2024-05-14,Michael,72.1
MCH-5272,Packaging Unit,Rajkot,19,1473.86,154,3.94,High,14.4,21,1.7,Night,2024-12-24,Kyle,90.11
MCH-5273,Robotic Arm,Rajkot,13,789.42,230,5.87,High,25.9,23,6.7,Morning,2023-08-19,Chelsea,84.36
MCH-5274,3D Printer,Pune,15,336.77,56,9.72,Low,30.9,11,20.5,Night,2022-02-04,Corey,66.2
MCH-5275,CNC,Pune,9,668.99,1282,4.91,Medium,,22,16.8,Evening,2024-04-02,Michael,88.15
MCH-5276,Laser Cutter,Ahmedabad,5,728.71,1327,14.39,Low,33.2,8,1.1,Morning,2022-12-13,Lisa,80.47
MCH-5277,3D Printer,Ahmedabad,10,504.11,1109,0.17,High,36.5,18,19.7,Night,2024-05-17,Anne,94.39
MCH-5278,Laser Cutter,Vadodara,7,1313.44,416,9.7,Low,24.3,28,3.4,Night,2024-09-16,Lori,79.81
MCH-5279,Robotic Arm,Rajkot,6,,1688,12.99,High,34.3,29,5.4,Night,2022-04-04,Yvonne,83.62
MCH-5280,Robotic Arm,Vadodara,11,635.19,1935,8.79,Low,24.6,26,11.2,Night,2023-09-01,Dennis,89.8
MCH-5281,CNC,Ahmedabad,15,310.29,912,3.19,Low,31.5,18,8.5,Evening,2023-07-07,Katherine,94.83
MCH-5282,3D Printer,Surat,10,843.98,553,0.57,High,20.2,23,0.3,Morning,2022-11-14,Kathryn,102.05
MCH-5283,CNC,Rajkot,12,452.73,502,5.05,High,24.9,8,0.6,Night,2022-11-02,Sarah,93.02
MCH-5284,Laser Cutter,Pune,4,537.6,1152,5.33,Medium,40.4,5,18.0,Evening,2024-03-07,Billy,85.57
MCH-5285,CNC,Ahmedabad,13,750.72,1893,1.14,High,24.2,21,7.1,Night,2023-02-21,Courtney,107.45
MCH-5286,3D Printer,Pune,17,321.36,1434,11.42,HIGH,32.5,4,7.3,Morning,2025-03-10,Charles,83.54
MCH-5287,Packaging Unit,Surat,14,666.56,1294,9.44,High,33.0,27,0.9,Evening,2024-11-09,Brenda,90.32
MCH-5288,3D Printer,Ahmedabad,23,751.29,1945,1.43,High,19.5,14,1.0,Night,2022-12-26,Roberto,111.58
MCH-5289,Packaging Unit,Pune,19,560.5,426,3.32,High,13.8,17,8.0,Night,2024-09-14,Chad,90.51
MCH-5290,Robotic Arm,Vadodara,19,308.46,671,6.26,Medium,34.1,11,8.8,Evening,2023-01-13,Bobby,86.47
MCH-5291,Robotic Arm,Vadodara,23,510.21,646,4.32,High,28.2,2,5.1,Evening,2022-11-09,Regina,92.44
MCH-5292,Laser Cutter,Rajkot,9,662.87,1982,5.34,Low,34.1,5,2.7,Night,2022-06-08,Jacob,103.0
MCH-5293,CNC,Ahmedabad,16,1675.22,1363,2.23,High,34.5,9,0.2,Night,2022-11-16,Danny,104.37
MCH-5294,3D Printer,Vadodara,5,428.69,272,5.23,Medium,,10,0.6,Morning,2024-08-21,Robert,90.77
MCH-5295,,Rajkot,10,344.45,477,7.55,Low,26.0,5,2.9,Night,2024-06-10,Monica,86.35
MCH-5296,Packaging Unit,Pune,17,670.09,1674,4.93,High,32.1,6,5.7,Evening,2022-04-13,Robert,99.14
MCH-5297,Packaging Unit,Ahmedabad,15,1083.23,1158,6.77,High,,10,1.5,Night,2022-10-02,Jacob,93.51
MCH-5298,Packaging Unit,Pune,8,347.88,364,5.05,,25.0,15,4.5,Morning,2022-07-15,Lisa,89.29
MCH-5299,3D Printer,Rajkot,12,938.97,964,1.38,Medium,34.5,14,5.6,Evening,2023-04-20,Katherine,100.01
MCH-5300,,Rajkot,17,1260.71,1802,8.22,Low,26.0,21,8.8,Night,2024-07-11,Jennifer,90.62
MCH-5301,CNC,Pune,9,802.72,1825,9.69,High,35.3,17,0.2,Morning,2023-01-16,Gregory,94.54
MCH-5302,CNC,Rajkot,21,247.42,635,3.92,High,28.3,25,0.6,Evening,2022-11-07,Sarah,96.68
MCH-5303,,Pune,21,639.67,89,11.08,Low,33.2,3,5.4,Night,2024-06-13,Yvonne,73.89
MCH-5304,Packaging Unit,Ahmedabad,22,284.44,801,11.81,Medium,32.3,14,2.5,Night,2024-05-13,Shannon,80.9
MCH-5305,Laser Cutter,Ahmedabad,10,271.86,915,13.19,Low,36.6,22,5.0,Morning,2023-10-05,,77.36
MCH-5306,3D Printer,Pune,21,546.39,111,4.63,Medium,35.5,25,0.0,Night,2024-08-02,Daniel,90.88
MCH-5307,Robotic Arm,Ahmedabad,20,663.06,1318,9.3,Medium,32.1,21,2.9,Morning,2022-01-29,Jeffrey,89.41
MCH-5308,Packaging Unit,Ahmedabad,19,1127.8,91,8.8,Low,31.9,18,12.0,Morning,2022-02-15,Jean,73.15
MCH-5309,Packaging Unit,Ahmedabad,10,147.84,726,5.17,High,25.0,9,4.5,Night,2022-12-12,Pamela,92.35
MCH-5310,3D Printer,Pune,23,672.51,658,5.89,Low,36.2,26,5.4,Evening,2023-10-21,Andrew,88.96
MCH-5311,Robotic Arm,Pune,9,589.42,539,2.82,High,28.5,29,23.0,Evening,2022-07-14,Vicki,81.91
MCH-5312,,Surat,13,,1034,7.54,High,29.8,20,2.7,Morning,2024-02-29,Misty,89.81
MCH-5313,Laser Cutter,Rajkot,19,3279.62,655,10.85,High,37.5,28,12.1,Morning,2023-05-01,Amanda,70.6
MCH-5314,Packaging Unit,Surat,17,141.88,1884,14.48,High,20.4,4,3.8,Night,2024-07-07,Shawn,83.88
MCH-5315,Robotic Arm,Ahmedabad,15,224.47,187,2.71,High,28.1,13,3.3,Night,2024-11-19,Gregory,93.51
MCH-5316,CNC,Ahmedabad,12,469.91,775,12.41,Medium,32.6,10,19.1,Morning,2024-06-01,Kevin,67.6
MCH-5317,Laser Cutter,Surat,8,729.3,1492,14.09,Low,35.8,19,3.0,Night,2022-10-12,,81.11
MCH-5318,Packaging Unit,Surat,22,642.43,1834,12.97,,37.6,20,11.1,Evening,2024-08-22,,80.66
MCH-5319,Robotic Arm,Rajkot,5,786.1,402,2.42,Low,29.5,8,3.1,morning,2023-02-15,Brandy,95.22
MCH-5320,,Vadodara,5,625.32,66,13.17,Medium,30.7,7,4.3,Evening,2022-03-09,Pamela,70.31
MCH-5321,,Vadodara,11,458.99,528,3.52,High,29.6,27,5.2,Evening,2023-07-27,James,93.06
MCH-5322,Packaging Unit,Rajkot,11,1313.13,1662,2.69,High,33.3,24,12.3,Evening,2023-04-11,Dana,97.98
MCH-5323,Laser Cutter,Vadodara,5,611.96,150,13.47,Medium,26.3,7,18.2,Night,2023-07-16,William,60.7
MCH-5324,Packaging Unit,Rajkot,17,868.82,1135,5.09,High,28.3,26,7.9,Morning,2023-10-16,Teresa,92.51
MCH-5325,3D Printer,Surat,5,,184,10.96,,26.4,27,2.2,Morning,2024-12-04,Joseph,77.1
MCH-5326,Laser Cutter,Vadodara,22,471.82,367,2.41,High,39.5,27,1.8,Evening,2024-04-24,Jacqueline,96.3
MCH-5327,Laser Cutter,Surat,11,994.02,1876,7.58,High,34.7,29,5.8,Evening,2023-03-19,John,94.99
MCH-5328,3D Printer,Vadodara,18,588.96,1903,8.28,High,21.4,14,8.0,Morning,2023-11-02,Rebecca,92.86
MCH-5329,Packaging Unit,Vadodara,10,1223.9,567,3.4,High,28.2,14,12.3,Night,2024-10-07,Tyler,87.57
MCH-5330,3D Printer,Pune,14,687.22,1832,10.18,Medium,30.1,8,9.8,Evening,2023-06-24,David,87.06
MCH-5331,Laser Cutter,Vadodara,21,713.58,1931,6.66,HIGH,28.3,7,1.3,Night,2023-10-26,Gina,100.84
MCH-5332,CNC,Vadodara,4,1817.69,1550,0.37,Medium,28.0,28,0.4,morning,2024-12-16,Mary,109.3
MCH-5333,CNC,Rajkot,9,455.15,889,3.04,High,35.1,18,8.8,Morning,2024-10-01,James,94.52
MCH-5334,Packaging Unit,Surat,22,358.93,1526,8.44,High,,5,1.0,Evening,2024-12-13,Danielle,94.62
MCH-5335,Laser Cutter,Pune,23,837.9,1941,4.0,High,25.4,13,5.5,Evening,2023-11-10,Jonathan,103.13
MCH-5336,Packaging Unit,Surat,9,561.9,1567,13.28,High,19.6,25,15.7,Morning,2023-05-22,Bryan,74.71
MCH-5337,CNC,Surat,5,739.47,458,3.68,Low,31.5,20,0.4,Evening,2023-07-26,Joan,95.12
MCH-5338,CNC,Ahmedabad,18,627.8,730,9.64,Medium,37.2,20,4.2,Night,2024-03-11,Mario,82.97
MCH-5339,Packaging Unit,Surat,22,962.49,529,1.44,Medium,,27,4.7,Morning,2022-01-23,Chad,96.86
MCH-5340,Packaging Unit,Rajkot,12,619.64,633,12.71,High,,6,3.0,Night,2023-01-18,Rachel,76.87
MCH-5341,CNC,Pune,7,622.95,1322,14.88,Medium,31.7,10,1.3,Evening,2023-11-24,Tyler,79.46
MCH-5342,Packaging Unit,Ahmedabad,16,1401.71,228,10.24,Medium,33.4,3,24.4,Evening,2023-03-26,Carla,62.34
MCH-5343,Laser Cutter,Ahmedabad,7,971.89,878,14.82,Medium,37.5,18,0.9,Morning,2024-01-01,Helen,75.66
MCH-5344,3D Printer,Surat,22,158.64,258,4.34,Medium,,7,2.0,Morning,2023-08-02,,91.84
MCH-5345,,Pune,10,806.59,207,4.53,Low,30.8,20,12.9,Night,2024-05-25,,82.48
MCH-5346,3D Printer,Surat,7,403.4,1425,5.31,Medium,21.3,8,4.7,Evening,2024-12-12,Kristopher,97.39
MCH-5347,3D Printer,Pune,7,620.72,1116,0.39,High,,5,12.7,Night,2025-02-11,Matthew,98.74
MCH-5348,3D Printer,Rajkot,16,576.78,1830,11.55,Low,26.0,7,6.1,Morning,2023-05-19,Benjamin,87.06
MCH-5349,Laser Cutter,Rajkot,14,1039.16,93,5.66,High,34.8,14,15.1,Evening,2023-10-09,Kevin,77.4
MCH-5350,Robotic Arm,Ahmedabad,15,1329.94,491,13.83,High,33.0,13,11.0,Evening,2023-02-23,Lisa,66.83
MCH-5351,3D Printer,Pune,10,790.6,746,10.48,Low,28.4,19,12.1,Morning,2024-12-27,Brittany,75.66
MCH-5352,Robotic Arm,Rajkot,11,1137.39,174,1.32,Low,,3,9.3,Morning,2024-09-29,Tricia,90.68
MCH-5353,Packaging Unit,Surat,5,,1780,2.94,High,38.4,2,9.6,Night,2023-11-20,Michael,101.55
MCH-5354,3D Printer,Pune,5,522.28,601,0.98,Medium,,17,6.6,Night,2022-07-27,William,97.68
MCH-5355,CNC,Rajkot,15,1176.78,789,2.26,Low,25.2,4,7.9,Evening,2023-03-21,Bradley,94.84
MCH-5356,CNC,Vadodara,17,447.39,252,9.21,Medium,42.1,25,13.9,Evening,2023-09-14,James,73.31
MCH-5357,3D Printer,Pune,23,181.38,1385,0.98,,32.8,24,3.9,Morning,2024-05-10,Sandra,106.59
MCH-5358,CNC,Rajkot,11,703.3,696,4.72,Medium,,26,0.6,Evening,2024-02-18,Mark,94.94
MCH-5359,,Rajkot,14,896.39,1477,10.39,High,35.9,4,0.5,Morning,2022-05-02,Steven,89.9
MCH-5360,Laser Cutter,Ahmedabad,18,255.67,138,5.19,High,,17,6.6,Morning,2022-06-09,Justin,85.78
MCH-5361,3D Printer,Rajkot,19,873.72,358,6.97,Medium,26.7,27,13.8,Evening,2022-10-05,Jessica,78.14
MCH-5362,CNC,Rajkot,20,931.06,552,6.93,Medium,26.8,2,22.6,Night,2025-03-13,Amanda,73.59
MCH-5363,,Surat,23,421.65,1226,9.46,High,29.8,12,0.7,Evening,2024-04-19,Diana,90.2
MCH-5364,Laser Cutter,Rajkot,20,1467.03,484,12.96,High,,20,8.9,Evening,2023-01-10,Robert,69.79
MCH-5365,3D Printer,Surat,18,1175.91,1650,14.13,Medium,26.3,17,2.3,Night,2023-06-26,Kyle,82.2
MCH-5366,3D Printer,Surat,19,1109.49,939,6.73,Low,,25,5.2,Morning,2022-08-16,Jessica,89.14
MCH-5367,3D Printer,Vadodara,23,823.46,1264,4.8,Medium,29.4,25,11.2,Night,2022-11-04,Danny,91.92
MCH-5368,Packaging Unit,Surat,9,785.0,370,9.55,Low,30.0,7,2.1,Evening,2023-03-16,Allison,81.39
MCH-5369,Laser Cutter,Vadodara,17,433.43,1502,11.24,Medium,20.2,22,15.6,Evening,2024-11-26,Dalton,78.5
MCH-5370,3D Printer,Surat,17,675.24,1165,0.91,High,28.1,4,7.7,Evening,2025-03-29,Emily,101.53
MCH-5371,Laser Cutter,Pune,16,804.15,1819,1.98,Medium,25.2,26,21.7,morning,2024-08-04,Curtis,94.86
MCH-5372,Packaging Unit,Rajkot,22,1689.58,1678,12.76,High,17.9,25,13.0,Morning,2022-10-19,Roger,76.95
MCH-5373,Robotic Arm,Surat,10,487.04,1732,5.61,HIGH,27.5,19,18.9,Evening,2022-04-30,Luis,89.29
MCH-5374,Robotic Arm,Rajkot,23,521.43,1529,0.27,Medium,31.1,4,8.6,Evening,2022-02-03,Katherine,105.44
MCH-5375,3D Printer,Vadodara,4,867.75,1281,11.87,Medium,26.1,7,0.7,Evening,2024-06-21,Gabriela,85.21
MCH-5376,Robotic Arm,Ahmedabad,16,385.73,236,2.07,High,32.5,22,4.8,Morning,2023-05-05,Laura,93.92
MCH-5377,3D Printer,Vadodara,5,541.83,193,11.01,High,35.9,15,2.8,Night,2024-10-13,,76.85
MCH-5378,Packaging Unit,Surat,19,400.84,1931,13.05,Medium,28.4,24,8.3,Night,2022-02-17,Cheryl,83.61
MCH-5379,Packaging Unit,Pune,23,907.69,763,4.33,Low,29.0,25,3.4,Evening,2024-07-03,Monique,94.02
MCH-5380,CNC,Vadodara,10,497.24,214,10.89,Low,38.6,12,5.5,Morning,2023-08-29,James,75.44
MCH-5381,Laser Cutter,Rajkot,21,174.66,1056,14.73,High,27.1,24,5.5,Evening,2024-10-14,Brooke,75.24
MCH-5382,3D Printer,Vadodara,15,920.29,52,14.12,Low,24.9,5,8.9,Morning,2023-04-17,John,64.65
MCH-5383,Laser Cutter,Pune,18,393.99,1752,2.46,High,33.0,23,6.5,Morning,2024-10-02,Kristy,104.57
MCH-5384,CNC,Vadodara,4,,1127,6.53,Medium,26.3,9,11.1,Morning,2023-09-06,Katelyn,87.63
MCH-5385,3D Printer,Vadodara,7,418.89,1070,9.66,High,40.6,11,7.4,Night,2025-01-02,Tracy,83.82
MCH-5386,CNC,Surat,12,554.06,656,1.73,HIGH,30.6,22,1.6,Evening,2024-03-08,Ana,100.1
MCH-5387,CNC,Vadodara,11,,1113,11.04,Medium,25.3,5,1.0,Evening,2024-10-13,,86.05
MCH-5388,,Surat,6,711.69,1381,4.44,Low,29.3,3,3.6,Morning,2022-07-18,Sandra,99.09
MCH-5389,Laser Cutter,Pune,4,261.27,1739,4.6,Low,26.4,26,5.6,Night,2024-04-27,Gregory,101.0
MCH-5390,Robotic Arm,Vadodara,7,1180.17,1804,10.1,Medium,31.6,28,8.0,Evening,2022-05-17,,87.55
MCH-5391,3D Printer,Vadodara,5,1380.57,1428,8.47,Low,24.9,7,15.3,Morning,2022-02-23,Kara,82.28
MCH-5392,Robotic Arm,Ahmedabad,15,1326.62,1919,5.88,Low,24.4,28,4.2,Morning,2023-06-06,Edward,99.4
MCH-5393,3D Printer,Pune,22,414.74,838,9.06,High,33.0,13,5.9,Night,2022-11-21,Todd,84.14
MCH-5394,Packaging Unit,Surat,17,,530,4.34,High,32.1,26,2.9,Night,2022-02-28,Michael,92.78
MCH-5395,3D Printer,Vadodara,19,4549.28,136,2.71,High,32.8,23,63.0,Evening,2023-04-22,Briana,87.55
MCH-5396,Laser Cutter,Surat,10,6360.72,1557,5.29,High,28.8,9,10.8,Night,2022-09-20,April,100.0
MCH-5397,Robotic Arm,Vadodara,8,346.1,1637,13.64,Low,27.4,12,16.2,Morning,2023-01-11,Dennis,74.53
MCH-5398,Laser Cutter,Rajkot,16,772.38,676,13.93,Low,29.1,15,6.1,morning,2024-02-21,Jessica,72.4
MCH-5399,Laser Cutter,Pune,15,1115.98,929,4.85,Low,27.2,12,13.5,Night,2023-08-30,Mary,87.0
MCH-5400,Packaging Unit,Rajkot,21,1370.43,897,9.31,Low,29.7,9,3.9,Evening,2023-05-03,Ashley,84.17
MCH-5401,Laser Cutter,Ahmedabad,17,303.9,296,2.78,Medium,21.3,29,8.8,Evening,2022-06-19,Antonio,90.31
MCH-5402,Laser Cutter,Vadodara,19,704.16,883,11.62,Medium,37.8,19,1.0,Night,2025-03-13,Deborah,82.41
MCH-5403,CNC,Ahmedabad,19,1305.42,66,12.67,Low,32.2,25,3.9,Evening,2022-01-05,Heather,70.62
MCH-5404,Robotic Arm,Vadodara,21,394.49,64,4.43,Low,24.4,4,5.9,Morning,2022-10-08,,86.98
MCH-5405,Robotic Arm,Surat,18,1395.84,605,1.15,Low,34.0,5,2.0,Morning,2022-04-16,Charles,99.35
MCH-5406,Laser Cutter,Rajkot,17,1048.44,359,14.34,Low,23.1,16,17.8,Night,2023-04-06,Lauren,60.35
MCH-5407,CNC,Pune,9,1301.88,290,11.56,Medium,32.6,12,1.5,Morning,2024-05-01,Beth,76.39
MCH-5408,Packaging Unit,Ahmedabad,20,,1445,10.73,Medium,29.9,20,2.0,Evening,2024-07-22,Sara,88.08
MCH-5409,Packaging Unit,Ahmedabad,5,1020.22,1750,0.28,Low,22.3,26,3.2,Evening,2022-01-24,Lisa,110.33
MCH-5410,3D Printer,Surat,11,349.49,1371,4.84,High,37.9,24,23.9,Night,2024-05-18,Morgan,84.52
MCH-5411,Packaging Unit,Pune,8,620.26,1245,2.3,High,26.9,23,19.1,Evening,2024-10-25,Sarah,91.52
MCH-5412,Laser Cutter,Vadodara,10,352.95,1442,7.62,,32.5,27,1.2,Morning,2023-08-01,Peter,95.43
MCH-5413,CNC,Vadodara,10,838.66,1825,2.12,HIGH,33.0,29,15.6,Evening,2024-11-02,Amber,98.85
MCH-5414,Robotic Arm,Pune,7,396.43,1505,14.32,Low,32.0,4,1.7,Morning,2025-01-10,Brian,82.15
MCH-5415,Laser Cutter,Surat,20,583.29,1602,10.24,High,35.6,24,9.6,Evening,2023-06-21,Michael,85.32
MCH-5416,3D Printer,Surat,4,414.04,1755,1.83,Medium,24.7,3,5.0,Morning,2023-08-18,Nathan,106.87
MCH-5417,Packaging Unit,Rajkot,4,614.68,961,5.98,High,34.0,16,7.5,Evening,2022-05-17,Anthony,89.92
MCH-5418,Robotic Arm,Pune,7,608.61,946,4.73,Low,22.5,28,0.6,Evening,2022-10-30,Eric,97.13
MCH-5419,,Pune,16,1324.93,429,14.47,Low,33.0,27,2.2,Evening,2022-04-01,Angel,71.2
MCH-5420,Packaging Unit,Rajkot,12,573.89,1672,14.85,Low,41.7,23,1.0,Morning,2024-10-11,Devin,82.71
MCH-5421,CNC,Rajkot,10,1088.04,803,10.64,Medium,27.6,29,9.3,Evening,2024-11-13,Robert,77.35
MCH-5422,Robotic Arm,Vadodara,22,,1937,8.63,Medium,26.5,11,2.0,Evening,2024-05-16,Sean,96.97
MCH-5423,Laser Cutter,Ahmedabad,9,656.75,983,6.31,Low,34.6,22,5.3,Morning,2022-12-07,April,90.92
MCH-5424,CNC,Rajkot,6,842.59,1698,9.66,High,22.2,20,1.5,Morning,2023-01-15,,92.58
MCH-5425,Laser Cutter,Vadodara,13,1951.15,1925,14.61,Low,33.3,21,2.7,morning,2025-02-20,Adam,82.14
MCH-5426,Robotic Arm,Surat,5,570.38,485,8.75,Medium,22.2,21,26.6,Evening,2023-01-29,Richard,67.11
MCH-5427,Laser Cutter,Surat,5,2110.97,820,5.46,Medium,17.3,8,0.9,Night,2022-07-03,Todd,92.27
MCH-5428,CNC,Ahmedabad,19,4318.16,713,10.63,High,21.3,2,10.8,Night,2024-10-22,Brian,82.65
MCH-5429,Packaging Unit,Ahmedabad,8,514.82,1993,0.29,Medium,21.5,22,1.3,Evening,2024-08-28,David,114.38
MCH-5430,CNC,Pune,19,569.67,1665,13.81,Medium,39.1,3,13.6,Evening,2022-06-16,Joshua,75.92
MCH-5431,Packaging Unit,Vadodara,23,377.02,488,14.42,Medium,40.0,14,5.2,Night,2022-03-21,Alyssa,71.05
MCH-5432,,Surat,12,717.01,1076,14.9,Medium,,28,2.8,Morning,2023-07-28,John,76.18
MCH-5433,Robotic Arm,Vadodara,19,,1477,5.27,Medium,,7,30.9,Morning,2022-12-29,Spencer,78.8
MCH-5434,CNC,Vadodara,14,456.76,262,3.48,High,28.5,29,4.3,Morning,2024-06-25,Carla,91.56
MCH-5435,CNC,Rajkot,11,,908,0.22,Low,47.6,28,16.2,Morning,2022-04-24,,95.04
MCH-5436,Laser Cutter,Surat,19,126.28,1957,13.89,Medium,32.2,10,2.1,Night,2024-06-06,Taylor,86.88
MCH-5437,3D Printer,Vadodara,9,1094.28,290,7.03,High,35.8,24,6.1,Night,2024-08-08,,82.52
MCH-5438,Robotic Arm,Surat,20,983.14,1245,1.32,Medium,30.2,19,0.2,Morning,2022-01-08,Dale,106.19
MCH-5439,CNC,Vadodara,23,676.69,1634,10.57,,17.0,27,4.6,Night,2024-11-27,Wanda,88.29
MCH-5440,Laser Cutter,Vadodara,19,731.59,803,11.07,Low,34.1,5,7.2,Evening,2024-07-31,Carol,78.47
MCH-5441,Laser Cutter,Surat,14,692.25,882,12.59,Low,35.9,8,12.3,Evening,2022-08-22,Sonia,72.57
MCH-5442,Laser Cutter,Ahmedabad,23,516.55,1757,10.38,Medium,25.8,3,8.0,Night,2024-12-12,Joshua,87.54
MCH-5443,3D Printer,Surat,8,1171.23,729,6.87,Low,27.3,29,0.1,Evening,2022-10-18,Travis,90.59
MCH-5444,CNC,Pune,23,876.77,336,7.73,HIGH,38.2,24,8.9,Evening,2023-09-03,Nicole,79.86
MCH-5445,Laser Cutter,Ahmedabad,17,734.27,176,11.93,Medium,26.9,25,14.3,Night,2024-09-06,Patricia,66.55
MCH-5446,3D Printer,Rajkot,22,354.26,740,5.88,High,33.2,24,29.3,Evening,2025-02-02,Clifford,73.39
MCH-5447,Packaging Unit,Pune,9,727.64,224,9.07,High,33.3,23,19.3,Morning,2023-08-25,Jason,69.18
MCH-5448,3D Printer,Surat,11,1011.29,138,3.11,,24.3,14,1.8,Evening,2023-09-18,Jill,92.23
MCH-5449,CNC,Pune,13,741.45,1347,6.59,Medium,29.6,11,6.3,Night,2022-02-20,,92.58
MCH-5450,Laser Cutter,Surat,19,418.79,1350,6.35,Medium,33.0,24,18.4,Evening,2022-09-12,Andrea,85.07
MCH-5451,Robotic Arm,Rajkot,18,787.84,1516,14.59,High,34.6,13,2.9,Morning,2023-02-20,Sandra,80.3
MCH-5452,CNC,Pune,11,429.97,1227,11.51,Low,22.2,2,15.8,Night,2022-05-21,Tonya,75.53
MCH-5453,Packaging Unit,Pune,6,759.36,1308,6.55,Medium,,12,3.2,Evening,2024-04-04,Heather,94.48
MCH-5454,Robotic Arm,Ahmedabad,15,343.74,1641,10.16,Low,29.4,4,5.2,Morning,2023-07-05,Andrew,89.22
MCH-5455,Robotic Arm,Ahmedabad,4,715.59,1406,5.2,Medium,40.8,12,19.9,Morning,2024-12-22,Barbara,86.36
MCH-5456,Packaging Unit,Pune,23,715.69,1251,0.98,High,,10,1.1,Morning,2022-03-05,Karen,106.67
MCH-5457,Robotic Arm,Pune,23,705.76,1854,3.7,Medium,25.1,18,11.3,Morning,2024-02-19,John,99.13
MCH-5458,Packaging Unit,Rajkot,7,492.44,1623,12.31,HIGH,16.0,9,12.5,Night,2022-06-16,Victoria,79.45
MCH-5459,CNC,Surat,11,278.25,1556,5.4,Medium,31.5,17,0.7,Night,2023-09-23,Penny,101.28
MCH-5460,CNC,Vadodara,16,1174.17,1049,14.93,Low,20.8,23,7.4,Morning,2023-05-22,Robert,72.02
MCH-5461,3D Printer,Rajkot,4,581.24,87,5.78,High,30.2,18,4.4,Morning,2025-03-24,Patrick,85.25
MCH-5462,Robotic Arm,Rajkot,23,479.17,258,5.84,High,22.2,20,0.0,Night,2023-02-13,,89.79
MCH-5463,Packaging Unit,Ahmedabad,7,1005.43,604,6.16,Low,31.1,26,10.2,Night,2022-03-31,Victor,84.14
MCH-5464,,Pune,17,899.75,1792,6.91,,46.1,11,1.0,Evening,2024-10-04,Justin,99.13
MCH-5465,Robotic Arm,Surat,20,759.93,1162,7.07,Low,26.0,17,4.5,Evening,2023-07-29,Eric,91.31
MCH-5466,Robotic Arm,Pune,8,532.02,1502,1.43,High,,3,13.2,Night,2022-03-23,,99.66
MCH-5467,Laser Cutter,Surat,5,558.07,274,6.68,High,34.5,5,6.6,Morning,2024-07-21,Amber,83.51
MCH-5468,CNC,Pune,19,705.11,1380,7.09,Medium,30.1,23,3.6,Evening,2022-12-29,Ashley,93.79
MCH-5469,CNC,Rajkot,13,1237.85,800,5.74,Low,43.0,21,6.2,Evening,2024-04-13,Christine,89.08
MCH-5470,CNC,Ahmedabad,18,2123.61,1562,6.82,Low,35.5,27,3.6,Night,2022-12-01,Tina,93.82
MCH-5471,Laser Cutter,Vadodara,8,838.42,546,13.77,High,24.9,3,3.3,Evening,2022-01-02,,73.5
MCH-5472,Laser Cutter,Rajkot,16,669.71,1197,6.01,High,21.5,3,6.0,Morning,2024-06-17,Leslie,92.8
MCH-5473,CNC,Pune,14,210.04,1004,5.77,High,28.6,28,0.1,Morning,2023-05-23,Julie,96.46
MCH-5474,Robotic Arm,Pune,5,455.13,1813,0.12,High,15.9,23,8.3,Evening,2023-04-22,Jeffrey,108.41
MCH-5475,3D Printer,Rajkot,23,566.01,134,13.76,Medium,25.6,19,17.7,Morning,2022-07-06,Mike,60.4
MCH-5476,Laser Cutter,Vadodara,11,,193,11.79,High,28.6,29,48.4,Morning,2025-03-18,Shawn,43.06
MCH-5477,Robotic Arm,Vadodara,19,381.07,1356,8.0,,29.8,17,3.5,Night,2025-03-10,Megan,92.31
MCH-5478,3D Printer,Surat,14,882.43,1284,8.39,Medium,36.2,18,5.8,Night,2022-08-08,Gary,88.6
MCH-5479,Robotic Arm,Surat,15,1174.08,337,4.5,High,35.0,15,6.5,Evening,2025-04-05,,87.58
MCH-5480,Laser Cutter,Ahmedabad,5,417.73,1006,2.38,Low,27.6,3,13.0,Evening,2024-01-07,Amy,93.93
MCH-5481,,Ahmedabad,14,1312.47,782,10.01,Low,32.8,22,1.4,Morning,2022-02-09,Colleen,83.64
MCH-5482,CNC,Rajkot,5,1112.4,52,8.83,High,21.4,25,3.1,Evening,2022-06-23,Julia,79.01
MCH-5483,Robotic Arm,Rajkot,19,1336.94,582,11.25,Medium,27.6,4,42.5,Morning,2023-01-06,Christopher,50.69
MCH-5484,Packaging Unit,Ahmedabad,17,444.41,1730,9.9,Low,28.1,3,2.2,Evening,2022-06-23,Heather,92.44
MCH-5485,Laser Cutter,Rajkot,21,1377.12,1234,14.48,,35.7,8,8.8,Night,2022-07-23,Lisa,73.2
MCH-5486,CNC,Surat,9,845.42,515,7.4,High,,2,3.3,Morning,2025-02-08,John,85.97
MCH-5487,Robotic Arm,Surat,5,1389.49,421,14.38,High,24.6,27,0.6,Night,2022-12-08,Gabrielle,72.34
MCH-5488,Packaging Unit,Surat,11,542.34,1643,0.21,Medium,31.9,5,5.0,Night,2024-01-22,Judy,109.0
MCH-5489,Robotic Arm,Pune,9,356.81,1966,6.91,High,36.5,21,6.2,Evening,2024-01-10,Amy,97.71
MCH-5490,,Surat,12,617.97,113,14.34,Medium,32.0,22,6.6,Morning,2024-08-21,Sara,66.76
MCH-5491,Laser Cutter,Vadodara,9,1579.63,787,14.79,Low,,27,0.5,Evening,2022-07-24,Elizabeth,74.37
MCH-5492,3D Printer,Vadodara,11,547.72,366,14.91,High,35.1,28,4.9,Morning,2022-06-10,Veronica,69.02
MCH-5493,Packaging Unit,Rajkot,19,505.94,566,7.84,Medium,34.1,14,5.0,Morning,2024-09-11,Steven,84.81
MCH-5494,Robotic Arm,Vadodara,16,977.69,569,0.95,Medium,,26,0.0,Morning,2024-09-02,Ronnie,101.44
MCH-5495,Laser Cutter,Surat,7,668.85,731,5.11,Medium,37.4,23,8.1,Evening,2024-11-23,Mary,89.25
MCH-5496,Packaging Unit,Pune,4,650.18,1425,6.3,Low,38.8,4,2.3,Evening,2022-08-31,Justin,96.74
MCH-5497,Packaging Unit,Pune,5,209.4,953,12.03,Medium,31.5,25,11.6,Night,2024-05-12,Tom,75.46
MCH-5498,Robotic Arm,Pune,18,399.79,1440,8.12,Low,41.4,27,0.8,Morning,2023-10-24,Gerald,94.63
MCH-5499,Robotic Arm,Pune,15,709.73,1313,12.14,High,40.0,24,1.2,morning,2023-03-30,Danielle,84.81
MCH-5500,Packaging Unit,Vadodara,17,381.29,1786,0.26,Low,25.4,24,13.1,Morning,2024-01-30,John,104.65
MCH-5501,Robotic Arm,Surat,17,736.65,1740,11.19,HIGH,37.2,10,1.7,Morning,2022-09-12,Nathaniel,89.88
MCH-5502,Robotic Arm,Vadodara,17,348.87,518,7.38,High,33.6,27,10.8,Evening,2023-06-02,Wendy,81.5
MCH-5503,3D Printer,Pune,9,871.93,684,12.26,HIGH,29.7,3,2.0,Evening,2024-12-26,Jill,78.53
MCH-5504,Laser Cutter,Ahmedabad,12,577.35,1752,3.23,High,28.8,5,3.5,Morning,2023-09-26,Brenda,104.87
MCH-5505,3D Printer,Surat,18,449.83,1145,8.27,High,37.6,20,1.9,Morning,2025-02-21,Ashley,91.03
MCH-5506,Packaging Unit,Vadodara,6,567.86,1084,1.95,Medium,25.5,29,15.3,Night,2024-08-24,Tina,93.61
MCH-5507,CNC,Pune,6,1062.97,644,10.73,Low,28.0,28,4.2,Evening,2025-01-10,Ethan,79.45
MCH-5508,Packaging Unit,Ahmedabad,23,1231.24,96,9.52,Medium,39.4,12,6.7,Night,2022-08-15,Marissa,75.31
MCH-5509,3D Printer,Pune,17,406.71,620,4.41,High,32.5,22,11.4,Morning,2024-07-10,Jonathan,87.79
MCH-5510,,Rajkot,11,820.03,643,14.09,,20.8,4,6.4,Evening,2024-08-19,Jessica,71.53
MCH-5511,,Pune,5,680.11,1684,8.2,High,42.0,25,7.5,Night,2022-12-24,Kristen,91.41
MCH-5512,3D Printer,Rajkot,8,,734,7.32,High,30.9,6,15.4,Night,2025-03-19,Shannon,79.8
MCH-5513,Laser Cutter,Pune,21,441.05,1916,6.78,Medium,28.7,10,5.3,Evening,2023-12-19,Kelly,98.07
MCH-5514,Laser Cutter,Rajkot,11,444.92,1805,7.95,Medium,33.4,3,9.3,Morning,2024-11-25,Joshua,92.0
MCH-5515,Laser Cutter,Ahmedabad,11,374.37,1940,2.19,High,29.3,8,5.4,Morning,2023-02-11,Bernard,107.47
MCH-5516,Robotic Arm,Ahmedabad,15,742.73,907,14.68,Low,25.6,24,14.0,Night,2022-05-23,Chris,67.34
MCH-5517,Packaging Unit,Rajkot,23,697.26,721,4.45,High,30.8,17,11.8,Morning,2023-12-24,Anthony,87.85
MCH-5518,Laser Cutter,Rajkot,21,573.34,205,5.69,Medium,33.2,24,5.0,Evening,2022-10-10,Bianca,86.01
MCH-5519,3D Printer,Rajkot,20,974.4,1974,8.31,Medium,35.2,15,1.3,Night,2023-02-09,Laura,97.53
MCH-5520,Packaging Unit,Surat,18,908.7,1746,14.82,High,31.0,29,2.0,morning,2024-02-08,,82.21
MCH-5521,Laser Cutter,Rajkot,5,,878,4.5,Medium,29.6,6,3.8,Night,2022-03-30,Bryan,95.16
MCH-5522,3D Printer,Ahmedabad,23,1575.16,1913,6.95,Medium,24.8,3,11.8,morning,2022-09-24,Steven,91.53
MCH-5523,Laser Cutter,Ahmedabad,5,580.86,76,1.44,Low,27.6,21,19.3,Evening,2022-02-19,Jason,83.41
MCH-5524,3D Printer,Rajkot,11,661.16,1257,2.33,Low,25.6,18,25.3,Evening,2025-03-25,Marcus,87.16
MCH-5525,Laser Cutter,Surat,18,379.72,462,6.83,Low,42.7,17,1.9,Night,2024-12-02,Laura,88.32
MCH-5526,Robotic Arm,Vadodara,17,775.94,1873,9.29,High,24.3,28,18.5,Evening,2022-06-08,Kirsten,82.97
MCH-5527,3D Printer,Rajkot,23,1257.54,196,9.84,Medium,26.1,11,2.2,Night,2022-07-02,,78.62
MCH-5528,3D Printer,Rajkot,6,1238.72,459,14.4,Low,29.9,27,6.3,Morning,2025-02-19,Amy,68.85
MCH-5529,CNC,Surat,18,1443.62,651,7.71,Low,26.3,11,5.1,Morning,2023-09-08,Patricia,84.37
MCH-5530,3D Printer,Rajkot,22,994.6,1110,10.08,Medium,,12,4.4,Morning,2022-03-13,Donald,84.59
MCH-5531,Packaging Unit,Ahmedabad,12,917.27,1351,7.94,High,,17,55.8,Night,2023-02-15,Keith,55.01
MCH-5532,CNC,Ahmedabad,12,342.53,1927,0.8,Medium,31.1,15,13.4,Evening,2022-09-19,Joshua,104.59
MCH-5533,Packaging Unit,Rajkot,10,624.52,1417,4.91,Medium,29.5,17,5.8,Evening,2023-04-15,Ashley,97.04
MCH-5534,Robotic Arm,Ahmedabad,21,645.78,1125,9.65,High,24.2,9,33.7,Evening,2024-12-12,Michael,65.56
MCH-5535,Laser Cutter,Surat,9,632.83,1380,6.5,Medium,42.3,11,3.6,Evening,2022-10-09,Kevin,95.08
MCH-5536,Laser Cutter,Vadodara,8,827.6,1347,5.56,Low,27.6,20,15.0,Evening,2024-12-17,Edwin,88.42
MCH-5537,Packaging Unit,Rajkot,7,597.79,934,7.98,Medium,33.3,12,4.3,Night,2023-03-03,Elizabeth,87.96
MCH-5538,Laser Cutter,Rajkot,23,1037.75,1411,6.31,,33.4,13,16.3,Night,2023-09-29,Gavin,86.25
MCH-5539,Robotic Arm,Vadodara,12,1194.59,334,12.73,Medium,37.8,24,4.5,Morning,2022-05-10,Jason,72.47
MCH-5540,3D Printer,Rajkot,21,614.15,1888,4.67,Low,27.6,28,6.2,Evening,2024-07-20,Corey,101.18
MCH-5541,Packaging Unit,Surat,14,338.91,658,13.02,High,20.0,25,1.0,Night,2022-03-11,Cassandra,78.26
MCH-5542,3D Printer,Rajkot,8,1202.05,804,14.02,Medium,35.9,11,12.7,Evening,2023-10-02,Rhonda,68.05
MCH-5543,Robotic Arm,Surat,14,1286.02,678,3.87,Medium,30.4,15,1.4,Evening,2025-04-12,Lisa,95.09
MCH-5544,CNC,Surat,15,302.39,296,5.78,High,22.0,28,14.0,Morning,2024-08-07,Thomas,80.67
MCH-5545,Laser Cutter,Vadodara,11,,1236,9.23,Medium,34.9,11,2.4,Evening,2022-11-29,Matthew,89.43
MCH-5546,3D Printer,Vadodara,13,,1127,10.12,Medium,25.6,20,5.8,Morning,2023-01-23,Cheryl,84.52
MCH-5547,CNC,Pune,4,641.29,637,2.78,Low,29.1,24,27.9,Night,2024-07-02,Summer,79.3
MCH-5548,,Pune,19,394.45,1361,11.78,HIGH,,16,0.9,Evening,2024-07-31,Heidi,86.59
MCH-5549,Laser Cutter,Surat,7,1130.5,556,10.41,Low,42.1,14,5.2,Night,2024-04-01,Michael,78.56
MCH-5550,Robotic Arm,Surat,10,873.89,1010,0.46,High,26.6,13,26.4,Morning,2023-11-12,Robert,87.77
MCH-5551,Laser Cutter,Ahmedabad,12,411.38,1581,2.48,High,38.8,12,0.7,Evening,2022-06-05,Lindsey,107.14
MCH-5552,3D Printer,Surat,22,1000.51,1355,8.06,Medium,14.7,10,21.2,Night,2024-06-01,Michelle,78.9
MCH-5553,Packaging Unit,Vadodara,12,847.86,1217,11.44,Low,18.8,24,4.1,Evening,2022-06-11,Nathan,83.18
MCH-5554,CNC,Vadodara,18,,964,1.94,Medium,33.6,15,7.5,Morning,2022-08-18,Jerome,97.34
MCH-5555,Laser Cutter,Pune,12,688.15,504,11.73,Low,30.7,9,0.1,Night,2024-02-27,Lauren,79.69
MCH-5556,Packaging Unit,Pune,5,,1615,12.44,Low,26.2,27,5.2,Night,2022-11-07,Melissa,83.54
MCH-5557,Laser Cutter,Vadodara,21,387.47,1969,1.09,High,22.0,14,7.0,Night,2023-07-31,Lisa,108.77
MCH-5558,3D Printer,Ahmedabad,10,276.53,1437,9.45,High,27.0,26,7.8,Night,2025-03-12,,87.22
MCH-5559,CNC,Rajkot,15,423.09,1827,7.71,Medium,25.0,8,5.8,Night,2023-05-05,Deborah,95.14
MCH-5560,Robotic Arm,Surat,8,480.94,376,14.68,High,30.5,22,13.9,Evening,2023-07-27,Madison,63.36
MCH-5561,Robotic Arm,Ahmedabad,12,1140.49,1266,8.98,Low,28.3,22,14.8,Morning,2022-10-23,Latasha,80.6
MCH-5562,3D Printer,Ahmedabad,23,679.3,285,4.08,Low,22.2,28,9.3,Night,2024-09-24,Nancy,86.73
MCH-5563,CNC,Rajkot,7,,1978,2.94,Low,29.3,17,58.4,Night,2023-05-05,Angela,68.95
MCH-5564,Laser Cutter,Vadodara,11,362.41,780,4.92,Low,25.9,29,34.0,Morning,2024-03-07,Mark,72.34
MCH-5565,Laser Cutter,Ahmedabad,19,301.66,1332,3.69,Medium,29.6,21,7.9,Night,2024-12-02,Alicia,97.76
MCH-5566,Robotic Arm,Pune,4,1072.22,282,9.91,Medium,26.2,8,11.7,Morning,2024-01-17,Cindy,72.81
MCH-5567,Packaging Unit,Pune,21,302.69,532,1.1,High,26.8,20,1.4,Night,2023-10-28,Matthew,100.82
MCH-5568,3D Printer,Vadodara,8,,638,13.79,Medium,32.5,29,2.5,Morning,2022-10-28,Maria,75.68
MCH-5569,Packaging Unit,Surat,14,485.91,1093,13.18,High,31.0,14,7.3,Morning,2024-12-21,Nathan,76.94
MCH-5570,CNC,Surat,13,437.49,1191,4.73,Medium,25.0,24,13.4,Night,2024-12-17,Kevin,90.46
MCH-5571,Packaging Unit,Surat,18,790.38,1149,5.65,Medium,27.7,3,5.2,Morning,2024-07-19,Adam,93.51
MCH-5572,Laser Cutter,Ahmedabad,12,966.15,1622,6.85,Low,26.4,14,0.7,Morning,2022-06-22,April,97.95
MCH-5573,Laser Cutter,Vadodara,9,283.98,170,9.17,Low,28.3,13,9.3,Night,2022-12-07,Jennifer,76.16
MCH-5574,3D Printer,Pune,12,734.1,717,9.42,Medium,28.4,24,6.8,Night,2022-10-30,Lisa,81.33
MCH-5575,Robotic Arm,Pune,8,877.21,1674,2.04,High,29.9,13,7.6,morning,2022-02-09,Joseph,103.3
MCH-5576,CNC,Ahmedabad,21,587.46,1529,9.77,High,24.4,16,15.4,Morning,2024-03-03,Andrew,81.58
MCH-5577,Packaging Unit,Surat,18,956.5,986,12.61,High,27.5,19,14.9,Morning,2023-08-15,Crystal,71.2
MCH-5578,3D Printer,Vadodara,22,749.11,53,6.19,High,33.6,13,8.4,Morning,2024-02-08,,81.11
MCH-5579,CNC,Pune,16,925.74,1997,0.8,High,25.9,6,8.9,Evening,2024-03-23,Daniel,107.49
MCH-5580,Robotic Arm,Rajkot,22,1204.91,1884,7.11,Medium,40.6,8,0.9,Night,2023-10-25,Lindsay,99.13
MCH-5581,Robotic Arm,Vadodara,9,157.53,1559,10.13,High,33.6,26,17.7,Night,2023-03-17,Donald,80.12
MCH-5582,Laser Cutter,Vadodara,4,1055.4,769,0.22,Low,28.2,10,1.1,morning,2024-09-27,Colin,103.69
MCH-5583,3D Printer,Surat,21,967.98,1569,5.84,Medium,37.1,6,7.8,Morning,2022-06-05,Ashley,94.55
MCH-5584,Robotic Arm,Vadodara,20,1041.34,842,1.6,Low,30.1,29,1.6,Morning,2024-11-23,Jennifer,101.21
MCH-5585,CNC,Pune,8,414.01,913,1.69,Low,,13,2.0,Night,2023-02-18,Kelsey,102.24
MCH-5586,,Ahmedabad,4,,1392,4.53,Medium,27.5,26,0.1,Morning,2022-05-12,Mary,101.47
MCH-5587,Laser Cutter,Vadodara,4,870.87,1341,14.96,Low,24.4,11,1.8,Evening,2022-12-23,Angel,78.75
MCH-5588,CNC,Vadodara,16,,318,2.61,High,33.5,17,11.4,Morning,2023-01-31,,88.15
MCH-5589,Packaging Unit,Surat,10,495.35,1194,4.32,Low,,10,2.7,Evening,2025-02-15,Maria,98.71
MCH-5590,Robotic Arm,Pune,4,744.14,684,14.4,High,33.4,4,12.7,Evening,2022-08-24,Joyce,66.95
MCH-5591,Laser Cutter,Rajkot,7,556.66,1300,9.16,Medium,17.3,10,8.5,Evening,2023-11-14,John,85.77
MCH-5592,Packaging Unit,Ahmedabad,6,587.89,1027,14.32,Low,21.9,10,15.9,Night,2022-11-10,Gregory,67.95
MCH-5593,Robotic Arm,Ahmedabad,11,662.43,928,10.66,Medium,17.3,22,11.3,Morning,2023-07-04,Luis,77.56
MCH-5594,Robotic Arm,Ahmedabad,4,695.24,1643,6.62,Medium,24.5,2,0.3,Morning,2024-11-24,,99.25
MCH-5595,Robotic Arm,Vadodara,5,485.31,1425,9.14,High,31.6,19,17.5,Evening,2023-08-06,,80.65
MCH-5596,3D Printer,Ahmedabad,21,1584.88,1609,2.64,Medium,35.2,26,4.4,Night,2022-01-29,Theresa,102.78
MCH-5597,3D Printer,Rajkot,22,843.68,469,12.62,Medium,22.9,4,14.7,Evening,2022-09-18,Kelly,67.17
MCH-5598,Laser Cutter,Surat,15,528.26,597,5.86,Medium,32.9,18,0.3,Morning,2025-03-29,Carlos,92.29
MCH-5599,3D Printer,Ahmedabad,20,1003.92,279,11.15,Low,31.6,16,27.0,Morning,2023-08-14,Doris,59.69
MCH-5600,Robotic Arm,Ahmedabad,14,733.42,675,5.06,High,28.9,24,10.8,Morning,2024-05-07,Eric,86.9
MCH-5601,Robotic Arm,Pune,11,329.4,489,11.89,High,37.8,4,8.2,Morning,2023-04-13,,74.08
MCH-5602,,Vadodara,19,,372,14.09,,28.8,11,2.2,Night,2022-08-20,James,72.51
MCH-5603,Robotic Arm,Vadodara,6,1038.65,295,11.36,Medium,24.3,21,26.4,Evening,2024-05-24,Dylan,59.77
MCH-5604,,Ahmedabad,8,584.05,1266,0.41,Low,33.6,18,23.0,Morning,2023-01-02,Amy,92.8
MCH-5605,Robotic Arm,Rajkot,17,460.92,259,10.17,Low,28.2,20,1.3,Night,2023-04-02,Traci,80.25
MCH-5606,Laser Cutter,Pune,4,585.56,794,7.49,High,27.4,5,4.1,Evening,2022-03-21,Mercedes,87.93
MCH-5607,,Rajkot,13,,1270,5.27,,38.2,26,25.9,Evening,2024-07-20,Jerry,81.11
MCH-5608,3D Printer,Vadodara,21,430.86,1027,13.39,,26.7,18,1.6,Evening,2023-04-24,Jasmine,80.04
MCH-5609,CNC,Ahmedabad,15,,515,3.74,Medium,38.2,13,16.9,Night,2023-03-16,Edward,83.97
MCH-5610,Packaging Unit,Ahmedabad,22,590.35,211,3.17,Low,16.5,19,5.3,Morning,2023-11-05,Taylor,90.86
MCH-5611,Robotic Arm,Rajkot,5,966.11,1180,12.2,High,40.0,17,8.9,Morning,2022-11-01,John,77.82
MCH-5612,Packaging Unit,Pune,16,673.68,468,0.1,Low,22.4,12,7.0,Night,2024-02-28,James,97.84
MCH-5613,Robotic Arm,Ahmedabad,9,1215.5,499,5.53,High,27.5,28,17.6,Evening,2023-08-13,Kelsey,79.04
MCH-5614,3D Printer,Rajkot,6,,1749,2.4,High,21.0,27,7.9,morning,2022-02-18,Randy,103.61
MCH-5615,Packaging Unit,Vadodara,13,509.61,1910,6.97,Low,34.7,6,4.6,Night,2022-01-27,John,98.03
MCH-5616,CNC,Pune,21,628.26,983,0.41,High,27.5,17,4.2,Morning,2024-09-23,Mary,103.53
MCH-5617,3D Printer,Ahmedabad,18,239.06,1175,5.82,High,21.5,15,2.8,Morning,2025-02-04,Martin,95.85
MCH-5618,Packaging Unit,Pune,14,968.23,324,12.68,Medium,37.3,10,9.7,Night,2023-05-03,Edward,69.17
MCH-5619,Packaging Unit,Ahmedabad,4,930.64,599,1.55,Low,20.5,21,12.4,Morning,2024-12-16,Shannon,91.88
MCH-5620,Packaging Unit,Vadodara,7,698.0,1647,3.38,High,27.8,18,23.5,Night,2023-11-17,Jesse,89.52
MCH-5621,3D Printer,Vadodara,23,555.18,851,12.2,Low,24.2,8,10.2,Evening,2024-08-10,James,74.76
MCH-5622,Laser Cutter,Vadodara,21,768.43,913,4.31,Low,27.7,6,20.7,Night,2025-02-26,Lori,83.4
MCH-5623,3D Printer,Ahmedabad,23,485.19,1286,10.11,High,33.6,8,9.5,Night,2025-03-14,Margaret,83.15
MCH-5624,Robotic Arm,Surat,5,1159.05,428,9.8,Low,22.5,2,1.6,Night,2022-10-16,Tracy,81.19
MCH-5625,CNC,Rajkot,9,913.12,277,2.9,High,27.6,8,3.9,Evening,2024-07-07,Randall,92.47
MCH-5626,3D Printer,Ahmedabad,20,382.26,106,4.04,Medium,45.7,22,9.8,Evening,2024-01-12,Felicia,85.4
MCH-5627,Robotic Arm,Pune,13,432.3,1734,6.5,,34.5,29,1.3,Evening,2023-04-24,John,99.92
MCH-5628,Packaging Unit,Ahmedabad,5,988.19,1395,11.09,,,23,9.7,Evening,2024-03-03,Kelly,81.24
MCH-5629,Packaging Unit,Vadodara,19,762.19,413,11.63,Medium,19.2,18,9.2,Morning,2022-12-05,Cody,72.65
MCH-5630,CNC,Surat,20,864.68,1322,6.88,Low,33.3,28,0.3,Evening,2024-08-29,Cynthia,95.81
MCH-5631,Robotic Arm,Vadodara,4,5517.2,423,2.41,High,30.7,12,1.2000000000000002,Night,2022-12-12,Kathy,97.58
MCH-5632,Robotic Arm,Surat,20,591.83,1469,6.93,,40.2,13,13.0,Night,2022-12-31,,88.44
MCH-5633,CNC,Pune,16,1682.55,539,9.73,High,25.2,27,13.0,Evening,2023-05-29,William,73.53
MCH-5634,Laser Cutter,Ahmedabad,17,657.12,1822,10.17,High,36.0,20,2.7,Evening,2022-04-22,Ashley,92.01
MCH-5635,3D Printer,Ahmedabad,23,988.53,1490,6.14,,28.8,10,11.6,Evening,2023-08-04,Darrell,90.6
MCH-5636,Packaging Unit,Vadodara,11,466.6,997,4.4,High,19.6,2,7.1,Evening,2022-05-02,Keith,93.87
MCH-5637,3D Printer,Surat,7,566.63,1067,11.93,High,36.3,3,14.8,Evening,2025-03-25,Kimberly,73.86
MCH-5638,CNC,Ahmedabad,16,1404.61,525,5.75,High,34.7,9,1.9,Morning,2023-08-16,Cody,89.54
MCH-5639,3D Printer,Vadodara,14,595.67,59,9.93,Medium,29.2,22,0.6,Night,2025-01-10,Edward,79.36
MCH-5640,CNC,Surat,6,1271.87,1417,1.43,,26.7,19,1.4,Morning,2022-07-17,Alexander,106.15
MCH-5641,CNC,Rajkot,13,673.43,938,14.36,,27.4,27,1.7,Night,2024-09-28,Anna,76.94
MCH-5642,Packaging Unit,Vadodara,7,514.79,1229,10.76,Low,35.3,13,2.1,morning,2025-04-10,Kevin,86.52
MCH-5643,CNC,Ahmedabad,23,698.5,416,11.25,Low,39.0,21,0.7,Night,2023-09-27,Rebecca,79.48
MCH-5644,3D Printer,Rajkot,4,1340.16,786,6.72,High,26.1,2,34.1,Night,2025-03-03,Christopher,67.33
MCH-5645,CNC,Surat,11,487.62,1698,14.58,High,,3,0.1,Morning,2024-10-08,Adam,84.22
MCH-5646,3D Printer,Pune,16,993.51,1384,9.41,High,40.3,7,20.1,Night,2025-03-17,Mark,77.22
MCH-5647,Packaging Unit,Pune,16,1009.22,912,1.09,,29.2,24,44.3,Morning,2022-03-05,Donald,72.97
MCH-5648,Laser Cutter,Rajkot,22,909.11,106,10.29,Medium,28.7,4,2.0,Morning,2022-05-22,Julie,77.6
MCH-5649,,Surat,6,1020.78,688,0.62,High,14.7,8,3.1,Morning,2023-11-06,Jocelyn,100.87
MCH-5650,CNC,Vadodara,9,865.69,585,6.27,Medium,30.4,5,2.6,Morning,2023-07-19,Gary,89.28
MCH-5651,Laser Cutter,Rajkot,16,288.58,523,7.17,High,19.2,22,15.2,Morning,2024-06-17,Danielle,78.97
MCH-5652,Laser Cutter,Ahmedabad,11,1214.72,1853,1.61,High,30.9,22,5.9,Night,2022-08-27,Debra,106.36
MCH-5653,Packaging Unit,Pune,13,603.98,531,6.0,High,28.4,22,4.2,Evening,2024-02-06,Stacey,88.62
MCH-5654,3D Printer,Ahmedabad,16,675.24,1728,7.53,High,30.3,22,0.9,Evening,2024-01-12,Kaylee,97.75
MCH-5655,Robotic Arm,Pune,22,507.24,1551,5.29,HIGH,27.9,21,0.1,Night,2023-07-13,David,101.55
MCH-5656,Robotic Arm,Pune,12,1024.11,1242,3.9,High,33.5,14,1.1,Morning,2023-06-20,Trevor,100.32
MCH-5657,Robotic Arm,Pune,22,752.57,1272,3.64,Low,34.1,5,5.6,Evening,2024-11-13,Jennifer,98.32
MCH-5658,Laser Cutter,Pune,19,658.83,548,9.68,Medium,29.8,26,5.6,Night,2025-04-06,Matthew,80.35
MCH-5659,Packaging Unit,Vadodara,20,706.94,172,5.58,High,32.2,15,29.8,Evening,2024-02-19,Lisa,68.4
MCH-5660,,Ahmedabad,4,508.73,81,8.56,High,34.6,14,4.2,Evening,2024-07-07,Joseph,79.89
MCH-5661,Laser Cutter,Rajkot,15,598.51,862,5.25,Medium,32.7,12,7.5,Morning,2023-08-22,Chris,90.58
MCH-5662,Laser Cutter,Rajkot,4,161.76,1460,9.66,Low,25.4,4,7.1,Night,2022-02-26,Angela,87.65
MCH-5663,CNC,Surat,9,1081.0,909,11.49,High,31.4,16,5.1,Evening,2022-12-16,Priscilla,79.48
MCH-5664,3D Printer,Surat,13,2461.95,781,5.33,Low,,4,8.5,Night,2025-02-21,Christopher,86.38
MCH-5665,3D Printer,Vadodara,22,365.72,420,5.88,HIGH,34.2,9,15.8,Night,2022-12-31,Kylie,80.16
MCH-5666,3D Printer,Vadodara,13,1913.29,861,5.41,High,16.4,17,6.6,Evening,2022-09-30,,89.0
MCH-5667,Packaging Unit,Ahmedabad,15,1131.4,840,7.89,,19.0,10,0.3,Morning,2024-09-14,Amy,89.39
MCH-5668,Robotic Arm,Vadodara,23,926.07,1306,13.51,High,26.2,6,38.4,Night,2022-08-09,Gabriel,55.66
MCH-5669,Robotic Arm,Pune,22,781.96,1474,2.84,High,31.9,15,7.9,Night,2023-12-23,Cassidy,99.96
MCH-5670,Robotic Arm,Ahmedabad,4,1079.89,887,2.11,Low,30.9,29,14.0,Night,2023-01-05,Amber,91.83
MCH-5671,Packaging Unit,Ahmedabad,13,179.67,1484,9.17,Low,23.7,17,32.5,Evening,2024-04-28,Samantha,71.02
MCH-5672,Robotic Arm,Rajkot,11,1237.66,870,11.45,Low,35.9,12,13.3,Night,2024-09-09,Robert,73.27
MCH-5673,Robotic Arm,Pune,15,389.82,471,6.47,High,34.5,6,1.0,Night,2024-06-14,Alan,89.73
MCH-5674,Robotic Arm,Rajkot,8,804.16,958,3.61,Medium,35.3,13,6.7,Night,2023-11-10,Robert,94.92
MCH-5675,Robotic Arm,Rajkot,10,,78,11.52,High,,7,0.7,Evening,2022-04-07,Tara,76.35
MCH-5676,CNC,Pune,16,1326.92,1224,0.56,Medium,34.1,6,4.5,Evening,2025-03-22,Suzanne,104.03
MCH-5677,CNC,Surat,9,662.9,1099,9.98,High,32.0,18,21.7,Morning,2025-02-21,April,73.06
MCH-5678,Packaging Unit,Rajkot,15,991.54,1196,8.87,Medium,35.4,6,17.5,Night,2025-04-01,Ryan,78.56
MCH-5679,Packaging Unit,Pune,5,863.39,577,6.99,High,24.6,11,1.6,Night,2024-09-25,Dana,88.47
MCH-5680,3D Printer,Surat,16,914.9,1636,10.41,High,31.1,2,0.5,Night,2023-01-27,Wendy,91.16
MCH-5681,CNC,Vadodara,8,413.22,496,13.3,Medium,32.4,29,2.2,Morning,2024-04-25,Sarah,75.4
MCH-5682,Robotic Arm,Pune,5,414.35,602,0.83,Medium,,3,24.0,Night,2023-09-19,Jeffery,85.96
MCH-5683,Packaging Unit,Surat,17,1259.1,994,0.99,Medium,27.3,6,0.9,Morning,2023-07-12,Christopher,103.87
MCH-5684,Packaging Unit,Vadodara,9,602.62,1202,6.59,High,24.0,29,0.1,Night,2023-08-21,Amanda,95.91
MCH-5685,Packaging Unit,Pune,21,709.23,570,5.47,,35.5,12,10.4,Morning,2023-02-06,Alexis,85.52
MCH-5686,Packaging Unit,Pune,11,616.85,1437,6.29,HIGH,49.6,21,4.7,Morning,2025-02-18,Kenneth,95.22
MCH-5687,CNC,Pune,22,581.93,1626,14.64,HIGH,37.4,25,2.1,Evening,2022-08-02,Christopher,81.97
MCH-5688,Robotic Arm,Rajkot,16,921.92,862,8.59,High,36.2,9,3.5,Morning,2023-07-09,Arthur,86.24
MCH-5689,Packaging Unit,Ahmedabad,15,621.33,1647,6.09,High,27.8,28,0.2,Morning,2025-01-03,Erica,100.52
MCH-5690,,Vadodara,19,259.56,757,7.3,Low,25.7,16,2.1,Evening,2024-11-28,Kimberly,89.87
MCH-5691,3D Printer,Rajkot,21,1191.97,993,11.23,Medium,25.0,14,14.1,Night,2025-02-16,,74.24
MCH-5692,3D Printer,Pune,4,504.38,782,3.22,Low,33.5,3,14.4,Evening,2025-03-29,Michele,89.28
MCH-5693,Robotic Arm,Pune,13,329.94,284,7.12,Low,31.4,24,19.5,Evening,2022-05-01,Ashley,74.01
MCH-5694,Laser Cutter,Vadodara,14,668.08,910,11.51,Medium,33.4,10,6.2,Evening,2024-10-20,Karen,79.27
MCH-5695,Packaging Unit,Rajkot,18,703.54,404,6.88,Low,27.5,27,18.5,Night,2022-07-14,Martha,75.65
MCH-5696,3D Printer,Rajkot,22,531.63,1460,7.95,Medium,24.4,27,12.5,Morning,2023-08-26,Meredith,86.76
MCH-5697,CNC,Surat,15,523.06,1982,8.02,Low,31.6,9,8.2,Evening,2022-03-17,Bonnie,93.99
MCH-5698,CNC,Ahmedabad,13,833.96,1448,6.56,Medium,24.9,4,5.6,Night,2022-04-15,Amanda,93.84
MCH-5699,CNC,Vadodara,19,420.33,1201,5.92,Low,24.9,8,12.4,Morning,2025-04-11,Brandon,88.89
MCH-5700,CNC,Vadodara,5,307.98,1747,10.25,High,34.9,13,18.6,Night,2022-08-08,Susan,80.6
MCH-5701,Laser Cutter,Pune,15,952.83,740,13.14,Medium,,18,16.1,Morning,2022-06-11,Rebecca,67.26
MCH-5702,Robotic Arm,Ahmedabad,17,388.62,1575,5.69,Low,24.3,4,14.7,morning,2023-11-23,Amanda,90.9
MCH-5703,Laser Cutter,Ahmedabad,4,726.2,565,2.38,High,25.4,8,28.0,Night,2024-08-14,Jennifer,79.31
MCH-5704,Packaging Unit,Pune,5,411.04,1664,14.55,Low,34.3,11,0.9,Night,2022-06-26,Robin,83.55
MCH-5705,Packaging Unit,Vadodara,17,487.75,1137,9.07,Low,24.6,12,4.0,Evening,2023-03-05,,87.84
MCH-5706,3D Printer,Rajkot,21,,1572,6.23,High,15.7,4,14.2,Evening,2022-07-14,April,88.6
MCH-5707,CNC,Surat,22,1061.69,1040,12.33,Low,28.2,7,6.9,Evening,2022-09-19,Laura,77.66
MCH-5708,CNC,Pune,11,570.06,1237,11.22,High,20.8,2,1.0,Morning,2022-09-05,Crystal,86.35
MCH-5709,Laser Cutter,Rajkot,9,334.75,1724,0.2,HIGH,33.5,26,4.5,Night,2023-07-15,Anthony,110.34
MCH-5710,Robotic Arm,Pune,9,263.8,1544,5.94,Low,31.9,9,19.4,morning,2024-05-04,John,87.03
MCH-5711,Laser Cutter,Rajkot,16,935.74,176,13.39,Medium,14.8,13,3.9,Evening,2024-06-26,Raymond,70.62
MCH-5712,3D Printer,Surat,5,583.79,1678,5.93,Low,26.3,16,5.2,Night,2023-01-02,Lisa,97.65
MCH-5713,CNC,Rajkot,16,1122.19,1212,6.6,Medium,27.7,9,12.3,Night,2023-01-11,Brittany,86.69
MCH-5714,3D Printer,Pune,11,336.95,1359,7.8,Low,27.7,5,10.9,Evening,2024-09-07,,87.61
MCH-5715,Laser Cutter,Pune,11,611.19,256,2.65,Low,21.6,15,12.2,Night,2022-07-25,Ashley,87.42
MCH-5716,CNC,Pune,10,552.01,163,6.9,High,34.5,4,0.4,Night,2024-12-19,Jeff,86.49
MCH-5717,Packaging Unit,Pune,12,128.24,240,0.96,Medium,24.0,7,0.4,Evening,2024-01-13,Frank,99.62
MCH-5718,Robotic Arm,Pune,16,861.85,638,10.68,Medium,34.0,21,10.1,Evening,2023-01-09,,75.66
MCH-5719,Robotic Arm,Rajkot,13,517.25,607,4.89,High,31.6,11,12.4,Night,2022-10-25,Kathleen,85.86
MCH-5720,Packaging Unit,Vadodara,10,197.47,252,4.97,High,26.3,18,8.2,Morning,2024-06-05,James,86.14
MCH-5721,,Ahmedabad,20,500.19,285,10.39,Low,38.6,5,17.5,Morning,2023-07-10,,68.63
MCH-5722,Laser Cutter,Ahmedabad,8,547.25,1356,14.66,High,34.0,5,4.0,Evening,2023-02-14,Tracey,78.4
MCH-5723,Packaging Unit,Vadodara,11,897.47,1473,11.25,Medium,35.6,26,6.8,Morning,2023-06-16,Brooke,83.73
MCH-5724,CNC,Ahmedabad,12,1289.01,1415,1.98,High,,26,22.0,Morning,2022-01-29,Katherine,90.59
MCH-5725,Robotic Arm,Surat,19,1466.96,421,11.94,Medium,33.6,21,5.4,Night,2023-11-05,Natalie,78.74
MCH-5726,3D Printer,Ahmedabad,17,1065.56,119,2.19,Low,31.9,27,1.2,Evening,2024-02-28,Scott,94.25
MCH-5727,Laser Cutter,Pune,19,242.39,1285,1.18,Low,33.6,27,2.6,Night,2024-12-23,Lisa,106.18
MCH-5728,Robotic Arm,Pune,18,828.91,720,4.16,High,29.1,14,2.8,Night,2024-03-23,Susan,94.54
MCH-5729,Packaging Unit,Vadodara,8,302.48,779,6.48,Medium,30.0,21,0.8,Night,2024-05-23,Anthony,92.54
MCH-5730,Laser Cutter,Vadodara,15,421.38,201,10.75,,37.9,19,16.0,Night,2023-06-04,Tyler,68.37
MCH-5731,,Ahmedabad,9,448.85,668,2.78,Medium,34.3,5,2.2,Evening,2024-07-26,Meagan,97.83
MCH-5732,Packaging Unit,Pune,10,815.37,1247,0.94,Low,32.3,3,4.1,Morning,2024-08-29,Brett,104.48
MCH-5733,Laser Cutter,Rajkot,16,587.21,507,0.44,Medium,27.5,11,2.7,Morning,2024-07-24,Eric,100.62
MCH-5734,CNC,Pune,19,280.61,1307,3.97,Medium,26.1,13,27.2,Morning,2023-08-31,Angela,83.51
MCH-5735,Laser Cutter,Surat,21,451.24,1888,7.97,Medium,38.0,25,0.8,Night,2022-12-20,,98.59
MCH-5736,CNC,Ahmedabad,10,245.23,572,10.43,Medium,21.4,28,10.6,Night,2022-09-04,Carolyn,76.14
MCH-5737,Packaging Unit,Vadodara,4,384.43,1777,10.97,Medium,25.0,16,2.9,Evening,2022-04-19,Randy,90.29
MCH-5738,Laser Cutter,Pune,23,1269.36,179,6.86,High,31.7,24,12.2,Evening,2022-02-15,Chris,77.42
MCH-5739,3D Printer,Surat,13,591.71,1500,9.29,Low,25.4,4,5.6,Morning,2023-12-29,Tammy,89.15
MCH-5740,Robotic Arm,Pune,16,264.97,968,7.12,Medium,22.5,7,11.7,Evening,2022-05-15,Marissa,85.26
MCH-5741,Packaging Unit,Vadodara,9,692.71,1368,13.65,High,,13,4.4,Evening,2024-07-16,Jerry,80.03
MCH-5742,3D Printer,Rajkot,23,668.81,410,5.43,Low,,29,14.7,Evening,2024-05-25,Steven,81.31
MCH-5743,CNC,Rajkot,15,1660.55,1317,7.5,Medium,32.6,7,7.7,Morning,2024-07-24,Kelly,88.21
MCH-5744,CNC,Pune,5,998.96,273,8.68,High,32.5,16,0.9,Morning,2023-04-30,Ryan,82.86
MCH-5745,Robotic Arm,Surat,17,1067.96,1928,4.76,High,35.2,20,2.4,Night,2024-05-19,Nicholas,103.34
MCH-5746,CNC,Pune,15,446.78,1486,5.32,Low,28.5,8,7.8,Evening,2024-05-09,Christopher,95.65
MCH-5747,Laser Cutter,Vadodara,18,408.45,1691,2.2,Low,29.6,17,4.0,Morning,2023-07-13,Nicholas,106.31
MCH-5748,Laser Cutter,Vadodara,18,1622.35,1456,2.55,High,29.5,6,13.5,Morning,2022-06-01,Kevin,95.27
MCH-5749,3D Printer,Vadodara,9,1569.26,792,8.75,Low,33.0,26,2.0,Evening,2023-05-14,Jessica,85.46
MCH-5750,CNC,Rajkot,12,823.63,1650,1.6,Medium,22.2,5,5.0,Evening,2023-03-27,Tyler,105.87
MCH-5751,Laser Cutter,Ahmedabad,22,342.64,1240,13.05,Medium,25.0,6,10.6,Evening,2023-02-11,Daniel,76.32
MCH-5752,Laser Cutter,Rajkot,7,,952,3.32,High,25.1,13,12.6,Evening,2023-05-04,Kimberly,91.55
MCH-5753,,Rajkot,15,969.54,1494,1.53,High,31.2,8,5.0,Evening,2025-03-18,Christopher,104.5
MCH-5754,Laser Cutter,Pune,14,342.5,1220,7.25,Medium,26.3,5,5.2,Morning,2023-01-25,Elizabeth,91.54
MCH-5755,CNC,Rajkot,10,229.74,868,7.12,High,25.8,3,2.0,Morning,2024-03-08,James,91.27
MCH-5756,Laser Cutter,Rajkot,7,804.99,496,0.99,High,28.9,17,4.9,Morning,2024-01-30,Mark,97.57
MCH-5757,Packaging Unit,Surat,13,131.94,1566,1.78,High,20.4,19,7.9,Night,2023-09-15,Ricardo,103.77
MCH-5758,CNC,Rajkot,19,,1587,5.39,High,30.3,4,4.9,Night,2024-11-20,Kristin,98.67
MCH-5759,CNC,Rajkot,8,704.0,927,2.73,Medium,32.3,15,12.0,Night,2024-06-14,Julie,92.86
MCH-5760,Laser Cutter,Rajkot,7,1493.16,1715,8.73,Low,21.8,23,0.9,morning,2022-07-08,Justin,94.07
MCH-5761,3D Printer,Ahmedabad,20,478.51,787,4.79,High,36.1,3,9.7,Evening,2024-10-28,Brianna,89.5
MCH-5762,Laser Cutter,Ahmedabad,9,1160.45,1432,5.63,Medium,37.1,20,1.4,Night,2024-08-15,Michelle,98.04
MCH-5763,Laser Cutter,Surat,8,881.91,292,7.75,Medium,23.2,25,1.6,Night,2024-04-03,Devin,84.55
MCH-5764,CNC,Ahmedabad,12,894.22,467,0.99,Medium,37.7,5,17.6,Morning,2025-02-12,Derek,88.31
MCH-5765,3D Printer,Rajkot,14,369.19,335,9.38,Medium,19.6,14,8.5,Evening,2024-06-27,Jeffrey,77.55
MCH-5766,CNC,Ahmedabad,19,450.38,333,0.16,Low,31.5,27,12.9,Evening,2023-10-15,Mark,92.78
MCH-5767,3D Printer,Vadodara,19,401.98,648,2.44,Low,38.4,19,8.2,Evening,2022-12-23,Russell,94.21
MCH-5768,3D Printer,Ahmedabad,18,308.26,883,1.11,Low,29.8,29,4.3,Night,2023-09-03,Suzanne,101.69
MCH-5769,Laser Cutter,Vadodara,23,617.12,1933,6.55,High,,7,3.0,morning,2023-07-12,Kimberly,100.03
MCH-5770,Robotic Arm,Vadodara,23,1069.48,433,9.14,,17.8,3,4.0,Morning,2023-04-05,Joseph,81.0
MCH-5771,Robotic Arm,Surat,11,1004.26,1302,12.4,Medium,29.8,4,11.2,Morning,2024-12-31,Angela,76.78
MCH-5772,3D Printer,Pune,11,471.92,1795,3.33,Medium,30.4,22,16.5,Morning,2022-08-19,Suzanne,96.07
MCH-5773,Laser Cutter,Vadodara,5,768.7,1522,10.22,Low,27.8,7,0.7,Morning,2024-05-08,David,90.66
MCH-5774,3D Printer,Vadodara,4,481.6,1795,11.38,Medium,28.6,26,10.0,morning,2023-08-28,Paul,84.51
MCH-5775,CNC,Pune,7,706.99,315,12.79,Medium,,27,2.6,Morning,2022-02-26,Rachel,74.22
MCH-5776,Robotic Arm,Ahmedabad,9,632.01,555,1.09,Medium,19.9,10,7.7,Night,2023-01-01,Virginia,96.15
MCH-5777,Robotic Arm,Vadodara,14,813.01,793,5.37,Medium,27.3,21,9.0,Night,2023-06-18,Christina,88.41
MCH-5778,Laser Cutter,Surat,7,155.1,184,1.62,High,22.3,25,3.3,Night,2022-09-29,Daniel,95.76
MCH-5779,Laser Cutter,Vadodara,19,598.13,1450,9.81,Low,30.7,15,21.9,Night,2023-08-12,Robert,76.28
MCH-5780,CNC,Surat,23,871.52,1941,10.37,Medium,33.1,5,46.4,Morning,2023-12-18,David,61.71
MCH-5781,CNC,Rajkot,18,1052.14,1609,6.06,Low,32.3,19,4.4,Night,2025-03-10,,96.71
MCH-5782,Packaging Unit,Surat,13,1252.44,713,13.39,Medium,,11,1.7,Night,2023-04-25,Sara,76.18
MCH-5783,Laser Cutter,Vadodara,8,671.03,1125,1.88,Medium,26.7,26,0.6,Night,2024-04-23,Ann,104.24
MCH-5784,CNC,Pune,4,641.06,1308,3.82,Medium,20.0,6,4.0,Evening,2022-03-09,Andrew,99.54
MCH-5785,3D Printer,Surat,20,1231.35,1805,6.48,Low,23.3,22,0.0,Night,2025-01-05,Melissa,100.32
MCH-5786,Laser Cutter,Surat,9,394.17,233,7.44,High,35.6,16,4.3,Morning,2024-04-04,Teresa,83.49
MCH-5787,Laser Cutter,Ahmedabad,15,736.54,1409,0.38,Low,35.5,24,20.4,Night,2023-10-28,Eileen,95.65
MCH-5788,CNC,Ahmedabad,23,474.6,275,3.72,Low,21.5,26,5.2,Evening,2022-09-25,Andrea,90.53
MCH-5789,CNC,Rajkot,18,813.4,1292,9.84,High,28.6,9,0.9,Night,2023-10-13,Aaron,89.29
MCH-5790,Packaging Unit,Surat,21,998.38,1691,6.17,High,30.4,11,1.7,Evening,2025-03-22,Kim,99.14
MCH-5791,Laser Cutter,Pune,21,,582,7.2,High,35.2,10,17.5,Evening,2022-04-03,Kara,76.52
MCH-5792,3D Printer,Ahmedabad,15,727.28,1248,0.88,Low,25.4,13,9.2,Evening,2022-06-05,,101.16
MCH-5793,Laser Cutter,Surat,20,266.72,1278,14.76,High,20.3,16,5.5,Morning,2023-06-25,Chelsea,76.9
MCH-5794,Laser Cutter,Surat,23,384.23,1302,3.42,Medium,31.3,9,3.7,Evening,2024-04-21,William,100.87
MCH-5795,3D Printer,Surat,18,342.17,1512,9.51,,39.7,6,5.0,Morning,2024-10-15,Janet,89.59
MCH-5796,Laser Cutter,Pune,19,484.25,897,3.49,Medium,27.7,16,10.3,Night,2023-07-31,Felicia,92.59
MCH-5797,Packaging Unit,Surat,14,395.16,472,1.84,Low,24.6,11,13.4,Morning,2023-10-19,Elaine,90.31
MCH-5798,3D Printer,Surat,4,468.93,804,1.78,Low,33.1,26,2.2,Night,2024-06-17,Scott,100.93
MCH-5799,Laser Cutter,Rajkot,8,464.86,588,4.5,High,42.0,18,10.2,Evening,2022-09-10,Rachel,88.1
MCH-5800,CNC,Rajkot,18,326.34,1500,8.64,Low,32.2,24,1.5,Night,2024-10-15,Blake,93.7
MCH-5801,Packaging Unit,Ahmedabad,4,1053.83,994,1.7,Medium,21.5,25,2.1,Evening,2023-01-17,Michael,101.91
MCH-5802,CNC,Rajkot,19,1124.99,377,5.02,HIGH,28.0,2,8.1,Night,2024-01-19,Kyle,85.82
MCH-5803,Packaging Unit,Vadodara,13,,1826,7.58,High,33.3,11,0.7,Morning,2023-08-25,Mary,99.09
MCH-5804,3D Printer,Rajkot,16,442.58,1103,7.1,Low,38.0,3,3.6,Evening,2022-08-06,Hunter,91.84
MCH-5805,3D Printer,Surat,16,938.39,1350,4.54,Medium,31.4,11,12.1,Evening,2022-06-27,Pamela,92.36
MCH-5806,3D Printer,Vadodara,19,882.45,1199,3.98,High,23.0,22,3.3,Night,2023-06-05,Elizabeth,98.46
MCH-5807,3D Printer,Surat,12,1240.93,1614,1.15,Low,22.0,3,8.8,Night,2022-09-27,Jeffrey,103.22
MCH-5808,Robotic Arm,Pune,5,515.2,1684,0.93,High,26.3,2,5.5,Morning,2024-12-11,Brian,107.59
MCH-5809,3D Printer,Rajkot,12,414.99,503,5.23,High,24.9,14,1.1,Morning,2023-12-31,Robert,92.37
MCH-5810,3D Printer,Rajkot,9,340.67,1057,10.32,High,27.2,3,14.9,Morning,2024-04-12,Shane,77.25
MCH-5811,CNC,Surat,17,394.05,502,3.29,Low,32.0,24,8.2,Night,2022-05-28,Vanessa,91.3
MCH-5812,3D Printer,Surat,6,469.93,106,12.87,Low,42.0,14,4.9,Morning,2024-09-04,Kimberly,71.04
MCH-5813,3D Printer,Vadodara,7,740.74,1618,8.03,High,32.7,20,1.4,Night,2023-12-13,Chelsea,95.39
MCH-5814,Packaging Unit,Rajkot,8,357.89,391,12.47,Low,,5,0.2,Evening,2023-01-05,Steven,77.67
MCH-5815,CNC,Vadodara,15,640.5,1552,9.88,Low,29.2,7,27.9,Morning,2023-12-05,Kathryn,72.73
MCH-5816,Robotic Arm,Surat,20,1322.2,1552,14.75,Low,30.7,14,5.1,Evening,2022-08-27,Tonya,77.97
MCH-5817,Robotic Arm,Rajkot,22,1040.98,1463,2.12,Medium,28.9,17,6.0,Night,2022-01-15,Nicole,102.26
MCH-5818,CNC,Vadodara,12,859.64,1069,11.73,Medium,24.9,14,19.9,Morning,2024-10-07,Jo,70.29
MCH-5819,CNC,Ahmedabad,7,861.33,292,3.63,Low,28.8,5,4.9,Night,2022-03-10,Sandra,90.51
MCH-5820,Laser Cutter,Surat,9,547.66,1357,7.48,Medium,33.7,8,9.0,Evening,2023-01-16,,89.27
MCH-5821,CNC,Rajkot,4,921.54,1519,12.37,High,,9,17.7,Morning,2024-05-08,Morgan,74.21
MCH-5822,Packaging Unit,Surat,4,890.75,854,10.88,,33.1,28,25.7,Evening,2022-09-27,Joshua,66.09
MCH-5823,Robotic Arm,Vadodara,19,1055.97,1481,6.3,HIGH,25.4,7,2.0,Evening,2023-01-20,Harold,96.83
MCH-5824,Packaging Unit,Pune,9,818.13,1540,5.5,High,32.8,24,23.2,Morning,2024-03-07,John,84.42
MCH-5825,3D Printer,Surat,17,877.62,142,10.26,High,15.4,2,10.9,Night,2025-01-04,Brandon,71.78
MCH-5826,CNC,Surat,17,402.69,1370,1.59,Low,34.9,8,1.6,Evening,2023-02-22,Monica,106.54
MCH-5827,CNC,Surat,19,317.12,1330,12.06,Low,35.9,24,4.5,Morning,2024-01-24,William,83.36
MCH-5828,Laser Cutter,Ahmedabad,14,918.57,1070,8.94,Low,33.2,6,5.3,Night,2023-08-02,Tracy,86.01
MCH-5829,CNC,Rajkot,18,719.84,240,3.01,High,35.3,28,2.5,Morning,2024-12-11,Lisa,93.2
MCH-5830,Packaging Unit,Rajkot,16,1400.11,283,4.59,Medium,28.3,19,12.5,Morning,2022-05-07,Joseph,82.43
MCH-5831,3D Printer,Pune,13,637.44,1496,2.64,Medium,20.0,28,0.6,Morning,2022-10-14,Hailey,105.86
MCH-5832,,Vadodara,14,756.4,1038,5.68,Low,26.8,6,10.9,Night,2022-07-30,Colleen,88.58
MCH-5833,Packaging Unit,Ahmedabad,10,901.09,332,7.08,High,27.2,16,1.5,Night,2022-09-21,Matthew,86.27
MCH-5834,Laser Cutter,Rajkot,4,400.0,490,9.51,Low,,14,3.8,Morning,2022-05-30,Holly,81.83
MCH-5835,Laser Cutter,Vadodara,4,571.92,428,3.99,High,37.3,22,16.0,Evening,2023-04-06,Tiffany,83.57
MCH-5836,Packaging Unit,Rajkot,18,209.19,64,7.08,,25.7,22,4.1,Morning,2024-06-14,Patricia,83.2
MCH-5837,Laser Cutter,Vadodara,21,,478,5.66,Low,25.4,15,4.9,Morning,2022-10-12,,88.46
MCH-5838,3D Printer,Ahmedabad,22,912.41,1365,6.13,High,32.3,23,3.4,Morning,2022-02-09,Timothy,95.43
MCH-5839,3D Printer,Vadodara,13,876.09,1213,14.24,Low,25.2,20,0.8,Night,2022-10-26,Charles,79.82
MCH-5840,Robotic Arm,Pune,23,487.92,300,4.29,Medium,32.4,13,22.3,Evening,2022-04-27,Kathleen,77.61
MCH-5841,Packaging Unit,Ahmedabad,14,791.83,1149,0.83,Medium,34.7,2,0.0,Evening,2023-08-01,Kevin,106.78
MCH-5842,Laser Cutter,Rajkot,4,694.24,722,14.18,High,28.5,19,11.5,Evening,2024-03-04,Daniel,68.61
MCH-5843,Robotic Arm,Ahmedabad,9,263.1,1967,7.12,High,38.5,26,7.1,Night,2023-02-05,Kenneth,96.81
MCH-5844,3D Printer,Rajkot,15,516.61,1670,0.19,High,31.8,3,8.9,Evening,2023-07-06,Brandon,106.57
MCH-5845,Robotic Arm,Vadodara,5,482.91,1508,10.02,Medium,26.8,3,16.9,Morning,2023-07-29,Amber,80.01
MCH-5846,Robotic Arm,Ahmedabad,15,627.21,407,4.57,Medium,34.0,29,2.5,Night,2022-12-13,Sharon,91.61
MCH-5847,Laser Cutter,Pune,6,483.01,1978,7.42,Medium,38.1,8,1.0,Night,2023-08-03,Michelle,100.25
MCH-5848,Laser Cutter,Rajkot,5,422.03,1245,12.63,High,40.1,10,0.0,Evening,2024-04-27,David,84.51
MCH-5849,3D Printer,Rajkot,5,,1763,4.23,Low,33.7,18,29.3,Evening,2022-12-28,Martin,85.31
MCH-5850,CNC,Ahmedabad,15,123.94,817,3.2,High,27.3,29,13.2,Evening,2024-08-11,William,90.99
MCH-5851,Robotic Arm,Pune,17,289.34,837,7.07,High,26.5,15,1.8,Night,2022-10-01,Mary,91.16
MCH-5852,3D Printer,Rajkot,21,1038.3,482,5.67,High,21.8,17,8.4,Night,2024-08-14,,85.31
MCH-5853,3D Printer,Vadodara,7,371.44,98,7.9,Low,24.2,17,6.3,Evening,2023-06-21,Erica,80.08
MCH-5854,3D Printer,Ahmedabad,23,770.87,1102,13.07,Medium,35.0,3,2.3,Evening,2022-11-10,Kelly,80.33
MCH-5855,Robotic Arm,Rajkot,14,754.88,487,12.36,HIGH,35.2,7,2.8,Evening,2022-10-12,Amy,76.3
MCH-5856,3D Printer,Rajkot,19,1063.59,227,7.21,,23.5,15,27.0,Evening,2022-11-13,Cynthia,67.05
MCH-5857,Packaging Unit,Vadodara,4,83.07,1808,8.42,Medium,,9,10.5,morning,2025-01-23,Daniel,90.76
MCH-5858,Laser Cutter,Pune,6,972.63,1384,12.53,Low,42.3,29,4.4,Morning,2024-04-06,Ryan,82.0
MCH-5859,Laser Cutter,Vadodara,20,678.83,1672,12.24,High,10.9,4,7.1,Night,2023-03-21,Keith,83.51
MCH-5860,Laser Cutter,Pune,6,1258.91,1354,2.82,Medium,36.2,16,0.2,Night,2023-03-28,Sarah,103.7
MCH-5861,Packaging Unit,Ahmedabad,11,566.85,1191,9.29,Medium,30.9,19,3.0,Morning,2023-07-26,Mary,88.44
MCH-5862,Robotic Arm,Rajkot,19,,1937,3.17,High,26.9,22,10.0,Morning,2023-09-23,Kathleen,100.23
MCH-5863,Laser Cutter,Surat,9,633.49,1999,12.71,High,29.1,20,7.2,Evening,2024-01-07,Michelle,85.29
MCH-5864,,Surat,22,736.96,1101,13.34,Medium,32.1,25,2.3,Evening,2023-10-02,Andrew,79.83
MCH-5865,Laser Cutter,Rajkot,11,302.6,794,1.94,Medium,25.1,7,2.9,Night,2024-10-13,Richard,100.27
MCH-5866,Robotic Arm,Ahmedabad,14,508.03,1425,10.39,Medium,29.8,2,6.7,Evening,2022-03-04,John,85.68
MCH-5867,Robotic Arm,Surat,20,806.51,195,7.26,Low,41.1,17,13.1,Morning,2022-04-06,Aimee,76.78
MCH-5868,Robotic Arm,Pune,15,1063.14,659,14.47,Low,25.3,28,22.8,Evening,2024-10-11,Ryan,59.07
MCH-5869,3D Printer,Rajkot,13,262.86,149,11.26,Low,24.8,2,4.5,Morning,2024-05-20,Stephanie,75.2
MCH-5870,Laser Cutter,Rajkot,7,581.74,1883,1.25,Low,,21,1.6,Morning,2024-04-19,Amanda,111.24
MCH-5871,CNC,Rajkot,21,558.85,1321,11.35,High,28.0,19,2.8,Night,2023-03-27,Brandon,85.55
MCH-5872,Packaging Unit,Vadodara,12,1198.49,289,9.4,High,30.5,22,1.9,Evening,2022-03-15,Amanda,80.57
MCH-5873,3D Printer,Pune,20,209.61,255,9.99,Low,24.8,24,0.3,Morning,2024-12-15,Jordan,81.64
MCH-5874,Robotic Arm,Ahmedabad,22,428.25,1584,13.77,Low,28.5,14,11.9,Morning,2025-04-01,Mallory,76.72
MCH-5875,Laser Cutter,Ahmedabad,10,889.4,1788,10.27,High,27.0,5,3.5,Evening,2023-11-10,Jillian,90.64
MCH-5876,CNC,Surat,12,717.77,762,8.45,Medium,34.3,28,0.3,Morning,2025-02-20,Matthew,88.21
MCH-5877,Packaging Unit,Rajkot,15,1158.98,459,11.43,High,,16,0.6,Evening,2022-01-27,Alexander,78.89
MCH-5878,Robotic Arm,Rajkot,20,1220.89,1139,4.63,Medium,31.4,18,32.6,Night,2023-10-07,Teresa,75.67
MCH-5879,,Surat,18,1347.07,540,11.45,Low,36.1,27,6.4,Morning,2024-09-22,Michelle,75.2
MCH-5880,Packaging Unit,Rajkot,7,446.0,1008,4.33,Medium,39.4,27,9.8,Evening,2023-10-26,Craig,92.24
MCH-5881,Packaging Unit,Pune,6,880.01,996,4.63,Medium,,25,11.3,Evening,2022-08-13,Andrew,89.87
MCH-5882,CNC,Rajkot,17,555.58,760,6.91,High,32.9,28,11.5,Night,2023-07-13,Caroline,83.67
MCH-5883,CNC,Ahmedabad,23,388.3,964,10.9,Medium,33.5,13,3.6,Evening,2024-01-02,Mark,83.16
MCH-5884,Robotic Arm,Surat,14,762.27,554,13.93,Medium,35.5,22,7.7,Night,2023-10-24,Tina,70.28
MCH-5885,Laser Cutter,Surat,22,533.0,1852,14.87,Medium,26.1,4,19.3,Evening,2023-07-20,,71.42
MCH-5886,Packaging Unit,Rajkot,23,929.5,313,13.05,Low,22.8,21,4.3,Night,2024-05-22,Hayden,72.17
MCH-5887,Robotic Arm,Pune,7,1206.25,1504,14.51,Medium,25.3,18,1.7,Evening,2024-06-14,Virginia,80.6
MCH-5888,Robotic Arm,Vadodara,6,240.15,1610,8.8,High,26.8,24,5.6,Evening,2024-06-16,Wanda,91.55
MCH-5889,Packaging Unit,Ahmedabad,5,,328,3.85,Low,28.0,28,0.8,Evening,2024-04-12,Ricardo,94.18
MCH-5890,Packaging Unit,Pune,11,802.52,69,5.73,Medium,32.1,11,30.8,Evening,2022-10-15,Matthew,66.41
MCH-5891,Packaging Unit,Rajkot,4,708.47,815,7.9,High,20.8,20,16.0,Night,2022-11-26,Melinda,78.78
MCH-5892,Laser Cutter,Surat,10,,1974,11.35,Medium,29.8,8,17.4,Evening,2023-07-03,Michael,81.33
MCH-5893,3D Printer,Ahmedabad,15,166.45,1175,12.2,High,30.8,14,2.0,Night,2023-06-21,Cynthia,83.75
MCH-5894,CNC,Ahmedabad,12,859.43,1726,6.6,Medium,24.1,17,1.8,Night,2022-11-05,Cody,98.7
MCH-5895,Packaging Unit,Ahmedabad,8,440.69,648,13.38,High,20.9,7,12.3,Night,2024-03-08,Anna,69.4
MCH-5896,Laser Cutter,Vadodara,21,506.75,689,11.76,Medium,26.4,9,23.3,morning,2023-08-21,Elizabeth,65.19
MCH-5897,CNC,Vadodara,19,388.46,1685,8.65,Medium,26.4,17,11.9,Evening,2022-02-17,Cynthia,87.86
MCH-5898,Packaging Unit,Rajkot,18,835.97,1234,3.74,Medium,30.3,9,5.2,Evening,2022-03-06,Dana,97.97
MCH-5899,3D Printer,Pune,16,1534.92,1126,9.75,Low,24.0,27,2.8,Night,2023-02-11,Stephanie,85.73
MCH-5900,CNC,Ahmedabad,10,758.63,625,11.82,Medium,23.8,27,7.5,Morning,2023-11-19,Michelle,75.23
MCH-5901,3D Printer,Vadodara,17,1308.67,1857,13.68,Low,20.6,17,27.9,Evening,2023-01-18,Micheal,66.72
MCH-5902,3D Printer,Vadodara,15,567.84,1591,13.67,Low,36.9,24,30.2,Night,2022-08-05,Samuel,63.97
MCH-5903,Laser Cutter,Vadodara,10,974.29,1566,9.56,Low,28.4,16,2.8,Evening,2024-03-30,Caroline,90.58
MCH-5904,,Ahmedabad,10,1125.89,837,13.17,Low,36.4,23,7.1,Morning,2024-01-29,Micheal,74.06
MCH-5905,CNC,Ahmedabad,22,,100,10.93,High,27.1,27,4.4,Evening,2022-12-29,,74.49
MCH-5906,3D Printer,Pune,18,1110.46,1452,9.93,Medium,34.3,22,5.5,Evening,2023-06-09,Desiree,86.8
MCH-5907,3D Printer,Pune,11,632.92,1011,8.03,Low,32.7,13,0.9,Night,2022-06-23,Amy,90.83
MCH-5908,Packaging Unit,Pune,6,289.69,665,7.26,Low,,24,7.1,Morning,2024-04-13,Kara,85.64
MCH-5909,,Rajkot,14,820.15,1051,0.16,Low,28.1,10,7.5,Evening,2024-03-21,Jeffrey,102.02
MCH-5910,Robotic Arm,Vadodara,15,277.33,710,5.48,Medium,26.4,24,11.0,Night,2024-09-28,Matthew,86.86
MCH-5911,CNC,Rajkot,10,377.13,1578,6.94,Medium,31.1,9,4.0,Morning,2023-05-06,Julie,95.93
MCH-5912,Laser Cutter,Ahmedabad,8,595.9,1416,14.96,Low,33.2,29,6.3,Evening,2023-01-04,Leslie,76.62
MCH-5913,CNC,Ahmedabad,8,,1223,3.31,Low,31.8,18,5.7,Night,2024-07-23,,98.16
MCH-5914,Packaging Unit,Surat,20,712.97,1239,14.28,,25.3,19,2.8,Night,2023-04-18,Becky,78.79
MCH-5915,Laser Cutter,Ahmedabad,15,190.06,906,7.86,Low,35.7,18,3.1,Night,2024-09-13,Erica,89.39
MCH-5916,Packaging Unit,Vadodara,16,797.64,124,5.32,High,25.5,16,32.8,Morning,2022-06-09,Rodney,66.29
MCH-5917,Robotic Arm,Rajkot,5,940.59,221,6.86,Low,31.3,27,16.2,Night,2023-04-27,,75.44
MCH-5918,Laser Cutter,Vadodara,16,910.52,1868,3.1,Low,27.7,23,0.1,Morning,2023-08-27,Tammy,108.0
MCH-5919,Laser Cutter,Pune,9,650.99,1650,6.32,Medium,25.9,24,1.8,Morning,2025-02-05,,98.92
MCH-5920,Packaging Unit,Surat,20,1697.67,193,11.69,High,38.4,6,0.6,Evening,2024-02-11,Joseph,75.38
MCH-5921,CNC,Vadodara,9,683.11,248,4.71,Medium,,3,1.8,Morning,2024-06-03,Brandon,90.41
MCH-5922,Packaging Unit,Surat,21,313.85,1035,14.69,High,39.6,19,10.9,Night,2023-09-13,Jennifer,71.17
MCH-5923,CNC,Surat,18,2992.16,1995,5.66,High,38.3,20,16.200000000000003,Night,2023-09-18,Mark,102.88
MCH-5924,Packaging Unit,Surat,8,734.26,365,3.12,Medium,25.4,22,3.0,Night,2023-03-05,Matthew,93.65
MCH-5925,Robotic Arm,Rajkot,15,787.69,1046,0.6,Medium,28.3,2,16.3,Evening,2024-12-09,Joseph,94.98
MCH-5926,3D Printer,Ahmedabad,21,1031.78,1758,1.01,Low,18.7,2,3.4,Evening,2022-02-11,Aaron,108.78
MCH-5927,Packaging Unit,Surat,4,499.08,1476,7.99,Low,22.1,29,11.4,Night,2022-09-06,Matthew,87.63
MCH-5928,Laser Cutter,Pune,22,229.85,639,2.04,Medium,27.1,28,6.3,Evening,2024-09-23,,96.51
MCH-5929,Packaging Unit,Surat,11,625.57,1045,6.64,Medium,29.1,5,10.1,Night,2022-07-28,Francisco,87.46
MCH-5930,3D Printer,Surat,22,902.47,1661,2.51,Low,21.6,10,4.6,Evening,2023-12-23,Heather,104.31
MCH-5931,3D Printer,Surat,15,781.16,1432,13.75,High,32.7,19,0.3,Morning,2022-03-26,Joseph,83.11
MCH-5932,Robotic Arm,Rajkot,21,609.67,1993,13.51,Low,26.7,22,0.6,Evening,2024-06-18,Tracy,88.3
MCH-5933,CNC,Rajkot,23,1265.73,1185,2.41,Medium,27.8,22,9.3,Morning,2023-08-26,Sarah,96.74
MCH-5934,,Surat,13,353.23,1762,4.68,High,29.2,7,1.0,Night,2024-05-01,John,104.12
MCH-5935,CNC,Vadodara,6,1493.29,1084,11.92,High,31.9,28,0.8,Night,2023-11-20,Beth,82.5
MCH-5936,Robotic Arm,Ahmedabad,9,776.61,1498,12.11,Low,32.4,25,9.0,Morning,2024-01-15,Donald,80.85
MCH-5937,CNC,Surat,4,807.15,542,11.61,Medium,26.9,14,0.8,Night,2023-04-20,Elizabeth,79.58
MCH-5938,3D Printer,Pune,19,647.72,1334,4.25,Low,26.8,6,13.5,Evening,2023-06-05,Karl,92.24
MCH-5939,Packaging Unit,Pune,18,593.48,1001,13.69,Low,34.0,15,12.6,Morning,2022-07-14,Glenn,71.29
MCH-5940,Packaging Unit,Pune,9,574.06,1973,4.66,Medium,31.6,13,2.1,Night,2024-05-15,,104.83
MCH-5941,Packaging Unit,Rajkot,12,1410.34,1612,13.25,Low,24.0,9,1.0,Evening,2024-04-19,Mary,84.22
MCH-5942,Packaging Unit,Pune,8,79.4,863,1.07,Medium,29.6,18,0.8,Night,2022-03-26,Sean,104.38
MCH-5943,Laser Cutter,Vadodara,16,1147.03,69,12.51,Low,26.5,11,28.5,Morning,2023-01-13,Stacey,53.97
MCH-5944,Packaging Unit,Ahmedabad,5,567.09,1128,2.71,High,25.9,18,3.4,Night,2022-12-31,,100.79
MCH-5945,3D Printer,Pune,6,626.65,1805,13.17,High,33.3,8,4.7,Morning,2022-12-17,Jeffery,84.52
MCH-5946,Laser Cutter,Surat,11,793.19,796,5.69,High,,19,5.8,Evening,2022-12-31,Dennis,90.06
MCH-5947,Packaging Unit,Surat,18,311.28,1192,7.42,High,29.2,18,18.1,Morning,2023-03-28,Maria,81.98
MCH-5948,CNC,Surat,18,1041.08,1741,8.88,Low,23.9,16,3.9,Evening,2023-07-03,Stephen,92.53
MCH-5949,Robotic Arm,Vadodara,7,469.86,1617,13.35,High,29.8,26,6.7,Night,2024-04-10,Ashley,81.41
MCH-5950,CNC,Vadodara,5,,1068,4.14,Low,28.7,28,12.1,Evening,2022-06-26,,91.12
MCH-5951,Laser Cutter,Ahmedabad,15,620.16,677,11.33,Low,31.5,19,7.3,Morning,2023-02-06,Connor,76.99
MCH-5952,Packaging Unit,Rajkot,6,272.62,622,11.64,High,31.4,8,17.3,Night,2025-03-18,Jesse,69.4
MCH-5953,CNC,Vadodara,10,254.22,269,2.87,Low,29.9,6,4.0,Night,2024-06-08,,93.34
MCH-5954,3D Printer,Surat,5,335.15,1573,4.34,Low,26.0,28,8.4,Evening,2023-09-05,Lindsay,98.07
MCH-5955,3D Printer,Surat,17,1380.44,1971,10.3,Medium,26.5,10,3.5,Evening,2023-08-22,Karen,91.4
MCH-5956,3D Printer,Vadodara,8,465.52,1391,4.58,Low,40.6,29,9.5,Evening,2024-08-08,Katrina,95.12
MCH-5957,3D Printer,Rajkot,10,629.85,889,12.65,Low,30.6,10,7.1,Night,2022-12-03,Katherine,76.24
MCH-5958,3D Printer,Vadodara,23,,411,10.52,Low,,11,17.9,Evening,2023-10-04,Anthony,69.02
MCH-5959,CNC,Ahmedabad,16,748.09,719,11.51,Low,24.9,22,3.0,Morning,2024-07-21,Lindsey,79.8
MCH-5960,3D Printer,Ahmedabad,20,769.33,190,5.26,Low,30.1,9,19.4,Evening,2022-05-29,Wayne,76.38
MCH-5961,3D Printer,Vadodara,6,1129.72,613,9.7,High,25.9,17,17.0,Night,2024-03-25,Andrea,72.19
MCH-5962,3D Printer,Rajkot,8,,1068,5.57,Low,,10,0.1,Evening,2022-06-29,Jeffrey,96.97
MCH-5963,Laser Cutter,Vadodara,13,,1922,1.59,,34.6,28,6.9,Evening,2024-09-14,Brianna,106.86
MCH-5964,Packaging Unit,Ahmedabad,14,353.6,937,7.73,Medium,33.6,4,0.8,Evening,2024-07-19,,91.28
MCH-5965,CNC,Pune,21,730.77,1645,6.35,High,30.3,27,10.6,Evening,2023-01-20,Jennifer,92.54
MCH-5966,Laser Cutter,Surat,5,666.54,66,14.02,High,19.6,16,28.6,Night,2023-05-28,Evan,51.54
MCH-5967,CNC,Vadodara,21,814.97,1394,8.97,Medium,29.4,10,0.6,Evening,2022-07-21,Travis,92.09
MCH-5968,CNC,Vadodara,9,450.74,356,11.75,Medium,29.7,25,1.2,Morning,2022-09-12,Jesse,77.98
MCH-5969,Laser Cutter,Rajkot,12,1149.67,1062,8.57,HIGH,40.6,14,2.7,Night,2024-11-09,Robert,88.18
MCH-5970,Packaging Unit,Rajkot,5,545.99,106,12.79,High,32.1,11,15.9,morning,2024-11-22,Rachel,63.39
MCH-5971,Packaging Unit,Ahmedabad,17,468.38,1440,10.14,Low,33.4,18,3.3,Morning,2023-07-26,Travis,88.74
MCH-5972,Robotic Arm,Surat,7,152.41,413,3.26,High,32.8,6,19.5,Night,2022-06-06,Daniel,83.05
MCH-5973,Robotic Arm,Surat,6,,1454,3.53,Low,26.8,28,2.1,Morning,2023-05-13,Richard,102.74
MCH-5974,3D Printer,Pune,22,822.98,1623,6.25,Low,29.5,19,5.9,Night,2024-03-29,Matthew,95.72
MCH-5975,Packaging Unit,Rajkot,14,885.87,1605,11.27,Low,27.8,7,2.6,Evening,2022-08-17,Cynthia,87.75
MCH-5976,3D Printer,Pune,5,999.28,1015,0.18,High,31.3,8,1.3,Night,2022-04-20,Brooke,105.76
MCH-5977,CNC,Ahmedabad,6,1542.19,52,4.71,Low,23.1,11,13.2,Evening,2023-02-06,Teresa,79.57
MCH-5978,3D Printer,Rajkot,15,323.45,1191,6.85,High,34.9,8,4.0,Night,2023-09-29,Cory,92.96
MCH-5979,Packaging Unit,Rajkot,17,740.73,1337,5.87,Medium,20.2,10,2.3,Evening,2022-08-04,Ashley,96.73
MCH-5980,CNC,Surat,22,704.0,1720,5.59,High,40.1,2,11.6,Night,2023-09-03,Clarence,94.03
MCH-5981,Laser Cutter,Surat,16,186.21,376,2.95,High,33.8,17,11.7,Night,2022-09-25,Jodi,88.78
MCH-5982,Robotic Arm,Vadodara,21,,117,3.6,,,7,2.7,Night,2024-04-10,Jennifer,91.35
MCH-5983,CNC,Ahmedabad,7,1370.35,1818,14.04,Low,24.4,29,0.5,Night,2023-12-08,,84.76
MCH-5984,Laser Cutter,Surat,6,1165.03,1489,1.92,Medium,34.0,22,6.0,Evening,2022-02-01,Pamela,102.7
MCH-5985,3D Printer,Surat,7,1270.08,1444,6.04,Low,38.9,15,6.2,Evening,2025-02-01,Mark,93.8
MCH-5986,Laser Cutter,Vadodara,19,514.73,1325,8.6,High,37.2,28,5.5,Evening,2023-03-23,Emily,89.26
MCH-5987,3D Printer,Rajkot,5,740.02,1901,7.93,High,32.8,19,38.4,Morning,2023-05-08,Dakota,72.04
MCH-5988,3D Printer,Rajkot,16,1212.61,692,10.29,High,33.2,11,12.5,Evening,2022-07-16,Victoria,74.7
MCH-5989,CNC,Vadodara,14,249.84,1209,10.07,High,20.7,12,15.2,Night,2022-04-17,Michael,78.94
MCH-5990,Robotic Arm,Rajkot,21,218.72,1411,0.59,Low,29.9,26,16.9,Morning,2022-01-24,Charles,98.44
MCH-5991,Packaging Unit,Surat,8,617.8,1588,9.97,,30.0,27,4.3,Evening,2023-08-12,Devon,89.4
MCH-5992,3D Printer,Surat,17,1214.32,1085,5.01,Low,28.3,7,7.7,Night,2022-10-13,Joseph,91.9
MCH-5993,3D Printer,Rajkot,12,816.54,1552,0.76,Low,31.6,24,0.3,Morning,2023-08-04,Kim,110.04
MCH-5994,3D Printer,Rajkot,7,539.43,1836,12.18,,19.1,19,9.7,Night,2022-01-27,Daniel,83.38
MCH-5995,3D Printer,Surat,18,794.47,520,11.37,Low,23.1,18,10.2,Morning,2024-08-26,Michael,73.32
MCH-5996,3D Printer,Surat,12,447.89,619,1.33,,30.4,23,2.2,Morning,2025-04-12,Stacey,100.32
MCH-5997,CNC,Ahmedabad,16,715.78,508,0.39,Medium,28.7,9,0.3,Evening,2023-03-25,Nancy,102.22
MCH-5998,3D Printer,Surat,5,267.63,1697,5.34,Medium,,9,2.8,Evening,2023-06-15,Erik,101.12
MCH-5999,Packaging Unit,Vadodara,22,757.68,1997,2.96,High,32.9,14,2.7,Morning,2023-01-28,Anne,107.75
MCH-6000,Laser Cutter,Rajkot,15,536.45,1569,12.87,High,19.0,3,6.1,Morning,2025-02-16,Rickey,82.3
MCH-6001,3D Printer,Vadodara,11,516.05,803,9.47,Low,,22,0.8,Night,2024-05-06,John,86.45
MCH-6002,Packaging Unit,Surat,12,,675,5.02,Medium,28.9,8,5.3,Evening,2023-05-05,Amy,91.04
MCH-6003,Robotic Arm,Surat,14,,386,10.56,Low,25.0,11,8.0,Evening,2024-08-19,Linda,75.92
MCH-6004,Packaging Unit,Ahmedabad,15,549.58,617,10.11,Low,26.7,22,11.6,Morning,2023-12-24,Robert,76.02
MCH-6005,Robotic Arm,Pune,21,429.25,1103,7.52,High,28.0,13,0.6,Morning,2022-01-08,Carrie,93.12
MCH-6006,Laser Cutter,Rajkot,23,599.83,1629,4.07,Low,28.5,8,8.1,Night,2023-09-26,Danielle,98.91
MCH-6007,,Pune,4,324.25,1204,3.46,Low,26.0,6,13.1,Morning,2025-02-11,Natalie,93.48
MCH-6008,CNC,Rajkot,22,289.82,771,0.65,Medium,33.4,15,10.1,Evening,2023-10-21,Stacy,97.64
MCH-6009,Robotic Arm,Pune,4,,1993,9.55,High,33.9,26,25.8,Evening,2024-02-14,Spencer,77.8
MCH-6010,Laser Cutter,Rajkot,23,317.48,1319,13.54,Low,31.3,17,8.0,Evening,2025-04-04,Kevin,77.86
MCH-6011,Laser Cutter,Rajkot,7,469.83,1151,10.66,High,23.1,26,14.2,Morning,2023-01-28,Anthony,77.66
MCH-6012,Packaging Unit,Surat,14,444.62,495,2.38,Medium,23.1,23,20.5,Evening,2024-12-18,Leah,84.38
MCH-6013,CNC,Surat,19,1002.23,1763,4.44,,27.4,27,0.1,Night,2022-12-28,,104.31
MCH-6014,Laser Cutter,Surat,11,321.63,959,1.87,High,35.2,24,0.5,Evening,2022-05-14,Shannon,103.44
MCH-6015,Laser Cutter,Surat,17,951.48,357,11.68,Medium,32.0,27,25.2,Evening,2022-06-19,Jeffrey,60.62
MCH-6016,Robotic Arm,Pune,8,7168.88,1517,1.78,Medium,24.2,22,22.799999999999997,morning,2023-06-02,Shelly,105.14
MCH-6017,Robotic Arm,Rajkot,22,,1164,2.32,Low,25.9,17,12.2,Evening,2024-09-12,Autumn,96.03
MCH-6018,,Surat,4,918.24,1220,11.38,High,26.5,13,12.1,Morning,2024-05-18,Matthew,77.62
MCH-6019,Packaging Unit,Surat,13,289.33,1512,0.96,Medium,31.3,7,22.5,Evening,2023-03-13,Tony,94.52
MCH-6020,3D Printer,Pune,7,176.08,639,9.89,Low,,17,1.5,Evening,2024-10-05,Tracy,84.24
MCH-6021,Robotic Arm,Pune,17,913.25,129,13.48,Medium,29.6,26,9.6,Evening,2022-09-22,Eric,66.09
MCH-6022,CNC,Vadodara,7,1002.85,77,7.18,High,32.2,21,15.8,Evening,2023-09-13,Kyle,73.79
MCH-6023,Robotic Arm,Surat,19,302.27,246,13.55,Low,37.8,3,0.2,Evening,2022-11-15,Bobby,74.38
MCH-6024,Packaging Unit,Pune,7,208.9,923,6.12,High,33.9,5,6.9,Evening,2023-02-19,Jasmine,90.32
MCH-6025,Laser Cutter,Pune,11,289.16,865,6.42,,36.0,26,0.3,Evening,2024-02-12,Steven,93.75
MCH-6026,Laser Cutter,Rajkot,23,1107.64,796,7.1,Low,28.9,6,4.8,Evening,2025-03-13,Jaime,87.49
MCH-6027,Robotic Arm,Rajkot,4,505.69,302,14.96,Low,36.3,3,1.4,Morning,2024-06-24,Brenda,70.89
MCH-6028,CNC,Rajkot,8,731.46,817,5.59,Medium,20.0,10,7.7,Morning,2023-05-05,James,89.19
MCH-6029,Laser Cutter,Rajkot,6,640.65,1398,14.11,Low,17.2,19,10.5,Morning,2022-10-29,Stephanie,75.16
MCH-6030,Packaging Unit,Ahmedabad,15,6045.52,1774,5.39,Medium,31.6,22,14.399999999999999,Evening,2022-01-26,Madeline,101.24
MCH-6031,3D Printer,Vadodara,9,1067.18,1958,9.29,Low,37.4,2,0.1,Morning,2023-05-13,Robert,96.14
MCH-6032,3D Printer,Rajkot,12,596.21,594,9.66,Low,37.1,19,5.3,Morning,2024-09-02,Jordan,81.07
MCH-6033,CNC,Pune,7,1089.64,940,0.66,Medium,35.5,6,2.3,Evening,2023-07-13,Christopher,103.35
MCH-6034,CNC,Vadodara,8,,192,4.6,HIGH,24.0,13,3.4,Evening,2023-08-05,Christopher,88.23
MCH-6035,CNC,Surat,6,,1003,11.51,Medium,38.3,25,14.1,Morning,2022-04-26,Douglas,74.28
MCH-6036,Packaging Unit,Ahmedabad,15,473.05,1802,9.76,,27.8,27,3.7,Night,2022-05-06,Donna,92.23
MCH-6037,,Pune,6,481.41,1494,7.68,Low,20.9,26,4.3,Evening,2022-08-24,Jacob,93.39
MCH-6038,Robotic Arm,Vadodara,21,907.73,1056,2.27,High,42.7,13,19.3,morning,2023-12-04,Daniel,89.45
MCH-6039,3D Printer,Ahmedabad,21,417.01,1907,11.49,Low,32.1,22,10.3,Evening,2024-01-30,Angelica,85.11
MCH-6040,3D Printer,Rajkot,22,513.88,1537,11.42,Low,34.2,14,11.8,Evening,2024-03-31,Olivia,80.97
MCH-6041,CNC,Surat,13,165.49,1094,7.82,Medium,35.3,5,0.6,Evening,2024-07-27,,92.82
MCH-6042,3D Printer,Ahmedabad,15,661.87,135,0.38,High,28.9,18,2.4,Evening,2024-06-25,Wesley,97.74
MCH-6043,CNC,Pune,18,544.05,1160,1.91,,31.5,29,2.2,Night,2023-09-19,Tiffany,103.53
MCH-6044,Robotic Arm,Ahmedabad,9,247.3,65,6.92,Low,25.2,21,0.5,Morning,2023-11-02,Kathryn,86.0
MCH-6045,CNC,Ahmedabad,12,411.72,119,7.53,High,,26,0.1,morning,2025-02-10,Larry,85.27
MCH-6046,Robotic Arm,Rajkot,9,494.9,1916,11.61,High,23.4,17,25.2,Evening,2023-03-29,Robert,74.4
MCH-6047,Packaging Unit,Rajkot,4,1314.74,231,3.75,High,,17,5.5,Evening,2025-02-04,Kenneth,88.7
MCH-6048,Laser Cutter,Surat,13,,1242,4.01,Medium,36.6,23,14.7,Night,2025-01-18,Michael,91.06
MCH-6049,CNC,Surat,12,289.71,882,7.46,High,25.3,18,5.5,Night,2022-06-21,,88.17
MCH-6050,Robotic Arm,Rajkot,18,399.66,1131,9.07,Medium,22.2,2,41.4,morning,2024-05-25,,61.73
MCH-6051,Robotic Arm,Pune,20,1031.87,112,0.54,Low,22.5,11,26.6,Night,2024-11-28,Brittany,79.76
MCH-6052,Robotic Arm,Surat,12,1256.95,1038,3.03,Low,24.6,17,3.1,Night,2025-02-22,Donald,98.62
MCH-6053,Robotic Arm,Vadodara,21,615.3,1422,1.05,High,29.9,5,3.9,Night,2022-12-11,Steven,106.14
MCH-6054,Packaging Unit,Surat,10,312.01,1239,0.32,Low,,29,17.8,Night,2023-06-10,Johnathan,96.78
MCH-6055,3D Printer,Rajkot,8,579.47,555,6.52,Medium,22.7,4,11.5,Night,2025-02-22,Jonathon,82.71
MCH-6056,CNC,Pune,20,888.05,289,11.32,Low,31.3,18,1.0,Night,2022-10-08,Michael,77.8
MCH-6057,3D Printer,Pune,20,872.34,1871,10.35,Medium,25.2,12,1.0,Morning,2024-04-14,Jade,92.95
MCH-6058,Laser Cutter,Pune,17,689.87,845,9.61,Low,52.0,17,6.0,Night,2024-11-28,Walter,82.64
MCH-6059,3D Printer,Ahmedabad,5,1355.37,72,11.09,,31.3,9,4.4,Morning,2024-06-13,Cassandra,73.4
MCH-6060,CNC,Pune,21,602.97,1384,10.18,Low,19.7,17,10.7,Morning,2023-03-23,David,82.82
MCH-6061,Robotic Arm,Ahmedabad,12,119.23,557,9.92,High,30.9,7,8.9,Evening,2022-02-28,Nichole,78.4
MCH-6062,Laser Cutter,Vadodara,15,1581.81,1200,3.56,Medium,28.4,9,15.4,Evening,2024-06-01,Matthew,89.84
MCH-6063,Laser Cutter,Ahmedabad,20,1064.23,893,11.21,High,,25,12.1,Evening,2022-02-28,Destiny,75.03
MCH-6064,CNC,Ahmedabad,13,1025.6,950,0.37,Low,20.2,3,26.9,Morning,2023-03-05,Maria,86.88
MCH-6065,Packaging Unit,Ahmedabad,7,849.97,1460,3.1,High,28.0,17,6.8,Evening,2024-12-18,Jason,99.99
MCH-6066,3D Printer,Rajkot,16,794.17,667,14.53,Low,30.3,12,0.1,morning,2024-12-25,Tammy,75.29
MCH-6067,Laser Cutter,Ahmedabad,20,220.7,389,1.28,Low,37.0,20,16.5,Morning,2022-05-24,Sheena,88.82
MCH-6068,3D Printer,Ahmedabad,7,1194.61,1901,6.86,Low,44.4,18,0.0,morning,2023-03-25,Kevin,100.42
MCH-6069,Robotic Arm,Vadodara,19,1221.84,884,0.23,High,26.8,22,48.9,Night,2024-12-28,Michael,70.93
MCH-6070,Laser Cutter,Pune,8,255.57,1253,3.4,High,33.4,13,3.0,Evening,2024-06-18,Daniel,101.18
MCH-6071,Packaging Unit,Pune,22,1061.64,1429,14.74,Medium,29.7,20,19.1,Evening,2024-02-25,Angel,67.54
MCH-6072,Robotic Arm,Vadodara,23,1004.43,900,10.55,High,28.2,17,18.3,Evening,2022-06-20,Bryan,72.16
MCH-6073,CNC,Ahmedabad,6,566.3,628,9.67,High,38.9,20,3.1,Evening,2023-07-24,Jose,82.91
MCH-6074,Packaging Unit,Surat,20,1134.97,1543,3.97,Medium,33.5,29,0.9,Evening,2023-05-23,Erika,102.67
MCH-6075,Robotic Arm,Vadodara,5,324.51,1151,8.34,High,25.4,5,1.8,Evening,2025-04-09,Ryan,91.19
MCH-6076,Robotic Arm,Ahmedabad,9,444.48,660,0.46,Medium,30.6,28,4.5,Evening,2024-11-07,Jeffrey,100.8
MCH-6077,Robotic Arm,Pune,4,760.42,208,14.42,High,33.5,14,19.5,Evening,2022-02-21,Nicholas,58.16
MCH-6078,Robotic Arm,Ahmedabad,17,198.07,1564,3.44,Low,28.3,23,0.5,Morning,2024-05-25,Amy,105.52
MCH-6079,Laser Cutter,Pune,4,819.81,1240,7.14,Low,27.5,4,4.0,Morning,2023-08-22,Molly,92.08
MCH-6080,Laser Cutter,Surat,7,270.47,948,5.5,Medium,29.7,9,2.3,Night,2024-06-23,Gabrielle,94.9
MCH-6081,3D Printer,Vadodara,18,913.65,1133,11.5,High,40.5,21,6.5,Morning,2024-06-15,Emily,80.59
MCH-6082,Robotic Arm,Surat,13,,190,10.25,Medium,43.3,27,3.1,Morning,2023-11-15,Larry,77.16
MCH-6083,Laser Cutter,Pune,14,1386.82,830,14.66,Medium,26.2,13,1.7,Night,2023-02-21,Michael,74.43
MCH-6084,Robotic Arm,Surat,17,508.37,1325,10.56,High,20.6,19,13.5,Evening,2022-12-08,Antonio,79.75
MCH-6085,Robotic Arm,Vadodara,5,351.22,216,3.03,High,30.2,28,3.2,Night,2022-01-14,Mary,93.0
MCH-6086,CNC,Ahmedabad,18,813.92,895,2.55,Low,27.3,2,2.3,Morning,2022-05-17,Craig,99.59
MCH-6087,3D Printer,Ahmedabad,17,,759,8.52,Low,40.0,15,1.4,Evening,2022-07-15,Donald,87.29
MCH-6088,Robotic Arm,Rajkot,5,905.82,903,5.09,Low,33.6,28,1.1,Morning,2024-07-21,Paul,95.28
MCH-6089,3D Printer,Vadodara,12,,1748,4.46,Low,35.2,23,8.7,Night,2024-04-06,Donna,98.39
MCH-6090,3D Printer,Rajkot,14,642.81,597,4.17,Low,29.5,28,0.7,Evening,2023-03-22,Sean,95.23
MCH-6091,3D Printer,Ahmedabad,23,495.39,680,5.52,Medium,34.7,2,8.2,Night,2022-07-02,Jeremy,88.18
MCH-6092,3D Printer,Rajkot,7,237.0,1445,13.98,Medium,25.6,10,3.2,Night,2022-01-20,Kevin,81.5
MCH-6093,Laser Cutter,Pune,4,405.38,1236,5.54,Medium,36.8,22,31.1,Evening,2025-04-09,Dale,76.87
MCH-6094,3D Printer,Ahmedabad,15,1883.22,261,13.02,Medium,30.0,15,6.8,Night,2024-04-19,,68.68
MCH-6095,CNC,Pune,10,501.27,1699,0.59,Medium,16.9,12,1.6,Night,2024-04-06,Tony,111.14
MCH-6096,Laser Cutter,Pune,4,1170.62,1387,12.14,Medium,35.5,17,7.6,Evening,2024-08-15,Sara,80.29
MCH-6097,Robotic Arm,Surat,17,958.84,895,4.2,Medium,25.4,7,16.3,Night,2024-06-03,Dana,86.28
MCH-6098,3D Printer,Rajkot,16,359.36,1997,8.53,Medium,29.1,2,2.1,morning,2024-07-29,,97.6
MCH-6099,CNC,Vadodara,7,735.4,990,9.04,High,29.2,24,4.0,Morning,2022-03-29,Garrett,86.32
MCH-6100,CNC,Rajkot,5,634.53,1000,3.23,Low,27.4,17,3.4,Morning,2022-10-17,,98.59
MCH-6101,CNC,Vadodara,6,710.34,1229,12.09,Medium,36.2,11,11.4,Night,2025-03-19,Kristen,77.07
MCH-6102,Robotic Arm,Vadodara,15,233.11,835,12.55,Medium,16.3,25,4.4,Night,2023-11-16,Denise,78.45
MCH-6103,3D Printer,Rajkot,22,193.71,472,3.21,Low,35.9,2,7.3,Morning,2024-03-22,Shelia,92.13
MCH-6104,Robotic Arm,Ahmedabad,6,373.11,1417,10.04,Medium,29.0,14,6.9,Night,2023-08-02,Jennifer,86.37
MCH-6105,3D Printer,Rajkot,12,891.55,423,12.29,HIGH,,14,17.9,Evening,2024-05-31,Cynthia,65.14
MCH-6106,Packaging Unit,Vadodara,7,256.2,493,1.59,,36.4,28,2.3,Night,2024-07-24,Scott,98.95
MCH-6107,Packaging Unit,Ahmedabad,14,,827,2.28,,23.0,12,15.5,Night,2024-04-03,,90.92
MCH-6108,Robotic Arm,Vadodara,16,766.48,75,4.46,Low,34.7,25,11.6,Night,2023-03-24,Courtney,82.49
MCH-6109,Robotic Arm,Ahmedabad,19,278.81,1465,14.65,Low,40.8,26,1.6,Night,2024-05-09,Michael,81.39
MCH-6110,,Ahmedabad,5,263.98,1454,7.84,Medium,28.7,13,19.2,Morning,2025-02-12,David,82.62
MCH-6111,Laser Cutter,Surat,9,393.93,635,3.92,Medium,25.7,3,6.9,Evening,2024-07-03,Deborah,92.06
MCH-6112,3D Printer,Ahmedabad,7,591.65,1518,9.94,High,26.0,12,12.6,Night,2023-02-08,Darren,83.1
MCH-6113,Robotic Arm,Ahmedabad,10,1112.62,1607,1.63,Low,32.3,23,4.1,Night,2023-03-10,Douglas,105.67
MCH-6114,3D Printer,Rajkot,22,1130.19,1490,11.23,Low,29.6,2,12.9,Evening,2024-11-27,Francis,79.31
MCH-6115,3D Printer,Ahmedabad,14,899.44,1871,14.17,Low,27.2,13,3.5,Morning,2022-07-12,Jeffrey,83.52
MCH-6116,Packaging Unit,Vadodara,14,1359.83,483,3.65,Low,19.4,11,0.6,Night,2024-09-14,Mary,94.36
MCH-6117,3D Printer,Ahmedabad,9,633.1,372,7.21,Low,23.8,24,0.5,Evening,2022-07-24,John,87.43
MCH-6118,Laser Cutter,Surat,20,,861,12.31,Medium,39.5,11,6.4,Night,2025-03-06,Benjamin,76.98
MCH-6119,Laser Cutter,Pune,16,550.11,1390,9.98,Medium,37.1,18,1.0,Night,2024-03-25,Kristin,90.14
MCH-6120,3D Printer,Vadodara,21,664.53,1703,2.54,High,23.2,20,3.0,Evening,2022-08-04,Holly,106.06
MCH-6121,CNC,Rajkot,19,1181.68,912,13.99,Low,23.1,28,0.3,Evening,2022-12-26,Sean,77.72
MCH-6122,Laser Cutter,Ahmedabad,19,531.15,1882,6.89,High,27.8,24,1.7,Night,2022-05-09,Jesse,99.95
MCH-6123,Laser Cutter,Ahmedabad,7,1065.77,653,9.0,High,29.8,18,10.0,Night,2023-11-28,Steven,78.92
MCH-6124,Laser Cutter,Ahmedabad,14,353.78,482,10.63,High,34.0,12,2.4,Night,2023-02-08,Brendan,80.57
MCH-6125,3D Printer,Vadodara,13,362.48,900,2.61,High,32.0,12,9.0,Evening,2023-11-23,,95.46
MCH-6126,Packaging Unit,Pune,20,993.86,1559,11.68,Low,26.4,27,20.2,Evening,2024-12-28,Leonard,74.07
MCH-6127,Laser Cutter,Surat,21,1080.09,822,7.78,High,,21,6.1,Morning,2023-04-30,Samuel,85.48
MCH-6128,Robotic Arm,Surat,4,602.97,246,4.54,High,22.1,8,0.1,Evening,2023-05-12,Paul,92.04
MCH-6129,3D Printer,Surat,8,661.58,1857,6.79,Low,32.8,13,8.3,Morning,2022-02-28,Karen,95.14
MCH-6130,Robotic Arm,Surat,7,227.19,1560,12.46,Low,35.1,14,10.8,Night,2023-05-16,Anita,80.2
MCH-6131,Laser Cutter,Vadodara,12,,1659,13.57,Low,33.4,25,16.4,Morning,2022-08-30,John,74.17
MCH-6132,Robotic Arm,Ahmedabad,22,1071.66,1099,3.26,Low,24.5,21,11.5,Evening,2024-02-01,Nicholas,93.06
MCH-6133,Laser Cutter,Rajkot,5,,1101,9.48,Low,35.3,2,1.2,Morning,2024-07-02,,88.28
MCH-6134,CNC,Surat,20,986.05,1535,5.88,High,24.9,8,21.7,Morning,2022-04-19,Jay,84.43
MCH-6135,3D Printer,Pune,5,750.86,1408,10.29,Medium,32.8,11,13.5,Night,2022-11-23,Kyle,80.63
MCH-6136,Robotic Arm,Surat,7,966.36,1938,4.07,Medium,27.4,14,3.9,Evening,2024-02-24,Emily,103.9
MCH-6137,3D Printer,Pune,9,1587.24,1514,1.79,Medium,27.2,2,2.3,Night,2022-05-19,Christopher,105.16
MCH-6138,CNC,Surat,9,589.25,1487,6.62,High,,16,5.9,Evening,2024-01-04,Michelle,94.18
MCH-6139,Robotic Arm,Rajkot,22,381.15,1143,2.4,Medium,23.1,4,12.9,Evening,2023-09-23,Gabrielle,95.15
MCH-6140,3D Printer,Surat,21,695.7,1387,8.7,Medium,28.4,10,2.9,Evening,2022-03-10,Sarah,91.13
MCH-6141,3D Printer,Ahmedabad,17,1126.36,1849,2.95,Medium,29.2,17,6.1,Evening,2024-01-08,Eric,103.63
MCH-6142,3D Printer,Ahmedabad,16,497.16,956,4.05,High,30.5,5,0.7,Evening,2022-05-06,Thomas,98.67
MCH-6143,Packaging Unit,Vadodara,4,278.34,1540,14.98,Low,24.9,18,0.7,Night,2023-06-03,Matthew,81.99
MCH-6144,CNC,Rajkot,11,751.55,1647,7.18,Low,31.7,28,27.8,Evening,2023-01-18,William,78.83
MCH-6145,Laser Cutter,Vadodara,9,465.88,535,0.96,High,,27,3.7,Evening,2025-01-28,Bianca,99.28
MCH-6146,3D Printer,Surat,15,605.4,572,10.75,High,33.3,18,4.8,Morning,2022-12-17,Michael,79.04
MCH-6147,Laser Cutter,Pune,13,500.38,1671,5.94,Low,30.0,7,8.5,Evening,2023-09-20,Michael,95.38
MCH-6148,Robotic Arm,Pune,16,856.73,751,3.97,Low,28.4,23,11.7,Morning,2024-12-31,Jason,88.9
MCH-6149,Laser Cutter,Surat,6,1255.04,476,6.68,High,34.9,27,6.5,Evening,2024-05-04,Christopher,84.26
MCH-6150,3D Printer,Rajkot,11,891.98,1629,9.43,High,32.6,7,6.3,Evening,2022-05-01,Christian,89.03
MCH-6151,Robotic Arm,Pune,18,1406.11,1850,3.51,Low,40.9,28,14.2,Morning,2022-06-02,Gregory,96.45
MCH-6152,3D Printer,Pune,6,429.72,324,12.83,Medium,32.1,11,6.9,Morning,2024-07-05,Christopher,71.6
MCH-6153,,Surat,7,399.2,334,4.72,,25.5,10,3.8,Night,2025-03-07,Rebecca,90.11
MCH-6154,Packaging Unit,Rajkot,15,329.8,926,8.32,High,31.8,7,13.9,Evening,2024-12-31,Christopher,80.88
MCH-6155,3D Printer,Pune,20,,695,9.33,Low,33.1,10,42.9,Night,2024-05-16,Robert,55.94
MCH-6156,Laser Cutter,Rajkot,5,355.14,426,7.52,Low,38.8,23,6.5,Morning,2023-07-29,,83.45
MCH-6157,Robotic Arm,Ahmedabad,23,649.42,1533,14.5,Medium,35.4,23,5.6,Morning,2023-04-24,Robin,78.93
MCH-6158,Laser Cutter,Ahmedabad,23,1578.06,1312,12.31,Low,,29,25.2,Morning,2023-01-21,,66.42
MCH-6159,3D Printer,Surat,7,753.47,495,12.83,Medium,22.9,27,9.0,Night,2022-03-21,Gary,71.09
MCH-6160,Laser Cutter,Surat,9,794.46,1407,0.92,High,11.7,15,23.9,Night,2022-05-15,Kenneth,92.02
MCH-6161,3D Printer,Surat,11,795.73,110,1.53,Medium,,9,2.1,Morning,2025-04-03,Kevin,95.25
MCH-6162,CNC,Ahmedabad,22,828.52,933,2.43,High,26.1,9,0.6,Morning,2025-04-13,Garrett,101.31
MCH-6163,CNC,Surat,7,696.12,495,8.65,Medium,26.9,29,0.0,Evening,2024-03-08,Matthew,85.83
MCH-6164,Packaging Unit,Pune,7,962.31,1128,10.09,HIGH,34.2,2,4.0,Morning,2024-08-01,Anne,85.05
MCH-6165,CNC,Vadodara,15,533.26,1553,5.71,Low,26.2,27,8.6,Night,2024-01-06,Juan,94.74
MCH-6166,CNC,Surat,22,1309.44,342,4.89,High,33.9,5,1.0,Night,2022-09-10,Justin,90.5
MCH-6167,3D Printer,Ahmedabad,20,544.8,678,10.24,Low,27.7,24,8.8,Evening,2023-07-14,Matthew,78.23
MCH-6168,3D Printer,Rajkot,14,702.55,860,2.28,Low,27.9,4,8.9,Morning,2023-02-27,Tina,95.37
MCH-6169,3D Printer,Surat,21,1641.14,1226,14.25,Low,19.9,26,2.7,Morning,2022-01-13,Amy,77.48
MCH-6170,3D Printer,Pune,10,904.01,1849,6.53,Medium,33.2,16,1.9,Night,2024-09-08,Sharon,99.73
MCH-6171,Laser Cutter,Pune,6,352.34,595,2.81,,30.7,13,11.8,Morning,2025-02-28,Alfred,90.57
MCH-6172,Laser Cutter,Surat,8,1051.94,1747,14.71,High,26.1,19,5.4,Evening,2024-01-15,Rose,79.86
MCH-6173,Robotic Arm,Ahmedabad,17,638.08,1828,8.19,Low,33.6,24,38.2,Morning,2023-02-03,Tracie,71.2
MCH-6174,Packaging Unit,Surat,5,607.36,507,2.13,High,34.2,10,22.6,Evening,2025-02-20,Taylor,83.28
MCH-6175,3D Printer,Vadodara,21,640.63,1391,11.53,Medium,33.6,16,1.8,Morning,2024-09-29,Ethan,86.36
MCH-6176,Robotic Arm,Surat,18,162.86,123,2.55,Low,26.9,5,9.7,Night,2022-01-21,Maureen,88.9
MCH-6177,Packaging Unit,Ahmedabad,11,1031.44,1733,10.07,High,37.1,27,4.8,Night,2024-03-04,Teresa,89.47
MCH-6178,3D Printer,Rajkot,13,654.46,174,0.7,Medium,25.4,14,1.0,Night,2023-04-14,Amanda,98.42
MCH-6179,3D Printer,Vadodara,10,144.43,873,10.37,,39.2,10,6.8,Morning,2023-07-18,Carlos,81.57
MCH-6180,Laser Cutter,Pune,8,,1053,6.62,Low,34.7,25,7.5,Evening,2024-06-24,,89.72
MCH-6181,CNC,Surat,23,,966,2.43,High,26.0,15,2.7,Evening,2022-07-06,Kevin,99.44
MCH-6182,Robotic Arm,Rajkot,17,590.29,1173,8.25,High,29.8,10,9.7,Night,2024-12-13,Logan,85.64
MCH-6183,Robotic Arm,Rajkot,15,594.55,1535,9.45,High,32.1,5,1.7,Night,2022-07-28,,91.85
MCH-6184,CNC,Pune,23,1529.88,1225,7.35,High,28.3,4,9.2,Night,2023-06-21,Randy,86.88
MCH-6185,Laser Cutter,Vadodara,22,471.65,634,2.1,High,22.8,13,17.7,Night,2022-08-20,,88.02
MCH-6186,Laser Cutter,Rajkot,20,621.44,1053,12.9,High,23.8,16,11.8,Evening,2024-01-31,Kenneth,73.83
MCH-6187,Packaging Unit,Vadodara,5,,1266,14.61,High,32.2,29,2.3,Evening,2022-07-19,Ellen,79.19
MCH-6188,CNC,Vadodara,23,321.61,1794,4.2,HIGH,24.2,21,0.8,Evening,2023-07-11,Hannah,105.53
MCH-6189,Robotic Arm,Vadodara,15,634.99,476,10.12,Medium,30.6,26,14.4,Morning,2022-11-13,Christopher,72.74
MCH-6190,3D Printer,Surat,12,894.19,1714,5.41,Low,28.0,10,5.9,Night,2025-04-07,Trevor,98.06
MCH-6191,Laser Cutter,Pune,22,710.8,498,2.9,Low,26.2,18,0.5,Evening,2023-07-29,Anita,96.98
MCH-6192,,Ahmedabad,13,269.11,393,0.96,High,22.9,8,34.7,Morning,2023-01-23,Kristen,76.68
MCH-6193,Packaging Unit,Surat,21,603.26,70,3.9,High,31.4,11,26.2,Evening,2024-03-10,Robert,73.58
MCH-6194,Packaging Unit,Surat,14,807.28,687,10.05,Low,28.7,21,0.5,Night,2023-01-25,,84.12
MCH-6195,Robotic Arm,Pune,16,333.96,800,13.74,High,29.2,29,27.2,Morning,2022-11-14,Melanie,59.67
MCH-6196,CNC,Pune,5,,1559,7.1,Low,26.5,24,2.4,Evening,2024-12-10,,96.22
MCH-6197,CNC,Vadodara,17,222.03,306,8.23,High,26.2,9,12.7,Morning,2024-08-12,Jack,76.88
MCH-6198,Laser Cutter,Ahmedabad,12,611.33,905,14.3,Medium,25.0,29,4.1,Evening,2024-09-05,Chase,75.2
MCH-6199,CNC,Vadodara,16,433.08,1188,8.17,Medium,20.1,18,7.4,Night,2022-04-18,Charles,87.76
MCH-6200,Laser Cutter,Ahmedabad,9,596.78,1464,8.88,,35.9,4,1.1,Evening,2023-10-28,Sarah,92.82
MCH-6201,Laser Cutter,Rajkot,5,,1699,13.37,Low,33.1,20,13.9,Evening,2022-04-19,,75.95
MCH-6202,Laser Cutter,Rajkot,12,1032.2,566,4.43,Medium,28.4,12,6.1,Night,2024-11-16,Shane,90.11
MCH-6203,Packaging Unit,Ahmedabad,17,811.32,1320,0.24,Medium,34.1,6,6.8,Morning,2022-02-21,Rodney,104.6
MCH-6204,Laser Cutter,Ahmedabad,17,729.37,1625,11.04,Medium,34.1,10,17.9,Night,2022-03-16,,77.89
MCH-6205,Packaging Unit,Vadodara,22,751.81,1815,7.88,High,33.1,10,2.3,Morning,2025-01-09,Jacqueline,96.68
MCH-6206,3D Printer,Ahmedabad,16,337.84,390,3.44,High,34.6,27,4.1,Evening,2024-10-23,Donald,93.02
MCH-6207,,Rajkot,10,1225.56,1242,6.22,Medium,28.0,2,9.0,morning,2025-03-22,Bethany,89.86
MCH-6208,Robotic Arm,Ahmedabad,21,377.32,1976,11.11,,34.1,27,21.7,Night,2023-09-09,,78.52
MCH-6209,Laser Cutter,Pune,12,585.88,1394,14.8,Medium,15.5,29,6.2,Night,2022-10-23,Diana,76.84
MCH-6210,Laser Cutter,Surat,23,496.67,1637,2.69,,30.2,5,1.5,Morning,2022-10-04,Daryl,106.5
MCH-6211,CNC,Vadodara,14,457.56,1106,0.2,High,23.1,6,8.1,Night,2024-06-04,Elizabeth,102.49
MCH-6212,Laser Cutter,Vadodara,10,212.5,1908,2.79,High,,12,6.4,Evening,2022-07-10,Maria,105.54
MCH-6213,3D Printer,Pune,4,686.43,1192,11.7,High,22.6,14,5.4,Night,2022-07-11,David,81.77
MCH-6214,Packaging Unit,Surat,20,,557,0.61,Medium,17.7,10,11.2,Evening,2024-04-17,Shaun,94.02
MCH-6215,Robotic Arm,Vadodara,19,792.29,114,6.33,High,32.4,8,9.0,Morning,2024-12-03,Matthew,80.86
MCH-6216,Packaging Unit,Rajkot,7,686.64,1231,1.94,Low,22.4,13,3.3,Morning,2025-02-23,Jessica,103.09
MCH-6217,CNC,Vadodara,18,735.15,541,7.51,Medium,26.3,15,5.9,Evening,2022-04-02,Anna,84.31
MCH-6218,Robotic Arm,Vadodara,13,808.54,1720,10.45,Medium,39.6,2,4.6,Evening,2023-04-20,Jason,89.06
MCH-6219,Packaging Unit,Vadodara,13,184.37,1912,4.53,High,34.5,3,8.2,Night,2023-06-25,Karen,100.87
MCH-6220,Laser Cutter,Surat,13,1031.68,786,5.67,,37.7,5,3.3,Night,2024-09-25,Christine,91.43
MCH-6221,Robotic Arm,Rajkot,4,494.61,732,13.48,Low,25.4,3,1.2,Morning,2025-03-13,,77.59
MCH-6222,CNC,Pune,16,463.6,444,4.64,HIGH,36.6,21,0.6,Evening,2022-12-29,Christopher,93.34
MCH-6223,CNC,Pune,20,1168.72,82,13.39,High,25.3,29,17.4,Morning,2023-10-10,Matthew,60.05
MCH-6224,Packaging Unit,Vadodara,12,608.93,1266,2.79,Low,24.4,26,6.2,Night,2022-09-29,Cheryl,99.76
MCH-6225,3D Printer,Surat,21,909.76,1622,0.72,Medium,16.2,2,1.2,Morning,2024-09-06,Brandon,109.94
MCH-6226,3D Printer,Ahmedabad,13,,87,1.63,Low,33.2,19,38.0,Night,2023-04-08,Traci,69.9
MCH-6227,Robotic Arm,Surat,17,535.44,1737,12.17,Medium,,16,2.8,Evening,2024-11-30,Tammy,87.41
MCH-6228,CNC,Pune,18,730.73,810,10.89,Medium,32.2,13,0.1,Morning,2022-04-26,Leslie,83.86
MCH-6229,CNC,Surat,4,498.95,1220,8.38,Low,41.6,21,3.8,Evening,2024-11-02,Elizabeth,90.03
MCH-6230,CNC,Ahmedabad,22,277.51,1880,5.94,High,30.0,2,6.1,Night,2023-05-14,Angela,99.12
MCH-6231,Packaging Unit,Vadodara,21,1077.4,1665,6.35,Medium,34.0,26,2.3,Night,2022-02-16,,98.03
MCH-6232,,Vadodara,10,501.27,941,8.94,Low,,25,4.8,Morning,2024-08-21,Jordan,85.89
MCH-6233,Laser Cutter,Pune,10,446.4,1297,4.56,High,48.5,26,4.8,Morning,2022-05-02,Christie,97.69
MCH-6234,Robotic Arm,Surat,13,595.22,1724,4.98,Medium,30.0,7,28.2,Night,2022-03-27,Daniel,83.82
MCH-6235,Laser Cutter,Ahmedabad,4,181.48,1220,4.0,Low,27.0,7,21.5,Morning,2024-09-29,Jesse,86.86
MCH-6236,Packaging Unit,Ahmedabad,8,1133.99,183,9.46,Low,31.8,20,0.7,Night,2023-02-01,Tyler,80.5
MCH-6237,CNC,Surat,7,,522,11.84,High,22.2,19,9.8,Morning,2024-09-01,Melissa,70.31
MCH-6238,Laser Cutter,Pune,10,763.49,946,12.03,Medium,28.7,12,3.7,Evening,2025-03-04,Connor,80.14
MCH-6239,CNC,Vadodara,7,700.77,684,4.12,Low,34.7,15,7.4,morning,2022-02-27,Allison,91.28
MCH-6240,Packaging Unit,Rajkot,12,286.35,1907,12.1,High,29.2,14,5.4,Night,2024-07-29,Jason,87.5
MCH-6241,Robotic Arm,Surat,18,1741.9,1728,2.71,High,22.8,7,2.3,Night,2022-12-21,John,104.88
MCH-6242,CNC,Vadodara,11,1000.14,1790,6.62,Medium,25.6,19,6.7,Night,2022-09-22,Amanda,95.56
MCH-6243,Packaging Unit,Surat,13,1049.97,1660,9.61,Low,30.8,20,4.5,Evening,2024-10-31,Elizabeth,89.96
MCH-6244,Robotic Arm,Vadodara,21,750.68,1040,2.31,High,27.7,28,5.2,Morning,2024-06-08,Jason,99.33
MCH-6245,Packaging Unit,Surat,11,879.91,1777,5.57,High,,19,24.0,Night,2023-10-26,Sherry,85.61
MCH-6246,CNC,Rajkot,13,1838.99,1081,11.32,High,22.0,27,1.0,Night,2024-06-19,Kaitlyn,83.04
MCH-6247,3D Printer,Surat,15,401.76,71,9.32,High,27.2,2,11.2,Morning,2024-10-30,Kevin,73.54
MCH-6248,Packaging Unit,Surat,4,1289.96,1221,3.8,High,33.6,20,29.1,Morning,2023-05-16,Sarah,80.36
MCH-6249,CNC,Vadodara,14,705.12,1705,4.7,Medium,27.3,10,16.9,Evening,2022-09-05,Tammy,91.97
MCH-6250,Packaging Unit,Vadodara,6,610.35,1811,8.06,Medium,29.2,24,9.3,Night,2022-12-22,Vincent,91.59
MCH-6251,3D Printer,Pune,19,557.14,1795,8.27,,27.9,6,5.1,Evening,2022-11-14,Ronald,94.05
MCH-6252,Laser Cutter,Vadodara,12,671.91,1786,10.01,Medium,35.5,13,20.5,Evening,2023-08-15,Christian,79.55
MCH-6253,,Ahmedabad,10,489.65,1979,5.65,Low,35.0,6,0.2,Night,2023-01-20,Thomas,104.35
MCH-6254,Robotic Arm,Vadodara,9,849.07,1601,2.42,HIGH,38.8,28,3.7,morning,2023-12-02,Kevin,104.7
MCH-6255,Robotic Arm,Surat,19,765.62,612,10.02,HIGH,33.7,26,19.3,Night,2022-06-20,Emily,70.46
MCH-6256,3D Printer,Surat,4,443.68,1116,0.74,High,36.0,5,7.4,Night,2022-01-25,Angela,102.01
MCH-6257,Robotic Arm,Surat,11,342.78,580,9.74,High,24.2,10,27.5,Night,2023-04-17,Ashley,65.61
MCH-6258,CNC,Rajkot,10,377.14,1634,11.24,High,19.6,13,9.1,Morning,2022-07-25,Brandi,84.23
MCH-6259,CNC,Surat,22,724.62,110,3.81,Medium,29.6,24,2.4,Night,2025-01-03,Alicia,90.58
MCH-6260,3D Printer,Rajkot,16,1122.7,783,12.67,Low,28.0,23,3.6,Evening,2022-01-25,Jamie,77.06
MCH-6261,,Ahmedabad,8,732.51,571,13.87,Low,,29,0.8,Night,2025-03-22,Stephen,75.41
MCH-6262,Robotic Arm,Vadodara,15,933.83,1684,7.25,Medium,,25,2.2,Evening,2024-01-01,David,96.66
MCH-6263,3D Printer,Surat,19,851.46,1303,11.67,High,,16,13.3,Night,2022-11-15,Laura,76.99
MCH-6264,Robotic Arm,Ahmedabad,22,542.48,1781,9.39,High,40.7,25,5.4,Morning,2025-03-08,Angela,91.51
MCH-6265,Laser Cutter,Rajkot,12,946.07,733,6.18,Medium,33.2,18,1.1,Morning,2023-07-08,Katherine,91.63
MCH-6266,,Pune,22,525.07,1604,5.75,Medium,31.8,9,3.6,Night,2022-05-22,Gabriel,98.6
MCH-6267,Packaging Unit,Pune,12,151.49,906,11.0,High,33.1,4,13.7,Morning,2023-12-03,Jonathan,75.74
MCH-6268,CNC,Surat,14,,228,11.39,High,31.5,26,0.4,Morning,2024-11-14,Benjamin,77.95
MCH-6269,CNC,Rajkot,5,282.57,391,13.06,High,31.4,5,0.4,Morning,2023-04-06,Julie,76.45
MCH-6270,,Pune,19,845.36,513,6.33,High,29.5,24,4.6,Evening,2023-06-23,Pamela,87.19
MCH-6271,CNC,Rajkot,15,855.18,931,4.19,Medium,20.6,24,2.8,Morning,2022-03-29,Michelle,96.2
MCH-6272,3D Printer,Surat,9,973.9,1137,14.67,Medium,21.2,18,4.0,Morning,2024-01-19,,75.94
MCH-6273,3D Printer,Pune,10,352.23,1053,11.2,Low,37.8,6,2.3,Evening,2023-07-02,Brittany,84.26
MCH-6274,Robotic Arm,Vadodara,11,921.94,766,10.55,Medium,25.4,17,10.3,Evening,2022-05-23,Laura,76.76
MCH-6275,Robotic Arm,Ahmedabad,20,1469.22,819,1.32,Low,28.1,6,0.6,Evening,2024-11-16,William,101.67
MCH-6276,CNC,Rajkot,19,1057.92,1576,14.01,High,42.8,19,4.1,Morning,2023-09-12,Ryan,80.73
MCH-6277,CNC,Vadodara,22,1163.85,1034,1.77,Medium,14.4,13,16.0,Night,2024-04-17,Richard,92.21
MCH-6278,CNC,Ahmedabad,9,499.65,1065,5.05,Low,38.1,18,0.6,Night,2023-03-17,Jeremy,97.64
MCH-6279,3D Printer,Vadodara,17,269.93,1133,3.98,Medium,21.9,19,0.8,Evening,2024-04-15,Adam,100.54
MCH-6280,Laser Cutter,Pune,15,281.87,265,11.05,Medium,25.8,9,2.5,Morning,2024-10-28,Oscar,77.96
MCH-6281,Packaging Unit,Ahmedabad,11,469.96,561,12.91,High,28.1,8,12.1,Evening,2023-05-17,Jennifer,69.71
MCH-6282,,Surat,12,284.96,386,11.59,Medium,29.7,12,3.9,Morning,2023-09-15,Amber,76.9
MCH-6283,Laser Cutter,Surat,6,760.31,1031,7.31,High,25.2,6,14.0,Morning,2023-10-27,James,83.09
MCH-6284,Laser Cutter,Surat,19,655.59,1767,0.36,Medium,34.2,12,4.1,Evening,2024-06-04,Taylor,110.2
MCH-6285,CNC,Ahmedabad,4,1461.24,685,9.34,High,30.7,8,3.9,Night,2022-05-25,Terri,82.21
MCH-6286,Robotic Arm,Surat,17,826.49,1206,11.86,Low,25.1,4,3.1,Morning,2022-10-25,Alejandra,82.98
MCH-6287,Laser Cutter,Rajkot,22,1021.16,282,6.33,High,33.2,20,10.0,Morning,2024-03-26,Christian,81.23
MCH-6288,Robotic Arm,Rajkot,19,,1778,5.12,High,30.0,5,6.7,Night,2023-05-27,Stacy,99.45
MCH-6289,CNC,Vadodara,18,,566,3.45,Medium,33.7,11,29.7,Night,2023-03-03,Gary,75.45
MCH-6290,CNC,Vadodara,14,347.27,380,0.72,Medium,35.0,3,6.8,Morning,2022-03-12,Julia,96.47
MCH-6291,3D Printer,Surat,8,1342.91,1983,13.08,Medium,21.2,17,3.6,Night,2022-12-01,Christine,85.93
MCH-6292,Robotic Arm,Pune,13,685.31,493,2.84,Low,26.2,9,8.6,Night,2024-09-16,Chad,91.43
MCH-6293,Robotic Arm,Rajkot,17,379.77,1519,1.54,Low,21.3,13,8.3,Evening,2024-10-02,Meredith,103.23
MCH-6294,Robotic Arm,Rajkot,15,768.56,315,13.2,High,18.3,18,5.7,Morning,2023-10-16,James,71.14
MCH-6295,CNC,Vadodara,4,247.39,1273,10.21,High,32.3,26,15.1,Morning,2024-09-26,Desiree,79.26
MCH-6296,Packaging Unit,Rajkot,13,1431.91,442,14.17,Low,,10,11.2,Night,2023-12-14,Lawrence,65.46
MCH-6297,CNC,Ahmedabad,15,1464.72,1968,3.84,Low,30.7,15,22.6,Night,2022-08-09,Nicholas,90.81
MCH-6298,Laser Cutter,Surat,5,2245.54,833,13.78,Medium,29.2,12,3.9,Night,2023-06-07,Troy,73.44
MCH-6299,3D Printer,Ahmedabad,19,932.44,60,6.91,High,30.7,20,7.6,Night,2023-04-18,Shawn,80.03
MCH-6300,,Pune,16,225.85,1832,13.63,Medium,28.3,19,4.3,Morning,2025-02-10,Andrea,84.67
MCH-6301,CNC,Ahmedabad,14,1028.12,1426,10.15,Medium,35.2,20,5.6,Morning,2023-08-20,Maria,86.19
MCH-6302,CNC,Pune,17,845.12,1966,5.83,Medium,26.4,29,1.9,Evening,2022-07-30,Andrea,102.19
MCH-6303,Laser Cutter,Ahmedabad,22,444.66,1284,2.07,HIGH,18.3,24,2.6,Morning,2023-02-20,Cynthia,104.1
MCH-6304,3D Printer,Ahmedabad,12,497.68,1327,9.33,Medium,28.5,25,14.4,Morning,2023-12-06,Richard,81.61
MCH-6305,3D Printer,Rajkot,5,1046.29,1727,4.5,High,34.7,25,4.7,Evening,2022-04-29,,100.61
MCH-6306,3D Printer,Rajkot,17,324.4,1006,0.41,Low,22.5,14,3.5,Night,2022-09-08,Katherine,104.65
MCH-6307,Packaging Unit,Vadodara,16,507.42,639,12.4,Medium,,13,22.0,Night,2023-03-16,Melanie,64.4
MCH-6308,CNC,Vadodara,4,234.61,892,7.07,Low,31.6,5,2.0,Evening,2024-12-21,Patricia,91.56
MCH-6309,CNC,Ahmedabad,7,1051.53,773,2.84,Low,34.3,28,5.5,Morning,2024-06-23,Theresa,95.41
MCH-6310,Laser Cutter,Ahmedabad,22,1046.91,1044,9.2,Low,30.0,21,0.8,Morning,2024-06-06,Amanda,88.24
MCH-6311,3D Printer,Vadodara,4,337.25,1739,9.66,,32.9,8,11.9,Night,2025-02-26,Ashley,86.36
MCH-6312,Robotic Arm,Surat,14,376.69,88,4.58,Medium,24.6,9,10.7,Morning,2024-02-29,Sharon,83.55
MCH-6313,Packaging Unit,Vadodara,5,828.14,919,9.83,Low,37.0,28,0.7,Morning,2022-05-16,Paul,86.33
MCH-6314,CNC,Surat,4,337.47,853,8.86,High,32.7,6,4.8,Morning,2024-05-06,Rachel,85.55
MCH-6315,Packaging Unit,Pune,23,395.55,473,13.76,Medium,37.4,24,16.1,Morning,2022-09-09,Amanda,64.59
MCH-6316,Packaging Unit,Vadodara,9,,1728,12.7,Medium,36.4,11,4.3,Night,2024-06-28,Melissa,85.56
MCH-6317,Robotic Arm,Pune,13,380.41,1262,2.27,High,22.8,26,7.0,Evening,2023-11-16,,100.53
MCH-6318,Laser Cutter,Rajkot,14,929.73,356,0.78,High,39.8,14,2.6,Night,2023-09-27,Edward,98.26
MCH-6319,3D Printer,Ahmedabad,9,1882.35,933,2.5,Medium,33.0,29,11.4,Night,2023-03-27,Joanne,92.11
MCH-6320,CNC,Rajkot,17,403.84,1574,3.25,Medium,28.1,8,1.6,Morning,2022-04-28,Brian,104.92
MCH-6321,Packaging Unit,Vadodara,6,421.54,1286,14.68,High,34.1,28,0.0,Night,2023-10-08,,80.75
MCH-6322,Robotic Arm,Surat,21,521.85,679,11.64,,,6,7.7,Evening,2025-02-07,Donna,76.24
MCH-6323,CNC,Vadodara,11,382.85,1149,9.08,High,40.0,19,3.2,Morning,2022-06-01,Kathryn,88.63
MCH-6324,Laser Cutter,Ahmedabad,8,372.55,982,11.26,HIGH,25.1,18,4.4,Night,2024-01-19,Drew,82.05
MCH-6325,3D Printer,Rajkot,20,464.5,1107,6.28,High,,21,7.6,Morning,2023-10-18,Tamara,90.68
MCH-6326,CNC,Surat,22,567.05,1252,4.03,Low,36.9,18,17.5,Night,2025-01-04,Stephanie,89.31
MCH-6327,3D Printer,Surat,13,524.16,121,9.7,High,22.0,15,1.2,Evening,2022-09-10,Mark,80.02
MCH-6328,CNC,Vadodara,6,922.49,1055,4.79,Medium,30.5,7,4.0,Morning,2024-11-05,Andrea,95.09
MCH-6329,3D Printer,Surat,8,419.04,759,8.97,High,23.8,24,3.8,Evening,2023-08-14,Michael,85.13
MCH-6330,CNC,Ahmedabad,17,891.01,298,10.43,Low,30.5,7,9.0,Night,2023-03-26,Lisa,74.05
MCH-6331,Robotic Arm,Vadodara,20,825.42,1053,10.11,Low,36.6,3,9.4,Morning,2025-01-27,Jennifer,80.8
MCH-6332,CNC,Pune,10,455.5,1249,4.59,Medium,26.7,4,14.4,Evening,2023-04-03,,90.5
MCH-6333,Robotic Arm,Vadodara,6,949.52,240,4.07,Low,23.2,24,4.6,Evening,2024-11-15,Monica,89.28
MCH-6334,Laser Cutter,Ahmedabad,5,1189.03,174,14.55,HIGH,,22,20.1,Night,2025-02-26,Robert,56.58
MCH-6335,CNC,Surat,6,855.61,1541,5.3,High,33.7,10,22.7,Morning,2023-03-02,Alexis,85.13
MCH-6336,3D Printer,Surat,6,,392,2.95,High,31.4,23,7.3,Morning,2022-12-25,Michelle,91.02
MCH-6337,Packaging Unit,Rajkot,16,557.19,1159,4.9,Medium,19.1,22,0.0,Morning,2024-08-24,Cheyenne,99.06
MCH-6338,Laser Cutter,Rajkot,6,539.44,1628,4.38,Low,25.0,12,12.5,Night,2022-04-15,Danielle,95.29
MCH-6339,Packaging Unit,Vadodara,5,814.45,330,2.7,Medium,31.9,17,3.6,Night,2022-01-13,Benjamin,93.67
MCH-6340,Packaging Unit,Surat,5,927.04,667,3.16,Low,40.6,2,9.0,Night,2023-09-22,Matthew,91.61
MCH-6341,Laser Cutter,Ahmedabad,11,509.7,469,7.27,High,8.9,21,1.2,Evening,2024-05-20,Dana,87.8
MCH-6342,Robotic Arm,Surat,14,680.77,1364,10.91,Low,27.6,19,7.3,Night,2023-08-16,Mark,83.46
MCH-6343,CNC,Vadodara,21,415.05,862,2.32,Medium,25.2,2,5.3,Evening,2024-12-12,Hannah,98.24
MCH-6344,Packaging Unit,Pune,5,965.67,1576,9.94,Low,31.5,25,1.8,Evening,2023-05-31,Debra,90.61
MCH-6345,Laser Cutter,Pune,13,938.46,73,5.64,High,22.9,27,12.5,Night,2023-01-05,Richard,79.24
MCH-6346,CNC,Surat,5,495.89,692,10.22,Medium,26.8,8,12.1,Evening,2024-10-02,,76.15
MCH-6347,,Surat,6,828.51,511,2.51,Medium,32.0,22,4.8,Night,2023-04-20,Daniel,94.69
MCH-6348,Robotic Arm,Pune,23,910.31,1779,6.16,Low,20.3,13,22.3,Night,2023-02-10,Jerry,85.59
MCH-6349,Laser Cutter,Pune,13,325.93,256,2.12,,31.7,6,11.9,Evening,2022-07-28,William,89.1
MCH-6350,Packaging Unit,Pune,16,372.79,1829,10.77,High,32.3,11,10.7,Night,2025-03-08,Robert,85.68
MCH-6351,CNC,Rajkot,23,671.53,1327,2.26,Medium,14.7,18,1.4,Evening,2022-04-01,Kathleen,104.6
MCH-6352,3D Printer,Vadodara,17,429.24,1678,9.49,Medium,31.3,19,12.4,Evening,2025-01-08,Jerry,85.71
MCH-6353,Laser Cutter,Ahmedabad,21,1073.81,579,12.36,Low,26.2,3,5.5,Night,2025-03-01,Daniel,74.72
MCH-6354,Robotic Arm,Vadodara,21,599.78,846,10.93,High,23.7,16,13.8,Morning,2022-12-02,Chad,74.67
MCH-6355,Laser Cutter,Vadodara,23,516.0,806,11.41,Low,31.7,7,10.2,Morning,2023-08-28,Karen,76.02
MCH-6356,Robotic Arm,Surat,14,748.48,1794,3.5,High,,23,7.9,Evening,2022-05-16,,101.35
MCH-6357,CNC,Surat,22,662.58,318,12.44,High,29.2,12,15.7,Night,2023-10-18,Jason,65.83
MCH-6358,3D Printer,Ahmedabad,16,752.53,1398,0.18,Medium,14.4,15,5.3,Evening,2025-01-03,Adam,106.5
MCH-6359,Robotic Arm,Rajkot,21,788.97,401,3.41,High,22.4,21,0.2,Morning,2025-04-04,Marco,95.25
MCH-6360,Packaging Unit,Vadodara,12,1312.96,1526,10.21,High,27.5,7,3.6,Evening,2025-03-16,Joe,87.9
MCH-6361,Laser Cutter,Ahmedabad,21,479.22,710,5.13,Low,29.4,4,22.0,Morning,2023-09-14,Tyler,79.57
MCH-6362,CNC,Ahmedabad,11,1058.59,1929,0.9,Low,24.4,29,4.1,Morning,2023-12-03,Scott,109.89
MCH-6363,CNC,Ahmedabad,11,374.79,1366,13.85,High,17.1,13,8.5,Evening,2025-02-08,Cristina,77.2
MCH-6364,Robotic Arm,Pune,10,1194.89,1153,12.52,,27.3,14,2.9,Night,2023-01-14,Dustin,80.83
MCH-6365,Packaging Unit,Vadodara,20,470.72,814,0.88,Low,40.4,9,7.4,Evening,2023-07-17,Jose,99.17
MCH-6366,CNC,Surat,10,676.29,1236,5.78,Medium,,25,5.1,morning,2024-04-26,Kristy,94.2
MCH-6367,CNC,Rajkot,21,575.26,1254,6.16,Medium,26.8,11,3.0,Morning,2024-02-29,Clayton,95.21
MCH-6368,Robotic Arm,Pune,22,1008.17,1881,11.99,Medium,37.0,4,12.3,Evening,2024-04-14,Alexander,81.64
MCH-6369,Robotic Arm,Rajkot,10,759.99,1117,13.99,Low,30.0,6,0.1,Night,2025-03-03,Jamie,80.17
MCH-6370,Robotic Arm,Surat,9,,1243,14.52,HIGH,28.6,29,5.4,Morning,2023-12-02,Jesus,76.61
MCH-6371,,Ahmedabad,8,1201.05,1908,14.45,Medium,29.1,28,2.4,Night,2023-06-05,Joshua,83.6
MCH-6372,,Vadodara,18,807.86,928,11.71,High,30.9,20,0.8,Evening,2023-03-07,Anthony,82.6
MCH-6373,Robotic Arm,Rajkot,11,976.11,1613,13.98,Medium,31.0,13,1.3,Evening,2023-12-03,Carrie,83.18
MCH-6374,Robotic Arm,Rajkot,6,232.97,570,10.57,Low,28.8,15,6.2,Night,2025-02-20,Jerry,78.94
MCH-6375,Robotic Arm,Ahmedabad,19,764.65,1866,1.55,Low,39.1,12,6.9,Evening,2024-01-11,Holly,106.53
MCH-6376,Laser Cutter,Rajkot,6,847.8,74,9.91,Medium,,27,4.7,Morning,2024-11-17,Dawn,76.3
MCH-6377,Laser Cutter,Pune,22,943.24,630,12.43,High,33.6,22,6.7,Morning,2022-11-24,Bruce,74.35
MCH-6378,Packaging Unit,Pune,17,362.85,724,9.29,High,26.3,25,45.2,morning,2022-08-16,Christina,55.29
MCH-6379,CNC,Rajkot,22,,691,2.78,High,32.5,23,2.4,Morning,2025-04-07,Hannah,96.15
MCH-6380,3D Printer,Vadodara,10,878.23,1617,10.85,,29.3,28,12.8,Night,2024-08-04,Sean,81.56
MCH-6381,Packaging Unit,Surat,18,1099.68,330,0.42,Medium,15.4,12,16.7,Morning,2022-09-15,Deborah,88.65
MCH-6382,,Rajkot,4,313.98,1924,4.28,Low,28.0,3,2.6,Night,2023-05-07,Stephanie,105.2
MCH-6383,Packaging Unit,Rajkot,21,269.09,1909,9.7,Medium,25.2,10,10.8,Morning,2025-04-12,Anthony,88.56
MCH-6384,Laser Cutter,Rajkot,16,,1641,13.06,Medium,22.2,27,9.6,Evening,2022-02-06,Julie,80.48
MCH-6385,Robotic Arm,Vadodara,5,304.52,112,9.85,Medium,25.4,5,11.8,Night,2022-03-05,,72.54
MCH-6386,Packaging Unit,Vadodara,13,794.39,1816,10.94,Medium,27.4,23,1.9,Night,2022-12-02,Heather,90.79
MCH-6387,3D Printer,Rajkot,9,446.12,1763,4.28,Low,27.7,6,8.6,Night,2022-10-02,Andrew,99.47
MCH-6388,3D Printer,Vadodara,7,1091.36,1094,4.97,High,24.2,5,6.0,Morning,2023-12-10,Christopher,93.42
MCH-6389,CNC,Ahmedabad,15,342.79,999,5.65,High,33.8,5,0.6,Morning,2023-10-11,Richard,96.12
MCH-6390,3D Printer,Ahmedabad,11,1110.77,1254,1.98,Medium,,14,9.2,Evening,2022-04-30,Michelle,98.46
MCH-6391,Laser Cutter,Rajkot,20,1905.23,1530,1.48,High,34.9,12,1.1,Evening,2024-11-23,Matthew,106.3
MCH-6392,3D Printer,Vadodara,12,542.44,1969,12.03,Medium,,23,10.8,Evening,2022-04-03,Pamela,84.01
MCH-6393,,Ahmedabad,17,558.57,634,11.97,High,32.2,14,6.7,Night,2024-01-28,Alison,75.86
MCH-6394,3D Printer,Pune,15,772.62,1824,7.31,High,36.9,24,7.6,Evening,2022-01-31,Tammy,94.16
MCH-6395,Packaging Unit,Rajkot,19,705.24,1810,2.73,Medium,30.4,3,7.7,Evening,2024-07-26,Timothy,103.23
MCH-6396,Packaging Unit,Rajkot,19,1028.13,373,3.48,Low,26.0,29,8.2,Night,2024-11-24,Jesus,88.94
MCH-6397,Robotic Arm,Ahmedabad,21,1168.88,1570,12.97,Low,28.1,26,0.9,Evening,2024-07-10,Susan,84.84
MCH-6398,Laser Cutter,Rajkot,7,,481,12.15,Medium,30.6,23,1.5,Morning,2024-11-23,Laura,77.62
MCH-6399,CNC,Ahmedabad,11,146.45,681,7.96,Medium,30.1,2,20.9,Evening,2023-02-19,Ryan,74.92
MCH-6400,Packaging Unit,Vadodara,4,1594.57,251,13.35,Medium,28.0,25,8.0,Evening,2022-08-31,Paula,67.51
MCH-6401,Robotic Arm,Vadodara,15,734.32,1810,2.78,Low,,25,12.0,Evening,2025-02-12,Kara,100.07
MCH-6402,3D Printer,Rajkot,16,904.25,1435,13.64,High,34.8,25,14.5,Evening,2023-09-03,Jennifer,73.24
MCH-6403,3D Printer,Ahmedabad,7,1104.92,820,0.58,,43.5,11,6.1,Night,2022-07-20,Christopher,99.82
MCH-6404,CNC,Surat,5,545.1,678,8.09,,29.9,14,11.9,Night,2023-09-14,Jeffrey,80.36
MCH-6405,Laser Cutter,Rajkot,21,156.22,1734,7.28,Medium,30.3,3,11.8,Morning,2023-06-28,Samuel,91.41
MCH-6406,Laser Cutter,Rajkot,12,557.08,1899,1.36,Low,19.6,4,4.5,morning,2022-11-18,Joel,109.16
MCH-6407,Packaging Unit,Surat,9,1474.9,1338,7.47,Medium,30.5,11,1.3,Night,2023-06-07,Taylor,93.19
MCH-6408,Packaging Unit,Surat,8,698.75,1888,0.91,Low,20.5,21,4.3,Morning,2022-07-06,Richard,109.91
MCH-6409,Laser Cutter,Rajkot,14,,928,0.92,Low,29.8,21,15.2,Evening,2024-04-21,Rachel,94.98
MCH-6410,Laser Cutter,Vadodara,23,186.47,1732,11.75,Low,26.9,25,2.6,Morning,2022-03-16,,88.85
MCH-6411,Laser Cutter,Surat,11,779.96,526,14.71,Medium,27.3,22,20.0,Morning,2025-03-06,Paul,59.85
MCH-6412,CNC,Pune,10,481.13,1315,2.08,Low,28.5,16,10.6,Morning,2024-08-21,Thomas,98.69
MCH-6413,CNC,Vadodara,13,191.11,287,12.12,Low,23.4,8,2.1,Night,2023-06-25,Michael,76.41
MCH-6414,3D Printer,Ahmedabad,4,343.55,452,2.33,High,34.0,23,18.2,Morning,2023-10-10,Philip,85.88
MCH-6415,CNC,Ahmedabad,21,,1780,3.85,High,34.2,24,1.4,Night,2023-03-18,Jillian,105.73
MCH-6416,Laser Cutter,Pune,9,343.68,247,9.95,High,40.4,23,4.5,Night,2025-02-17,Karen,78.52
MCH-6417,Laser Cutter,Surat,17,592.4,1117,3.82,Medium,39.2,24,0.1,Night,2024-07-29,Matthew,100.75
MCH-6418,Packaging Unit,Surat,9,,1052,6.56,High,36.8,12,15.8,Evening,2025-04-04,Eric,84.16
MCH-6419,CNC,Surat,11,467.64,1669,6.2,Low,23.2,25,1.4,Night,2023-03-13,Chad,99.86
MCH-6420,Laser Cutter,Pune,12,576.68,96,6.78,High,27.4,28,8.6,morning,2024-02-10,James,80.4
MCH-6421,Laser Cutter,Vadodara,7,838.77,1735,3.95,High,,18,0.8,Evening,2022-10-11,Jennifer,104.8
MCH-6422,CNC,Ahmedabad,18,1299.64,1107,6.59,High,36.2,5,9.4,Night,2023-08-29,Michael,87.61
MCH-6423,Robotic Arm,Rajkot,9,1048.45,1322,5.34,Low,36.0,15,6.0,Morning,2024-03-30,Virginia,94.64
MCH-6424,3D Printer,Surat,10,854.95,976,6.04,High,26.5,5,6.6,Evening,2024-03-23,Christopher,90.21
MCH-6425,Packaging Unit,Rajkot,10,1129.55,419,14.66,Medium,26.6,6,0.4,Night,2023-10-01,Ashley,72.28
MCH-6426,CNC,Surat,20,412.05,1388,7.53,,19.4,23,10.5,Morning,2022-07-03,Andrea,88.57
MCH-6427,3D Printer,Pune,7,894.51,417,0.31,High,26.5,8,19.5,Evening,2024-10-05,Steve,87.93
MCH-6428,Laser Cutter,Rajkot,18,382.66,1280,12.23,Medium,24.8,6,3.3,Evening,2025-03-16,Amy,83.35
MCH-6429,Laser Cutter,Surat,10,1283.53,617,12.86,Medium,27.8,2,3.5,Night,2023-06-02,Roy,75.14
MCH-6430,Packaging Unit,Surat,22,857.25,294,1.33,High,23.0,21,6.4,Morning,2024-03-22,Patricia,94.09
MCH-6431,Robotic Arm,Vadodara,8,511.56,153,5.57,High,31.9,17,7.2,Night,2023-11-19,Robert,84.36
MCH-6432,3D Printer,Ahmedabad,23,413.47,1665,3.31,Medium,30.7,12,12.9,Evening,2022-07-11,Nicholas,97.63
MCH-6433,3D Printer,Ahmedabad,15,412.83,675,0.19,Medium,27.5,11,2.7,Evening,2022-09-28,Matthew,102.77
MCH-6434,Robotic Arm,Pune,19,803.49,86,11.7,Low,35.5,9,2.6,Night,2023-06-22,Robert,74.35
MCH-6435,Laser Cutter,Rajkot,12,757.71,1209,12.81,High,34.7,2,4.5,Evening,2022-10-20,Jason,80.22
MCH-6436,Packaging Unit,Pune,9,423.42,1893,9.4,Medium,30.8,11,3.3,Night,2023-01-21,Tyler,94.06
MCH-6437,CNC,Vadodara,14,765.41,1217,7.42,,32.3,5,3.5,Night,2024-06-24,Nicolas,91.76
MCH-6438,Packaging Unit,Rajkot,8,271.62,818,8.26,Medium,29.9,27,7.3,Evening,2025-02-10,Patrick,84.8
MCH-6439,Laser Cutter,Rajkot,21,620.1,1339,12.53,Medium,40.7,11,28.4,Night,2022-07-16,Crystal,65.33
MCH-6440,CNC,Ahmedabad,10,765.43,587,1.36,Medium,27.7,8,1.7,Evening,2022-03-22,Christine,99.89
MCH-6441,CNC,Rajkot,5,364.76,729,3.41,Low,26.7,26,1.6,Evening,2024-05-05,Charles,97.61
MCH-6442,CNC,Rajkot,16,368.32,652,11.99,Medium,35.3,14,8.2,Night,2023-10-22,Michael,75.19
MCH-6443,CNC,Vadodara,11,502.82,591,1.99,Medium,13.0,25,13.0,Morning,2025-03-22,Eric,91.13
MCH-6444,CNC,Vadodara,12,,812,14.46,High,29.1,3,9.7,Night,2022-04-01,Amanda,69.42
MCH-6445,3D Printer,Rajkot,15,897.46,439,7.19,Medium,34.1,5,11.4,Evening,2024-08-16,,80.02
MCH-6446,3D Printer,Rajkot,4,475.63,142,4.09,Medium,30.3,14,6.0,Morning,2025-02-08,Alec,88.12
MCH-6447,Laser Cutter,Pune,12,1087.08,1242,11.61,HIGH,27.7,16,2.0,Morning,2024-09-25,Heather,84.18
MCH-6448,Laser Cutter,Surat,8,367.61,319,3.2,High,30.9,19,8.9,Evening,2024-01-19,John,89.5
MCH-6449,Laser Cutter,Surat,19,513.77,755,11.13,Medium,,15,3.1,Morning,2025-03-24,Alvin,81.13
MCH-6450,Packaging Unit,Ahmedabad,23,1172.83,1802,2.93,Low,27.0,19,1.5,Night,2022-07-05,Henry,106.43
MCH-6451,Packaging Unit,Ahmedabad,23,293.79,1831,3.79,Medium,29.5,6,6.0,morning,2024-05-01,Kristen,103.06
MCH-6452,CNC,Pune,9,271.37,1999,9.07,High,33.9,15,1.4,Morning,2023-11-12,Richard,97.15
MCH-6453,CNC,Rajkot,8,,1020,6.85,High,25.8,12,10.7,Night,2022-01-30,Jason,86.66
MCH-6454,3D Printer,Rajkot,19,,1421,10.42,Low,34.3,28,0.7,Evening,2022-11-29,Dustin,89.22
MCH-6455,CNC,Surat,19,1374.24,1744,2.87,Medium,36.6,26,6.9,Night,2022-02-12,Timothy,102.0
MCH-6456,3D Printer,Ahmedabad,8,559.06,1699,12.45,High,28.2,21,1.7,Night,2022-08-23,John,87.27
MCH-6457,Laser Cutter,Vadodara,14,701.91,1806,12.61,High,20.6,24,1.1,Morning,2022-04-05,Reginald,88.06
MCH-6458,Packaging Unit,Pune,14,374.03,908,14.37,Low,28.2,3,1.1,Morning,2025-03-07,Michelle,77.52
MCH-6459,Packaging Unit,Ahmedabad,8,603.56,213,10.39,,30.0,12,4.5,Night,2022-10-24,David,76.98
MCH-6460,3D Printer,Vadodara,18,462.79,1994,5.18,High,32.6,29,7.8,Evening,2025-04-06,Timothy,100.14
MCH-6461,Robotic Arm,Vadodara,20,1932.59,1001,0.77,Low,30.4,29,8.8,Night,2024-06-13,Katherine,97.88
MCH-6462,3D Printer,Pune,21,562.45,1250,7.33,High,24.6,8,0.3,Night,2025-04-10,Mandy,94.74
MCH-6463,3D Printer,Surat,9,530.12,733,13.58,Medium,34.1,26,7.5,Morning,2022-09-01,,72.94
MCH-6464,Robotic Arm,Rajkot,11,801.07,608,4.55,Medium,29.1,26,16.6,Morning,2022-11-23,Richard,83.2
MCH-6465,,Pune,5,768.07,1936,3.01,,26.4,25,4.9,Morning,2024-07-24,Tanya,105.59
MCH-6466,Laser Cutter,Vadodara,13,920.96,300,3.45,Low,35.1,2,4.8,Morning,2022-09-12,Angelica,90.92
MCH-6467,Robotic Arm,Pune,8,616.81,710,10.38,Low,37.9,19,6.7,Morning,2023-05-29,Erin,79.59
MCH-6468,Laser Cutter,Vadodara,12,525.63,743,2.22,High,25.6,28,10.5,Evening,2024-05-17,Jonathan,93.65
MCH-6469,Robotic Arm,Ahmedabad,16,278.07,1498,6.8,Medium,24.6,28,17.7,Evening,2022-02-20,Raymond,86.1
MCH-6470,Robotic Arm,Pune,9,454.35,1466,8.25,Medium,35.3,17,1.4,Evening,2023-04-02,,94.09
MCH-6471,Packaging Unit,Vadodara,11,2174.35,1821,14.79,Low,42.2,22,8.4,Morning,2023-08-18,Mary,76.61
MCH-6472,Laser Cutter,Ahmedabad,21,313.9,398,9.09,Low,36.1,8,2.7,Morning,2024-02-17,Paul,82.8
MCH-6473,Laser Cutter,Pune,7,1032.15,796,13.63,Low,34.7,14,13.7,Night,2023-04-22,Troy,68.31
MCH-6474,,Vadodara,4,803.85,206,10.03,,24.5,18,15.7,Morning,2024-07-07,Joseph,69.52
MCH-6475,3D Printer,Vadodara,14,476.92,1430,4.24,Medium,30.7,18,0.2,Morning,2023-09-29,Ronald,102.62
MCH-6476,Laser Cutter,Pune,20,977.19,433,10.59,Low,33.5,4,6.2,Evening,2025-02-11,William,76.69
MCH-6477,Robotic Arm,Surat,22,1993.37,1165,11.57,High,25.7,7,2.7,Morning,2024-09-09,Elizabeth,81.83
MCH-6478,CNC,Vadodara,12,1032.13,358,14.05,High,28.2,26,1.9,Night,2024-04-22,Edward,72.08
MCH-6479,3D Printer,Surat,17,203.31,1727,9.23,Medium,31.0,13,20.7,Night,2024-07-20,Edward,81.15
MCH-6480,Packaging Unit,Vadodara,11,1438.48,1628,9.07,High,31.8,8,13.2,Morning,2024-09-05,David,84.13
MCH-6481,3D Printer,Pune,5,600.8,1132,0.64,Low,,18,49.0,Night,2022-04-10,Michael,73.0
MCH-6482,Robotic Arm,Rajkot,9,356.28,679,3.64,Medium,31.2,18,10.4,Night,2024-01-13,Andrew,90.59
MCH-6483,3D Printer,Ahmedabad,21,486.08,1330,12.21,,26.0,13,1.3,Evening,2024-11-23,Richard,85.06
MCH-6484,CNC,Surat,22,752.23,778,1.02,Medium,24.1,26,13.2,Night,2022-05-01,Grace,94.13
MCH-6485,Packaging Unit,Rajkot,10,1052.59,1175,6.86,Low,28.0,5,1.3,Evening,2022-12-01,Mike,93.66
MCH-6486,CNC,Ahmedabad,18,327.07,1118,13.44,Medium,42.0,7,6.9,Night,2024-03-02,John,77.14
MCH-6487,Laser Cutter,Vadodara,6,620.52,1823,3.68,Medium,34.7,27,9.0,Night,2024-02-21,Richard,100.65
MCH-6488,Packaging Unit,Pune,21,549.13,1337,7.3,High,33.6,16,1.9,Evening,2022-12-25,Danielle,94.43
MCH-6489,Packaging Unit,Vadodara,22,171.8,679,4.69,Low,32.7,26,0.5,Morning,2024-02-07,Lori,95.68
MCH-6490,Robotic Arm,Rajkot,7,412.99,1791,4.58,Medium,27.5,4,3.3,Evening,2022-03-28,Martha,102.87
MCH-6491,Laser Cutter,Ahmedabad,22,370.71,1900,9.17,Low,24.4,9,3.5,Evening,2024-04-22,Jennifer,94.51
MCH-6492,CNC,Ahmedabad,17,358.28,1440,4.17,Medium,34.9,6,3.8,Morning,2023-08-15,Patrick,100.49
MCH-6493,Laser Cutter,Pune,23,1208.4,615,6.53,High,25.9,3,21.0,Morning,2025-01-10,Matthew,75.64
MCH-6494,Packaging Unit,Rajkot,6,499.86,494,8.61,Medium,25.3,8,2.1,Morning,2024-04-27,Daniel,84.71
MCH-6495,Laser Cutter,Surat,13,761.64,1183,13.89,Low,25.3,22,0.2,Morning,2023-01-11,Robert,80.85
MCH-6496,CNC,Vadodara,20,937.31,619,9.71,Medium,26.9,2,13.3,Morning,2022-07-26,Jeffery,75.09
MCH-6497,Laser Cutter,Rajkot,4,1589.31,1697,9.92,High,29.0,13,3.5,Night,2024-06-23,,89.58
MCH-6498,Robotic Arm,Pune,22,1554.98,296,7.54,High,31.4,27,0.1,Night,2024-09-28,Brandy,85.1
MCH-6499,Laser Cutter,Pune,6,584.41,260,6.92,High,34.1,21,1.8,Night,2022-05-25,Jessica,86.23
MCH-6500,Laser Cutter,Surat,23,389.46,1151,11.94,,29.0,2,1.9,Morning,2023-04-19,Kevin,83.83
MCH-6501,3D Printer,Surat,14,882.03,132,5.76,Low,27.8,11,11.0,Night,2024-05-03,Stephanie,80.62
MCH-6502,3D Printer,Rajkot,7,673.72,267,13.87,Low,46.3,18,6.6,Night,2024-10-21,Russell,68.9
MCH-6503,3D Printer,Vadodara,7,1032.89,344,3.31,High,35.0,3,6.6,Night,2024-08-08,Olivia,90.15
MCH-6504,Packaging Unit,Ahmedabad,16,126.85,1313,14.4,Low,26.2,9,3.7,Morning,2022-02-24,Haley,79.37
MCH-6505,Packaging Unit,Ahmedabad,15,662.34,1798,10.39,Medium,28.0,7,6.6,Evening,2022-01-10,Mary,88.64
MCH-6506,CNC,Rajkot,17,739.32,960,7.59,Medium,26.2,25,19.1,Morning,2024-07-09,Katelyn,78.39
MCH-6507,CNC,Vadodara,11,307.48,958,11.1,Medium,25.4,23,1.1,Morning,2024-11-20,Susan,84.57
MCH-6508,Packaging Unit,Ahmedabad,7,697.94,1551,12.75,Medium,27.3,3,0.3,Night,2024-03-15,Rebecca,86.22
MCH-6509,CNC,Surat,22,738.27,709,8.93,Medium,34.5,23,4.4,morning,2022-10-11,Leslie,83.91
MCH-6510,CNC,Pune,9,513.97,1391,12.9,High,25.6,27,12.1,Morning,2022-08-13,Brian,76.59
MCH-6511,Laser Cutter,Vadodara,19,315.27,871,5.71,,24.2,17,21.2,Night,2024-03-07,Savannah,80.55
MCH-6512,Packaging Unit,Rajkot,7,1562.25,1694,10.08,High,34.7,11,6.3,Morning,2022-03-13,Brenda,87.31
MCH-6513,Packaging Unit,Surat,23,170.26,749,1.54,Low,21.8,29,0.1,Evening,2024-11-18,Catherine,102.85
MCH-6514,,Pune,17,521.27,1144,3.81,Medium,23.5,27,7.5,Evening,2022-01-28,Melissa,95.92
MCH-6515,CNC,Vadodara,9,377.35,804,11.71,Medium,27.7,21,1.8,Morning,2022-04-18,Veronica,81.48
MCH-6516,Robotic Arm,Pune,15,890.28,1391,3.73,Medium,25.7,10,7.5,Night,2024-06-03,Paula,97.61
MCH-6517,Robotic Arm,Rajkot,15,571.74,1098,7.46,Low,26.6,22,0.6,Evening,2025-03-04,Mary,92.99
MCH-6518,Robotic Arm,Rajkot,6,439.97,1474,6.88,Low,20.7,29,15.7,Morning,2023-07-28,Derek,86.9
MCH-6519,Packaging Unit,Vadodara,10,655.0,1373,6.03,High,33.3,25,5.7,Morning,2023-05-15,Jennifer,94.46
MCH-6520,Laser Cutter,Pune,15,598.84,1649,13.35,Medium,29.3,15,0.2,Night,2022-07-16,Alexa,86.05
MCH-6521,3D Printer,Vadodara,14,652.84,1236,13.67,Low,31.9,12,5.3,Evening,2022-09-20,Brian,78.32
MCH-6522,CNC,Rajkot,10,,1230,8.59,Medium,27.0,17,1.8,Night,2022-04-23,Michelle,90.0
MCH-6523,3D Printer,Vadodara,13,650.94,1954,9.93,,31.7,14,5.5,Evening,2022-08-09,Henry,91.64
MCH-6524,CNC,Rajkot,13,593.67,1495,2.87,High,29.1,3,1.4,Night,2024-08-31,,104.89
MCH-6525,Packaging Unit,Surat,20,841.8,235,7.78,High,29.8,10,11.5,Evening,2024-07-18,Angel,77.15
MCH-6526,,Pune,20,660.25,601,5.48,High,,22,4.4,Morning,2022-01-23,Don,90.03
MCH-6527,Laser Cutter,Rajkot,10,235.45,1709,11.93,Low,30.5,27,4.2,Night,2023-06-22,Christopher,87.11
MCH-6528,Packaging Unit,Rajkot,22,319.21,1417,7.15,High,27.6,4,7.2,Morning,2024-02-03,Kimberly,92.01
MCH-6529,Robotic Arm,Surat,9,1714.48,1610,8.38,Medium,39.5,18,4.3,Morning,2024-03-12,Belinda,91.2
MCH-6530,3D Printer,Surat,18,819.15,131,9.51,Medium,31.8,23,9.8,Evening,2024-12-15,William,74.04
MCH-6531,Laser Cutter,Vadodara,6,404.93,1327,5.6,Low,,22,9.4,Evening,2023-10-16,Jose,92.7
MCH-6532,Packaging Unit,Rajkot,22,606.9,214,1.38,Medium,28.0,18,2.3,Night,2023-03-29,John,96.55
MCH-6533,Packaging Unit,Pune,19,1011.64,1457,2.36,Medium,30.6,28,12.4,Morning,2025-01-06,Brittany,97.3
MCH-6534,CNC,Pune,4,751.3,1078,1.57,,33.4,10,6.2,Evening,2024-09-07,Carolyn,100.43
MCH-6535,Laser Cutter,Pune,8,978.85,336,0.43,Low,28.7,11,1.8,Night,2024-12-05,Kimberly,99.28
MCH-6536,Robotic Arm,Surat,10,1144.77,494,2.22,Low,35.3,20,18.2,Night,2023-09-04,Brittany,85.3
MCH-6537,Robotic Arm,Ahmedabad,6,209.22,1808,14.68,Low,32.3,21,7.7,morning,2025-01-16,Jeffrey,80.02
MCH-6538,Packaging Unit,Vadodara,8,103.16,1134,6.21,Low,,22,4.6,Evening,2024-04-07,David,93.66
MCH-6539,CNC,Ahmedabad,5,510.51,530,13.13,Medium,34.0,27,1.8,Morning,2025-03-29,Alex,76.17
MCH-6540,Laser Cutter,Pune,14,718.31,1363,2.43,Low,32.5,21,4.0,Morning,2023-10-15,Sarah,102.67
MCH-6541,CNC,Vadodara,14,628.5,683,6.91,Low,23.2,22,6.0,Night,2024-11-18,Melanie,86.77
MCH-6542,Packaging Unit,Vadodara,16,647.35,372,10.22,Medium,21.9,3,0.8,Night,2022-06-14,Jeffrey,81.18
MCH-6543,Laser Cutter,Pune,23,767.84,1594,2.2,Low,30.0,10,2.3,Night,2024-11-18,Clinton,106.18
MCH-6544,Packaging Unit,Pune,22,326.78,381,1.69,Medium,23.0,9,0.5,Night,2023-07-27,Heather,98.98
MCH-6545,3D Printer,Pune,7,524.96,686,13.4,,38.0,11,1.0,Night,2024-02-16,John,77.47
MCH-6546,Robotic Arm,Surat,11,578.25,1007,9.38,Medium,41.3,23,17.7,Morning,2022-07-23,,76.42
MCH-6547,CNC,Surat,10,451.28,1390,11.32,High,23.0,29,1.0,Evening,2023-06-29,Nicole,87.6
MCH-6548,Laser Cutter,Ahmedabad,7,709.22,1122,4.87,High,23.4,11,10.8,Evening,2024-02-28,Melissa,91.04
MCH-6549,3D Printer,Rajkot,19,2018.65,1846,13.72,Low,31.4,2,12.8,Night,2023-02-09,Justin,76.1
MCH-6550,3D Printer,Pune,16,883.16,1123,10.89,Medium,42.5,4,10.9,Evening,2024-10-30,,78.69
MCH-6551,Laser Cutter,Ahmedabad,4,321.59,95,14.55,Low,35.6,6,12.2,Night,2025-01-03,,62.69
MCH-6552,Packaging Unit,Rajkot,13,530.69,1902,3.4,Medium,33.0,14,1.2,Morning,2023-01-30,John,107.45
MCH-6553,Packaging Unit,Surat,17,283.14,1240,6.88,High,31.2,18,2.2,Evening,2023-06-27,Tamara,94.63
MCH-6554,,Vadodara,4,328.9,1208,3.93,,29.6,28,47.3,Evening,2024-11-04,Kimberly,68.63
MCH-6555,Packaging Unit,Rajkot,4,444.52,236,0.11,Medium,26.6,27,4.4,Evening,2022-08-23,Jon,98.03
MCH-6556,3D Printer,Rajkot,12,823.37,1414,2.35,HIGH,24.7,3,12.9,Morning,2024-12-09,Shannon,96.88
MCH-6557,Packaging Unit,Rajkot,19,,1716,3.38,Medium,22.7,26,7.9,Night,2022-08-08,Jeffery,101.08
MCH-6558,Laser Cutter,Pune,11,484.7,1811,12.63,,27.6,8,9.2,Morning,2023-09-02,Donna,82.7
MCH-6559,3D Printer,Ahmedabad,16,585.94,1127,9.19,Medium,23.9,9,19.0,Evening,2025-02-13,Sara,76.87
MCH-6560,Packaging Unit,Rajkot,22,898.02,1523,14.79,Medium,38.2,28,30.0,Evening,2023-06-10,Peter,60.83
MCH-6561,Packaging Unit,Surat,12,362.37,1665,12.97,Medium,27.0,20,5.2,Morning,2024-11-13,Kelly,83.78
MCH-6562,Laser Cutter,Ahmedabad,22,740.67,401,5.38,Medium,30.2,9,8.0,Evening,2022-12-30,Peter,85.92
MCH-6563,3D Printer,Pune,14,475.8,1474,13.84,High,35.4,22,9.5,Morning,2022-06-11,,77.27
MCH-6564,3D Printer,Vadodara,10,622.59,1748,2.35,Medium,,10,8.7,Morning,2022-10-19,Valerie,102.89
MCH-6565,3D Printer,Rajkot,14,321.28,1891,9.81,Low,38.6,16,10.5,Evening,2022-03-03,Tammy,88.33
MCH-6566,CNC,Rajkot,5,607.34,519,8.94,High,26.2,19,4.4,Evening,2022-11-14,Jennifer,82.5
MCH-6567,3D Printer,Pune,6,832.81,937,10.0,Low,35.2,6,0.0,Night,2024-09-22,Elizabeth,86.62
MCH-6568,Robotic Arm,Vadodara,12,,1928,9.53,Low,23.3,18,9.7,Evening,2022-06-12,Janet,89.2
MCH-6569,3D Printer,Rajkot,9,884.93,298,10.73,Low,27.6,2,1.5,Night,2025-03-18,Randy,78.71
MCH-6570,Robotic Arm,Rajkot,18,347.22,266,12.27,Low,30.4,2,0.5,morning,2023-05-17,Savannah,76.83
MCH-6571,3D Printer,Rajkot,14,1722.8,372,8.18,Medium,19.7,20,10.0,Night,2022-08-11,Alexandra,77.28
MCH-6572,Laser Cutter,Vadodara,13,395.83,1430,10.39,High,27.0,9,1.9,Evening,2024-12-12,Miranda,89.24
MCH-6573,Robotic Arm,Rajkot,17,1648.36,1885,11.35,Medium,20.9,6,3.2,Morning,2022-06-15,Kristin,88.41
MCH-6574,CNC,Surat,20,627.64,1519,6.62,High,31.5,29,2.3,Morning,2022-04-17,Karen,96.91
MCH-6575,3D Printer,Vadodara,5,379.3,387,0.46,Medium,28.2,15,11.0,Evening,2022-12-21,Tommy,94.06
MCH-6576,Laser Cutter,Surat,12,856.95,1521,13.32,High,29.0,27,2.3,Morning,2023-07-25,Adam,83.2
MCH-6577,3D Printer,Rajkot,17,466.35,1863,9.97,High,38.0,4,8.1,Evening,2023-09-16,Michelle,89.25
MCH-6578,Robotic Arm,Surat,17,789.71,757,7.81,High,20.2,26,16.8,Night,2022-05-20,Karl,77.8
MCH-6579,Packaging Unit,Surat,22,706.41,938,10.54,Medium,33.8,26,15.5,Night,2023-12-17,Michael,74.88
MCH-6580,Laser Cutter,Pune,11,980.38,407,4.09,,,2,0.1,Night,2022-07-06,William,93.74
MCH-6581,,Vadodara,21,323.0,406,12.46,High,32.8,18,1.3,Evening,2024-07-09,Todd,77.09
MCH-6582,CNC,Pune,4,548.26,817,2.29,High,36.1,3,2.4,Night,2022-03-28,Jamie,99.77
MCH-6583,CNC,Rajkot,4,469.76,1718,2.24,Low,25.7,26,12.1,Night,2023-04-12,Daniel,100.7
MCH-6584,3D Printer,Pune,17,1204.09,125,14.26,High,23.1,7,5.7,Morning,2023-01-02,Robert,66.81
MCH-6585,Laser Cutter,Surat,16,730.14,1415,10.58,High,37.3,12,21.6,Evening,2022-03-22,Melissa,74.47
MCH-6586,Laser Cutter,Ahmedabad,14,339.37,1949,3.69,HIGH,39.3,24,5.0,Night,2024-09-10,Vincent,104.88
MCH-6587,Robotic Arm,Pune,12,851.75,1990,6.93,High,27.6,21,28.6,Morning,2025-03-02,Micheal,81.49
MCH-6588,Robotic Arm,Vadodara,7,565.99,169,8.54,Low,30.7,17,0.5,Morning,2025-03-18,,83.17
MCH-6589,CNC,Rajkot,15,258.75,1937,2.83,High,27.1,7,0.8,Morning,2023-08-13,Mark,109.55
MCH-6590,Laser Cutter,Ahmedabad,19,807.92,1166,12.06,Medium,19.5,6,5.1,Morning,2024-02-16,Sally,80.87
MCH-6591,CNC,Surat,10,448.63,544,12.3,Low,25.7,27,8.3,Night,2024-10-19,,73.48
MCH-6592,Packaging Unit,Rajkot,18,1039.06,1420,12.22,,26.6,7,1.2,Morning,2022-06-22,Linda,85.07
MCH-6593,Laser Cutter,Surat,20,874.69,1195,11.05,High,32.7,3,11.4,Evening,2022-07-28,Laurie,78.63
MCH-6594,Laser Cutter,Surat,8,454.64,758,5.65,Low,25.5,12,6.5,Morning,2022-02-10,Nicholas,89.82
MCH-6595,Laser Cutter,Surat,9,589.03,1695,3.01,High,22.7,5,5.5,Evening,2023-10-19,Willie,103.41
MCH-6596,CNC,Surat,6,342.8,1218,0.36,Low,23.6,10,22.4,Evening,2023-08-25,Sarah,93.26
MCH-6597,,Pune,23,852.17,622,13.96,Low,28.7,26,4.1,Morning,2024-02-27,Amy,73.18
MCH-6598,3D Printer,Pune,14,879.32,1676,1.25,Medium,34.2,23,11.8,Night,2023-07-02,Danielle,101.95
MCH-6599,3D Printer,Vadodara,11,617.72,804,8.16,Medium,34.2,28,5.5,Night,2022-09-12,,85.65
MCH-6600,CNC,Vadodara,21,901.07,581,13.85,Low,40.2,18,5.1,Evening,2024-05-08,Marisa,72.28
MCH-6601,Robotic Arm,Vadodara,20,334.5,1672,2.26,Medium,17.0,5,1.6,Evening,2025-04-05,Susan,107.82
MCH-6602,Laser Cutter,Ahmedabad,21,1516.56,1716,7.86,Low,31.8,3,9.6,Evening,2024-11-17,,89.69
MCH-6603,Laser Cutter,Vadodara,22,938.58,1410,3.88,Low,31.5,10,13.4,Morning,2024-07-03,Joseph,93.27
MCH-6604,Robotic Arm,Pune,4,436.82,1546,1.85,Medium,32.1,2,7.5,Night,2023-03-03,,103.31
MCH-6605,Laser Cutter,Rajkot,18,9209.12,1428,3.01,Medium,34.5,15,31.200000000000003,Morning,2024-08-22,Scott,100.6
MCH-6606,Robotic Arm,Vadodara,5,764.69,1163,11.06,High,36.8,27,4.5,Morning,2022-02-25,Heidi,83.33
MCH-6607,3D Printer,Pune,11,743.54,996,9.91,Low,41.9,27,4.1,Night,2023-12-03,Antonio,84.55
MCH-6608,CNC,Surat,19,639.49,1938,9.41,Low,26.1,15,11.6,Morning,2024-10-06,Brian,88.3
MCH-6609,Robotic Arm,Ahmedabad,22,490.06,766,8.33,Low,,3,17.1,Evening,2023-03-24,Anthony,77.05
MCH-6610,Robotic Arm,Pune,21,362.97,1610,3.75,High,33.0,22,2.4,Night,2024-10-05,David,103.72
MCH-6611,CNC,Ahmedabad,7,1496.0,1596,5.69,High,30.3,6,10.0,Evening,2022-02-24,Elizabeth,92.78
MCH-6612,Robotic Arm,Pune,4,424.83,1653,8.79,High,,20,7.0,Evening,2024-05-15,Karen,90.69
MCH-6613,,Rajkot,19,645.29,1426,4.03,High,,19,3.3,Morning,2022-03-29,Curtis,100.59
MCH-6614,Robotic Arm,Surat,5,818.89,891,4.5,Medium,,3,8.3,Evening,2023-02-25,Tanya,91.45
MCH-6615,Robotic Arm,Surat,16,539.87,425,7.98,High,30.5,8,0.7,Evening,2025-04-02,,86.32
MCH-6616,CNC,Pune,21,855.22,693,10.62,High,24.5,18,10.3,Night,2024-07-31,Jennifer,76.1
MCH-6617,Packaging Unit,Pune,17,418.38,1981,4.12,Medium,25.9,18,4.4,Night,2024-08-04,Krystal,104.59
MCH-6618,Packaging Unit,Pune,20,706.65,1757,10.31,Medium,34.0,18,0.1,Morning,2022-02-16,Michael,92.94
MCH-6619,CNC,Pune,15,507.54,820,5.05,Low,34.8,7,9.4,Morning,2022-07-15,Linda,89.43
MCH-6620,Packaging Unit,Vadodara,13,995.37,189,4.14,Medium,22.8,26,1.8,Morning,2023-08-02,Timothy,90.61
MCH-6621,Packaging Unit,Rajkot,18,662.17,1341,14.77,High,34.3,22,6.2,Evening,2022-09-17,Craig,76.35
MCH-6622,CNC,Surat,10,881.84,1971,10.14,Low,35.2,18,0.0,Morning,2022-04-19,Jose,94.89
MCH-6623,CNC,Pune,20,1065.51,1410,9.07,Low,33.2,9,20.1,Evening,2023-11-12,Sabrina,78.02
MCH-6624,Robotic Arm,Vadodara,7,882.71,1315,4.11,High,29.0,20,2.7,Morning,2023-02-20,Richard,99.59
MCH-6625,CNC,Rajkot,19,419.43,1269,10.37,Low,27.8,20,6.3,Morning,2023-10-01,,84.83
MCH-6626,CNC,Pune,10,984.78,1962,1.05,High,32.9,23,1.7,Night,2024-02-08,Wayne,111.65
MCH-6627,Laser Cutter,Pune,6,1417.01,702,3.02,Medium,,8,12.1,Night,2023-09-15,Steven,89.32
MCH-6628,,Ahmedabad,21,151.94,741,8.27,High,18.4,2,0.3,Evening,2024-11-19,Jennifer,89.21
MCH-6629,CNC,Ahmedabad,15,1090.5,566,14.37,Low,34.0,29,11.0,Morning,2025-02-23,Linda,66.72
MCH-6630,CNC,Rajkot,23,,1544,4.4,High,35.6,6,12.8,Evening,2023-01-17,,94.02
MCH-6631,Robotic Arm,Ahmedabad,14,,938,2.64,Medium,30.3,12,11.5,Morning,2023-04-06,Nicole,94.05
MCH-6632,Robotic Arm,Surat,19,990.01,1378,3.89,High,30.4,8,5.7,Morning,2023-01-03,,98.3
MCH-6633,Robotic Arm,Pune,6,1033.85,579,2.13,Medium,33.7,26,2.5,Evening,2023-06-23,,97.34
MCH-6634,CNC,Vadodara,7,778.41,1759,5.94,High,26.4,25,10.9,Morning,2023-01-06,Ricardo,94.04
MCH-6635,CNC,Ahmedabad,8,,1370,2.98,High,23.6,18,0.7,Night,2022-04-26,Leah,104.15
MCH-6636,,Pune,22,282.94,430,12.79,Low,24.6,9,15.4,Evening,2022-11-26,Patty,66.82
MCH-6637,Robotic Arm,Rajkot,23,885.4,235,6.43,Low,15.3,21,65.4,Night,2022-01-24,Steven,42.05
MCH-6638,3D Printer,Pune,6,1258.55,952,0.59,High,,12,4.8,Morning,2024-09-26,William,101.6
MCH-6639,Laser Cutter,Ahmedabad,12,,1213,11.66,Low,33.4,11,6.9,Morning,2023-02-16,Matthew,81.3
MCH-6640,3D Printer,Rajkot,6,645.78,1757,10.36,High,28.6,19,30.6,Evening,2024-04-09,Charles,71.58
MCH-6641,Robotic Arm,Surat,10,825.1,218,1.87,Medium,26.8,9,8.6,Evening,2024-12-14,Ryan,90.88
MCH-6642,Robotic Arm,Rajkot,21,197.72,1325,11.43,Low,26.2,15,10.7,Night,2023-03-10,Dorothy,80.41
MCH-6643,Robotic Arm,Surat,15,1195.92,914,7.02,,37.4,20,2.1,Morning,2025-04-06,William,90.4
MCH-6644,Robotic Arm,Ahmedabad,23,780.15,1843,14.87,Medium,43.9,28,24.9,Morning,2024-12-31,Frances,67.07
MCH-6645,CNC,Surat,8,1167.46,937,5.54,Medium,33.2,18,0.9,Morning,2024-12-07,Laura,94.43
MCH-6646,Packaging Unit,Vadodara,21,401.75,169,0.78,Low,34.9,18,23.7,Night,2022-01-05,Teresa,82.68
MCH-6647,CNC,Rajkot,6,475.35,1633,11.03,High,35.4,15,14.7,Morning,2024-05-16,Kimberly,80.58
MCH-6648,Robotic Arm,Vadodara,16,806.46,1554,13.7,Medium,22.4,8,9.2,Evening,2022-01-02,Joseph,77.96
MCH-6649,Laser Cutter,Ahmedabad,23,541.74,319,8.36,Medium,45.0,26,6.5,Evening,2024-03-21,,80.61
MCH-6650,CNC,Ahmedabad,23,426.69,704,6.1,Low,,23,0.1,Night,2023-11-27,Heather,92.99
MCH-6651,Robotic Arm,Ahmedabad,20,1119.97,378,1.53,Low,33.4,7,3.6,Morning,2023-05-22,Kristin,95.97
MCH-6652,,Ahmedabad,23,529.12,1098,9.75,Medium,28.5,28,6.7,Night,2023-06-18,Raymond,84.2
MCH-6653,CNC,Surat,14,744.83,1244,5.73,High,21.6,22,6.1,Night,2022-02-01,Patrick,93.57
MCH-6654,Packaging Unit,Vadodara,16,432.98,1191,8.6,Low,22.8,15,8.3,Morning,2023-04-20,Stephanie,86.3
MCH-6655,,Ahmedabad,7,368.19,1439,13.6,Low,36.5,5,11.9,Evening,2023-02-21,Sara,75.94
MCH-6656,Packaging Unit,Surat,13,641.03,861,2.26,Low,28.6,15,1.3,Evening,2022-12-24,Grace,100.83
MCH-6657,Robotic Arm,Ahmedabad,18,773.45,352,3.19,High,28.8,17,6.9,Morning,2023-10-05,Johnathan,90.62
MCH-6658,Packaging Unit,Ahmedabad,22,819.07,1812,10.08,,25.6,14,6.3,Evening,2022-07-06,Jennifer,89.36
MCH-6659,CNC,Vadodara,16,340.23,1868,12.96,,31.4,6,2.1,morning,2023-11-21,Angel,87.69
MCH-6660,Laser Cutter,Rajkot,21,1147.75,1285,5.53,High,,28,7.6,Night,2022-03-26,Sydney,92.69
MCH-6661,3D Printer,Surat,17,313.71,1724,8.08,,30.0,9,2.5,Morning,2023-04-10,Tammy,96.01
MCH-6662,Packaging Unit,Pune,20,360.49,1044,12.79,High,28.8,27,6.3,Night,2022-10-09,Tina,78.2
MCH-6663,Packaging Unit,Pune,23,188.82,189,11.91,Low,34.6,18,3.5,Morning,2022-07-12,Lindsey,75.04
MCH-6664,,Ahmedabad,18,358.01,1270,11.75,Low,26.4,23,3.2,Morning,2022-12-17,Dylan,84.33
MCH-6665,3D Printer,Surat,21,383.0,98,0.1,Medium,34.0,21,3.5,Night,2022-03-11,Adam,97.62
MCH-6666,Packaging Unit,Vadodara,6,1020.01,753,0.48,Medium,16.1,28,3.3,Night,2022-08-20,Katie,101.55
MCH-6667,CNC,Pune,23,407.37,823,5.83,Medium,33.1,8,4.8,Night,2025-03-17,Margaret,91.26
MCH-6668,Packaging Unit,Surat,17,984.48,58,11.57,Low,29.9,25,7.6,Night,2023-12-27,Heidi,70.62
MCH-6669,CNC,Pune,18,795.31,1700,7.76,,29.0,24,9.8,Night,2022-11-22,Courtney,90.65
MCH-6670,CNC,Rajkot,12,536.13,1942,7.2,Low,35.9,13,9.4,Morning,2024-06-28,Kathleen,94.44
MCH-6671,Laser Cutter,Vadodara,14,883.02,623,4.66,,34.6,21,8.0,Morning,2024-08-13,Gregory,89.01
MCH-6672,Packaging Unit,Pune,15,463.0,1631,9.89,Low,23.3,20,7.4,Night,2022-11-09,Kim,87.97
MCH-6673,,Surat,22,592.5,958,3.31,High,28.8,10,6.6,Morning,2023-07-09,Sarah,95.9
MCH-6674,CNC,Vadodara,9,1248.46,1517,14.93,,,27,0.2,Morning,2022-04-11,Briana,80.86
MCH-6675,Packaging Unit,Surat,18,524.0,1588,2.37,Low,19.1,2,6.3,Evening,2022-09-13,Kristen,103.33
MCH-6676,Robotic Arm,Surat,19,,96,13.01,High,,6,5.4,Morning,2023-03-15,Chloe,70.1
MCH-6677,,Ahmedabad,18,356.03,1372,9.56,Medium,31.5,11,1.6,Evening,2022-09-19,Rebecca,90.68
MCH-6678,3D Printer,Ahmedabad,6,618.75,213,3.77,Medium,33.7,21,27.3,Night,2024-12-29,Brandon,74.24
MCH-6679,Robotic Arm,Pune,11,835.53,127,3.3,Low,34.3,17,4.9,Night,2024-11-20,Amy,89.83
MCH-6680,Packaging Unit,Pune,4,746.96,1212,11.76,,31.5,3,4.6,Evening,2022-11-11,Emily,82.29
MCH-6681,CNC,Pune,8,,521,6.0,,26.3,2,4.0,Morning,2025-03-20,Adam,89.21
MCH-6682,,Surat,9,418.1,1575,11.18,High,31.8,3,5.5,Morning,2022-12-03,Brett,86.32
MCH-6683,3D Printer,Pune,11,577.16,354,6.7,High,28.2,9,26.3,Night,2022-12-23,Lisa,70.32
MCH-6684,Packaging Unit,Surat,20,354.56,364,2.66,High,29.7,15,7.7,Night,2024-01-04,,91.82
MCH-6685,Packaging Unit,Rajkot,19,720.12,1085,2.51,Low,25.3,3,10.0,Night,2023-12-29,Wesley,95.99
MCH-6686,3D Printer,Pune,16,1003.02,1494,6.75,High,30.8,2,9.8,Morning,2023-07-08,Michael,90.66
MCH-6687,CNC,Pune,16,1031.69,1523,7.85,Low,23.5,20,0.3,Evening,2023-11-14,,95.31
MCH-6688,Robotic Arm,Rajkot,19,1450.01,1364,9.91,Low,25.6,20,9.4,Evening,2024-06-08,,82.9
MCH-6689,,Ahmedabad,12,,1632,1.4,High,25.1,19,4.5,Night,2022-10-22,Christopher,106.71
MCH-6690,Packaging Unit,Pune,18,224.37,283,5.25,,36.9,25,4.9,Morning,2024-10-20,Amanda,88.11
MCH-6691,Laser Cutter,Vadodara,4,804.08,296,0.55,,32.3,28,18.0,Morning,2022-12-14,Angela,87.62
MCH-6692,CNC,Rajkot,22,799.51,611,4.92,Low,32.7,28,7.4,Night,2022-09-13,Mary,88.93
MCH-6693,Packaging Unit,Ahmedabad,22,298.72,412,10.78,High,36.7,23,19.4,Night,2022-11-17,Mario,67.87
MCH-6694,Packaging Unit,Ahmedabad,4,652.85,592,6.91,Low,28.2,23,7.0,Night,2022-01-28,Steven,85.28
MCH-6695,Laser Cutter,Vadodara,22,430.38,1470,5.2,High,,19,0.7,Night,2023-06-25,Pamela,100.75
MCH-6696,3D Printer,Rajkot,21,579.79,1258,4.94,High,27.8,10,0.4,Night,2022-12-19,Brandon,99.5
MCH-6697,,Pune,9,966.09,588,9.12,,23.9,17,23.3,Morning,2024-04-20,Mark,68.97
MCH-6698,3D Printer,Rajkot,9,,174,10.22,,31.6,7,7.2,Evening,2022-01-23,Brandon,73.95
MCH-6699,CNC,Pune,12,708.88,1536,7.13,Medium,30.4,29,3.4,Morning,2025-03-09,Nicholas,95.15
MCH-6700,3D Printer,Ahmedabad,8,470.03,1153,14.57,Medium,22.9,23,6.0,Evening,2023-10-22,Brandon,75.6
MCH-6701,3D Printer,Surat,9,1488.64,1023,14.89,Low,36.9,7,3.5,Morning,2024-07-08,Patricia,74.17
MCH-6702,3D Printer,Pune,14,345.98,198,13.66,,,17,0.8,Night,2023-06-13,Lisa,73.28
MCH-6703,Robotic Arm,Pune,16,1062.55,1282,10.02,High,32.9,27,25.0,Evening,2023-09-06,Courtney,71.63
MCH-6704,Laser Cutter,Vadodara,22,569.35,948,11.98,High,26.1,16,3.4,Morning,2024-12-13,Pamela,80.75
MCH-6705,Laser Cutter,Rajkot,18,1018.56,1838,3.1,Medium,21.2,23,0.6,Evening,2023-06-05,Kelsey,107.24
MCH-6706,Laser Cutter,Ahmedabad,22,742.07,1508,6.37,High,30.9,2,4.1,Night,2025-03-07,Patricia,95.9
MCH-6707,CNC,Surat,4,847.61,381,9.66,High,26.0,13,4.7,Morning,2024-04-16,,79.35
MCH-6708,CNC,Surat,13,841.8,1405,1.22,Medium,30.3,2,0.9,Morning,2024-12-21,Victor,107.44
MCH-6709,CNC,Ahmedabad,5,1034.04,365,2.41,Low,37.0,24,11.1,Night,2024-12-30,Erin,88.97
MCH-6710,Packaging Unit,Ahmedabad,14,,584,4.38,Medium,34.8,19,1.7,Morning,2024-11-27,David,92.89
MCH-6711,Robotic Arm,Rajkot,5,524.97,720,11.1,Medium,34.4,15,3.5,Evening,2022-01-19,Tara,80.6
MCH-6712,Packaging Unit,Ahmedabad,16,494.94,775,1.75,Low,30.4,6,29.4,Evening,2024-01-11,Jamie,81.67
MCH-6713,Laser Cutter,Ahmedabad,7,722.11,1157,8.27,Low,25.2,20,1.2,Evening,2022-08-12,Timothy,91.23
MCH-6714,,Vadodara,6,929.77,877,4.15,Medium,33.9,15,1.8,Evening,2022-08-28,Crystal,96.42
MCH-6715,Robotic Arm,Ahmedabad,15,1060.09,1608,1.7,Medium,36.3,15,1.2,Night,2023-05-09,Anna,107.65
MCH-6716,,Ahmedabad,21,899.86,1649,9.3,High,24.2,29,18.8,Morning,2024-02-03,,80.7
MCH-6717,Packaging Unit,Ahmedabad,18,708.36,1304,12.54,Low,29.1,2,21.0,Morning,2022-05-15,James,70.07
MCH-6718,,Vadodara,15,723.41,921,4.81,High,30.7,11,11.8,Night,2023-07-25,Michael,88.76
MCH-6719,Packaging Unit,Rajkot,17,464.22,906,2.21,High,29.4,22,0.1,Evening,2022-11-04,Martha,102.4
MCH-6720,Laser Cutter,Surat,12,440.2,1648,13.67,Medium,25.2,29,9.5,Morning,2025-02-25,Ryan,79.11
MCH-6721,Packaging Unit,Rajkot,11,541.07,1468,2.21,Medium,40.8,19,3.6,Night,2022-08-12,David,104.52
MCH-6722,CNC,Surat,22,325.63,1563,7.82,,19.5,25,6.9,Morning,2022-06-26,Justin,92.09
MCH-6723,Packaging Unit,Surat,20,834.02,738,13.36,,40.6,14,4.7,Morning,2022-11-12,Joseph,74.95
MCH-6724,CNC,Ahmedabad,12,293.33,1949,3.57,High,27.9,13,1.5,Evening,2024-10-21,Bridget,107.63
MCH-6725,3D Printer,Surat,12,715.14,1592,14.61,High,34.4,14,6.2,Morning,2024-04-17,Aaron,78.69
MCH-6726,Robotic Arm,Vadodara,6,531.06,1111,13.14,Low,21.1,11,9.6,Evening,2022-06-25,Crystal,75.5
MCH-6727,Packaging Unit,Pune,15,449.99,1339,13.93,HIGH,28.2,10,0.7,Night,2023-01-11,Lindsey,82.17
MCH-6728,3D Printer,Pune,19,597.96,815,11.44,High,36.0,8,0.8,Evening,2024-06-22,Cory,82.5
MCH-6729,Robotic Arm,Pune,4,720.48,1729,5.07,Medium,45.5,13,6.7,Night,2023-01-05,Tracy,98.55
MCH-6730,Packaging Unit,Rajkot,23,,1234,10.27,Medium,32.2,20,7.3,Morning,2024-07-21,Trevor,83.73
MCH-6731,3D Printer,Ahmedabad,16,1020.9,1492,2.88,High,,28,7.1,Night,2022-11-06,Jason,100.24
MCH-6732,CNC,Rajkot,6,461.49,1663,5.28,High,30.5,3,0.1,Evening,2024-10-02,Katelyn,102.57
MCH-6733,Packaging Unit,Ahmedabad,9,864.01,1928,10.21,,36.0,7,14.4,Night,2024-02-17,Patricia,84.33
MCH-6734,,Pune,9,773.96,1115,4.48,Medium,39.1,12,4.5,Evening,2022-12-27,Sarah,96.08
MCH-6735,3D Printer,Vadodara,19,1161.97,1626,2.23,High,32.0,26,15.3,Night,2022-05-11,Brandon,96.72
MCH-6736,Laser Cutter,Surat,11,,298,9.53,High,28.8,26,9.5,Evening,2024-02-18,Katelyn,74.86
MCH-6737,Packaging Unit,Rajkot,15,,1115,9.1,High,43.9,11,5.8,Evening,2023-07-18,Teresa,85.34
MCH-6738,Packaging Unit,Rajkot,19,356.16,1260,13.68,Low,23.0,12,0.3,Evening,2022-10-27,Shannon,82.42
MCH-6739,3D Printer,Rajkot,12,666.02,935,1.13,Low,38.0,5,0.3,Evening,2022-07-22,Jennifer,104.37
MCH-6740,,Rajkot,5,,55,12.26,HIGH,25.4,29,2.5,Night,2023-07-27,Mary,71.94
MCH-6741,Packaging Unit,Surat,19,1032.95,1951,12.99,Medium,26.3,14,5.8,Morning,2022-07-27,Joseph,84.74
MCH-6742,Packaging Unit,Surat,22,289.76,248,4.26,Low,32.8,26,24.3,morning,2022-05-25,Kenneth,76.12
MCH-6743,Packaging Unit,Rajkot,19,1449.11,1504,0.52,High,23.9,19,2.8,Morning,2023-03-10,Daniel,107.46
MCH-6744,Laser Cutter,Ahmedabad,12,459.18,1708,4.78,Low,27.3,23,9.3,Night,2024-04-17,Stacey,97.51
MCH-6745,3D Printer,Pune,15,304.02,1411,12.42,High,34.9,20,5.9,Night,2022-06-28,Jill,82.35
MCH-6746,CNC,Pune,8,1033.21,1314,4.65,Medium,32.3,7,3.3,Morning,2024-06-21,,97.86
MCH-6747,3D Printer,Rajkot,19,379.31,148,0.97,Low,25.6,10,19.6,Night,2024-11-08,Omar,85.03
MCH-6748,CNC,Surat,7,466.87,1898,9.72,High,,14,5.8,Night,2023-11-27,Stephanie,91.65
MCH-6749,Laser Cutter,Vadodara,14,637.95,1014,10.55,Low,26.0,22,17.0,Morning,2025-02-26,Lauren,74.54
MCH-6750,Laser Cutter,Surat,5,771.85,1056,9.43,,46.2,2,6.0,Evening,2024-10-16,Angela,84.64
MCH-6751,Packaging Unit,Pune,6,1115.56,411,8.86,High,30.0,20,4.3,Night,2022-09-10,Abigail,81.1
MCH-6752,3D Printer,Rajkot,9,624.0,1103,0.63,Medium,35.0,9,9.4,Night,2025-01-16,Robert,100.46
MCH-6753,CNC,Ahmedabad,12,1371.13,793,12.65,High,35.6,4,0.7,morning,2022-01-09,Alison,78.86
MCH-6754,,Rajkot,7,406.37,1136,13.31,High,24.6,5,14.9,Evening,2022-10-12,Eddie,71.84
MCH-6755,Laser Cutter,Vadodara,10,619.73,94,4.95,Low,27.9,26,0.2,Night,2024-04-02,Rebecca,89.86
MCH-6756,Robotic Arm,Pune,15,610.38,742,12.21,High,13.9,11,3.5,Morning,2024-10-24,Jose,78.44
MCH-6757,3D Printer,Ahmedabad,7,1560.37,654,14.39,High,14.9,24,12.1,Morning,2024-08-05,Nicole,65.97
MCH-6758,Laser Cutter,Ahmedabad,6,743.96,1734,2.72,High,18.9,24,15.2,Morning,2023-02-06,Maria,97.31
MCH-6759,Laser Cutter,Rajkot,4,229.22,203,0.71,Medium,34.6,18,22.7,Evening,2024-04-16,Kristin,84.05
MCH-6760,Robotic Arm,Rajkot,8,677.05,121,2.5,,25.5,21,4.3,Night,2022-04-22,Amber,92.03
MCH-6761,Robotic Arm,Pune,22,1267.84,1564,6.19,HIGH,28.5,24,0.1,Evening,2022-04-18,William,98.77
MCH-6762,CNC,Surat,11,743.96,1991,2.33,Medium,30.6,28,15.4,Morning,2022-08-18,Juan,100.09
MCH-6763,Packaging Unit,Rajkot,5,408.3,355,3.62,Low,22.3,13,0.4,Night,2022-05-28,Michael,94.86
MCH-6764,Laser Cutter,Rajkot,12,1097.17,1567,11.87,Medium,,18,23.3,Evening,2023-08-16,Rebecca,71.44
MCH-6765,CNC,Vadodara,7,693.56,1385,3.55,Low,21.3,7,11.8,Morning,2023-08-12,Danielle,95.19
MCH-6766,Robotic Arm,Vadodara,14,807.79,72,0.68,HIGH,27.9,2,3.2,morning,2023-10-21,Michael,95.85
MCH-6767,3D Printer,Pune,16,764.67,1807,4.38,Medium,31.2,22,18.3,Morning,2024-02-27,Louis,92.4
MCH-6768,3D Printer,Surat,16,1061.21,846,4.58,Low,31.7,11,14.6,Morning,2025-04-03,Tracey,86.15
MCH-6769,Packaging Unit,Vadodara,22,126.37,1348,0.39,Low,26.1,18,7.8,Morning,2023-03-04,Evan,104.81
MCH-6770,CNC,Rajkot,8,511.54,829,3.28,Medium,35.2,21,5.7,Morning,2023-12-13,Dylan,95.63
MCH-6771,3D Printer,Ahmedabad,22,,1606,6.15,Medium,25.3,20,12.4,Evening,2024-05-17,Ernest,91.91
MCH-6772,,Surat,5,882.96,979,6.91,Low,34.9,13,17.1,Morning,2024-01-20,Mary,81.11
MCH-6773,CNC,Rajkot,7,958.69,1740,2.2,High,23.5,28,14.1,Night,2024-12-06,Jennifer,98.86
MCH-6774,Laser Cutter,Vadodara,11,618.35,1789,14.08,Low,39.0,8,6.8,Morning,2022-06-19,Joyce,81.1
MCH-6775,Robotic Arm,Ahmedabad,19,300.74,1526,5.14,High,30.1,4,10.6,Evening,2023-11-07,Thomas,94.59
MCH-6776,CNC,Vadodara,17,545.53,1875,12.47,HIGH,39.4,21,12.0,morning,2024-11-10,John,81.51
MCH-6777,Robotic Arm,Surat,8,856.55,1807,12.41,Medium,18.2,27,12.1,Night,2022-08-16,,80.54
MCH-6778,Robotic Arm,Surat,15,664.32,1759,0.61,High,38.1,4,13.2,Night,2023-10-23,David,103.25
MCH-6779,Robotic Arm,Vadodara,20,593.61,792,9.58,High,,17,13.2,Night,2023-02-14,Stephanie,77.35
MCH-6780,CNC,Pune,22,517.93,675,4.09,Medium,23.5,29,20.9,Night,2024-10-19,Deanna,82.08
MCH-6781,CNC,Ahmedabad,4,180.61,1212,0.15,Low,20.9,7,0.1,Night,2022-02-20,Nancy,109.47
MCH-6782,Laser Cutter,Pune,8,496.32,750,1.19,Medium,30.6,12,21.4,Night,2022-03-19,John,88.18
MCH-6783,,Surat,14,226.95,848,14.91,High,28.8,28,13.4,Evening,2023-01-28,Michelle,67.54
MCH-6784,Packaging Unit,Vadodara,21,603.96,213,4.22,High,21.1,20,10.7,Morning,2024-07-27,Sean,84.98
MCH-6785,CNC,Rajkot,7,,156,4.24,Low,27.5,29,16.8,Evening,2024-05-27,James,80.06
MCH-6786,Packaging Unit,Ahmedabad,9,635.42,267,12.98,High,38.4,9,11.6,Morning,2024-09-21,Amanda,67.24
MCH-6787,,Pune,9,357.73,612,3.18,Low,,25,1.6,Evening,2023-11-12,Todd,97.11
MCH-6788,Packaging Unit,Vadodara,21,501.24,935,2.88,Low,31.0,7,5.5,Evening,2024-01-12,Donald,97.47
MCH-6789,Robotic Arm,Vadodara,11,1694.17,587,3.91,Low,22.4,10,22.9,Evening,2023-06-08,Thomas,78.62
MCH-6790,Packaging Unit,Surat,6,1462.09,313,5.58,Medium,19.9,23,1.0,Morning,2022-08-10,Sara,88.66
MCH-6791,Laser Cutter,Vadodara,19,491.19,1278,1.29,High,24.3,11,18.9,Morning,2023-08-26,Dennis,94.14
MCH-6792,3D Printer,Pune,17,410.36,317,4.11,Low,34.2,28,5.7,Night,2023-01-24,Karen,89.85
MCH-6793,,Rajkot,21,1996.1,151,11.91,High,34.2,14,11.3,Morning,2022-03-12,Kathy,66.68
MCH-6794,CNC,Vadodara,14,629.77,1015,9.3,,34.2,6,11.4,Morning,2025-02-09,Pamela,80.98
MCH-6795,Packaging Unit,Ahmedabad,13,1881.8,1317,2.87,Medium,37.2,12,5.0,Evening,2025-02-02,Micheal,99.05
MCH-6796,3D Printer,Surat,15,1078.66,1351,12.68,Low,25.3,22,9.9,Night,2025-03-12,Lori,77.43
MCH-6797,Packaging Unit,Rajkot,8,,594,6.78,Medium,31.8,6,5.7,Night,2022-01-08,Melissa,86.59
MCH-6798,Packaging Unit,Surat,12,209.66,91,2.3,Low,29.6,21,6.3,Morning,2024-03-07,Connie,91.45
MCH-6799,,Ahmedabad,7,913.49,273,14.66,High,30.8,3,3.4,Morning,2022-06-13,Kaylee,69.27
MCH-6800,Robotic Arm,Rajkot,15,1146.06,641,13.34,Low,33.3,3,7.4,Night,2022-04-15,Shelly,71.84
MCH-6801,Packaging Unit,Vadodara,8,233.77,161,8.58,Medium,33.9,27,1.6,Evening,2023-02-27,Lisa,82.73
MCH-6802,Laser Cutter,Vadodara,18,1078.89,197,3.32,Medium,20.7,26,7.3,Morning,2024-04-13,Scott,88.35
MCH-6803,3D Printer,Vadodara,18,847.43,1701,11.95,Low,29.4,8,7.4,Night,2022-12-17,Kayla,83.88
MCH-6804,Laser Cutter,Rajkot,21,808.48,1232,5.54,Medium,30.4,17,20.2,Evening,2024-02-13,Adam,83.89
MCH-6805,3D Printer,Vadodara,9,67.15,957,13.63,Medium,27.0,4,7.5,Morning,2023-02-03,Amber,75.37
MCH-6806,3D Printer,Surat,13,874.85,232,8.25,Low,22.7,18,4.1,Night,2024-02-17,Leon,81.31
MCH-6807,3D Printer,Vadodara,4,964.06,1391,13.45,Low,23.8,16,3.7,Night,2022-03-15,Lisa,80.72
MCH-6808,Laser Cutter,Vadodara,17,744.99,117,13.32,Low,20.3,19,16.2,Morning,2023-02-10,Patricia,61.93
MCH-6809,CNC,Surat,22,851.11,499,13.43,Low,26.9,11,19.3,Evening,2022-02-04,Sarah,62.57
MCH-6810,Robotic Arm,Ahmedabad,4,421.2,1408,1.52,Low,33.5,7,1.3,Evening,2023-07-14,Lori,107.18
MCH-6811,,Surat,19,945.82,1198,1.24,High,18.6,12,8.0,Morning,2022-01-30,Craig,100.55
MCH-6812,Packaging Unit,Vadodara,21,1400.12,1912,12.8,High,26.6,9,3.6,Morning,2022-09-03,Dominic,85.81
MCH-6813,Laser Cutter,Vadodara,18,747.36,415,9.53,High,,7,5.8,Evening,2024-05-25,Daniel,79.27
MCH-6814,CNC,Ahmedabad,15,,1508,12.29,Medium,25.1,16,18.1,Night,2024-07-11,Jennifer,74.29
MCH-6815,CNC,Pune,15,436.85,1232,9.95,High,22.8,13,5.4,Evening,2023-12-17,Sandra,85.96
MCH-6816,Packaging Unit,Rajkot,17,416.4,487,13.13,Medium,31.4,10,2.8,Evening,2023-07-09,Sean,75.24
MCH-6817,3D Printer,Ahmedabad,13,535.34,1336,1.1,High,26.1,21,3.9,Evening,2023-07-25,Selena,105.44
MCH-6818,Robotic Arm,Surat,18,778.18,681,4.48,High,36.3,3,5.9,Night,2024-08-13,Nicole,91.47
MCH-6819,CNC,Pune,22,291.77,690,6.95,Low,38.7,6,13.4,Night,2025-03-17,Mike,82.05
MCH-6820,Robotic Arm,Vadodara,22,564.16,72,3.42,Low,28.8,27,14.3,Morning,2022-06-16,Matthew,82.94
MCH-6821,CNC,Ahmedabad,17,623.17,1680,13.98,Medium,34.8,28,0.5,Evening,2022-09-10,Patricia,84.8
MCH-6822,,Ahmedabad,6,578.76,1126,11.18,High,29.4,3,6.1,Morning,2022-02-10,Tiffany,81.93
MCH-6823,Packaging Unit,Ahmedabad,16,775.6,660,3.77,Low,38.2,29,2.3,Evening,2024-10-08,Alexander,95.24
MCH-6824,Robotic Arm,Surat,6,474.96,449,10.13,Low,22.3,13,7.2,Morning,2024-07-22,James,77.76
MCH-6825,3D Printer,Pune,12,469.64,1950,4.4,Medium,31.1,4,1.1,Morning,2022-05-01,Ashley,106.01
MCH-6826,CNC,Rajkot,9,191.24,610,4.69,Low,25.0,19,0.7,Morning,2022-08-17,Lori,94.94
MCH-6827,Laser Cutter,Ahmedabad,17,824.7,639,11.93,Medium,31.0,16,1.9,Morning,2023-02-16,Rebekah,78.96
MCH-6828,3D Printer,Surat,15,1354.26,1206,2.3,Medium,22.9,2,7.0,morning,2022-03-07,Steven,98.62
MCH-6829,Packaging Unit,Vadodara,22,2025.79,341,12.86,Medium,35.7,4,8.6,Morning,2022-07-26,Daniel,68.21
MCH-6830,Robotic Arm,Vadodara,19,659.31,1149,5.94,High,46.1,16,26.5,Evening,2023-05-12,Rebekah,78.2
MCH-6831,3D Printer,Surat,15,1417.12,105,7.8,Medium,27.4,9,0.7,Night,2022-01-12,Richard,82.76
MCH-6832,Laser Cutter,Rajkot,15,698.56,202,6.41,HIGH,24.3,15,8.7,Morning,2023-10-25,Richard,81.78
MCH-6833,Robotic Arm,Rajkot,7,411.77,1260,2.1,Low,31.3,16,15.0,Morning,2024-04-10,Ashley,95.21
MCH-6834,Robotic Arm,Rajkot,10,598.26,1480,5.78,Low,36.1,2,0.8,Night,2023-11-17,Judy,99.36
MCH-6835,Packaging Unit,Rajkot,23,1084.98,340,0.2,Medium,26.0,18,4.5,Evening,2024-12-14,Kyle,97.73
MCH-6836,Laser Cutter,Vadodara,10,1644.3,905,4.73,Medium,26.0,4,1.6,Evening,2022-05-23,Patrick,94.61
MCH-6837,Packaging Unit,Vadodara,5,1165.14,144,1.27,High,27.1,27,3.3,Evening,2022-09-07,Julia,94.69
MCH-6838,CNC,Vadodara,17,494.25,411,13.47,Low,34.5,5,2.4,Morning,2024-10-17,Carol,74.1
MCH-6839,Packaging Unit,Vadodara,22,287.57,116,11.4,High,37.2,17,8.0,Evening,2024-12-12,Peter,72.16
MCH-6840,Packaging Unit,Rajkot,19,,1653,9.37,Medium,32.6,9,0.0,Evening,2023-11-25,Molly,93.6
MCH-6841,CNC,Vadodara,19,927.14,1276,12.77,Medium,27.8,23,7.1,Night,2024-01-28,Christopher,78.8
MCH-6842,Robotic Arm,Rajkot,12,864.84,390,3.04,High,31.4,7,10.5,Morning,2023-11-27,Michael,88.58
MCH-6843,CNC,Surat,6,650.94,1149,4.53,High,29.4,27,1.5,Evening,2025-03-07,Bradley,98.54
MCH-6844,Packaging Unit,Surat,13,728.68,1183,4.32,High,29.6,29,4.6,Night,2024-06-26,Tommy,96.96
MCH-6845,3D Printer,Rajkot,9,611.99,1626,6.82,Medium,28.1,21,4.1,Morning,2022-10-13,Daniel,96.17
MCH-6846,Robotic Arm,Vadodara,8,678.09,1732,1.63,Medium,26.5,22,3.9,Morning,2024-06-17,Eric,107.47
MCH-6847,Packaging Unit,Ahmedabad,15,769.28,1585,4.79,Low,33.5,2,13.6,Night,2024-09-30,Carl,93.01
MCH-6848,Robotic Arm,Ahmedabad,12,307.88,784,11.55,High,22.8,3,19.3,Night,2023-11-09,Parker,69.48
MCH-6849,Robotic Arm,Vadodara,23,728.77,590,7.77,High,36.7,28,10.2,Evening,2022-03-08,Robert,81.2
MCH-6850,3D Printer,Vadodara,6,770.2,1035,9.09,Low,38.0,19,1.7,Night,2022-10-22,Denise,88.15
MCH-6851,3D Printer,Rajkot,8,236.0,1291,5.74,Medium,,10,2.7,Morning,2022-12-22,Albert,97.05
MCH-6852,CNC,Ahmedabad,5,964.81,1302,12.17,Medium,16.4,15,8.8,Night,2024-06-07,Cynthia,78.97
MCH-6853,3D Printer,Rajkot,14,1005.41,1620,6.13,Low,25.2,24,12.9,Morning,2023-10-06,Deanna,90.77
MCH-6854,Robotic Arm,Ahmedabad,8,524.59,1369,8.66,High,25.4,20,5.3,Evening,2022-10-11,Austin,89.63
MCH-6855,CNC,Surat,7,825.99,1427,10.21,Medium,33.4,28,3.4,morning,2025-04-06,Juan,87.91
MCH-6856,Packaging Unit,Surat,5,932.81,1181,12.62,Medium,32.3,15,51.9,Night,2023-12-10,Kristen,46.94
MCH-6857,3D Printer,Pune,6,741.5,1229,2.82,Medium,36.8,16,18.8,Morning,2023-03-17,Christy,90.38
MCH-6858,Packaging Unit,Surat,4,713.05,1841,0.88,Low,30.5,9,3.9,Morning,2023-10-21,Leah,109.83
MCH-6859,Packaging Unit,Ahmedabad,19,222.39,1302,10.8,Low,24.6,12,6.7,Night,2024-12-22,Phillip,84.24
MCH-6860,,Surat,14,1031.1,1441,4.21,Medium,17.5,19,5.4,Morning,2025-03-08,Victoria,98.34
MCH-6861,Laser Cutter,Vadodara,12,1294.95,643,2.17,Medium,39.3,28,15.0,Evening,2023-12-29,Elizabeth,88.67
MCH-6862,Packaging Unit,Pune,23,790.28,975,12.99,Medium,36.3,10,4.6,Night,2024-03-01,Lacey,77.8
MCH-6863,Robotic Arm,Surat,4,1099.56,979,10.01,Low,35.2,11,4.1,morning,2022-10-13,Craig,83.7
MCH-6864,Robotic Arm,Surat,10,1594.28,1472,1.96,High,36.0,27,3.2,Evening,2025-04-02,Martin,103.83
MCH-6865,Packaging Unit,Surat,12,1194.65,138,1.53,Medium,28.0,17,15.4,Evening,2024-08-07,Dylan,85.6
MCH-6866,CNC,Vadodara,5,566.12,1108,11.36,Medium,35.2,10,11.2,Night,2024-10-14,Thomas,77.86
MCH-6867,3D Printer,Ahmedabad,15,891.81,490,13.39,Low,33.0,27,4.2,Evening,2023-08-14,Christopher,73.09
MCH-6868,Robotic Arm,Rajkot,13,658.99,444,14.05,Medium,38.1,7,17.5,Evening,2023-08-26,Debra,62.41
MCH-6869,Robotic Arm,Ahmedabad,5,776.23,799,0.61,High,36.0,23,7.2,Night,2024-05-27,Cody,99.29
MCH-6870,,Pune,22,515.67,1723,6.48,High,27.4,22,12.0,Evening,2022-05-10,Keith,92.26
MCH-6871,Robotic Arm,Vadodara,14,360.6,1432,1.36,Medium,29.2,7,9.8,Night,2023-03-23,Joseph,101.84
MCH-6872,CNC,Ahmedabad,17,796.49,52,2.47,Low,32.7,20,24.0,Night,2024-04-22,Adam,77.56
MCH-6873,Robotic Arm,Ahmedabad,16,854.84,338,4.94,Medium,23.4,14,1.1,Evening,2023-09-26,Robert,90.95
MCH-6874,Packaging Unit,Ahmedabad,4,534.0,1309,2.64,Medium,28.9,22,11.6,Night,2022-03-23,Jessica,96.75
MCH-6875,CNC,Vadodara,10,998.19,1969,1.15,Low,31.5,7,4.9,Morning,2025-01-24,Kristin,109.25
MCH-6876,3D Printer,Surat,5,486.98,1440,13.73,Low,25.7,20,2.8,Night,2022-03-09,Glenn,81.88
MCH-6877,CNC,Surat,10,1062.53,1331,3.98,Low,28.3,17,0.5,Night,2024-05-28,Jason,101.26
MCH-6878,Laser Cutter,Vadodara,10,230.66,1494,2.41,High,35.3,10,2.3,Evening,2025-02-04,Kendra,105.69
MCH-6879,Packaging Unit,Surat,4,407.62,1093,12.31,Low,33.2,9,2.7,Night,2023-08-13,Erica,82.02
MCH-6880,Robotic Arm,Surat,8,1217.54,1194,14.13,Medium,13.1,6,0.7,Morning,2024-10-07,Whitney,79.46
MCH-6881,3D Printer,Pune,11,306.1,1505,9.32,Medium,21.3,7,4.1,Evening,2022-01-11,Dave,90.59
MCH-6882,Robotic Arm,Ahmedabad,10,594.68,483,7.02,Medium,32.5,18,4.1,Night,2022-05-12,Jose,86.27
MCH-6883,Packaging Unit,Vadodara,4,417.79,73,9.37,Medium,37.9,22,5.0,Evening,2023-04-08,Michael,77.77
MCH-6884,3D Printer,Surat,19,319.2,979,5.75,Low,32.4,27,5.3,morning,2023-12-29,Sharon,92.49
MCH-6885,Robotic Arm,Pune,11,416.03,1590,11.21,Medium,34.4,21,18.2,Morning,2022-04-24,Carl,77.5
MCH-6886,Laser Cutter,Surat,5,448.2,1111,2.73,Low,28.5,21,8.6,Morning,2022-02-13,Maurice,97.14
MCH-6887,CNC,Surat,4,473.37,1548,6.58,Medium,34.1,9,1.5,Evening,2023-12-01,Jasmine,98.01
MCH-6888,Robotic Arm,Pune,19,2118.22,1648,12.28,Medium,39.8,15,2.8,Night,2024-09-08,Kathryn,84.19
MCH-6889,Laser Cutter,Ahmedabad,18,948.45,721,4.21,Medium,23.5,16,13.7,Evening,2024-07-25,Amanda,86.64
MCH-6890,Robotic Arm,Pune,21,422.48,822,2.55,High,36.8,29,3.6,Morning,2022-09-24,Sarah,98.63
MCH-6891,CNC,Ahmedabad,17,1197.21,1705,1.08,Low,28.0,19,9.9,Morning,2024-03-21,Alexis,103.41
MCH-6892,Packaging Unit,Pune,19,113.47,853,3.97,High,32.5,15,1.5,Evening,2022-07-24,,97.96
MCH-6893,CNC,Vadodara,22,208.05,209,1.97,Low,36.4,3,0.2,Night,2024-08-09,Erik,97.36
MCH-6894,Robotic Arm,Pune,15,356.12,827,13.83,Low,,24,9.5,Evening,2024-01-27,Sara,72.07
MCH-6895,Packaging Unit,Rajkot,16,312.68,1350,7.08,Medium,29.9,6,0.4,Morning,2023-04-14,Shawn,96.36
MCH-6896,CNC,Ahmedabad,7,394.19,862,8.36,High,27.9,28,0.3,Evening,2022-07-01,Christopher,89.69
MCH-6897,Robotic Arm,Rajkot,9,,104,11.95,Medium,33.6,15,19.5,morning,2023-09-18,Kelly,62.16
MCH-6898,CNC,Ahmedabad,22,755.42,1094,14.32,Low,30.6,15,3.5,Evening,2023-02-17,Brianna,76.95
MCH-6899,Packaging Unit,Pune,21,264.23,660,6.59,Medium,26.4,12,4.8,Morning,2023-11-23,Whitney,88.58
MCH-6900,Packaging Unit,Ahmedabad,4,1443.57,1843,7.87,Low,32.0,23,8.7,Morning,2022-05-19,Rita,91.47
MCH-6901,Robotic Arm,Ahmedabad,12,696.35,1354,6.9,High,35.0,19,0.6,Night,2023-08-10,Emily,96.07
MCH-6902,Packaging Unit,Pune,12,555.26,1095,2.42,Medium,35.0,16,9.3,Morning,2023-08-16,Tracy,96.98
MCH-6903,Packaging Unit,Pune,5,675.39,622,7.57,High,20.4,23,27.9,Morning,2023-08-05,David,69.55
MCH-6904,CNC,Vadodara,13,610.28,289,8.28,,16.2,15,2.9,Evening,2024-05-13,Mark,82.95
MCH-6905,Packaging Unit,Surat,9,604.92,1334,12.38,Medium,20.2,4,0.2,Evening,2023-05-16,Tina,85.35
MCH-6906,CNC,Vadodara,10,481.03,363,8.33,High,22.0,13,18.4,Morning,2024-05-04,Jennifer,72.8
MCH-6907,3D Printer,Pune,18,544.58,1138,0.64,High,19.7,18,1.6,Night,2023-02-07,Daniel,106.31
MCH-6908,Laser Cutter,Ahmedabad,4,389.47,865,5.5,Low,28.2,7,8.8,Evening,2022-10-14,Darlene,89.49
MCH-6909,3D Printer,Vadodara,7,1243.57,1755,14.0,Medium,30.4,28,0.2,Night,2024-08-10,Amber,84.71
MCH-6910,Robotic Arm,Vadodara,16,496.83,1849,3.5,Low,33.4,23,12.4,morning,2024-10-15,Cheryl,99.02
MCH-6911,Robotic Arm,Ahmedabad,22,378.07,490,11.14,Low,35.6,12,18.6,Morning,2022-11-28,Shane,68.24
MCH-6912,CNC,Pune,11,1017.89,876,5.03,Medium,32.1,5,21.1,Night,2023-02-24,Heather,81.02
MCH-6913,Packaging Unit,Pune,12,864.86,363,0.58,High,28.9,2,6.4,Morning,2024-01-08,Ashlee,96.15
MCH-6914,3D Printer,Pune,21,,611,10.21,Medium,35.2,26,12.3,Morning,2023-07-12,,75.1
MCH-6915,Packaging Unit,Vadodara,21,703.88,1874,0.59,High,28.2,25,3.4,Night,2022-10-31,Ashley,111.05
MCH-6916,Packaging Unit,Surat,22,1324.61,990,8.55,Low,35.4,29,1.2,Morning,2023-06-10,Dylan,88.42
MCH-6917,Laser Cutter,Pune,14,1235.27,1011,14.14,Medium,29.0,17,0.1,Morning,2024-10-07,Jennifer,78.31
MCH-6918,Robotic Arm,Vadodara,9,857.52,664,13.02,High,27.5,19,3.0,Evening,2022-03-25,Michelle,76.17
MCH-6919,Robotic Arm,Surat,22,306.52,939,0.22,Medium,40.2,11,2.9,Evening,2023-03-08,Tanya,104.92
MCH-6920,3D Printer,Rajkot,9,356.53,734,1.03,Low,28.4,23,5.8,Night,2023-09-28,Max,99.49
MCH-6921,Laser Cutter,Pune,12,1480.35,703,1.9,,27.1,4,8.2,Night,2023-08-18,Erin,94.2
MCH-6922,Packaging Unit,Surat,22,1210.3,1319,10.54,Medium,27.2,29,8.0,Night,2024-10-17,Deanna,82.58
MCH-6923,Packaging Unit,Vadodara,22,461.63,93,0.1,Medium,37.0,10,12.6,Morning,2024-05-05,John,91.1
MCH-6924,CNC,Surat,15,901.46,399,11.96,,38.6,25,13.3,Night,2024-08-05,Kenneth,68.81
MCH-6925,Laser Cutter,Ahmedabad,17,451.08,852,3.24,Low,32.9,7,15.1,Evening,2024-05-02,Matthew,89.41
MCH-6926,CNC,Pune,7,188.04,1855,9.91,High,23.6,6,3.1,Morning,2023-07-15,,93.2
MCH-6927,Robotic Arm,Vadodara,14,634.01,207,3.15,High,,16,5.8,Night,2022-08-19,Thomas,90.46
MCH-6928,Robotic Arm,Rajkot,13,449.58,1813,6.92,High,35.7,14,0.9,Evening,2024-03-15,Larry,100.0
MCH-6929,Laser Cutter,Vadodara,14,345.7,762,1.31,High,23.8,4,6.0,Evening,2023-08-23,Cynthia,99.04
MCH-6930,Laser Cutter,Ahmedabad,15,611.91,1556,4.7,High,29.0,10,24.0,Morning,2024-09-25,Jason,85.89
MCH-6931,Robotic Arm,Pune,16,801.5,1080,2.15,Medium,,6,9.7,Night,2023-03-23,Colin,96.76
MCH-6932,Robotic Arm,Ahmedabad,14,681.26,109,2.86,Medium,11.5,9,1.2,Night,2022-07-20,Nancy,93.38
MCH-6933,Robotic Arm,Pune,22,1231.31,884,3.71,Low,24.6,23,31.7,Morning,2023-03-27,Jose,76.0
MCH-6934,Robotic Arm,Vadodara,21,835.65,706,0.1,High,34.4,10,4.8,Evening,2023-01-16,John,101.13
MCH-6935,3D Printer,Vadodara,14,1085.49,102,9.93,High,29.5,15,12.4,Evening,2024-09-28,Jacqueline,70.76
MCH-6936,Robotic Arm,Pune,18,1599.84,605,13.2,High,17.2,7,12.8,Morning,2023-02-22,Antonio,67.4
MCH-6937,Robotic Arm,Pune,7,288.65,1106,2.86,Low,,6,6.4,Night,2023-08-31,Paul,98.6
MCH-6938,Packaging Unit,Rajkot,7,990.05,1946,2.22,High,28.8,18,7.3,Morning,2023-10-23,Cathy,105.25
MCH-6939,3D Printer,Ahmedabad,10,362.76,1839,9.97,High,27.4,6,2.6,Morning,2022-07-21,Jessica,93.05
MCH-6940,Packaging Unit,Vadodara,16,650.7,259,11.86,Medium,35.9,21,18.5,Night,2022-12-30,Richard,64.56
MCH-6941,3D Printer,Ahmedabad,17,364.64,1393,4.33,Low,20.6,10,10.5,morning,2022-01-22,Robert,95.08
MCH-6942,CNC,Vadodara,21,753.21,1611,0.85,Low,17.2,25,0.3,Night,2022-08-02,Felicia,110.44
MCH-6943,3D Printer,Rajkot,11,674.94,882,3.25,High,20.5,2,9.3,Morning,2022-01-25,Cynthia,93.38
MCH-6944,Laser Cutter,Pune,4,513.56,269,0.86,Low,23.4,4,1.0,Night,2023-06-07,Nicole,99.09
MCH-6945,3D Printer,Surat,6,304.96,1828,2.55,High,35.6,4,8.9,Night,2022-08-12,Bruce,103.47
MCH-6946,CNC,Pune,22,1522.06,249,14.18,Medium,34.5,17,1.7,Evening,2022-08-06,,70.35
MCH-6947,,Surat,4,281.15,1281,2.12,High,33.1,15,7.3,Evening,2025-04-02,Sara,100.92
MCH-6948,3D Printer,Pune,6,941.37,1784,3.3,Medium,15.7,21,28.1,morning,2024-05-15,Joshua,87.25
MCH-6949,Laser Cutter,Pune,23,672.67,967,6.16,High,36.5,14,8.9,Night,2023-02-27,Heather,88.55
MCH-6950,3D Printer,Vadodara,21,235.08,1268,4.73,Low,23.3,23,6.4,Evening,2022-08-06,,96.29
MCH-6951,Robotic Arm,Ahmedabad,7,1271.61,1740,5.76,Low,32.5,29,2.9,Night,2022-03-04,,99.13
MCH-6952,3D Printer,Pune,11,472.56,964,12.31,Low,27.3,4,5.6,Morning,2022-09-13,Aaron,78.82
MCH-6953,Robotic Arm,Pune,20,872.39,1525,13.86,Low,21.6,26,4.9,Evening,2022-09-26,Sarah,80.31
MCH-6954,Packaging Unit,Ahmedabad,21,1142.09,1622,14.39,Low,27.3,18,3.3,Morning,2022-07-08,Kylie,80.8
MCH-6955,CNC,Pune,19,1195.15,1353,6.38,High,17.8,26,0.3,Morning,2024-03-10,Jose,96.6
MCH-6956,Robotic Arm,Rajkot,5,159.61,518,3.88,Low,24.1,25,5.8,Morning,2022-02-24,Morgan,92.27
MCH-6957,Robotic Arm,Pune,13,370.27,1407,5.65,Medium,25.2,5,2.0,Evening,2025-01-21,Jason,98.5
MCH-6958,CNC,Rajkot,17,173.63,1151,5.51,High,38.0,25,7.5,Evening,2022-08-06,Michelle,93.07
MCH-6959,Packaging Unit,Rajkot,6,529.38,376,7.93,Low,38.2,2,10.1,Evening,2024-05-19,Maria,79.45
MCH-6960,Packaging Unit,Pune,18,443.37,288,10.3,Low,48.2,2,2.7,Evening,2023-02-06,Denise,79.28
MCH-6961,Robotic Arm,Surat,14,1135.49,84,14.85,Medium,31.1,15,2.1,Morning,2025-01-03,Spencer,67.91
MCH-6962,Laser Cutter,Vadodara,13,234.81,1627,4.39,Low,29.7,13,8.7,Morning,2024-08-05,Amy,98.35
MCH-6963,CNC,Vadodara,17,,1677,9.05,Low,,27,4.6,Night,2022-03-02,Jake,92.04
MCH-6964,Packaging Unit,Vadodara,15,588.41,1603,12.37,High,30.9,4,10.4,Evening,2022-10-09,Carol,80.5
MCH-6965,Packaging Unit,Ahmedabad,8,1319.04,615,8.91,High,28.0,2,0.9,Night,2023-07-17,Jessica,84.79
MCH-6966,Robotic Arm,Vadodara,18,314.31,688,8.01,Medium,35.9,19,19.0,Evening,2025-03-07,Jessica,75.96
MCH-6967,Laser Cutter,Surat,16,918.1,1346,3.3,High,22.6,12,15.0,Evening,2024-09-26,,92.81
MCH-6968,Laser Cutter,Pune,7,1346.02,1821,7.67,High,28.8,27,11.8,Night,2024-06-18,Ashley,89.65
MCH-6969,3D Printer,Vadodara,21,753.41,1808,5.76,High,37.1,20,3.9,Night,2022-11-13,Mary,99.74
MCH-6970,Laser Cutter,Ahmedabad,14,606.09,1017,8.44,High,32.2,12,28.7,Evening,2023-01-04,Jason,70.64
MCH-6971,3D Printer,Rajkot,13,193.61,1641,9.22,Medium,27.1,20,7.3,Morning,2024-06-30,Alyssa,89.85
MCH-6972,3D Printer,Pune,21,812.11,200,8.71,,24.8,10,7.0,Morning,2022-10-17,Cynthia,78.19
MCH-6973,Robotic Arm,Vadodara,8,1524.04,613,8.77,Medium,35.3,25,44.5,Evening,2022-12-09,Kyle,54.24
MCH-6974,3D Printer,Rajkot,19,513.2,335,8.94,,30.1,19,3.4,Evening,2024-06-19,Phillip,81.8
MCH-6975,Laser Cutter,Surat,16,573.92,1722,14.19,High,19.9,23,22.2,Evening,2022-06-25,Michael,69.61
MCH-6976,Robotic Arm,Rajkot,19,528.48,305,10.01,High,31.1,5,3.5,Morning,2023-10-23,Mary,79.32
MCH-6977,Laser Cutter,Vadodara,9,203.33,1780,14.26,,36.2,9,4.1,Night,2023-07-20,Jonathan,83.15
MCH-6978,Robotic Arm,Vadodara,19,922.32,1678,8.41,Medium,34.0,16,3.6,Evening,2024-10-30,Kathryn,93.33
MCH-6979,Laser Cutter,Pune,4,321.75,1487,5.14,Low,24.5,20,11.9,Night,2024-06-28,Cynthia,93.32
MCH-6980,Packaging Unit,Ahmedabad,16,1490.31,1763,9.83,Medium,26.6,7,1.6,Evening,2023-10-22,Rebecca,91.78
MCH-6981,Laser Cutter,Rajkot,16,418.14,881,7.53,Medium,26.8,14,0.3,Night,2022-07-28,Michelle,91.47
MCH-6982,Packaging Unit,Pune,16,906.4,1446,0.12,Medium,41.9,17,1.8,Evening,2022-09-18,Tammy,109.26
MCH-6983,CNC,Rajkot,20,524.45,928,0.44,High,36.1,14,13.4,Evening,2022-02-11,Jason,96.72
MCH-6984,Packaging Unit,Ahmedabad,14,586.82,80,4.58,Low,33.7,10,11.4,Night,2025-01-20,Nicholas,82.69
MCH-6985,Robotic Arm,Ahmedabad,7,678.59,1912,12.83,Medium,27.7,22,22.8,Night,2025-03-11,Jacqueline,73.34
MCH-6986,CNC,Surat,9,346.19,969,7.7,Medium,32.2,15,0.5,Morning,2022-10-28,Karen,91.83
MCH-6987,Packaging Unit,Vadodara,9,449.4,880,0.3,,35.3,3,8.1,Morning,2022-11-22,,100.42
MCH-6988,Robotic Arm,Pune,16,962.89,1883,13.16,Medium,29.4,22,12.9,Morning,2022-03-19,Robert,78.97
MCH-6989,Packaging Unit,Surat,4,263.39,617,9.85,High,20.8,4,8.0,Morning,2022-05-07,Brandon,79.47
MCH-6990,Robotic Arm,Vadodara,15,422.81,1177,4.49,Low,31.8,4,0.5,Morning,2022-07-27,Brittany,99.87
MCH-6991,Packaging Unit,Vadodara,7,257.5,218,14.24,High,26.7,10,7.6,Evening,2024-05-09,Jasmine,67.65
MCH-6992,3D Printer,Surat,16,605.69,57,9.42,Medium,29.3,24,6.5,Night,2024-11-21,Jacob,76.22
MCH-6993,Packaging Unit,Ahmedabad,13,1049.77,1618,14.74,Low,26.4,2,34.8,Morning,2022-09-07,Charles,58.14
MCH-6994,Laser Cutter,Vadodara,17,699.23,1256,4.81,Medium,32.5,8,3.9,Night,2024-02-12,Marcia,97.12
MCH-6995,Packaging Unit,Vadodara,13,811.61,1606,8.35,Medium,37.8,22,7.5,Night,2024-04-12,John,90.27
MCH-6996,Packaging Unit,Rajkot,14,865.36,149,1.97,Low,29.9,2,1.8,Morning,2023-08-04,Meghan,94.81
MCH-6997,Packaging Unit,Pune,20,300.21,1554,7.94,Low,30.5,5,8.2,morning,2025-01-28,Breanna,90.9
MCH-6998,Packaging Unit,Surat,11,258.21,1713,2.87,Low,29.8,13,3.3,Evening,2022-04-22,Allison,105.86
MCH-6999,,Ahmedabad,7,354.57,1359,7.89,Medium,21.2,15,24.8,Evening,2023-11-26,Darlene,77.68
MCH-7000,CNC,Ahmedabad,9,726.68,665,3.87,High,32.5,9,16.2,Evening,2024-05-17,Joel,85.42
MCH-7001,Laser Cutter,Pune,10,801.56,720,13.91,Medium,34.3,24,8.5,Morning,2024-04-09,Susan,71.08
MCH-7002,,Ahmedabad,6,1334.56,218,14.83,Medium,14.7,17,7.7,Evening,2022-02-05,Paul,64.86
MCH-7003,CNC,Ahmedabad,21,2159.28,392,13.03,Low,37.4,2,5.4,Morning,2023-03-13,John,76.19
MCH-7004,3D Printer,Pune,22,588.08,676,10.17,High,19.1,2,16.1,Morning,2022-04-22,Gabrielle,73.18
MCH-7005,3D Printer,Surat,13,1021.89,1202,1.56,Low,20.9,12,4.6,Night,2022-04-05,Michael,102.22
MCH-7006,3D Printer,Ahmedabad,12,1336.63,1253,8.2,High,23.4,3,5.9,Night,2023-01-06,Amanda,88.0
MCH-7007,CNC,Pune,21,308.19,936,2.93,Low,24.9,16,17.0,Evening,2023-10-22,Brittany,89.6
MCH-7008,CNC,Surat,14,609.23,219,6.25,Medium,31.0,5,0.8,Night,2024-05-25,Joseph,87.89
MCH-7009,3D Printer,Ahmedabad,16,,114,7.09,Low,33.0,27,0.3,Night,2022-07-01,Kaitlyn,85.37
MCH-7010,Robotic Arm,Ahmedabad,23,1610.69,919,4.41,Medium,29.3,16,0.8,Evening,2024-10-21,Bobby,95.98
MCH-7011,Laser Cutter,Rajkot,11,,644,3.01,Low,18.0,12,2.5,Night,2022-06-21,Tracy,97.01
MCH-7012,3D Printer,Vadodara,8,757.84,1611,2.82,,39.7,16,10.2,Night,2023-09-17,Barry,99.56
MCH-7013,Robotic Arm,Rajkot,22,406.13,809,10.12,Medium,26.6,17,8.4,Morning,2022-12-02,Kevin,80.04
MCH-7014,3D Printer,Ahmedabad,16,960.59,1360,14.9,High,35.1,16,0.7,Evening,2024-11-08,,79.67
MCH-7015,Packaging Unit,Vadodara,8,570.84,220,4.17,High,32.0,9,11.1,Evening,2022-11-29,Paul,84.91
MCH-7016,Packaging Unit,Pune,16,370.71,1061,7.89,Low,31.8,13,0.3,Morning,2023-03-01,Mackenzie,92.32
MCH-7017,Robotic Arm,Surat,4,1498.35,1538,4.8,High,29.0,13,4.6,Evening,2022-09-26,Melissa,97.86
MCH-7018,3D Printer,Vadodara,17,208.83,1854,0.83,Medium,40.1,28,2.3,Morning,2023-05-24,,111.88
MCH-7019,Robotic Arm,Vadodara,11,234.34,1970,9.44,Medium,34.3,9,5.2,Evening,2023-08-30,William,93.56
MCH-7020,CNC,Rajkot,23,1726.15,373,12.02,Medium,38.4,5,14.6,morning,2022-04-04,Brandon,66.38
MCH-7021,Robotic Arm,Ahmedabad,13,,830,6.27,High,18.4,7,0.0,Night,2023-06-19,Angela,92.61
MCH-7022,3D Printer,Surat,15,546.25,1293,11.53,HIGH,,11,4.6,Evening,2024-01-01,Luis,83.71
MCH-7023,Packaging Unit,Rajkot,4,446.68,928,14.63,,26.4,16,4.9,Night,2024-08-14,Christopher,74.41
MCH-7024,Laser Cutter,Surat,5,210.79,1872,14.15,High,26.6,29,29.3,Morning,2025-01-14,Kerry,66.49
MCH-7025,Robotic Arm,Surat,10,1131.32,1048,8.49,Low,,17,0.3,Evening,2023-06-11,Shane,89.93
MCH-7026,Robotic Arm,Surat,15,780.93,401,6.87,High,22.2,3,2.7,Evening,2023-06-05,Christopher,86.6
MCH-7027,Packaging Unit,Vadodara,8,338.38,100,2.65,Low,25.9,19,1.7,Morning,2023-06-30,Kevin,93.86
MCH-7028,Robotic Arm,Vadodara,13,699.49,1401,1.23,High,,24,0.0,Evening,2023-09-11,Courtney,108.22
MCH-7029,Packaging Unit,Vadodara,10,589.09,1456,10.24,High,31.6,15,5.1,Morning,2022-08-11,John,87.24
MCH-7030,3D Printer,Ahmedabad,10,759.78,1407,2.19,High,,14,2.3,Night,2024-09-11,Renee,104.65
MCH-7031,Packaging Unit,Pune,6,410.19,706,13.08,High,28.2,11,0.6,Night,2023-05-24,Nicole,78.72
MCH-7032,CNC,Vadodara,21,1055.47,974,5.39,High,37.1,12,13.7,Evening,2023-10-16,Joshua,86.24
MCH-7033,CNC,Rajkot,7,957.76,1543,2.25,High,36.4,14,5.0,Night,2022-10-05,Jenny,103.49
MCH-7034,CNC,Surat,10,1206.81,1229,1.59,Low,23.2,6,2.2,Morning,2023-07-14,Anthony,103.8
MCH-7035,3D Printer,Rajkot,4,741.31,1919,10.98,Low,21.4,13,8.5,Night,2025-03-29,Kendra,87.02
MCH-7036,3D Printer,Pune,13,391.97,1442,4.83,High,33.0,4,5.7,Morning,2024-04-15,Tammy,97.81
MCH-7037,Robotic Arm,Vadodara,10,371.27,1241,5.15,Low,23.9,2,25.0,Morning,2023-11-08,,82.01
MCH-7038,Packaging Unit,Rajkot,4,1262.99,1980,7.84,Low,41.6,18,0.6,Morning,2024-05-11,Shelly,98.6
MCH-7039,Packaging Unit,Ahmedabad,16,1041.21,768,0.98,Low,29.2,9,2.5,Morning,2023-07-15,Anne,101.2
MCH-7040,CNC,Pune,21,1638.2,753,10.88,Medium,37.5,23,1.6,Night,2024-04-28,Michelle,81.05
MCH-7041,,Ahmedabad,14,618.24,627,11.19,Low,23.4,26,20.5,Evening,2024-06-13,Leslie,67.61
MCH-7042,Packaging Unit,Surat,10,963.19,1871,9.4,Low,31.3,26,1.0,Evening,2024-03-19,John,94.72
MCH-7043,Laser Cutter,Surat,21,349.65,1023,4.43,Medium,31.3,14,5.6,morning,2022-10-05,,95.25
MCH-7044,,Rajkot,20,784.37,360,4.91,High,12.4,11,9.0,Night,2022-09-21,Jason,85.76
MCH-7045,Packaging Unit,Pune,6,679.45,540,6.43,Medium,28.6,22,0.3,Night,2023-07-13,Donald,90.46
MCH-7046,Robotic Arm,Pune,5,359.09,661,2.64,High,28.9,18,8.9,Morning,2023-08-24,Shannon,93.49
MCH-7047,3D Printer,Surat,8,412.4,1326,8.8,High,40.1,23,1.8,Evening,2022-02-16,Michelle,91.6
MCH-7048,Packaging Unit,Vadodara,14,1096.67,1604,5.04,High,33.6,21,3.4,Evening,2022-09-29,Julie,99.34
MCH-7049,3D Printer,Ahmedabad,16,535.81,147,11.07,High,38.8,17,16.4,Evening,2023-05-01,Jacqueline,66.84
MCH-7050,CNC,Surat,13,263.1,1410,7.02,High,23.9,20,0.1,Evening,2022-08-02,Robert,97.26
MCH-7051,Robotic Arm,Vadodara,17,,60,4.89,High,27.2,4,9.9,Night,2023-10-10,Christopher,81.47
MCH-7052,Packaging Unit,Surat,23,1222.12,342,7.87,,22.7,16,2.9,Morning,2024-04-01,Tristan,83.33
MCH-7053,Laser Cutter,Surat,22,565.55,727,8.43,Low,18.0,10,26.3,Evening,2022-08-03,Christopher,69.98
MCH-7054,Laser Cutter,Rajkot,10,269.81,1428,4.9,Low,28.4,4,19.9,Night,2024-03-23,Steven,87.78
MCH-7055,CNC,Rajkot,17,1151.63,371,13.85,Medium,29.5,2,16.4,Evening,2022-07-09,Erin,62.27
MCH-7056,Laser Cutter,Rajkot,6,460.87,1895,8.72,Low,32.5,26,3.1,Evening,2023-01-31,Gabriel,95.52
MCH-7057,3D Printer,Ahmedabad,23,687.54,151,8.12,High,29.2,22,0.2,Morning,2024-09-04,Jeremy,83.9
MCH-7058,Laser Cutter,Pune,8,372.07,952,10.3,Low,26.1,23,3.1,Morning,2022-01-26,Ronald,84.63
MCH-7059,Robotic Arm,Vadodara,8,1075.28,317,11.78,Low,37.0,14,13.0,Night,2023-11-19,Margaret,68.45
MCH-7060,3D Printer,Rajkot,7,215.32,1385,14.32,Low,33.9,19,10.4,Evening,2022-10-28,Julie,75.31
MCH-7061,3D Printer,Ahmedabad,15,281.44,825,2.14,Medium,16.9,26,10.1,Evening,2023-11-04,Suzanne,95.12
MCH-7062,Robotic Arm,Ahmedabad,21,668.08,437,7.98,Medium,41.4,15,9.8,Evening,2022-05-26,Tiffany,79.87
MCH-7063,Robotic Arm,Ahmedabad,14,607.33,718,4.77,High,42.3,23,7.7,Morning,2024-08-05,Rose,90.19
MCH-7064,Robotic Arm,Pune,6,1192.31,416,12.09,Low,25.6,7,27.3,Night,2022-10-13,Kathleen,58.47
MCH-7065,Robotic Arm,Surat,21,489.39,1561,11.51,Low,26.8,12,6.1,Evening,2025-01-05,Edward,85.02
MCH-7066,Robotic Arm,Vadodara,21,273.08,264,6.66,High,29.9,2,6.6,Night,2022-03-05,Joel,83.87
MCH-7067,Robotic Arm,Rajkot,14,744.03,1652,6.39,Low,22.8,18,0.6,Morning,2024-10-30,Nathan,99.5
MCH-7068,Packaging Unit,Vadodara,20,850.18,1536,1.7,Medium,41.8,12,20.8,Evening,2023-11-24,Amanda,93.63
MCH-7069,Packaging Unit,Pune,21,675.3,828,13.37,Medium,34.2,18,0.5,Evening,2023-10-19,,78.85
MCH-7070,3D Printer,Surat,5,280.3,1180,10.02,High,22.5,19,0.1,Night,2025-01-31,Christopher,89.32
MCH-7071,CNC,Ahmedabad,6,266.46,1544,4.72,Medium,35.1,10,14.2,Evening,2022-09-30,Nicole,93.11
MCH-7072,Laser Cutter,Surat,14,556.71,1362,10.72,Low,,19,24.9,Night,2023-07-07,Alexandria,71.68
MCH-7073,3D Printer,Rajkot,11,493.69,909,3.09,High,,6,8.7,Morning,2022-10-10,Stephanie,94.6
MCH-7074,Packaging Unit,Rajkot,19,353.48,1237,10.23,Low,29.5,17,1.1,Night,2022-10-22,Amanda,88.57
MCH-7075,Robotic Arm,Pune,18,380.7,844,5.03,Medium,31.5,3,6.7,Evening,2023-05-25,Edward,91.74
MCH-7076,Robotic Arm,Ahmedabad,21,829.07,340,14.26,Medium,29.7,13,7.1,Night,2023-10-29,Steven,68.16
MCH-7077,CNC,Pune,14,222.36,382,4.38,High,25.9,16,25.3,Morning,2023-09-18,Matthew,76.4
MCH-7078,,Surat,18,609.08,498,4.85,Medium,20.4,26,6.8,Evening,2024-11-18,Jennifer,88.82
MCH-7079,Laser Cutter,Pune,12,669.43,1802,11.4,Low,25.8,14,12.8,Morning,2023-06-11,,82.3
MCH-7080,Robotic Arm,Vadodara,8,1182.35,839,11.44,Medium,27.9,28,7.3,Evening,2024-06-11,Zachary,77.31
MCH-7081,Packaging Unit,Vadodara,18,851.43,769,8.24,Low,33.2,24,11.8,Evening,2024-09-01,Katrina,80.45
MCH-7082,Laser Cutter,Pune,22,361.23,464,1.39,Low,28.3,20,6.0,Night,2022-05-24,Kim,96.37
MCH-7083,Packaging Unit,Pune,8,688.95,564,7.17,Medium,23.0,18,12.9,Night,2022-12-29,Brandon,80.35
MCH-7084,Laser Cutter,Surat,15,302.93,384,4.08,Medium,29.9,20,21.5,Night,2022-07-02,Nancy,79.56
MCH-7085,Robotic Arm,Pune,10,4041.68,1889,10.95,High,23.9,8,8.399999999999999,Night,2024-08-30,Joseph,92.14
MCH-7086,Packaging Unit,Pune,21,897.9,1703,5.64,Low,44.8,21,23.7,Evening,2023-06-03,Sandy,85.04
MCH-7087,3D Printer,Surat,23,959.14,1125,9.92,Low,42.1,15,1.5,Night,2023-08-26,Bryan,87.11
MCH-7088,Laser Cutter,Vadodara,13,619.73,1876,2.22,Low,25.2,17,2.0,Night,2023-07-07,Melissa,108.91
MCH-7089,3D Printer,Pune,11,220.94,1808,5.79,Low,30.6,27,3.8,Night,2024-08-19,Samantha,100.51
MCH-7090,,Ahmedabad,23,576.61,944,5.51,High,,2,2.7,Evening,2024-03-23,,94.13
MCH-7091,Laser Cutter,Surat,11,299.13,1739,12.44,Medium,36.7,28,11.4,Evening,2024-02-26,Alexa,81.2
MCH-7092,Packaging Unit,Vadodara,19,1325.48,55,12.21,High,35.9,10,0.8,Evening,2024-10-18,Allison,73.58
MCH-7093,Packaging Unit,Pune,18,1381.79,901,2.72,Medium,29.4,13,0.1,Morning,2023-03-29,Nancy,100.02
MCH-7094,CNC,Rajkot,15,291.99,1896,4.94,Medium,34.8,6,5.4,Morning,2025-01-25,David,101.72
MCH-7095,Laser Cutter,Pune,17,866.2,1230,14.95,Medium,38.1,14,1.3,Morning,2022-06-03,Mark,78.2
MCH-7096,3D Printer,Vadodara,19,749.19,402,14.87,High,28.6,5,2.5,Evening,2023-10-21,April,70.79
MCH-7097,CNC,Ahmedabad,19,846.55,1766,5.44,High,40.8,8,7.1,Morning,2024-02-04,Amanda,97.66
MCH-7098,Laser Cutter,Vadodara,5,,1706,14.85,Low,27.6,3,7.7,Night,2023-04-28,Steven,78.8
MCH-7099,3D Printer,Ahmedabad,14,556.34,401,1.78,Medium,14.1,6,17.3,Night,2024-08-04,Victoria,86.88
MCH-7100,CNC,Rajkot,18,371.06,1860,9.57,Low,22.2,3,9.0,Evening,2022-06-27,Ashley,89.53
MCH-7101,Robotic Arm,Pune,9,689.25,1326,6.41,Low,33.8,17,9.3,Morning,2022-07-21,Randy,90.74
MCH-7102,Packaging Unit,Surat,21,289.67,142,8.53,Low,26.1,21,12.6,Evening,2025-04-09,Danny,74.89
MCH-7103,Robotic Arm,Ahmedabad,5,935.4,445,4.0,Medium,29.0,8,2.4,Night,2024-08-06,Tyler,92.69
MCH-7104,Laser Cutter,Pune,17,480.06,710,5.81,,32.7,18,4.7,Evening,2024-07-05,Michael,90.32
MCH-7105,3D Printer,Surat,11,1687.21,840,6.53,High,28.7,11,6.1,Morning,2024-10-29,James,87.26
MCH-7106,3D Printer,Surat,14,597.64,341,4.91,High,21.1,21,2.5,Evening,2023-08-10,David,90.42
MCH-7107,Robotic Arm,Rajkot,10,608.3,1397,6.35,High,27.4,14,0.7,Evening,2022-02-16,Tyler,97.58
MCH-7108,Packaging Unit,Surat,11,,322,14.01,Low,27.8,23,1.2,Night,2022-12-17,Kelly,72.89
MCH-7109,3D Printer,Ahmedabad,6,,1633,10.47,Medium,34.2,26,8.4,Morning,2024-03-14,Chris,86.36
MCH-7110,3D Printer,Surat,13,455.26,266,13.6,Low,37.6,6,2.2,Night,2023-05-06,Kelsey,72.83
MCH-7111,,Pune,8,919.29,903,3.76,Low,27.6,29,22.2,Morning,2022-04-01,Danielle,83.15
MCH-7112,CNC,Vadodara,15,840.79,711,10.24,High,24.7,26,13.1,Evening,2024-08-13,Terri,75.07
MCH-7113,Robotic Arm,Ahmedabad,10,591.11,1215,12.2,Medium,41.7,29,21.9,Morning,2025-03-02,Michael,69.55
MCH-7114,Packaging Unit,Vadodara,23,587.05,954,4.19,Low,28.2,25,7.7,Night,2024-11-15,Anthony,93.34
MCH-7115,3D Printer,Pune,4,1040.27,673,11.02,Medium,31.8,4,2.9,Morning,2024-08-20,Melissa,80.05
MCH-7116,Robotic Arm,Vadodara,8,739.52,1869,5.82,Medium,36.2,24,0.0,Morning,2024-07-13,Todd,102.88
MCH-7117,Robotic Arm,Pune,15,912.86,501,1.91,Medium,38.3,24,0.5,Morning,2022-09-02,Dillon,98.7
MCH-7118,CNC,Rajkot,7,524.96,1155,0.8,Medium,22.4,7,3.4,Night,2024-12-12,James,104.9
MCH-7119,Robotic Arm,Ahmedabad,15,652.77,972,4.38,Medium,27.5,17,1.7,Morning,2024-10-25,Christopher,97.22
MCH-7120,Packaging Unit,Surat,18,172.45,251,6.18,High,26.6,10,0.1,Night,2023-07-02,Matthew,89.42
MCH-7121,CNC,Vadodara,4,1207.58,480,11.57,Low,31.4,24,14.0,Morning,2025-03-24,Cole,69.33
MCH-7122,Robotic Arm,Pune,13,613.08,1715,5.53,,16.8,25,3.9,Night,2022-07-17,Stacy,99.63
MCH-7123,3D Printer,Ahmedabad,9,1046.52,1359,2.32,High,23.8,12,6.9,Evening,2022-03-02,Jill,100.36
MCH-7124,Packaging Unit,Ahmedabad,10,731.27,190,10.2,High,38.9,4,0.5,Evening,2023-08-25,Emily,79.79
MCH-7125,Robotic Arm,Surat,7,724.68,199,14.75,Medium,28.3,23,36.3,Evening,2023-06-28,Cindy,45.71
MCH-7126,Laser Cutter,Vadodara,23,1061.84,367,13.23,Medium,30.4,11,7.2,Morning,2022-06-04,Destiny,70.04
MCH-7127,3D Printer,Ahmedabad,16,1032.51,1481,1.92,Low,30.3,27,0.4,Morning,2023-07-26,Richard,106.75
MCH-7128,Robotic Arm,Vadodara,21,383.18,1210,7.29,Low,33.4,29,28.8,Morning,2022-12-14,Nancy,74.8
MCH-7129,Laser Cutter,Pune,7,401.14,1680,5.42,High,,3,1.5,Evening,2023-12-24,Billy,101.54
MCH-7130,Packaging Unit,Vadodara,20,863.19,1467,2.67,Medium,30.1,24,8.0,Night,2024-10-30,Tony,100.05
MCH-7131,Robotic Arm,Rajkot,17,212.39,241,12.74,High,33.6,4,2.7,Morning,2023-07-01,Trevor,74.33
MCH-7132,Laser Cutter,Pune,21,1038.69,1227,10.34,Low,19.5,14,1.4,Night,2023-06-12,Paul,87.08
MCH-7133,Packaging Unit,Pune,22,662.45,1191,4.74,Low,17.0,12,8.7,Evening,2023-06-29,Kristin,93.41
MCH-7134,Laser Cutter,Ahmedabad,23,530.39,354,4.62,Low,32.9,11,9.8,Morning,2022-09-21,Ashley,86.09
MCH-7135,Packaging Unit,Rajkot,19,438.26,292,6.78,Medium,24.7,21,7.9,morning,2024-05-03,Andrea,82.72
MCH-7136,CNC,Vadodara,11,237.61,309,3.15,Low,30.9,13,1.5,Evening,2023-03-23,Deborah,94.89
MCH-7137,,Rajkot,5,574.83,1040,3.67,Low,28.2,14,0.2,Morning,2022-02-02,Leslie,100.37
MCH-7138,CNC,Rajkot,22,531.88,828,10.35,Low,39.5,21,4.8,Night,2024-08-02,Anita,82.08
MCH-7139,Laser Cutter,Surat,15,971.27,1063,10.23,Medium,31.6,15,1.7,Evening,2022-06-22,Michael,85.82
MCH-7140,Packaging Unit,Ahmedabad,5,,1735,6.77,High,26.9,17,2.8,Night,2023-02-22,Tammy,98.29
MCH-7141,Packaging Unit,Surat,14,598.43,276,7.4,Medium,27.1,19,18.1,Night,2022-02-12,Danielle,73.98
MCH-7142,Robotic Arm,Vadodara,13,645.13,895,0.67,HIGH,23.5,2,1.3,Evening,2025-03-13,Tamara,104.29
MCH-7143,3D Printer,Rajkot,12,196.15,1327,14.92,High,,29,7.0,Evening,2025-02-01,Jennifer,76.04
MCH-7144,,Vadodara,8,595.01,1879,10.6,Medium,15.4,8,6.8,Evening,2024-05-24,Richard,88.85
MCH-7145,Packaging Unit,Ahmedabad,22,686.04,877,14.34,High,35.0,19,3.8,Morning,2023-08-25,Alan,74.99
MCH-7146,3D Printer,Rajkot,6,110.22,1476,13.45,Low,29.5,15,5.5,Evening,2022-01-06,Victoria,81.39
MCH-7147,CNC,Pune,7,467.56,309,2.08,High,30.2,24,15.9,Morning,2023-10-11,Brian,86.62
MCH-7148,CNC,Surat,7,868.49,813,0.72,,27.5,2,6.5,Night,2024-01-09,Leslie,99.54
MCH-7149,,Pune,9,783.56,998,2.4,High,34.9,24,9.5,Evening,2023-02-27,Randy,95.75
MCH-7150,,Surat,20,562.05,1783,3.58,High,37.2,15,11.3,Morning,2022-10-21,Kristen,98.99
MCH-7151,Robotic Arm,Surat,17,691.26,898,2.61,Medium,39.5,9,8.6,Night,2024-03-25,Robert,95.26
MCH-7152,CNC,Vadodara,9,1374.87,1566,9.62,Low,21.0,24,20.8,Morning,2024-01-12,Nicole,77.29
MCH-7153,CNC,Rajkot,6,585.92,781,0.63,Low,36.8,9,13.2,Night,2023-02-09,Anita,95.17
MCH-7154,CNC,Rajkot,9,118.64,1692,2.19,Medium,30.2,11,23.8,Evening,2024-12-22,James,92.89
MCH-7155,CNC,Rajkot,12,595.62,1493,5.47,Low,28.8,17,8.7,Night,2024-01-26,Brenda,94.56
MCH-7156,Laser Cutter,Rajkot,17,316.03,952,6.57,High,,28,3.2,Morning,2022-10-15,,92.1
MCH-7157,3D Printer,Surat,4,552.09,438,13.3,High,33.0,18,1.5,Evening,2022-09-09,Leslie,75.21
MCH-7158,3D Printer,Rajkot,7,1453.75,1233,7.14,Low,29.3,3,2.1,Morning,2023-01-18,Matthew,92.45
MCH-7159,Packaging Unit,Rajkot,14,721.3,603,6.37,Medium,35.0,10,0.0,Morning,2022-11-05,Daniel,91.25
MCH-7160,Robotic Arm,Rajkot,20,644.79,1087,7.61,Low,32.3,26,1.7,Evening,2023-09-23,Anna,91.73
MCH-7161,Laser Cutter,Vadodara,6,649.97,573,14.3,Low,36.3,10,0.3,Night,2023-03-16,Maria,75.04
MCH-7162,Laser Cutter,Surat,15,510.98,363,6.81,High,25.2,17,5.1,Evening,2023-04-15,Jennifer,85.11
MCH-7163,Laser Cutter,Surat,5,537.46,769,5.26,High,28.5,13,12.6,Morning,2022-07-01,Robert,86.3
MCH-7164,Laser Cutter,Rajkot,4,1038.1,1641,9.51,High,25.8,15,2.9,Night,2022-06-03,Edward,91.14
MCH-7165,Robotic Arm,Pune,13,641.72,536,7.51,Medium,27.3,29,2.0,Evening,2022-01-07,David,87.13
MCH-7166,,Rajkot,15,702.43,971,2.63,Low,40.7,28,11.2,Night,2023-10-22,Jeffrey,93.99
MCH-7167,,Ahmedabad,20,,676,9.97,Medium,35.8,4,5.9,Night,2024-12-04,Jill,81.25
MCH-7168,,Pune,6,1192.18,697,9.3,HIGH,22.9,20,1.6,Morning,2024-04-22,Wesley,84.39
MCH-7169,CNC,Vadodara,9,649.81,1848,9.3,Low,32.1,28,2.8,Morning,2023-04-03,Calvin,93.91
MCH-7170,Robotic Arm,Vadodara,5,715.92,182,9.74,High,30.4,15,3.9,Morning,2023-08-07,,78.28
MCH-7171,Laser Cutter,Ahmedabad,15,1271.12,591,13.34,High,38.9,18,8.0,Night,2024-09-06,Catherine,70.83
MCH-7172,Robotic Arm,Ahmedabad,11,191.76,1148,8.45,Low,23.3,27,19.5,Morning,2023-04-13,Rebekah,78.74
MCH-7173,Packaging Unit,Vadodara,23,790.92,813,2.34,Low,25.6,4,26.9,Evening,2024-06-06,James,82.14
MCH-7174,CNC,Vadodara,21,709.33,81,8.4,Low,24.7,17,12.2,Morning,2023-04-05,Jeffery,74.32
MCH-7175,CNC,Surat,17,954.41,1674,14.55,Low,28.3,27,1.8,Night,2024-05-26,,82.23
MCH-7176,Robotic Arm,Vadodara,9,,1311,9.89,Medium,38.7,27,10.9,Morning,2023-07-19,Rebecca,82.68
MCH-7177,3D Printer,Rajkot,12,617.22,618,9.35,High,26.8,29,16.2,Night,2025-01-19,Michael,74.23
MCH-7178,3D Printer,Vadodara,23,741.91,333,2.0,High,26.2,22,1.1,Morning,2022-01-17,James,96.95
MCH-7179,Packaging Unit,Surat,15,1029.99,273,4.97,High,21.1,23,5.7,Evening,2024-07-21,Jennifer,86.87
MCH-7180,Robotic Arm,Ahmedabad,16,512.08,1169,5.99,Low,26.8,4,4.2,Evening,2024-03-28,Angela,94.09
MCH-7181,Robotic Arm,Rajkot,5,506.44,311,14.57,Low,43.7,16,0.6,Night,2024-04-09,David,72.31
MCH-7182,CNC,Surat,12,350.39,1711,5.26,Low,41.9,16,5.7,Night,2023-05-14,Aaron,99.25
MCH-7183,3D Printer,Ahmedabad,13,566.53,542,1.75,Low,27.0,2,13.5,Night,2024-04-19,Kimberly,90.76
MCH-7184,CNC,Surat,9,513.16,1478,14.93,,,8,5.8,Morning,2022-08-02,Ashley,77.66
MCH-7185,Robotic Arm,Ahmedabad,7,946.58,1126,10.72,High,,4,4.5,Evening,2022-01-13,Amanda,83.44
MCH-7186,3D Printer,Vadodara,11,779.39,1572,0.44,Low,32.2,16,1.7,Night,2022-04-02,Elizabeth,109.92
MCH-7187,Packaging Unit,Ahmedabad,17,254.74,1975,9.01,High,26.1,21,9.6,Morning,2024-09-18,Joshua,91.35
MCH-7188,Packaging Unit,Vadodara,10,1790.07,1077,3.77,High,,13,0.9,Evening,2023-11-08,Chris,98.25
MCH-7189,Robotic Arm,Rajkot,5,424.68,837,2.59,Medium,46.1,13,5.4,Evening,2022-02-12,Michelle,97.41
MCH-7190,Packaging Unit,Pune,14,745.66,1045,14.65,Medium,30.2,17,8.2,Morning,2023-09-26,Patricia,72.6
MCH-7191,Robotic Arm,Ahmedabad,18,628.63,1463,14.79,Low,31.0,23,7.2,Night,2023-12-10,Michael,76.67
MCH-7192,3D Printer,Rajkot,19,668.69,1866,14.07,Low,35.5,2,35.9,Night,2025-03-18,Sharon,61.32
MCH-7193,Laser Cutter,Ahmedabad,15,1601.62,1187,4.29,High,22.4,29,4.5,Evening,2022-07-06,Daniel,95.87
MCH-7194,,Ahmedabad,4,247.57,1542,9.48,Low,37.9,15,0.1,Morning,2022-11-11,Linda,93.47
MCH-7195,Packaging Unit,Surat,17,,1440,11.48,HIGH,27.6,5,6.1,Night,2022-12-31,Robert,83.7
MCH-7196,Packaging Unit,Surat,9,714.03,477,11.89,Low,32.6,27,1.5,Night,2023-01-28,Jeremy,78.12
MCH-7197,Robotic Arm,Ahmedabad,16,273.91,1258,5.71,High,36.7,20,5.7,Evening,2024-02-21,Victor,94.68
MCH-7198,3D Printer,Ahmedabad,5,511.53,1603,0.59,High,34.5,4,12.1,Morning,2024-09-15,Justin,102.98
MCH-7199,Packaging Unit,Rajkot,5,721.93,160,13.14,Low,,15,15.3,Evening,2022-10-27,Monique,63.31
MCH-7200,Laser Cutter,Pune,19,347.64,942,6.84,High,21.1,14,2.1,Morning,2025-03-12,,92.2
MCH-7201,,Vadodara,10,506.37,1264,1.0,Medium,25.5,22,2.2,Morning,2024-05-18,Matthew,106.27
MCH-7202,Robotic Arm,Ahmedabad,9,687.28,736,6.71,,28.1,25,6.9,Morning,2024-03-04,Phyllis,86.9
MCH-7203,Packaging Unit,Ahmedabad,8,413.55,1422,11.83,High,32.8,16,1.6,Night,2024-03-12,Crystal,86.48
MCH-7204,Robotic Arm,Vadodara,13,722.81,882,6.44,High,21.0,18,0.6,Night,2023-08-04,David,93.02
MCH-7205,,Surat,17,284.79,1745,8.44,Low,32.4,29,5.4,Morning,2023-06-19,Matthew,93.47
MCH-7206,CNC,Ahmedabad,21,449.87,866,9.28,High,30.9,23,34.6,Night,2022-04-28,Carly,63.79
MCH-7207,Laser Cutter,Surat,15,480.37,249,0.4,Medium,25.8,14,1.9,Morning,2024-01-15,George,99.26
MCH-7208,Laser Cutter,Ahmedabad,11,847.56,1238,4.12,Low,24.8,8,4.0,Evening,2024-10-31,Theresa,98.07
MCH-7209,Packaging Unit,Surat,16,250.85,918,7.83,High,33.0,6,0.5,morning,2025-02-20,Mark,91.28
MCH-7210,3D Printer,Pune,8,449.2,1123,12.82,Medium,30.2,3,12.5,Evening,2022-01-03,Ashley,74.33
MCH-7211,CNC,Vadodara,19,1268.86,1300,5.15,Low,28.0,25,1.4,Evening,2023-05-22,Michael,97.74
MCH-7212,Packaging Unit,Pune,6,490.01,1990,6.98,High,21.2,29,0.9,Night,2022-10-30,Desiree,101.29
MCH-7213,CNC,Pune,11,1236.96,452,12.98,Low,22.5,10,0.3,Morning,2022-07-18,Luis,75.83
MCH-7214,Robotic Arm,Ahmedabad,8,909.48,672,2.19,Medium,36.4,19,6.2,Morning,2023-02-27,Jennifer,95.58
MCH-7215,Packaging Unit,Surat,16,891.42,1556,10.74,Low,43.4,11,30.5,Morning,2025-02-09,Joe,68.86
MCH-7216,Robotic Arm,Pune,8,1309.02,1224,14.86,Medium,28.8,28,5.5,Evening,2022-12-12,Sean,74.76
MCH-7217,Packaging Unit,Vadodara,23,594.54,651,13.26,Medium,33.3,28,9.6,Night,2024-06-07,,71.34
MCH-7218,3D Printer,Ahmedabad,16,811.1,463,4.76,Low,32.5,13,5.5,Night,2023-03-23,Sandra,89.33
MCH-7219,CNC,Vadodara,15,989.92,1883,5.5,High,31.8,27,3.0,Evening,2023-12-24,Connie,101.18
MCH-7220,Robotic Arm,Rajkot,11,437.31,1624,8.2,Medium,31.8,2,6.6,Evening,2024-06-06,Olivia,91.89
MCH-7221,Packaging Unit,Ahmedabad,15,375.59,1837,4.09,Low,32.4,20,29.3,Evening,2024-05-26,Rachel,86.08
MCH-7222,3D Printer,Rajkot,9,1635.4,216,2.88,Medium,39.4,9,19.3,Evening,2023-01-06,Michelle,80.19
MCH-7223,3D Printer,Rajkot,12,834.78,869,1.21,Low,26.3,3,0.5,Night,2022-04-24,Thomas,103.28
MCH-7224,Robotic Arm,Pune,19,802.22,1619,1.86,Low,23.9,23,1.5,Night,2022-07-29,Joshua,107.58
MCH-7225,Laser Cutter,Vadodara,11,522.73,1447,14.96,Low,20.9,3,2.1,Night,2022-01-13,,79.92
MCH-7226,Laser Cutter,Surat,13,444.37,259,11.79,Medium,30.6,18,4.1,Morning,2023-11-15,,75.07
MCH-7227,Robotic Arm,Vadodara,17,1777.2,1009,3.14,High,29.5,11,2.7,Evening,2023-01-22,Cory,97.7
MCH-7228,3D Printer,Surat,9,166.13,667,8.43,Low,27.8,3,9.8,Evening,2024-07-05,Katherine,81.6
MCH-7229,Robotic Arm,Vadodara,6,748.28,1005,1.57,Low,26.8,25,5.1,Night,2024-02-20,Megan,100.6
MCH-7230,CNC,Surat,6,718.94,203,5.01,Medium,35.3,12,9.1,Evening,2022-08-22,Joshua,84.27
MCH-7231,Robotic Arm,Pune,12,695.38,595,14.2,Medium,34.6,21,7.9,Morning,2024-06-01,Elizabeth,70.03
MCH-7232,3D Printer,Rajkot,12,794.66,1415,10.93,Low,34.5,9,1.5,Morning,2023-05-04,Jason,87.75
MCH-7233,Laser Cutter,Vadodara,14,,610,12.32,Low,29.0,19,0.4,Morning,2022-07-28,Timothy,79.31
MCH-7234,Laser Cutter,Pune,22,548.79,592,6.74,Medium,32.6,24,17.6,Morning,2022-05-18,Madison,78.35
MCH-7235,Laser Cutter,Rajkot,11,630.76,506,2.34,High,34.0,18,8.0,Night,2024-11-29,Sara,93.04
MCH-7236,CNC,Ahmedabad,10,678.87,1264,13.94,Low,36.0,19,20.9,Night,2024-04-30,Keith,67.05
MCH-7237,,Rajkot,12,332.61,661,13.15,High,31.4,24,8.0,Night,2025-04-14,Ashley,73.13
MCH-7238,Packaging Unit,Ahmedabad,6,461.04,1445,11.88,High,,7,29.4,Morning,2022-04-16,Sarah,67.04
MCH-7239,Packaging Unit,Surat,9,242.04,1719,14.42,Low,28.7,26,0.2,Night,2024-02-19,Patricia,85.0
MCH-7240,Robotic Arm,Ahmedabad,5,530.88,358,9.67,Medium,31.0,4,6.1,Night,2022-10-19,Rickey,78.61
MCH-7241,Laser Cutter,Vadodara,14,882.0,1595,10.44,Medium,32.6,25,11.3,Evening,2023-03-07,,83.24
MCH-7242,Robotic Arm,Pune,10,643.84,277,3.41,HIGH,,22,5.5,Morning,2024-04-26,James,90.72
MCH-7243,Laser Cutter,Rajkot,7,977.82,229,15.0,High,34.0,8,7.2,Morning,2024-08-29,Patrick,65.47
MCH-7244,Laser Cutter,Vadodara,12,439.81,1235,2.01,High,24.4,25,13.7,Morning,2024-03-08,,96.05
MCH-7245,Laser Cutter,Surat,15,431.68,703,7.02,High,26.0,22,15.7,Evening,2023-11-25,Gabriel,80.21
MCH-7246,,Surat,16,225.54,657,0.85,Low,38.6,22,3.7,Night,2024-10-29,Dalton,100.86
MCH-7247,CNC,Ahmedabad,16,668.73,1092,0.66,Medium,33.3,9,21.9,Morning,2022-11-08,Joyce,91.49
MCH-7248,CNC,Vadodara,22,343.12,735,6.99,Low,25.6,17,7.6,Night,2024-03-29,Craig,86.33
MCH-7249,,Vadodara,4,452.04,913,4.51,Medium,44.0,5,15.2,Morning,2023-09-28,Kathryn,87.3
MCH-7250,3D Printer,Ahmedabad,22,708.87,1241,14.83,Low,30.5,24,3.2,Night,2022-11-02,Gregory,77.43
MCH-7251,Robotic Arm,Vadodara,5,697.71,610,4.79,Low,21.1,18,2.1,Morning,2025-02-19,Michael,93.04
MCH-7252,3D Printer,Surat,15,605.04,1748,12.88,Medium,23.1,7,9.7,Morning,2023-11-24,Willie,81.15
MCH-7253,Robotic Arm,Vadodara,13,1321.36,1278,14.4,High,30.4,20,0.2,Morning,2024-11-25,Christine,79.82
MCH-7254,3D Printer,Pune,5,1140.33,832,14.15,Low,33.6,12,3.4,Night,2022-06-27,Kelly,74.62
MCH-7255,Robotic Arm,Pune,13,190.73,857,14.02,Medium,34.2,10,1.7,Evening,2022-05-05,Mandy,77.64
MCH-7256,Laser Cutter,Rajkot,6,512.62,74,13.48,,30.1,9,12.1,Morning,2023-02-05,Corey,64.45
MCH-7257,3D Printer,Surat,13,800.94,1318,6.69,Low,34.8,23,29.4,Morning,2024-09-28,Brian,75.88
MCH-7258,Laser Cutter,Ahmedabad,7,1268.9,1773,4.88,Medium,17.1,2,7.7,Evening,2023-11-28,James,97.81
MCH-7259,Laser Cutter,Vadodara,21,657.58,1447,9.19,High,31.2,9,19.9,Night,2023-04-25,Dustin,78.81
MCH-7260,Laser Cutter,Surat,21,821.14,1037,6.66,Medium,24.9,5,5.9,Night,2023-10-13,Joseph,90.02
MCH-7261,CNC,Ahmedabad,5,855.25,1147,14.91,High,27.7,23,11.6,Night,2022-04-08,Ronnie,70.4
MCH-7262,Laser Cutter,Pune,7,374.4,1309,13.79,Low,29.8,3,26.6,Morning,2024-12-18,Jessica,64.17
MCH-7263,Packaging Unit,Surat,15,300.68,1304,1.97,Medium,31.9,19,2.1,Night,2024-02-03,Marissa,105.03
MCH-7264,Packaging Unit,Rajkot,7,779.5,1722,12.26,High,35.6,14,0.4,Evening,2022-10-31,Denise,88.44
MCH-7265,CNC,Rajkot,21,689.83,1331,3.37,Medium,27.1,21,7.0,Night,2024-02-12,Bobby,98.47
MCH-7266,3D Printer,Ahmedabad,7,506.36,1527,9.2,Medium,28.8,6,29.1,Morning,2023-11-19,Douglas,73.23
MCH-7267,Packaging Unit,Surat,12,697.32,1508,7.81,High,27.4,7,1.3,Evening,2024-10-14,Edward,95.04
MCH-7268,CNC,Rajkot,10,1220.07,1817,13.94,Medium,22.7,4,4.1,Night,2024-07-24,Erika,82.65
MCH-7269,Packaging Unit,Rajkot,16,864.42,1558,12.24,High,36.5,19,1.9,Night,2024-03-11,Debra,85.94
MCH-7270,Laser Cutter,Rajkot,14,934.01,303,4.65,High,31.3,3,0.3,Night,2022-03-26,Brenda,91.68
MCH-7271,,Surat,8,892.21,233,4.5,Medium,,26,16.6,Evening,2022-12-07,Tyler,80.05
MCH-7272,3D Printer,Rajkot,16,726.17,1870,1.38,High,36.0,10,9.7,Morning,2023-09-29,Megan,105.0
MCH-7273,,Rajkot,18,935.02,1295,5.21,HIGH,39.4,19,3.2,Morning,2023-01-30,Barbara,96.8
MCH-7274,CNC,Surat,22,517.18,1070,4.07,Medium,29.3,26,2.2,Morning,2024-09-05,Donald,98.5
MCH-7275,Packaging Unit,Vadodara,20,521.07,1467,6.98,Low,39.2,3,0.8,Evening,2022-03-31,John,96.96
MCH-7276,Packaging Unit,Vadodara,15,398.79,1198,11.52,Medium,29.0,19,13.0,Morning,2022-06-11,Gary,77.27
MCH-7277,Laser Cutter,Ahmedabad,18,478.81,1900,0.91,Low,20.1,11,4.4,Night,2024-04-25,Joseph,110.25
MCH-7278,Laser Cutter,Pune,11,1082.61,667,5.47,High,26.0,28,2.5,Evening,2023-01-19,Nicole,91.32
MCH-7279,Robotic Arm,Vadodara,17,1612.02,1901,3.79,Low,32.0,24,3.9,Evening,2023-06-29,Christy,103.23
MCH-7280,Robotic Arm,Rajkot,16,719.04,1590,3.08,Low,29.9,2,9.0,Evening,2023-11-30,Micheal,99.76
MCH-7281,Robotic Arm,Rajkot,9,464.97,1207,2.09,High,41.9,3,15.5,Night,2024-11-04,Crystal,94.36
MCH-7282,Laser Cutter,Surat,7,962.04,184,7.69,High,35.5,18,9.5,Night,2023-08-27,Jeanne,78.13
MCH-7283,Laser Cutter,Rajkot,17,173.25,1911,10.42,,33.3,2,5.1,Evening,2024-12-02,Lynn,91.27
MCH-7284,Laser Cutter,Vadodara,10,,899,6.94,Low,20.2,14,1.8,Night,2023-06-08,William,90.78
MCH-7285,Robotic Arm,Surat,5,774.32,756,14.24,Low,34.6,23,4.8,Evening,2022-06-21,James,73.35
MCH-7286,Laser Cutter,Surat,10,844.62,187,7.92,Low,,25,1.1,Night,2023-04-17,Amanda,83.74
MCH-7287,,Ahmedabad,8,428.61,1114,8.98,High,17.7,9,10.3,Evening,2022-07-31,,83.5
MCH-7288,3D Printer,Vadodara,15,,259,7.52,Medium,31.5,14,2.8,Morning,2024-08-22,Sue,84.53
MCH-7289,CNC,Ahmedabad,8,768.86,286,9.41,,30.0,6,0.6,Evening,2025-04-03,,82.04
MCH-7290,Robotic Arm,Pune,13,338.98,284,10.0,Medium,17.9,2,1.0,Evening,2024-07-30,Kyle,81.18
MCH-7291,,Ahmedabad,7,867.43,1482,11.94,High,39.1,11,5.2,Night,2023-08-26,Brandon,83.59
MCH-7292,Laser Cutter,Ahmedabad,12,526.91,1356,4.88,Low,43.9,24,1.5,Evening,2024-04-08,William,99.74
MCH-7293,Packaging Unit,Pune,13,1768.53,1464,7.36,Low,21.5,9,0.7,Night,2022-09-25,Eric,94.46
MCH-7294,Packaging Unit,Pune,6,475.07,1395,13.11,Low,31.5,10,17.4,Morning,2024-05-22,Philip,72.55
MCH-7295,Packaging Unit,Vadodara,13,513.19,1237,13.99,Medium,28.7,14,2.7,Morning,2023-05-24,Darren,79.71
MCH-7296,CNC,Surat,13,1126.86,1551,5.65,High,34.8,13,2.7,Night,2024-08-11,,98.13
MCH-7297,3D Printer,Surat,19,323.69,576,14.87,Low,36.8,14,11.5,Evening,2022-01-30,Timothy,66.55
MCH-7298,Robotic Arm,Pune,6,555.3,303,4.39,High,34.4,7,3.1,Night,2024-11-02,Nicole,90.78
MCH-7299,Laser Cutter,Pune,14,409.52,1781,0.68,Medium,38.7,16,9.1,Evening,2022-01-22,Kelly,106.53
MCH-7300,Packaging Unit,Surat,9,783.47,1473,9.12,High,18.2,28,1.5,Evening,2023-07-13,,91.87
MCH-7301,Packaging Unit,Pune,17,783.78,963,7.06,High,29.2,17,0.2,Evening,2024-09-08,David,92.65
MCH-7302,Robotic Arm,Rajkot,20,738.84,822,2.05,Medium,30.4,20,1.3,Morning,2025-04-10,Brandon,100.78
MCH-7303,Laser Cutter,Ahmedabad,23,846.1,1776,6.79,High,25.0,4,1.3,Night,2022-09-12,Jaime,99.1
MCH-7304,Packaging Unit,Rajkot,12,652.81,1208,14.56,High,26.3,8,11.2,Night,2023-12-31,Bryan,72.17
MCH-7305,Robotic Arm,Vadodara,9,646.41,1940,1.19,Medium,16.2,15,7.1,Morning,2022-10-12,Matthew,107.89
MCH-7306,Laser Cutter,Vadodara,21,806.25,1317,14.29,High,37.4,23,1.6,Night,2024-04-17,Colleen,80.12
MCH-7307,CNC,Vadodara,8,,1373,4.42,Low,24.6,2,2.3,Morning,2022-09-05,Shane,99.27
MCH-7308,Packaging Unit,Rajkot,10,5210.08,475,9.39,HIGH,39.9,24,1.2000000000000002,Night,2023-09-13,Brandon,84.11
MCH-7309,Laser Cutter,Pune,9,983.41,1941,11.66,,28.8,20,3.7,Evening,2024-06-03,,88.86
MCH-7310,Robotic Arm,Ahmedabad,14,719.14,1290,5.04,High,31.6,20,11.3,Evening,2024-07-29,Brittany,91.73
MCH-7311,,Pune,12,594.88,512,5.69,,29.4,28,9.5,Morning,2023-11-24,Nicole,85.39
MCH-7312,Robotic Arm,Rajkot,15,443.63,1229,2.67,,,28,1.3,Morning,2025-03-21,Joann,103.36
MCH-7313,Robotic Arm,Pune,4,645.93,802,5.52,High,26.6,20,10.8,Night,2022-03-05,Brian,87.16
MCH-7314,Packaging Unit,Vadodara,10,290.79,992,11.36,Medium,25.9,13,7.2,Morning,2024-06-04,Brittany,80.09
MCH-7315,3D Printer,Surat,17,689.47,57,9.42,High,36.0,17,9.4,Night,2024-09-27,Kristin,74.07
MCH-7316,Packaging Unit,Surat,6,232.04,1947,13.35,High,36.4,21,7.2,Night,2024-01-31,Shawn,84.15
MCH-7317,CNC,Vadodara,13,,1561,2.11,,20.7,16,6.2,Night,2022-10-13,Julia,102.99
MCH-7318,3D Printer,Surat,21,701.52,450,5.4,,23.2,26,1.9,Morning,2024-06-25,Cheryl,90.62
MCH-7319,Packaging Unit,Rajkot,22,1359.34,1489,1.19,Low,35.3,14,5.8,Morning,2022-07-16,Ashley,104.03
MCH-7320,Packaging Unit,Rajkot,4,462.71,1025,6.91,,39.6,24,15.7,Evening,2023-01-26,Tammy,83.07
MCH-7321,3D Printer,Vadodara,8,752.91,1572,1.96,Medium,24.9,4,12.6,Night,2024-10-11,Paige,99.28
MCH-7322,Packaging Unit,Vadodara,21,563.47,148,4.07,Medium,23.3,23,2.8,Morning,2022-10-25,,90.33
MCH-7323,CNC,Vadodara,15,753.64,580,6.45,High,26.2,16,8.9,Evening,2022-09-16,Donald,84.63
MCH-7324,Laser Cutter,Pune,4,752.96,1577,6.62,Medium,33.5,24,0.3,Night,2022-06-11,Jennifer,98.62
MCH-7325,CNC,Surat,4,291.81,701,13.89,High,33.6,24,9.8,Morning,2024-06-22,Steven,70.78
MCH-7326,3D Printer,Ahmedabad,8,1156.4,1615,5.62,Low,21.9,3,25.6,Evening,2024-01-31,Courtney,82.65
MCH-7327,Laser Cutter,Vadodara,14,445.7,653,0.57,Low,20.1,20,4.2,Night,2022-06-05,,100.72
MCH-7328,Packaging Unit,Pune,23,585.15,763,11.57,High,24.7,28,12.2,Evening,2022-01-20,Gregory,73.84
MCH-7329,Packaging Unit,Ahmedabad,12,919.08,297,10.56,Medium,15.4,20,19.5,Night,2022-12-13,Robert,66.39
MCH-7330,Laser Cutter,Surat,11,370.34,59,1.89,High,19.6,29,6.2,Evening,2022-05-28,Sean,91.84
MCH-7331,Packaging Unit,Surat,8,1433.46,313,13.0,Low,31.1,25,6.6,Night,2023-01-25,Leah,69.94
MCH-7332,Laser Cutter,Pune,21,470.96,325,13.22,Low,31.0,20,1.9,Night,2024-11-11,Ronald,74.27
MCH-7333,CNC,Surat,12,331.04,963,3.19,Medium,,5,13.1,Evening,2023-10-05,Joseph,92.0
MCH-7334,CNC,Vadodara,18,703.02,1154,11.34,Low,34.6,11,6.5,Evening,2024-05-16,Claire,81.38
MCH-7335,Robotic Arm,Ahmedabad,15,893.11,906,9.31,High,24.9,24,18.2,Night,2022-05-04,Emily,74.91
MCH-7336,3D Printer,Pune,15,328.49,1027,2.19,Low,32.1,29,14.0,morning,2024-07-22,Casey,93.91
MCH-7337,Robotic Arm,Pune,5,,1515,11.97,Medium,26.2,18,14.7,Evening,2023-05-21,Matthew,76.6
MCH-7338,Robotic Arm,Vadodara,20,473.34,295,2.54,,24.6,27,47.3,Night,2023-05-29,Adam,63.59
MCH-7339,Robotic Arm,Surat,8,30.72,1734,4.24,Low,,3,1.5,Morning,2022-10-13,Melissa,104.88
MCH-7340,Robotic Arm,Surat,6,583.2,1506,12.92,Medium,36.0,29,2.9,Night,2024-07-26,Craig,83.85
MCH-7341,CNC,Rajkot,7,669.06,1294,5.42,High,28.5,21,2.9,Morning,2024-08-20,Mary,96.96
MCH-7342,Laser Cutter,Surat,13,319.9,918,3.98,Medium,33.8,10,5.6,Night,2023-08-07,Andrea,95.31
MCH-7343,,Vadodara,14,1563.18,1539,8.75,Low,29.4,15,2.7,Morning,2023-08-13,Phyllis,91.2
MCH-7344,3D Printer,Surat,14,1041.09,390,14.62,Medium,28.1,17,13.5,Evening,2022-11-27,Douglas,63.07
MCH-7345,CNC,Pune,12,1484.49,941,7.87,Low,25.8,5,20.8,Night,2022-09-02,Adrian,75.42
MCH-7346,CNC,Pune,9,570.3,756,5.12,High,42.5,3,29.8,Night,2022-09-14,Lindsay,74.39
MCH-7347,Laser Cutter,Vadodara,13,484.96,80,13.92,High,23.9,29,2.5,Evening,2023-08-28,Matthew,70.38
MCH-7348,3D Printer,Pune,16,1456.66,826,13.48,High,,26,3.0,Morning,2022-10-16,Brooke,75.74
MCH-7349,Packaging Unit,Rajkot,5,619.91,956,9.28,High,38.2,18,5.0,Evening,2024-09-28,Amanda,85.02
MCH-7350,Laser Cutter,Rajkot,6,477.2,217,11.55,High,26.6,27,0.4,Evening,2024-09-24,Paul,77.75
MCH-7351,CNC,Vadodara,10,1282.94,1279,2.31,Low,,8,8.4,Evening,2023-11-28,Jeffrey,98.33
MCH-7352,Packaging Unit,Pune,7,284.31,382,1.84,Low,,14,13.6,Morning,2023-03-29,Charles,89.58
MCH-7353,3D Printer,Pune,18,397.63,743,1.3,High,24.5,16,31.9,Night,2023-02-08,James,80.69
MCH-7354,CNC,Surat,23,1147.65,905,10.17,High,27.2,20,4.7,Evening,2024-10-20,Katrina,82.27
MCH-7355,CNC,Vadodara,23,238.12,1190,3.42,Low,22.5,7,4.5,Morning,2022-04-04,Nicole,99.59
MCH-7356,Packaging Unit,Surat,22,4283.2,1782,4.62,High,28.8,10,13.200000000000001,Evening,2023-12-13,John,103.31
MCH-7357,Robotic Arm,Pune,17,238.19,999,8.5,Low,26.5,13,0.0,Morning,2024-12-13,Gina,90.98
MCH-7358,CNC,Rajkot,6,257.34,835,6.69,Medium,29.6,23,26.5,Night,2023-09-04,Amanda,74.66
MCH-7359,Robotic Arm,Surat,13,328.68,666,12.56,High,28.7,20,2.4,Night,2024-07-17,Ethan,78.28
MCH-7360,Laser Cutter,Vadodara,11,938.34,1106,5.77,Medium,30.6,23,17.0,Evening,2025-02-01,Mary,84.44
MCH-7361,,Rajkot,22,731.45,947,9.97,High,36.6,27,5.2,Night,2022-04-14,William,83.27
MCH-7362,Packaging Unit,Vadodara,20,678.27,1937,5.66,,22.2,5,1.1,Evening,2024-11-14,Veronica,103.08
MCH-7363,Robotic Arm,Ahmedabad,23,805.4,1543,7.92,Medium,21.3,14,0.6,Morning,2024-05-30,Jay,95.45
MCH-7364,Packaging Unit,Ahmedabad,10,553.03,1134,7.75,HIGH,31.6,24,0.5,Night,2023-07-22,Alison,92.81
MCH-7365,Packaging Unit,Rajkot,23,375.45,1631,14.06,Medium,33.6,18,3.6,Morning,2022-02-19,Walter,82.42
MCH-7366,Robotic Arm,Rajkot,8,481.22,577,11.53,Low,23.1,8,1.1,morning,2022-10-31,Zachary,80.29
MCH-7367,CNC,Pune,8,538.89,862,2.78,Low,34.6,14,24.0,Evening,2023-08-11,Timothy,84.05
MCH-7368,Robotic Arm,Rajkot,4,773.4,1920,2.34,Medium,29.0,10,6.1,Evening,2023-07-11,Jessica,105.95
MCH-7369,3D Printer,Rajkot,13,1237.71,1198,7.76,Low,22.2,28,6.2,Night,2024-07-15,Jamie,88.36
MCH-7370,3D Printer,Rajkot,21,1450.38,553,6.52,Low,30.5,2,7.3,Evening,2023-08-06,Gary,84.39
MCH-7371,Robotic Arm,Vadodara,13,889.65,511,9.58,High,28.5,20,1.6,Evening,2022-07-23,Shannon,82.71
MCH-7372,,Surat,5,,681,6.91,High,25.9,28,5.1,Night,2022-10-12,Cassandra,86.93
MCH-7373,3D Printer,Pune,14,511.42,626,8.06,Medium,34.7,23,5.0,Evening,2023-08-22,Brittney,84.87
MCH-7374,Laser Cutter,Rajkot,20,902.81,816,7.05,,28.5,23,6.8,Evening,2024-02-07,Tyler,86.65
MCH-7375,,Vadodara,19,839.73,1267,8.81,High,17.6,11,3.0,Morning,2023-10-22,Joseph,89.64
MCH-7376,,Ahmedabad,12,474.8,181,7.21,Low,32.8,26,3.2,Morning,2022-03-27,Caroline,84.17
MCH-7377,3D Printer,Ahmedabad,11,,203,1.65,Medium,24.1,7,7.4,Evening,2025-01-20,Brett,91.89
MCH-7378,,Surat,21,,707,5.98,High,33.2,21,3.8,Morning,2024-04-13,Eric,90.63
MCH-7379,Packaging Unit,Ahmedabad,4,204.19,1653,10.69,Medium,32.0,18,4.6,Morning,2023-08-02,Valerie,88.88
MCH-7380,,Surat,5,1098.21,1544,7.54,High,32.4,14,3.6,Morning,2024-11-04,Jared,93.7
MCH-7381,3D Printer,Rajkot,23,671.31,1965,5.1,,,24,10.0,Night,2022-11-13,David,98.22
MCH-7382,Laser Cutter,Ahmedabad,7,589.61,1211,7.78,Low,25.8,8,0.0,Evening,2023-07-23,Kenneth,93.69
MCH-7383,Robotic Arm,Pune,7,622.17,599,14.59,High,27.7,6,13.9,Morning,2024-07-31,Danielle,65.19
MCH-7384,CNC,Rajkot,15,,1899,13.24,High,30.7,7,9.9,Morning,2023-09-28,Melinda,80.59
MCH-7385,Packaging Unit,Rajkot,14,304.21,1587,5.58,Low,,26,2.1,Evening,2024-11-30,Jim,100.16
MCH-7386,Laser Cutter,Ahmedabad,9,830.68,156,13.21,High,29.4,17,1.8,Evening,2025-01-24,Gina,72.43
MCH-7387,Robotic Arm,Pune,7,479.58,1508,6.48,High,35.4,17,1.1,Night,2025-03-10,Derek,98.15
MCH-7388,Packaging Unit,Pune,22,834.49,276,13.3,Low,33.0,17,1.0,Morning,2022-12-23,Cynthia,73.81
MCH-7389,CNC,Rajkot,22,838.7,399,0.28,,29.0,23,1.3,Night,2024-10-01,Sally,100.66
MCH-7390,CNC,Ahmedabad,9,899.43,84,11.38,Medium,27.0,13,5.0,Night,2024-09-02,Rodney,73.16
MCH-7391,Robotic Arm,Surat,13,456.69,971,3.88,Low,30.1,22,9.7,Night,2022-09-08,Nancy,92.89
MCH-7392,CNC,Rajkot,8,135.32,1509,5.23,Medium,23.2,6,5.4,Night,2022-08-21,Victoria,98.14
MCH-7393,Robotic Arm,Ahmedabad,18,514.92,1055,6.01,HIGH,37.0,15,3.1,Night,2022-06-27,Stacy,93.87
MCH-7394,CNC,Ahmedabad,17,495.69,636,10.84,,23.8,7,7.7,Evening,2023-03-14,David,77.52
MCH-7395,Laser Cutter,Vadodara,21,801.05,795,7.48,Medium,12.3,4,15.5,Evening,2023-02-08,Dorothy,79.67
MCH-7396,3D Printer,Surat,14,443.93,766,4.14,Medium,33.3,23,7.0,Morning,2022-11-05,Amber,92.57
MCH-7397,3D Printer,Vadodara,4,,1957,14.57,High,32.8,21,3.5,Evening,2023-03-10,Cheryl,82.91
MCH-7398,3D Printer,Pune,5,419.48,1227,9.74,Medium,25.6,18,25.8,Evening,2023-10-21,Michele,72.09
MCH-7399,3D Printer,Surat,20,1332.92,963,5.31,Low,36.7,11,11.7,morning,2023-10-24,Michael,87.31
MCH-7400,Laser Cutter,Vadodara,15,1256.74,1497,4.38,Low,30.2,23,2.8,Evening,2022-07-21,Cynthia,99.96
MCH-7401,Packaging Unit,Surat,22,311.62,904,8.78,Medium,26.0,7,0.2,Night,2022-10-10,Clinton,89.39
MCH-7402,Robotic Arm,Pune,13,259.11,653,7.0,Medium,31.8,8,3.9,Evening,2024-11-04,Brandon,88.34
MCH-7403,Packaging Unit,Surat,12,492.92,726,0.62,Medium,36.6,4,0.7,Night,2022-08-09,Tyler,103.62
MCH-7404,Packaging Unit,Ahmedabad,22,619.02,1800,6.74,High,25.7,13,2.3,Night,2024-02-25,Catherine,99.03
MCH-7405,CNC,Vadodara,6,149.47,110,14.99,High,47.3,13,7.3,Night,2022-02-13,Shirley,65.61
MCH-7406,Packaging Unit,Vadodara,12,526.07,1006,5.82,High,25.2,17,4.0,Night,2023-01-25,Corey,93.19
MCH-7407,Robotic Arm,Surat,17,,1604,11.73,Low,25.7,4,34.3,morning,2022-07-01,Travis,64.79
MCH-7408,,Ahmedabad,6,195.31,1071,2.5,High,25.7,11,24.0,Night,2024-10-29,Julie,86.85
MCH-7409,CNC,Rajkot,5,842.74,1150,12.32,High,31.9,18,2.1,Night,2024-10-28,Elizabeth,82.27
MCH-7410,Laser Cutter,Vadodara,17,173.71,1339,3.43,Low,31.4,22,17.0,Evening,2024-05-30,Theodore,92.15
MCH-7411,3D Printer,Vadodara,23,345.68,337,13.84,Medium,24.7,27,15.5,Morning,2024-12-17,,63.78
MCH-7412,Packaging Unit,Ahmedabad,13,641.9,551,1.51,Low,29.3,28,0.8,Morning,2024-12-02,Tyler,100.09
MCH-7413,Laser Cutter,Surat,18,487.46,638,3.84,High,32.7,22,6.1,Morning,2024-04-18,Richard,92.67
MCH-7414,Laser Cutter,Surat,10,,1523,4.14,Medium,34.2,14,8.1,Night,2022-02-01,Holly,96.47
MCH-7415,Laser Cutter,Vadodara,18,460.19,1308,14.18,,36.0,27,7.0,Night,2024-02-17,James,76.98
MCH-7416,Robotic Arm,Ahmedabad,13,327.96,911,12.82,Low,29.4,27,1.8,Night,2024-02-06,Allen,80.22
MCH-7417,3D Printer,Ahmedabad,21,196.67,459,10.57,Low,36.8,22,1.8,Morning,2024-12-27,,81.14
MCH-7418,3D Printer,Surat,18,1286.7,1744,0.58,Low,35.0,28,16.3,Evening,2025-04-09,Robert,100.13
MCH-7419,Robotic Arm,Vadodara,19,,1626,0.63,Medium,27.3,25,0.2,Night,2024-10-30,Stephanie,111.91
MCH-7420,CNC,Vadodara,18,1268.2,261,13.22,High,35.5,22,10.8,morning,2023-02-08,Jon,66.36
MCH-7421,3D Printer,Ahmedabad,6,748.88,50,0.3,Medium,28.8,2,7.9,Morning,2022-08-12,Alejandra,93.22
MCH-7422,Robotic Arm,Surat,9,972.36,1049,9.85,,32.9,21,9.8,Morning,2022-04-10,Sarah,80.79
MCH-7423,3D Printer,Ahmedabad,23,426.12,1291,12.92,High,,26,31.5,Evening,2022-09-08,Jon,62.26
MCH-7424,3D Printer,Pune,19,483.48,919,14.65,Medium,41.7,11,12.3,Night,2022-05-07,Patrick,69.06
MCH-7425,Robotic Arm,Ahmedabad,21,684.58,784,9.02,Low,35.0,15,4.8,morning,2023-05-12,Adam,84.16
MCH-7426,Laser Cutter,Surat,21,886.27,1022,12.4,High,36.8,11,7.2,Evening,2024-10-24,David,77.41
MCH-7427,Laser Cutter,Pune,22,672.49,72,10.29,,23.6,9,12.1,Morning,2023-12-25,Tina,70.59
MCH-7428,3D Printer,Rajkot,9,253.56,373,1.43,Low,39.1,8,5.9,Evening,2022-06-27,William,95.76
MCH-7429,Robotic Arm,Pune,6,957.19,1797,9.4,Low,28.3,12,3.7,Night,2024-12-20,John,92.22
MCH-7430,CNC,Vadodara,5,639.54,1655,6.29,High,32.7,21,8.8,Night,2023-02-05,Alexander,94.14
MCH-7431,Laser Cutter,Vadodara,10,158.37,433,3.39,High,33.2,11,31.0,Night,2022-10-04,Brenda,74.9
MCH-7432,Laser Cutter,Ahmedabad,10,729.77,1989,9.35,Medium,24.8,2,1.1,Night,2022-03-07,Mary,96.06
MCH-7433,3D Printer,Rajkot,6,,1063,11.56,High,35.3,10,3.3,Night,2022-03-19,Nicole,82.72
MCH-7434,Packaging Unit,Surat,20,420.21,761,6.68,High,23.2,26,5.4,Night,2025-01-30,,88.6
MCH-7435,3D Printer,Vadodara,4,498.48,65,13.14,Low,30.1,8,0.4,Evening,2023-03-22,Gary,73.27
MCH-7436,CNC,Pune,18,1203.09,385,12.95,Low,24.8,17,9.5,Evening,2022-12-18,Thomas,68.94
MCH-7437,Packaging Unit,Surat,15,390.5,1761,5.36,Low,31.9,7,17.5,Morning,2023-02-25,John,91.15
MCH-7438,Laser Cutter,Pune,16,519.21,119,4.96,High,26.6,9,6.0,Evening,2022-09-13,Alexander,86.13
MCH-7439,Packaging Unit,Rajkot,23,559.53,564,3.8,High,31.1,2,14.0,Night,2023-03-30,Kelly,86.5
MCH-7440,CNC,Surat,6,630.01,1452,8.39,Medium,22.2,25,4.0,Evening,2024-02-26,Whitney,91.62
MCH-7441,Packaging Unit,Vadodara,15,599.69,1249,2.69,Low,27.8,10,3.6,Morning,2022-10-19,Kenneth,101.65
MCH-7442,CNC,Rajkot,10,101.11,1541,14.11,Low,35.5,23,2.2,Morning,2023-04-17,Shannon,82.94
MCH-7443,Packaging Unit,Pune,23,923.08,1692,5.16,Medium,45.2,24,4.8,Evening,2022-03-29,Robert,99.1
MCH-7444,Laser Cutter,Ahmedabad,6,464.24,1229,13.06,,,14,1.4,Evening,2025-02-10,Samantha,82.48
MCH-7445,3D Printer,Pune,8,604.24,1448,12.24,High,31.2,22,13.0,Night,2024-06-30,Daniel,77.62
MCH-7446,Laser Cutter,Pune,4,186.09,589,8.37,Low,32.6,27,4.0,Evening,2023-04-18,Jessica,85.1
MCH-7447,CNC,Vadodara,14,518.43,750,6.67,High,27.4,19,1.4,Night,2023-09-01,Dylan,91.19
MCH-7448,Laser Cutter,Pune,6,361.76,179,8.26,Medium,23.5,7,5.1,Night,2023-07-14,Jessica,80.88
MCH-7449,3D Printer,Surat,19,464.97,967,4.35,Low,28.6,22,0.1,Evening,2025-03-12,Jennifer,98.62
MCH-7450,3D Printer,Pune,22,544.46,717,2.42,Medium,29.0,17,2.0,Evening,2023-08-26,Joe,98.96
MCH-7451,Robotic Arm,Pune,18,1260.6,1450,5.95,,36.1,14,4.6,Morning,2023-10-22,Douglas,95.16
MCH-7452,Packaging Unit,Vadodara,14,532.47,117,9.19,High,30.0,20,31.8,Morning,2024-06-29,Ryan,59.57
MCH-7453,Packaging Unit,Ahmedabad,14,,1372,11.41,Low,33.3,2,6.2,Night,2024-05-10,Scott,83.47
MCH-7454,Robotic Arm,Rajkot,4,429.54,1273,3.72,Medium,24.7,12,2.4,Night,2022-08-15,Robert,100.87
MCH-7455,CNC,Pune,8,,96,3.29,Low,29.0,29,30.5,Evening,2023-04-12,Dennis,71.69
MCH-7456,3D Printer,Ahmedabad,14,2193.18,508,6.2,High,36.3,21,1.5,Morning,2022-05-30,Michael,87.65
MCH-7457,Packaging Unit,Rajkot,7,411.41,1900,11.8,High,22.0,9,18.2,Morning,2024-03-11,Michael,78.91
MCH-7458,3D Printer,Surat,15,1002.58,1648,1.03,Medium,28.9,18,8.9,Night,2025-03-26,Janet,104.01
MCH-7459,CNC,Pune,4,679.53,411,13.34,Low,26.0,23,5.8,Morning,2025-02-22,Kiara,71.71
MCH-7460,3D Printer,Vadodara,22,408.55,253,2.91,,24.7,26,6.3,Night,2024-12-10,Jessica,91.29
MCH-7461,Robotic Arm,Vadodara,19,206.39,1448,5.9,Low,34.3,12,12.4,morning,2022-02-02,Jill,91.29
MCH-7462,,Vadodara,15,1230.53,1806,13.58,Medium,21.9,6,3.9,Morning,2022-02-01,,83.4
MCH-7463,Laser Cutter,Surat,10,411.35,862,3.92,High,34.7,28,8.5,Night,2022-06-05,Ray,92.81
MCH-7464,Packaging Unit,Rajkot,16,214.34,823,0.32,High,28.8,26,2.0,Morning,2025-02-22,Henry,104.51
MCH-7465,Laser Cutter,Pune,10,1026.59,1393,11.97,High,24.4,27,0.6,Morning,2023-04-05,Kelli,85.78
MCH-7466,CNC,Pune,20,,767,5.07,Medium,27.8,27,12.6,Night,2022-07-25,Stacey,86.14
MCH-7467,Packaging Unit,Vadodara,4,1185.92,306,5.13,Medium,25.8,6,19.1,Evening,2022-01-10,Martin,77.23
MCH-7468,CNC,Pune,22,370.56,1770,4.48,Low,36.4,14,18.8,Night,2022-06-22,Christina,92.1
MCH-7469,3D Printer,Pune,4,674.3,869,12.73,Medium,27.7,23,27.0,Morning,2022-01-02,Alan,61.92
MCH-7470,Robotic Arm,Vadodara,18,695.9,1739,0.58,Medium,24.3,22,4.6,Night,2024-11-23,Daniel,109.12
MCH-7471,3D Printer,Rajkot,22,454.96,1088,2.55,Low,37.0,9,14.7,Morning,2024-04-03,Candace,93.03
MCH-7472,3D Printer,Ahmedabad,5,709.74,1033,14.77,Medium,31.6,5,34.2,Night,2023-05-31,Jason,54.11
MCH-7473,Robotic Arm,Surat,11,721.84,597,0.96,Medium,21.2,7,0.3,Evening,2023-10-15,Tiffany,101.81
MCH-7474,Robotic Arm,Vadodara,21,364.64,1188,9.17,,33.2,14,12.4,Night,2023-10-20,Brandon,82.36
MCH-7475,CNC,Vadodara,7,537.48,863,14.85,,,12,11.3,Evening,2022-10-05,Elizabeth,68.81
MCH-7476,CNC,Ahmedabad,5,,857,6.18,Low,31.1,22,13.7,Night,2024-07-09,James,84.25
MCH-7477,CNC,Pune,8,263.74,1392,2.91,Low,30.9,27,2.4,Morning,2023-09-18,Nicole,103.72
MCH-7478,Robotic Arm,Ahmedabad,12,622.48,1856,10.53,High,29.8,14,27.0,Morning,2023-05-20,Beth,74.62
MCH-7479,Laser Cutter,Vadodara,4,885.35,171,14.51,Medium,33.9,15,4.2,Night,2022-03-05,Nicholas,68.2
MCH-7480,Laser Cutter,Ahmedabad,5,243.87,1342,5.92,High,24.8,22,10.2,Evening,2024-09-15,Shelia,91.85
MCH-7481,,Surat,23,707.55,1199,10.75,Low,35.0,23,1.5,Morning,2025-03-02,Jeffrey,86.43
MCH-7482,Packaging Unit,Vadodara,4,990.67,1815,1.76,Medium,28.0,8,2.8,Evening,2022-07-28,Tyler,108.23
MCH-7483,Robotic Arm,Vadodara,7,518.66,1226,2.56,Low,28.5,21,16.3,Morning,2022-01-14,Cheryl,92.95
MCH-7484,Laser Cutter,Pune,22,468.11,818,8.49,Medium,40.3,22,0.8,Evening,2022-12-16,Elizabeth,88.61
MCH-7485,CNC,Ahmedabad,9,425.9,1362,14.12,Low,26.0,26,6.3,Morning,2022-10-26,Daniel,78.09
MCH-7486,CNC,Rajkot,14,375.3,665,13.15,High,19.6,9,10.6,Morning,2024-02-14,Jennifer,71.29
MCH-7487,CNC,Ahmedabad,11,419.95,831,9.7,Medium,,21,7.1,Morning,2023-05-30,Heather,81.96
MCH-7488,,Vadodara,10,754.12,1369,12.03,High,,12,1.9,Morning,2022-01-27,James,84.94
MCH-7489,CNC,Ahmedabad,10,872.96,1579,5.71,Low,24.2,15,10.6,Night,2022-02-10,Cindy,93.07
MCH-7490,3D Printer,Rajkot,8,838.11,754,14.31,Medium,31.5,29,0.3,Morning,2024-07-15,Ryan,76.26
MCH-7491,CNC,Ahmedabad,23,,261,4.69,Low,44.8,4,0.2,Night,2023-05-26,Anthony,91.32
MCH-7492,CNC,Pune,23,892.43,55,8.61,Medium,33.8,12,3.6,Night,2023-09-28,,79.44
MCH-7493,Laser Cutter,Rajkot,17,1076.94,1448,12.9,Medium,36.5,13,12.2,Evening,2024-08-18,Timothy,76.19
MCH-7494,Packaging Unit,Vadodara,22,710.89,1006,2.68,HIGH,33.6,23,2.9,Evening,2022-11-29,Erika,99.98
MCH-7495,CNC,Ahmedabad,23,993.82,1522,14.3,High,,20,2.9,Evening,2022-07-06,Rebecca,80.63
MCH-7496,Robotic Arm,Surat,21,789.16,1378,0.14,Medium,30.4,13,2.5,Evening,2022-01-21,Kelsey,108.33
MCH-7497,CNC,Surat,18,386.1,723,11.25,Low,39.7,21,7.0,morning,2023-10-03,Patrick,78.07
MCH-7498,3D Printer,Pune,10,998.86,1814,3.49,Low,38.7,18,6.3,Evening,2023-12-17,Joseph,102.3
MCH-7499,Laser Cutter,Surat,17,1296.75,1530,5.26,High,,23,0.1,Night,2023-03-04,Julie,100.31
MCH-4106,Packaging Unit,Vadodara,7,818.44,1773,7.41,High,38.0,27,0.5,Morning,2023-08-19,Monique,98.44
MCH-7161,Laser Cutter,Vadodara,6,649.97,573,14.3,Low,36.3,10,0.3,Night,2023-03-16,Maria,75.04
MCH-2867,Laser Cutter,Vadodara,4,615.63,882,13.64,Low,27.5,24,7.4,Evening,2023-12-11,Adam,74.01
MCH-4238,CNC,Pune,19,257.5,816,8.63,,29.8,7,1.5,Evening,2025-03-07,Daniel,88.12
MCH-6509,CNC,Surat,22,738.27,709,8.93,Medium,34.5,23,4.4,morning,2022-10-11,Leslie,83.91
MCH-7167,,Ahmedabad,20,,676,9.97,Medium,35.8,4,5.9,Night,2024-12-04,Jill,81.25
MCH-3142,Laser Cutter,Rajkot,21,1205.19,1237,13.48,Low,24.8,22,2.6,Evening,2022-01-11,Austin,79.81
MCH-3457,Packaging Unit,Surat,20,367.03,1765,9.45,Medium,26.6,16,2.7,Night,2024-06-29,Elizabeth,93.39
MCH-7047,3D Printer,Surat,8,412.4,1326,8.8,High,40.1,23,1.8,Evening,2022-02-16,Michelle,91.6
MCH-4244,Laser Cutter,Vadodara,8,818.91,798,10.46,Medium,44.1,15,11.5,Morning,2023-07-14,Brian,76.51
MCH-3103,CNC,Ahmedabad,17,1439.07,451,0.92,Medium,20.5,26,4.6,Night,2024-08-06,Gavin,96.64
MCH-3952,3D Printer,Rajkot,10,573.96,1822,8.31,Medium,30.6,4,5.7,Evening,2023-06-08,Amanda,93.75
MCH-7341,CNC,Rajkot,7,669.06,1294,5.42,High,28.5,21,2.9,Morning,2024-08-20,Mary,96.96
MCH-1217,Laser Cutter,Ahmedabad,17,887.11,649,11.35,High,20.0,12,16.8,Evening,2024-07-01,Adam,69.68
MCH-1230,CNC,Vadodara,4,521.33,543,7.2,High,35.1,29,9.1,Evening,2024-07-11,David,83.01
MCH-3287,,Pune,5,,1237,8.14,Medium,26.9,2,0.0,Night,2023-10-15,Michael,92.5
MCH-2405,3D Printer,Rajkot,11,900.52,1585,6.65,Low,35.0,29,0.7,Night,2023-11-29,Amanda,98.13
MCH-1681,3D Printer,Rajkot,10,722.57,1545,2.16,Medium,14.8,20,5.9,Morning,2022-11-30,Michael,103.39
MCH-2832,Robotic Arm,Vadodara,8,995.12,964,6.03,Low,24.5,21,5.2,Evening,2025-03-26,Robin,90.91
MCH-1932,Laser Cutter,Rajkot,15,886.24,1633,11.35,HIGH,32.9,10,18.7,Morning,2024-10-16,Robert,76.55
MCH-6316,Packaging Unit,Vadodara,9,,1728,12.7,Medium,36.4,11,4.3,Night,2024-06-28,Melissa,85.56
MCH-3291,CNC,Surat,22,341.38,1185,4.09,,25.1,29,1.5,Evening,2023-12-12,Sandra,100.16
MCH-4006,CNC,Surat,21,1167.88,211,2.75,Medium,,24,6.1,Evening,2023-10-30,Laura,90.32
MCH-2773,Packaging Unit,Pune,10,182.75,1392,10.88,Medium,33.0,3,2.1,Night,2024-07-19,Daniel,88.11
MCH-2652,Laser Cutter,Vadodara,22,333.92,603,5.13,Medium,34.1,9,1.5,morning,2023-02-26,Renee,93.24
MCH-5472,Laser Cutter,Rajkot,16,669.71,1197,6.01,High,21.5,3,6.0,Morning,2024-06-17,Leslie,92.8
MCH-2056,Packaging Unit,Ahmedabad,17,,1484,11.0,Low,30.7,13,0.6,Morning,2022-06-11,Kimberly,89.29
MCH-3313,Robotic Arm,Pune,4,441.96,524,13.07,High,,2,6.7,Evening,2023-03-15,,72.91
MCH-5189,3D Printer,Vadodara,6,1044.51,1731,2.11,Medium,29.5,7,4.9,Morning,2024-01-14,Amy,105.28
MCH-4414,CNC,Surat,15,678.88,803,6.38,Medium,31.0,2,8.0,Night,2025-03-04,Helen,87.36
MCH-6328,CNC,Vadodara,6,922.49,1055,4.79,Medium,30.5,7,4.0,Morning,2024-11-05,Andrea,95.09
MCH-3640,Packaging Unit,Pune,20,943.94,913,5.01,High,22.4,17,0.9,Evening,2024-10-16,David,95.61
MCH-7252,3D Printer,Surat,15,605.04,1748,12.88,Medium,23.1,7,9.7,Morning,2023-11-24,Willie,81.15
MCH-1491,Packaging Unit,Vadodara,7,1031.51,368,14.62,Low,24.4,24,6.6,Morning,2022-05-02,Kathleen,67.73
MCH-5253,Robotic Arm,Ahmedabad,12,1192.4,267,8.73,Low,,23,5.8,Evening,2022-02-13,,79.0
MCH-2891,Laser Cutter,Rajkot,23,996.84,1463,1.9,Medium,22.7,28,6.6,Night,2022-06-15,Stephen,102.35
MCH-4050,3D Printer,Surat,15,,1803,12.11,Low,26.5,8,5.6,Morning,2024-04-21,Benjamin,86.22
MCH-4315,CNC,Surat,23,861.95,1218,14.66,High,35.0,20,31.9,Evening,2022-06-29,Stephen,57.27
MCH-4447,3D Printer,Vadodara,6,543.53,1614,12.64,Medium,33.8,29,20.7,Night,2024-06-16,Deanna,72.9
MCH-6586,Laser Cutter,Ahmedabad,14,339.37,1949,3.69,High,39.3,24,5.0,Night,2024-09-10,Vincent,104.88
MCH-3445,Robotic Arm,Ahmedabad,4,255.5,1603,10.7,High,,8,2.3,Night,2022-10-04,Carl,89.98
MCH-1096,Packaging Unit,Pune,16,1050.24,710,12.11,Medium,25.3,9,20.8,Morning,2022-08-22,Sandra,65.64
MCH-4885,Robotic Arm,Vadodara,4,530.94,454,4.28,Medium,36.4,7,1.6,Morning,2022-05-30,Jennifer,93.34
MCH-2487,Laser Cutter,Pune,16,,546,3.73,Medium,25.7,9,0.4,Evening,2023-12-29,Susan,95.04
MCH-1031,Robotic Arm,Pune,10,545.14,1218,0.62,Low,25.8,12,4.0,Morning,2024-03-24,Mark,105.33
MCH-2321,CNC,Pune,23,244.07,933,7.05,Low,29.7,19,15.9,Morning,2024-08-22,Jennifer,82.2
MCH-6178,3D Printer,Rajkot,13,654.46,174,0.7,Medium,25.4,14,1.0,Night,2023-04-14,Amanda,98.42
MCH-5423,Laser Cutter,Ahmedabad,9,656.75,983,6.31,Low,34.6,22,5.3,Morning,2022-12-07,April,90.92
MCH-1401,Packaging Unit,Rajkot,8,701.54,713,12.58,Medium,40.0,7,7.2,Evening,2025-01-21,Derrick,74.74
MCH-6988,Robotic Arm,Pune,16,962.89,1883,13.16,Medium,29.4,22,12.9,Morning,2022-03-19,Robert,78.97
MCH-4682,3D Printer,Surat,10,950.32,744,1.1,High,41.3,10,26.1,Morning,2024-02-15,Diane,84.37
MCH-5075,Packaging Unit,Ahmedabad,11,1358.26,1332,4.94,,27.8,5,14.2,Night,2023-07-18,Francisco,89.34
MCH-5322,Packaging Unit,Rajkot,11,1313.13,1662,2.69,High,33.3,24,12.3,Evening,2023-04-11,Dana,97.98
MCH-3996,CNC,Vadodara,16,1778.84,1212,13.26,Medium,37.8,3,15.6,Morning,2024-05-14,Andrea,70.12
MCH-6283,Laser Cutter,Surat,6,760.31,1031,7.31,High,25.2,6,14.0,Morning,2023-10-27,James,83.09
MCH-5139,Robotic Arm,Rajkot,19,618.73,1701,11.19,Medium,27.3,18,15.6,Night,2025-03-26,Matthew,79.99
MCH-2498,3D Printer,Rajkot,7,436.63,809,6.49,HIGH,38.7,16,0.7,morning,2022-11-28,Julie,92.65
MCH-5250,3D Printer,Ahmedabad,6,392.97,714,5.63,Medium,34.2,28,2.8,Morning,2022-01-01,April,92.17
MCH-6409,Laser Cutter,Rajkot,14,,928,0.92,Low,29.8,21,15.2,morning,2024-04-21,Rachel,94.98
MCH-7130,Packaging Unit,Vadodara,20,863.19,1467,2.67,Medium,30.1,24,8.0,Night,2024-10-30,Tony,100.05
MCH-4809,Robotic Arm,Ahmedabad,5,,1187,12.02,,27.4,6,6.6,Morning,2023-07-18,Michael,80.44
MCH-3802,Robotic Arm,Ahmedabad,6,777.2,1059,7.36,Medium,34.2,25,6.5,Morning,2024-05-09,Michael,88.44
MCH-1239,,Surat,21,4138.0,1527,10.7,Low,26.1,9,27.599999999999998,morning,2024-10-30,Nicole,87.37
MCH-2297,CNC,Vadodara,4,688.34,569,7.42,Medium,26.8,4,1.2,Evening,2024-05-14,Maria,88.08
MCH-6967,Laser Cutter,Surat,16,918.1,1346,3.3,High,22.6,12,15.0,Evening,2024-09-26,,92.81
MCH-1511,Packaging Unit,Vadodara,20,357.17,206,5.18,Low,22.4,3,3.0,Evening,2025-01-27,Tiffany,88.75
MCH-1023,Robotic Arm,Vadodara,22,366.89,1628,0.57,Low,31.4,7,8.1,Evening,2023-09-07,Mary,106.23
MCH-6849,Robotic Arm,Vadodara,23,728.77,590,7.77,High,36.7,28,10.2,morning,2022-03-08,Robert,81.2
MCH-3716,Robotic Arm,Rajkot,14,334.8,1429,11.64,Medium,28.2,18,8.9,Evening,2023-07-10,Michael,81.92
MCH-6652,,Ahmedabad,23,529.12,1098,9.75,Medium,28.5,28,6.7,Night,2023-06-18,Raymond,84.2
MCH-4288,Laser Cutter,Vadodara,23,828.6,700,9.85,Low,,18,2.5,Evening,2022-09-29,Frank,83.2
MCH-2046,Laser Cutter,Vadodara,5,907.3,1166,2.08,Low,20.2,3,3.3,Morning,2023-01-24,Luis,101.95
MCH-4956,3D Printer,Surat,6,691.54,1600,7.89,High,24.1,6,5.9,Evening,2022-02-01,Kelly,92.44
MCH-6755,Laser Cutter,Vadodara,10,619.73,94,4.95,Low,27.9,26,0.2,Night,2024-04-02,Rebecca,89.86
MCH-3836,Laser Cutter,Rajkot,11,972.25,1402,10.35,Medium,,25,1.9,Evening,2024-03-28,John,88.26
MCH-7279,Robotic Arm,Vadodara,17,1612.02,1901,3.79,Low,32.0,24,3.9,Evening,2023-06-29,Christy,103.23
MCH-4044,CNC,Pune,5,,1141,4.24,Medium,35.1,12,46.8,Night,2024-07-04,Jonathan,94.64
MCH-6037,,Pune,6,481.41,1494,7.68,Low,20.9,26,4.3,Evening,2022-08-24,Jacob,93.39
MCH-3799,Packaging Unit,Pune,22,635.63,1090,14.11,Low,30.0,29,25.8,Night,2025-01-02,Kathleen,61.9
MCH-2695,Laser Cutter,Pune,10,1339.88,598,8.73,Low,31.9,26,4.6,Night,2024-01-21,Chris,82.39
MCH-6028,CNC,Rajkot,8,731.46,817,5.59,Medium,20.0,10,7.7,Morning,2023-05-05,James,89.19
MCH-4240,Laser Cutter,Pune,5,641.66,878,14.31,Low,,20,0.3,Evening,2022-01-04,Vernon,77.57
MCH-7416,Robotic Arm,Ahmedabad,13,327.96,911,12.82,Low,29.4,27,1.8,Night,2024-02-06,Allen,80.22
MCH-5905,CNC,Ahmedabad,22,,100,10.93,High,27.1,27,4.4,Evening,2022-12-29,,74.49
MCH-3333,CNC,Rajkot,9,812.62,1586,14.06,Medium,34.6,3,10.1,Night,2022-05-08,Jennifer,76.87
MCH-4410,3D Printer,Ahmedabad,10,654.82,180,2.87,High,40.3,19,2.2,Morning,2022-02-21,Cody,93.28
MCH-4286,Laser Cutter,Vadodara,8,1331.2,1271,11.57,High,,19,22.9,Morning,2023-03-26,David,69.52
MCH-3910,3D Printer,Surat,13,901.93,1977,3.87,Medium,28.4,28,2.8,Morning,2023-10-29,Billy,105.49
MCH-1296,Laser Cutter,Vadodara,13,489.75,733,4.65,,38.6,14,8.3,Morning,2024-08-27,Ann,90.3
MCH-2992,Robotic Arm,Vadodara,13,1042.46,1412,2.77,High,30.5,26,1.3,Evening,2024-12-17,Todd,103.83
MCH-5489,Robotic Arm,Pune,9,356.81,1966,6.91,High,36.5,21,6.2,Evening,2024-01-10,Amy,97.71
MCH-7034,CNC,Surat,10,1206.81,1229,1.59,Low,23.2,6,2.2,Morning,2023-07-14,Anthony,103.8
MCH-6015,Laser Cutter,Surat,17,7611.84,357,11.68,Medium,32.0,27,151.2,Evening,2022-06-19,Jeffrey,60.62
MCH-5481,,Ahmedabad,14,1312.47,782,10.01,Low,32.8,22,1.4,Morning,2022-02-09,Colleen,83.64
MCH-2352,Robotic Arm,Rajkot,7,340.95,1720,13.47,Medium,31.3,2,1.0,Morning,2024-11-28,Tammy,86.21
MCH-4759,Robotic Arm,Rajkot,4,438.32,1538,1.5,HIGH,26.8,25,1.1,Morning,2023-03-01,Jessica,108.42
MCH-6176,Robotic Arm,Surat,18,162.86,123,2.55,Low,26.9,5,9.7,Night,2022-01-21,Maureen,88.9
MCH-6671,Laser Cutter,Vadodara,14,883.02,623,4.66,,34.6,21,8.0,Morning,2024-08-13,Gregory,89.01
MCH-5098,Robotic Arm,Vadodara,19,829.73,314,7.47,Medium,29.0,26,2.6,Evening,2023-10-01,Andre,84.67
MCH-1132,3D Printer,Pune,12,502.94,66,1.64,Low,31.1,16,14.5,Morning,2022-09-05,Monique,86.4
MCH-5329,Packaging Unit,Vadodara,10,1223.9,567,3.4,High,28.2,14,12.3,Night,2024-10-07,Tyler,87.57
MCH-5668,Robotic Arm,Vadodara,23,926.07,1306,13.51,High,26.2,6,38.4,Night,2022-08-09,Gabriel,55.66
MCH-4739,Packaging Unit,Pune,9,359.32,1017,5.68,HIGH,39.0,6,22.3,Evening,2023-07-13,William,80.99
MCH-3022,Robotic Arm,Rajkot,9,1006.02,550,4.15,Medium,22.5,19,2.5,Morning,2022-12-21,Michael,93.1
MCH-4133,Packaging Unit,Surat,23,838.4,67,11.24,High,,5,3.0,Night,2024-09-01,Alexandra,74.78
MCH-5655,Robotic Arm,Pune,22,507.24,1551,5.29,Low,27.9,21,0.1,Night,2023-07-13,David,101.55
MCH-3271,Packaging Unit,Surat,7,387.79,536,10.42,High,33.7,29,6.7,Night,2023-07-15,,78.38
MCH-2044,3D Printer,Rajkot,8,524.28,1006,7.99,Medium,,21,3.5,Evening,2024-11-21,Wesley,89.2
MCH-4195,Laser Cutter,Pune,13,571.95,1862,12.36,Medium,30.4,13,7.3,Night,2022-05-31,Sheila,84.87
MCH-1534,CNC,Rajkot,9,1248.12,1470,14.11,Medium,32.1,19,7.3,Morning,2024-08-10,Matthew,77.14
MCH-6667,CNC,Pune,23,407.37,823,5.83,Medium,33.1,8,4.8,Night,2025-03-17,Margaret,91.26
MCH-2536,,Vadodara,16,165.93,367,13.47,High,,22,4.3,Evening,2022-03-07,Todd,72.87
MCH-1351,Laser Cutter,Ahmedabad,4,772.3,258,14.87,Medium,21.2,11,6.3,Night,2024-09-14,William,66.9
MCH-7194,,Ahmedabad,4,247.57,1542,9.48,Low,37.9,15,0.1,Morning,2022-11-11,Linda,93.47
MCH-6715,Robotic Arm,Ahmedabad,15,1060.09,1608,1.7,Medium,36.3,15,1.2,Night,2023-05-09,Anna,107.65
MCH-7391,Robotic Arm,Surat,13,456.69,971,3.88,Low,30.1,22,9.7,Night,2022-09-08,Nancy,92.89
MCH-5409,Packaging Unit,Ahmedabad,5,1020.22,1750,0.28,Low,22.3,26,3.2,Evening,2022-01-24,Lisa,110.33
MCH-3407,Packaging Unit,Surat,19,688.63,882,6.7,High,31.3,25,0.8,Evening,2023-12-30,Jennifer,92.41
MCH-4307,Packaging Unit,Vadodara,9,1180.11,1176,4.72,Low,30.6,24,4.1,Morning,2024-02-20,Danielle,95.8
MCH-5803,Packaging Unit,Vadodara,13,,1826,7.58,High,33.3,11,0.7,Morning,2023-08-25,Mary,99.09
