employee_id,age,gender,department,salary_usd,years_experience,satisfaction_score,performance_rating,overtime,remote_work,num_projects,training_hours,education_level,attrition
EMP00000,35.0,Female,Engineering,12355.71,19.0,3.35,High,No,On-site,7.0,40.0,Bachelor's,1
EMP00001,61.0,Female,Sales,54075.72,28.0,3.22,Medium,no,On-site,7.0,54.0,PhD,0
EMP00002,57.0,Male,Finance,48552.03,22.0,1.88,Low,Yes,Full Remote,9.0,38.0,High School,0
EMP00003,51.0,Female,,51349.59,35.0,1.33,Medium,No,Full Remote,2.0,32.0,Bachelor's,0
EMP00004,53.0,Male,engineering,96251.17,0.0,1.19,Excellent,no,Hybrid,8.0,3.0,Master's,1
EMP00005,47.0,Male,Finance,34663.29,24.0,2.39,High,No,Hybrid,1.0,20.0,High School,0
EMP00006,29.0,Female,HR,24071.72,18.0,4.55,Medium,No,On-site,8.0,46.0,PhD,0
EMP00007,54.0,Female,SALES,43989.24,21.0,2.54,High,No,Full Remote,8.0,36.0,High School,0
EMP00008,33.0,Prefer not to say,Sales,34337.57,34.0,1.81,Medium,no,Hybrid,7.0,62.0,Bachelor's,0
EMP00009,58.0,Male,HR,103698.43,8.0,1.95,High,No,Full Remote,4.0,64.0,Bachelor's,0
EMP00010,47.0,Female,Sales,60887.21,34.0,3.66,High,Yes,Full Remote,4.0,3.0,Bachelor's,0
EMP00011,49.0,Male,Engineering,75906.17,7.0,1.53,Medium,Yes,Hybrid,9.0,90.0,Master's,0
EMP00012,53.0,Female,Engineering,51220.66,33.0,1.77,Medium,No,On-site,6.0,55.0,Master's,0
EMP00013,54.0,Male,Engineering,83161.28,9.0,4.55,High,,Full Remote,3.0,19.0,Bachelor's,0
EMP00014,35.0,Female,Sales,74206.24,18.0,1.59,Medium,No,Hybrid,4.0,19.0,PhD,0
EMP00015,51.0,Female,engineering,22177.62,6.0,1.62,Excellent,No,Hybrid,9.0,44.0,High School,0
EMP00016,53.0,Female,Marketing,54538.48,20.0,3.34,High,No,nan,9.0,61.0,Bachelor's,1
EMP00017,40.0,Female,HR,71055.44,0.0,1.97,Low,Yes,Hybrid,4.0,88.0,Bachelor's,0
EMP00018,60.0,Non-binary,Finance,37761.74,7.0,1.65,High,No,Hybrid,3.0,10.0,Master's,1
EMP00019,45.0,Male,HR,72932.05,28.0,2.27,Excellent,No,Hybrid,7.0,74.0,Associate,0
EMP00020,60.0,Male,Marketing,63063.29,5.0,4.64,Excellent,Yes,Full Remote,1.0,46.0,Bachelor's,0
EMP00021,48.0,Male,Finance,47531.85,23.0,2.11,Medium,No,Hybrid,7.0,54.0,High School,1
EMP00022,62.0,Male,Sales,56309.52,24.0,2.89,Excellent,No,Hybrid,2.0,33.0,High School,0
EMP00023,25.0,Male,Engineering,56716.68,35.0,4.84,Medium,No,On-site,5.0,44.0,Master's,0
EMP00024,26.0,Female,Sales,43568.81,32.0,4.23,Medium,No,On-site,8.0,46.0,Bachelor's,0
EMP00025,33.0,Female,Engineering,,9.0,4.72,High,Yes,Full Remote,7.0,85.0,PhD,0
EMP00026,42.0,Male,Engineering,60127.58,30.0,4.68,nan,No,nan,4.0,4.0,Master's,0
EMP00027,26.0,Male,Sales,59513.14,2.0,4.16,High,No,Hybrid,9.0,22.0,Bachelor's,1
EMP00028,63.0,Female,Engineering,50163.33,18.0,1.09,Excellent,no,Hybrid,1.0,33.0,Bachelor's,0
EMP00029,58.0,Male,Sales,59469.88,39.0,4.65,Excellent,No,Full Remote,1.0,5.0,Master's,0
EMP00030,51.0,Non-binary,Sales,50551.77,23.0,2.35,Excellent,Yes,Hybrid,9.0,6.0,Master's,0
EMP00031,42.0,Non-binary,Marketing,73624.41,33.0,4.83,Low,No,nan,5.0,64.0,PhD,0
EMP00032,49.0,Female,engineering,53532.15,33.0,2.09,High,yes,Full Remote,7.0,84.0,Master's,0
EMP00033,31.0,Female,Sales,89887.95,9.0,3.78,High,Yes,On-site,3.0,47.0,High School,0
EMP00034,54.0,Male,,83515.19,13.0,1.75,Medium,Yes,nan,6.0,91.0,PhD,1
EMP00035,48.0,Female,Engineering,75343.51,16.0,2.61,Excellent,No,Hybrid,5.0,29.0,Bachelor's,0
EMP00036,27.0,Male,Engineering,72305.89,38.0,2.36,Low,No,On-site,3.0,23.0,Bachelor's,0
EMP00037,30.0,Female,Sales,44383.42,13.0,1.59,Medium,No,On-site,5.0,65.0,Master's,0
EMP00038,48.0,Male,Finance,80430.86,25.0,3.71,Excellent,yes,Full Remote,6.0,26.0,Associate,0
EMP00039,45.0,Female,,52642.86,14.0,3.47,High,Yes,On-site,4.0,3.0,High School,0
EMP00040,32.0,Male,HR,85548.03,12.0,2.33,High,Yes,Hybrid,4.0,40.0,High School,0
EMP00041,49.0,Male,Engineering,64315.89,20.0,2.81,Medium,,On-site,9.0,3.0,Master's,0
EMP00042,46.0,Male,Engineering,68327.54,11.0,4.39,Excellent,yes,On-site,2.0,41.0,Bachelor's,0
EMP00043,55.0,Male,Finance,24584.66,3.0,4.02,Excellent,No,Hybrid,6.0,10.0,Master's,0
EMP00044,32.0,Non-binary,Sales,69062.3,30.0,4.05,Medium,Yes,On-site,8.0,49.0,Bachelor's,0
EMP00045,38.0,Female,HR,62512.68,15.0,4.06,Excellent,No,nan,9.0,77.0,Master's,0
EMP00046,23.0,Male,engineering,39294.56,0.0,2.75,Excellent,No,Hybrid,1.0,44.0,Bachelor's,1
EMP00047,44.0,Male,Engineering,56004.47,37.0,1.95,High,,Hybrid,4.0,56.0,Master's,0
EMP00048,23.0,Male,Engineering,91394.29,34.0,4.84,Medium,No,Full Remote,5.0,81.0,Master's,0
EMP00049,39.0,Female,Engineering,63421.67,27.0,2.78,High,No,Hybrid,5.0,91.0,Associate,0
EMP00050,23.0,Male,engineering,67703.37,11.0,3.53,Medium,,On-site,1.0,46.0,Master's,0
EMP00051,24.0,Female,Marketing,62710.48,30.0,4.41,High,Yes,Hybrid,4.0,33.0,Bachelor's,0
EMP00052,45.0,Male,Sales,62040.37,38.0,2.14,High,Yes,Full Remote,1.0,22.0,Bachelor's,0
EMP00053,63.0,Female,engineering,126433.9,33.0,3.91,High,,On-site,3.0,70.0,Bachelor's,0
EMP00054,53.0,Female,HR,80740.73,31.0,4.37,High,Yes,Full Remote,5.0,38.0,Bachelor's,0
EMP00055,41.0,Male,Engineering,82558.59,19.0,3.27,High,No,On-site,4.0,62.0,Associate,0
EMP00056,38.0,Male,Sales,79743.67,8.0,4.34,Medium,No,On-site,8.0,2.0,Bachelor's,0
EMP00057,61.0,Male,SALES,56565.78,31.0,3.07,Medium,,Hybrid,7.0,65.0,Bachelor's,1
EMP00058,57.0,Male,Finance,33566.21,6.0,,High,No,Full Remote,,76.0,Bachelor's,0
EMP00059,42.0,Non-binary,Sales,43987.23,32.0,2.88,Excellent,Yes,On-site,5.0,33.0,Bachelor's,0
EMP00060,39.0,Non-binary,engineering,59572.55,21.0,3.17,Medium,No,Full Remote,5.0,59.0,Master's,0
EMP00061,43.0,Female,HR,76135.0,33.0,2.53,Excellent,yes,Hybrid,5.0,11.0,Bachelor's,0
EMP00062,27.0,Male,Engineering,69241.22,39.0,1.54,Medium,Yes,Full Remote,8.0,52.0,Bachelor's,0
EMP00063,42.0,Non-binary,Marketing,61986.24,27.0,3.03,High,No,Hybrid,5.0,15.0,Bachelor's,0
EMP00064,54.0,Male,Marketing,100924.85,15.0,3.46,nan,,On-site,7.0,13.0,Master's,0
EMP00065,27.0,Male,Engineering,98784.34,25.0,1.74,High,No,Hybrid,1.0,22.0,Bachelor's,0
EMP00066,52.0,Female,Sales,54202.5,38.0,4.78,Excellent,No,Hybrid,7.0,65.0,Bachelor's,0
EMP00067,52.0,Female,,84603.4,6.0,1.77,Medium,,On-site,9.0,56.0,PhD,0
EMP00068,52.0,Male,HR,38593.97,17.0,1.33,High,Yes,On-site,5.0,31.0,PhD,0
EMP00069,27.0,Female,Finance,41205.96,15.0,,High,Yes,Hybrid,6.0,48.0,Bachelor's,1
EMP00070,40.0,Female,engineering,68174.44,12.0,2.81,Excellent,Yes,Full Remote,4.0,12.0,Associate,1
EMP00071,27.0,Male,Engineering,84177.33,3.0,1.57,Excellent,Yes,Hybrid,1.0,71.0,Master's,0
EMP00072,42.0,Prefer not to say,Finance,36667.04,3.0,3.22,nan,no,On-site,9.0,87.0,PhD,0
EMP00073,47.0,Female,SALES,47795.24,39.0,3.99,High,Yes,Hybrid,1.0,63.0,nan,1
EMP00074,44.0,Male,Finance,104539.28,37.0,2.46,Low,No,On-site,9.0,32.0,Bachelor's,0
EMP00075,44.0,Male,Sales,72386.2,13.0,3.81,Excellent,No,Hybrid,5.0,59.0,Bachelor's,0
EMP00076,44.0,Female,Sales,56760.88,32.0,1.01,Excellent,Yes,Full Remote,1.0,91.0,Master's,0
EMP00077,51.0,Male,Sales,49273.47,26.0,4.47,High,No,Hybrid,4.0,77.0,Bachelor's,0
EMP00078,50.0,Male,Finance,56471.42,7.0,2.29,Medium,,Full Remote,6.0,19.0,Master's,0
EMP00079,56.0,Female,HR,81088.62,12.0,1.21,Medium,yes,Full Remote,2.0,99.0,Bachelor's,0
EMP00080,43.0,,SALES,70286.65,2.0,4.22,Medium,No,Hybrid,6.0,46.0,Master's,0
EMP00081,49.0,Male,engineering,52462.26,6.0,4.98,High,Yes,On-site,8.0,64.0,Bachelor's,0
EMP00082,48.0,Male,engineering,66066.73,14.0,2.79,High,Yes,Hybrid,2.0,47.0,High School,0
EMP00083,24.0,Female,HR,77101.52,,4.76,Medium,yes,Full Remote,3.0,67.0,Bachelor's,0
EMP00084,43.0,Prefer not to say,Engineering,77356.39,14.0,3.89,High,Yes,On-site,1.0,,High School,0
EMP00085,43.0,Female,Finance,66273.85,9.0,2.85,Excellent,no,Hybrid,7.0,94.0,Master's,1
EMP00086,30.0,Male,Finance,92492.02,9.0,2.97,Medium,Yes,Hybrid,6.0,25.0,Bachelor's,0
EMP00087,42.0,Female,,69456.58,33.0,2.98,High,Yes,On-site,9.0,38.0,PhD,0
EMP00088,27.0,Male,Marketing,67751.2,37.0,3.48,High,Yes,Full Remote,7.0,59.0,nan,0
EMP00089,55.0,Female,Marketing,47907.0,24.0,1.31,Excellent,Yes,On-site,6.0,62.0,Bachelor's,0
EMP00090,34.0,Male,HR,66354.25,6.0,4.03,Medium,Yes,Hybrid,8.0,73.0,PhD,0
EMP00091,57.0,Prefer not to say,,108933.93,19.0,2.06,High,Yes,Full Remote,9.0,17.0,Master's,0
EMP00092,43.0,Female,Engineering,44207.6,26.0,2.22,Medium,No,On-site,2.0,93.0,High School,0
EMP00093,27.0,Male,Sales,64458.36,15.0,3.77,High,,Hybrid,5.0,59.0,High School,0
EMP00094,61.0,Female,,78433.37,35.0,2.35,Medium,Yes,Full Remote,3.0,72.0,Master's,1
EMP00095,43.0,Female,Marketing,77704.15,13.0,3.29,Medium,Yes,On-site,7.0,6.0,Bachelor's,0
EMP00096,34.0,Male,Sales,28188.76,10.0,3.95,Medium,Yes,Hybrid,9.0,3.0,Master's,0
EMP00097,45.0,Male,Sales,44375.82,6.0,2.02,Excellent,No,On-site,7.0,50.0,nan,1
EMP00098,37.0,Male,Finance,85591.15,33.0,2.76,Excellent,,Full Remote,6.0,61.0,PhD,0
EMP00099,40.0,Male,Marketing,50624.49,34.0,1.02,Excellent,Yes,Hybrid,6.0,47.0,Bachelor's,1
EMP00100,55.0,Female,Marketing,74714.85,27.0,4.11,Medium,No,On-site,1.0,51.0,Master's,1
EMP00101,29.0,Male,Engineering,85398.22,8.0,,Excellent,Yes,Full Remote,6.0,31.0,Bachelor's,0
EMP00102,23.0,Male,HR,33728.05,2.0,3.26,Excellent,No,Full Remote,6.0,43.0,PhD,0
EMP00103,41.0,Female,SALES,31843.18,10.0,1.68,Low,No,Full Remote,2.0,63.0,Bachelor's,0
EMP00104,51.0,Non-binary,Engineering,69166.35,19.0,3.17,Medium,Yes,Full Remote,4.0,30.0,nan,1
EMP00105,29.0,Male,HR,69791.14,19.0,2.76,Low,,Full Remote,2.0,7.0,Bachelor's,0
EMP00106,57.0,Female,Engineering,64436.63,37.0,1.79,High,Yes,On-site,1.0,73.0,Bachelor's,0
EMP00107,44.0,Male,Sales,61414.25,18.0,3.89,Low,Yes,Hybrid,8.0,26.0,Master's,0
EMP00108,44.0,Female,Marketing,66912.23,9.0,4.07,High,No,Full Remote,5.0,34.0,Master's,0
EMP00109,32.0,Female,Sales,68322.16,3.0,2.9,High,yes,Hybrid,8.0,83.0,Bachelor's,0
EMP00110,47.0,Male,Engineering,43511.13,14.0,1.97,High,No,On-site,4.0,45.0,High School,0
EMP00111,33.0,Male,Marketing,52984.79,36.0,2.42,High,yes,On-site,8.0,34.0,Master's,1
EMP00112,37.0,Male,Engineering,0.0,9.0,1.68,Excellent,Yes,On-site,8.0,44.0,nan,0
EMP00113,29.0,Male,Sales,86154.0,20.0,4.3,High,Yes,On-site,8.0,48.0,Bachelor's,0
EMP00114,38.0,Male,SALES,43275.39,27.0,1.97,High,No,nan,1.0,81.0,Master's,0
EMP00115,38.0,Female,Finance,91880.28,12.0,1.45,High,,On-site,9.0,47.0,Bachelor's,1
EMP00116,40.0,Female,Sales,52780.56,11.0,1.98,Medium,yes,Full Remote,8.0,34.0,Master's,0
EMP00117,45.0,Female,Marketing,64622.77,16.0,4.06,Excellent,Yes,Hybrid,2.0,73.0,Bachelor's,0
EMP00118,27.0,Male,Sales,81184.02,2.0,2.29,Medium,,Full Remote,3.0,50.0,Master's,1
EMP00119,36.0,Female,Engineering,76940.49,32.0,4.32,High,No,Full Remote,8.0,97.0,Master's,0
EMP00120,43.0,Male,,62232.05,38.0,1.33,nan,Yes,On-site,6.0,,Master's,0
EMP00121,38.0,Female,Sales,95719.74,3.0,1.5,Low,yes,Hybrid,2.0,11.0,Bachelor's,0
EMP00122,35.0,Male,engineering,49666.54,9.0,4.45,High,,nan,5.0,36.0,Bachelor's,0
EMP00123,45.0,Female,Engineering,68022.56,18.0,4.72,Medium,no,Hybrid,4.0,56.0,Bachelor's,0
EMP00124,54.0,Male,HR,51248.42,34.0,3.26,Medium,no,On-site,,2.0,Master's,0
EMP00125,29.0,Male,Sales,,13.0,4.0,Medium,,On-site,7.0,92.0,Master's,0
EMP00126,48.0,Male,SALES,,36.0,3.86,Excellent,No,Full Remote,6.0,,Bachelor's,0
EMP00127,34.0,Female,Engineering,43313.02,28.0,2.55,High,,Hybrid,7.0,16.0,Master's,0
EMP00128,34.0,Male,Engineering,47967.21,16.0,3.04,High,Yes,Hybrid,9.0,42.0,Bachelor's,0
EMP00129,40.0,Female,Finance,79766.85,32.0,3.99,Medium,Yes,On-site,6.0,96.0,Bachelor's,0
EMP00130,22.0,Female,engineering,73193.01,9.0,2.18,High,No,Hybrid,2.0,3.0,Master's,0
EMP00131,55.0,Male,Engineering,43213.17,25.0,2.02,Low,no,Full Remote,5.0,48.0,High School,1
EMP00132,51.0,Non-binary,Marketing,72018.75,32.0,3.99,Medium,Yes,Hybrid,,64.0,Bachelor's,0
EMP00133,36.0,Male,Sales,80915.29,1.0,1.9,Excellent,No,On-site,7.0,45.0,PhD,1
EMP00134,35.0,Female,Marketing,59564.87,4.0,4.71,High,no,Full Remote,4.0,93.0,Associate,0
EMP00135,43.0,Female,Sales,87892.65,39.0,3.06,Medium,no,On-site,3.0,66.0,Master's,0
EMP00136,55.0,Male,Finance,10647.34,39.0,2.47,High,Yes,Hybrid,5.0,23.0,Bachelor's,0
EMP00137,51.0,Female,Engineering,44315.75,24.0,4.17,Medium,No,Full Remote,2.0,79.0,High School,0
EMP00138,36.0,Female,Sales,60802.72,15.0,2.83,High,yes,Hybrid,9.0,75.0,Master's,0
EMP00139,48.0,Male,Finance,64506.02,18.0,4.7,Excellent,Yes,Hybrid,6.0,44.0,High School,0
EMP00140,48.0,Male,Sales,73660.06,6.0,3.46,nan,Yes,On-site,5.0,40.0,High School,0
EMP00141,47.0,Female,HR,70261.0,19.0,4.57,High,No,Hybrid,7.0,63.0,Bachelor's,1
EMP00142,57.0,Male,Finance,69112.05,16.0,4.35,High,Yes,Hybrid,7.0,50.0,Master's,1
EMP00143,38.0,Female,Marketing,52814.31,30.0,4.65,High,No,Full Remote,4.0,96.0,nan,0
EMP00144,41.0,Female,engineering,66821.43,3.0,1.98,High,Yes,Hybrid,2.0,43.0,Bachelor's,0
EMP00145,32.0,Male,Finance,91634.16,20.0,2.19,Excellent,Yes,Hybrid,7.0,80.0,Master's,0
EMP00146,54.0,Female,Marketing,92511.37,26.0,4.4,Excellent,Yes,Hybrid,4.0,25.0,Master's,0
EMP00147,28.0,Female,engineering,38109.27,6.0,1.91,Medium,Yes,Full Remote,4.0,64.0,Master's,0
EMP00148,62.0,Male,engineering,71836.36,14.0,1.78,Low,No,On-site,7.0,60.0,Bachelor's,1
EMP00149,38.0,Male,Finance,,25.0,3.47,High,yes,Hybrid,1.0,36.0,Bachelor's,0
EMP00150,28.0,Female,Finance,54720.41,18.0,3.1,High,No,Full Remote,1.0,84.0,Bachelor's,0
EMP00151,23.0,Male,Marketing,50060.47,26.0,1.59,Low,yes,Hybrid,4.0,7.0,Bachelor's,1
EMP00152,58.0,Male,Engineering,8959.55,39.0,2.09,Medium,No,Hybrid,1.0,47.0,Master's,0
EMP00153,31.0,Male,Sales,66623.39,33.0,2.75,Low,Yes,On-site,7.0,90.0,Bachelor's,1
EMP00154,40.0,Male,Engineering,40055.7,14.0,3.14,Medium,No,On-site,4.0,28.0,Master's,0
EMP00155,60.0,Female,engineering,59521.12,16.0,1.5,Excellent,yes,Hybrid,4.0,65.0,PhD,0
EMP00156,37.0,Female,Marketing,46333.89,27.0,1.15,High,Yes,On-site,2.0,80.0,Bachelor's,0
EMP00157,25.0,Male,SALES,77671.24,20.0,1.11,Medium,No,On-site,5.0,64.0,Master's,0
EMP00158,27.0,Male,Sales,24344.3,21.0,3.14,Medium,Yes,Hybrid,7.0,22.0,PhD,1
EMP00159,30.0,Male,Marketing,39670.2,35.0,3.56,Medium,yes,On-site,4.0,89.0,High School,0
EMP00160,64.0,Male,SALES,69946.06,0.0,4.07,High,No,Hybrid,4.0,32.0,High School,1
EMP00161,40.0,Female,Engineering,36862.03,1.0,3.99,Medium,No,Hybrid,8.0,65.0,Master's,0
EMP00162,46.0,Male,Finance,65656.1,8.0,2.4,Medium,No,Full Remote,8.0,2.0,High School,0
EMP00163,51.0,Female,Engineering,60290.07,10.0,4.66,Low,Yes,On-site,8.0,45.0,Bachelor's,0
EMP00164,33.0,Male,Engineering,91350.52,35.0,3.48,High,no,Hybrid,1.0,29.0,Master's,1
EMP00165,41.0,Female,Marketing,47184.7,29.0,4.42,High,No,Full Remote,8.0,35.0,Master's,0
EMP00166,64.0,Male,Marketing,64917.18,26.0,,Medium,no,nan,7.0,65.0,Bachelor's,0
EMP00167,39.0,Male,Sales,83246.05,39.0,4.44,Excellent,No,On-site,3.0,35.0,Master's,0
EMP00168,40.0,Male,engineering,30967.28,4.0,3.39,Medium,No,On-site,5.0,62.0,Master's,0
EMP00169,37.0,Male,Engineering,78120.77,5.0,2.69,Excellent,,Hybrid,7.0,50.0,Master's,0
EMP00170,37.0,Male,Engineering,76919.25,38.0,4.44,High,Yes,Hybrid,9.0,92.0,PhD,0
EMP00171,60.0,Non-binary,Engineering,45598.24,18.0,2.45,nan,Yes,Full Remote,3.0,12.0,High School,0
EMP00172,29.0,Female,Marketing,91345.82,20.0,4.81,Low,,On-site,5.0,53.0,Bachelor's,0
EMP00173,49.0,Male,Engineering,59095.04,4.0,1.22,Low,,Hybrid,3.0,30.0,Associate,0
EMP00174,57.0,Male,Marketing,,8.0,3.95,Medium,Yes,Full Remote,7.0,91.0,Bachelor's,0
EMP00175,44.0,Male,SALES,52455.9,24.0,1.05,High,,Full Remote,3.0,46.0,Associate,0
EMP00176,64.0,Female,Engineering,65846.0,28.0,1.67,Medium,Yes,On-site,8.0,58.0,Master's,0
EMP00177,22.0,Male,Sales,104655.48,7.0,3.68,High,No,On-site,4.0,30.0,nan,0
EMP00178,36.0,Male,Finance,40164.48,34.0,3.06,Excellent,Yes,Full Remote,6.0,73.0,High School,0
EMP00179,52.0,Male,Sales,82542.07,36.0,1.64,Medium,No,On-site,6.0,19.0,Bachelor's,1
EMP00180,61.0,Male,Engineering,62378.68,39.0,1.01,Medium,,On-site,1.0,67.0,Master's,0
EMP00181,64.0,Male,Marketing,86300.19,16.0,1.26,High,No,Hybrid,2.0,20.0,Bachelor's,0
EMP00182,30.0,Male,Engineering,53574.38,9.0,2.24,Medium,,Full Remote,5.0,55.0,Master's,0
EMP00183,44.0,Male,SALES,35590.63,5.0,4.4,Medium,Yes,On-site,5.0,11.0,nan,0
EMP00184,29.0,Female,Finance,65094.48,21.0,1.52,Low,Yes,Full Remote,5.0,80.0,Bachelor's,0
EMP00185,56.0,Male,Sales,71858.25,,2.27,Low,no,On-site,4.0,47.0,High School,0
EMP00186,36.0,Male,Finance,78124.45,38.0,3.37,Medium,No,Hybrid,8.0,42.0,Master's,0
EMP00187,35.0,Male,,61837.22,28.0,1.46,Medium,Yes,Full Remote,1.0,40.0,nan,0
EMP00188,37.0,Female,HR,80258.44,16.0,2.76,nan,No,Full Remote,7.0,12.0,Master's,0
EMP00189,43.0,Female,Sales,51176.6,23.0,3.1,Excellent,,Hybrid,7.0,21.0,Bachelor's,0
EMP00190,64.0,Female,Finance,66285.66,36.0,3.84,Medium,yes,Full Remote,6.0,41.0,Bachelor's,0
EMP00191,30.0,Female,Sales,80357.61,9.0,3.48,Medium,Yes,Hybrid,7.0,73.0,Master's,0
EMP00192,30.0,Female,engineering,81818.05,6.0,1.53,Medium,Yes,Hybrid,7.0,86.0,Bachelor's,0
EMP00193,52.0,Non-binary,Engineering,43571.68,35.0,3.92,Medium,Yes,On-site,1.0,26.0,High School,0
EMP00194,63.0,Male,Marketing,77175.37,5.0,1.51,Medium,No,Hybrid,8.0,55.0,Bachelor's,0
EMP00195,45.0,Male,Engineering,55022.96,10.0,4.58,Excellent,,On-site,6.0,28.0,Bachelor's,0
EMP00196,34.0,Male,engineering,68305.81,20.0,3.03,Medium,no,On-site,5.0,40.0,Master's,1
EMP00197,49.0,Male,Sales,50861.6,6.0,2.71,High,Yes,Full Remote,9.0,80.0,Master's,0
EMP00198,53.0,Female,Engineering,49889.1,14.0,1.87,High,no,Hybrid,7.0,58.0,PhD,0
EMP00199,52.0,Female,Marketing,50413.12,20.0,4.07,nan,No,On-site,1.0,98.0,PhD,0
EMP00200,57.0,Male,Engineering,90999.39,9.0,4.07,Medium,yes,On-site,9.0,9.0,Bachelor's,0
EMP00201,31.0,Non-binary,Finance,81522.4,25.0,2.79,Low,No,On-site,1.0,3.0,High School,1
EMP00202,48.0,Female,Marketing,54135.11,30.0,1.23,Excellent,No,nan,1.0,60.0,Bachelor's,0
EMP00203,31.0,Male,Marketing,61813.72,29.0,2.12,Medium,Yes,nan,3.0,9.0,Associate,0
EMP00204,22.0,Male,SALES,72773.7,34.0,2.93,High,No,On-site,6.0,12.0,Bachelor's,0
EMP00205,60.0,Male,HR,66388.93,3.0,3.95,Excellent,No,Full Remote,4.0,54.0,PhD,0
EMP00206,25.0,Male,Sales,62153.12,24.0,3.36,High,Yes,On-site,5.0,13.0,Bachelor's,0
EMP00207,60.0,Male,Engineering,73308.35,11.0,1.23,High,No,On-site,5.0,5.0,Bachelor's,0
EMP00208,61.0,Male,Finance,84466.13,27.0,3.45,High,Yes,nan,2.0,55.0,Bachelor's,1
EMP00209,59.0,Female,engineering,88876.11,5.0,4.87,Excellent,,Hybrid,8.0,76.0,Master's,0
EMP00210,32.0,Female,Sales,59299.58,22.0,4.52,Medium,No,On-site,5.0,73.0,Bachelor's,0
EMP00211,64.0,Female,engineering,53323.82,28.0,2.44,Excellent,Yes,On-site,8.0,79.0,Master's,0
EMP00212,48.0,Male,Marketing,32915.7,0.0,4.34,High,no,On-site,4.0,65.0,Master's,0
EMP00213,58.0,Male,Sales,43842.24,39.0,1.67,High,,Full Remote,4.0,12.0,Associate,0
EMP00214,39.0,Male,SALES,33263.74,38.0,2.68,High,No,On-site,9.0,76.0,Bachelor's,0
EMP00215,63.0,Male,HR,76386.1,39.0,2.16,Excellent,Yes,Hybrid,2.0,74.0,Bachelor's,0
EMP00216,33.0,Female,Finance,92673.74,36.0,4.14,Medium,No,nan,1.0,65.0,Master's,0
EMP00217,43.0,Female,engineering,80743.26,13.0,1.08,Medium,Yes,On-site,3.0,30.0,Bachelor's,1
EMP00218,38.0,Non-binary,Marketing,56374.82,35.0,2.8,Excellent,No,Hybrid,8.0,97.0,Bachelor's,0
EMP00219,52.0,Female,Finance,43858.9,4.0,1.05,Excellent,no,Full Remote,4.0,59.0,Bachelor's,0
EMP00220,37.0,Female,Finance,63248.2,18.0,2.1,Medium,,On-site,9.0,85.0,High School,0
EMP00221,35.0,Male,Marketing,78939.45,34.0,4.6,nan,Yes,On-site,6.0,33.0,Bachelor's,1
EMP00222,22.0,Male,Marketing,39349.05,21.0,3.08,High,yes,On-site,9.0,87.0,Master's,0
EMP00223,28.0,Male,SALES,100903.66,37.0,4.83,High,,Full Remote,1.0,34.0,Bachelor's,1
EMP00224,53.0,Female,Marketing,43879.07,7.0,1.59,Excellent,Yes,Full Remote,6.0,97.0,nan,0
EMP00225,25.0,Female,Engineering,25373.48,36.0,3.17,Medium,Yes,Hybrid,7.0,78.0,Bachelor's,0
EMP00226,64.0,Male,Marketing,73784.86,26.0,2.23,Excellent,Yes,Hybrid,7.0,48.0,Bachelor's,0
EMP00227,41.0,Non-binary,Marketing,59690.77,31.0,4.27,Excellent,no,On-site,4.0,69.0,Bachelor's,0
EMP00228,52.0,Female,Marketing,70093.66,29.0,-1.0,nan,Yes,nan,8.0,55.0,Master's,0
EMP00229,39.0,Male,Marketing,50734.01,2.0,3.99,Medium,No,Full Remote,7.0,85.0,Bachelor's,0
EMP00230,43.0,Female,Finance,73001.74,10.0,3.5,High,no,Full Remote,8.0,96.0,Bachelor's,0
EMP00231,23.0,Male,Sales,65804.64,5.0,3.55,High,No,Full Remote,3.0,90.0,Bachelor's,0
EMP00232,58.0,Female,Engineering,63084.4,23.0,2.56,nan,No,Hybrid,7.0,84.0,Bachelor's,0
EMP00233,45.0,Female,Marketing,68424.29,29.0,,High,yes,On-site,1.0,86.0,PhD,0
EMP00234,63.0,Male,Engineering,96748.13,33.0,2.31,High,,Hybrid,8.0,4.0,Master's,0
EMP00235,46.0,Female,Engineering,101564.97,1.0,3.23,Excellent,,On-site,9.0,8.0,Master's,0
EMP00236,62.0,Female,Engineering,77676.56,27.0,4.72,High,Yes,Hybrid,7.0,48.0,Master's,0
EMP00237,49.0,Female,Engineering,36120.38,,1.8,Medium,Yes,Full Remote,9.0,52.0,Master's,0
EMP00238,37.0,Male,engineering,95337.31,37.0,3.57,Low,,On-site,3.0,50.0,High School,0
EMP00239,22.0,Female,Finance,66479.48,12.0,1.38,Excellent,No,On-site,6.0,40.0,Bachelor's,0
EMP00240,43.0,Female,Sales,38299.48,8.0,1.43,Medium,Yes,Full Remote,3.0,32.0,Bachelor's,0
EMP00241,55.0,Female,Marketing,73113.28,10.0,4.92,High,No,On-site,4.0,20.0,nan,0
EMP00242,37.0,Male,engineering,66368.84,25.0,2.32,High,no,On-site,6.0,16.0,Bachelor's,0
EMP00243,24.0,Female,Marketing,44860.02,20.0,2.98,Medium,Yes,On-site,9.0,55.0,Master's,0
EMP00244,40.0,Male,Marketing,82766.39,29.0,2.59,High,,Hybrid,1.0,85.0,Master's,1
EMP00245,46.0,Female,Marketing,50892.01,,3.24,Excellent,No,Full Remote,8.0,83.0,Master's,0
EMP00246,48.0,Female,Marketing,31300.41,2.0,3.7,Low,Yes,On-site,3.0,11.0,Bachelor's,0
EMP00247,30.0,Male,SALES,85778.36,2.0,1.55,Medium,No,On-site,1.0,28.0,Bachelor's,0
EMP00248,43.0,Female,Sales,77899.97,6.0,4.96,High,No,Full Remote,3.0,47.0,nan,0
EMP00249,28.0,Male,Finance,78442.05,8.0,2.89,Medium,No,Full Remote,8.0,19.0,High School,0
EMP00250,30.0,Female,Finance,53924.64,8.0,4.63,High,Yes,Full Remote,9.0,34.0,Associate,0
EMP00251,51.0,Male,HR,65007.77,39.0,1.64,High,Yes,On-site,8.0,84.0,Bachelor's,1
EMP00252,39.0,Male,Marketing,83158.48,6.0,1.71,Medium,Yes,Hybrid,1.0,70.0,nan,0
EMP00253,42.0,Non-binary,Marketing,58541.38,16.0,3.1,High,yes,On-site,7.0,23.0,Master's,0
EMP00254,48.0,Female,Sales,60006.09,10.0,3.93,Excellent,Yes,Full Remote,4.0,51.0,nan,0
EMP00255,40.0,Female,engineering,58214.68,4.0,1.94,High,Yes,On-site,8.0,65.0,Master's,0
EMP00256,39.0,Non-binary,Sales,45388.3,31.0,4.4,Medium,No,Full Remote,4.0,59.0,Master's,0
EMP00257,23.0,Female,SALES,69130.4,35.0,2.08,High,yes,Full Remote,6.0,29.0,Associate,0
EMP00258,36.0,Male,Engineering,32258.13,0.0,1.42,nan,,Full Remote,3.0,32.0,Master's,0
EMP00259,54.0,Female,Engineering,54897.77,10.0,1.08,High,No,Full Remote,3.0,62.0,PhD,1
EMP00260,25.0,Male,Engineering,88873.04,29.0,4.08,High,no,Full Remote,3.0,12.0,Master's,0
EMP00261,46.0,Female,Sales,68920.43,12.0,3.32,nan,,Hybrid,8.0,67.0,Bachelor's,1
EMP00262,61.0,Female,Sales,68370.82,12.0,1.52,Excellent,,Full Remote,7.0,44.0,Bachelor's,0
EMP00263,36.0,,Sales,59754.42,31.0,1.7,nan,,Full Remote,2.0,41.0,Associate,0
EMP00264,34.0,Female,engineering,79726.27,15.0,1.3,Medium,Yes,Hybrid,9.0,49.0,Bachelor's,0
EMP00265,28.0,Male,Engineering,40289.51,25.0,4.99,High,No,Full Remote,7.0,57.0,Master's,0
EMP00266,22.0,Male,Engineering,113124.99,3.0,1.15,Low,yes,Hybrid,5.0,16.0,Bachelor's,1
EMP00267,28.0,Female,Finance,54082.6,30.0,4.92,High,no,Hybrid,4.0,51.0,Associate,0
EMP00268,60.0,Male,Sales,46598.71,13.0,2.92,Excellent,No,On-site,8.0,26.0,High School,0
EMP00269,45.0,Male,engineering,54842.28,3.0,2.87,High,No,On-site,6.0,22.0,Bachelor's,0
EMP00270,54.0,Male,Sales,82701.1,31.0,4.96,Medium,No,Hybrid,3.0,24.0,High School,0
EMP00271,64.0,Female,Sales,60334.19,25.0,3.83,High,yes,Full Remote,9.0,11.0,PhD,0
EMP00272,51.0,Female,Sales,46120.83,23.0,1.65,Excellent,No,On-site,7.0,75.0,Bachelor's,0
EMP00273,55.0,Non-binary,,69631.03,17.0,3.8,Medium,Yes,Hybrid,7.0,47.0,PhD,0
EMP00274,62.0,Prefer not to say,,24367.6,0.0,4.04,nan,No,Hybrid,7.0,1.0,Master's,0
EMP00275,28.0,Female,Marketing,69615.9,18.0,3.04,Excellent,no,Full Remote,9.0,79.0,Master's,1
EMP00276,23.0,Male,Marketing,28930.42,1.0,1.45,Medium,yes,Hybrid,1.0,18.0,Bachelor's,0
EMP00277,40.0,Male,Engineering,50589.17,16.0,4.06,Excellent,Yes,Hybrid,6.0,90.0,Bachelor's,0
EMP00278,42.0,Male,Engineering,55985.01,10.0,4.07,Medium,Yes,Hybrid,3.0,53.0,Bachelor's,0
EMP00279,50.0,Female,engineering,78376.94,10.0,3.63,Low,Yes,Hybrid,8.0,,PhD,0
EMP00280,62.0,Female,Sales,47781.53,18.0,3.26,High,,On-site,6.0,84.0,High School,0
EMP00281,50.0,Male,Sales,74303.75,16.0,3.46,Low,No,nan,4.0,65.0,Bachelor's,0
EMP00282,64.0,Male,engineering,59092.5,26.0,4.56,Medium,No,On-site,8.0,27.0,Bachelor's,0
EMP00283,58.0,Non-binary,Marketing,67597.29,36.0,3.08,Excellent,No,Full Remote,5.0,15.0,High School,0
EMP00284,29.0,Female,Engineering,58828.6,6.0,4.14,High,Yes,On-site,9.0,45.0,Bachelor's,1
EMP00285,41.0,Male,engineering,94387.37,11.0,3.5,Excellent,No,Hybrid,9.0,44.0,Bachelor's,0
EMP00286,38.0,Male,Engineering,77116.97,6.0,4.63,Medium,no,Full Remote,4.0,28.0,Bachelor's,0
EMP00287,25.0,Female,Sales,36165.07,4.0,4.15,High,,Hybrid,7.0,71.0,Bachelor's,1
EMP00288,24.0,Female,Engineering,95054.01,19.0,2.04,High,No,On-site,3.0,91.0,High School,0
EMP00289,30.0,,Sales,65247.74,18.0,3.13,Medium,Yes,On-site,9.0,63.0,Bachelor's,0
EMP00290,22.0,Male,Marketing,72326.37,11.0,1.61,nan,,On-site,7.0,45.0,PhD,0
EMP00291,32.0,Male,HR,43978.56,21.0,1.23,Excellent,no,Full Remote,5.0,96.0,PhD,0
EMP00292,57.0,Male,,34993.92,35.0,1.28,Medium,Yes,Full Remote,4.0,98.0,PhD,0
EMP00293,42.0,Female,Finance,28691.06,16.0,4.36,Medium,yes,Hybrid,9.0,88.0,nan,0
EMP00294,43.0,Female,engineering,54490.32,32.0,2.69,High,Yes,On-site,1.0,68.0,Bachelor's,0
EMP00295,64.0,Prefer not to say,HR,83461.98,3.0,3.19,High,yes,On-site,2.0,53.0,PhD,0
EMP00296,49.0,Female,Engineering,78380.37,24.0,2.21,High,yes,Hybrid,5.0,60.0,Associate,0
EMP00297,30.0,Male,Finance,41585.59,7.0,2.06,nan,,On-site,8.0,46.0,Bachelor's,0
EMP00298,41.0,Female,Finance,,30.0,3.12,Excellent,No,Full Remote,8.0,97.0,Bachelor's,0
EMP00299,64.0,Female,HR,61381.16,33.0,3.83,Medium,No,Hybrid,1.0,45.0,nan,0
EMP00300,42.0,Female,Sales,66436.64,37.0,1.33,Excellent,No,Hybrid,4.0,73.0,Master's,0
EMP00301,37.0,Male,Sales,37374.99,37.0,2.66,High,No,On-site,9.0,62.0,Master's,0
EMP00302,27.0,Female,Engineering,60616.1,24.0,1.78,High,Yes,On-site,6.0,38.0,Master's,1
EMP00303,29.0,Male,Engineering,86082.59,16.0,1.32,High,No,Hybrid,8.0,55.0,Master's,1
EMP00304,56.0,Female,Engineering,58336.48,30.0,4.56,Medium,Yes,Hybrid,1.0,26.0,Bachelor's,1
EMP00305,49.0,Male,Finance,,4.0,4.97,Excellent,No,Hybrid,6.0,95.0,PhD,0
EMP00306,32.0,Male,Finance,73851.44,30.0,4.32,High,yes,On-site,6.0,89.0,Bachelor's,0
EMP00307,39.0,Male,Engineering,44592.91,22.0,3.28,High,Yes,Hybrid,9.0,55.0,High School,0
EMP00308,29.0,Male,engineering,65501.97,20.0,4.45,High,No,On-site,2.0,80.0,PhD,0
EMP00309,36.0,Male,Sales,65453.57,36.0,4.48,nan,Yes,Full Remote,3.0,51.0,Bachelor's,1
EMP00310,50.0,Prefer not to say,Finance,77171.33,26.0,2.59,Excellent,no,On-site,1.0,89.0,Bachelor's,1
EMP00311,64.0,Male,Finance,92910.32,21.0,3.78,High,No,On-site,8.0,39.0,Bachelor's,0
EMP00312,41.0,Prefer not to say,Sales,66657.78,23.0,2.64,Low,,On-site,8.0,57.0,Bachelor's,0
EMP00313,45.0,Male,Engineering,57635.46,25.0,2.13,Medium,No,Hybrid,5.0,35.0,Associate,0
EMP00314,33.0,Female,Finance,49701.19,36.0,3.41,nan,No,Hybrid,3.0,84.0,Bachelor's,1
EMP00315,,Male,Sales,52598.4,16.0,4.12,Medium,Yes,On-site,2.0,5.0,Bachelor's,0
EMP00316,35.0,Male,SALES,55382.75,12.0,1.51,Medium,Yes,On-site,,71.0,High School,0
EMP00317,33.0,Female,HR,73428.87,7.0,1.82,Medium,No,On-site,7.0,83.0,Bachelor's,0
EMP00318,25.0,Male,Engineering,100707.67,23.0,3.83,Excellent,,Hybrid,9.0,60.0,Bachelor's,0
EMP00319,32.0,Female,engineering,70680.55,39.0,4.68,nan,No,On-site,2.0,53.0,Master's,1
EMP00320,57.0,Male,Sales,90376.2,35.0,1.92,Low,No,On-site,4.0,52.0,Bachelor's,0
EMP00321,56.0,Female,Engineering,48811.48,35.0,3.62,Medium,No,On-site,4.0,91.0,Bachelor's,0
EMP00322,63.0,Female,Marketing,59405.05,36.0,,Medium,Yes,Hybrid,9.0,98.0,Master's,0
EMP00323,26.0,Male,Engineering,56970.12,15.0,2.52,Medium,no,Full Remote,1.0,51.0,Bachelor's,0
EMP00324,28.0,Female,Marketing,55391.8,27.0,2.25,Medium,no,On-site,6.0,15.0,PhD,0
EMP00325,41.0,Male,Finance,54920.63,15.0,4.31,Medium,No,nan,8.0,27.0,High School,0
EMP00326,44.0,Female,Sales,72749.79,5.0,4.72,High,,Hybrid,1.0,47.0,nan,0
EMP00327,53.0,Male,Finance,60016.31,37.0,3.37,Medium,Yes,On-site,4.0,96.0,nan,0
EMP00328,40.0,Male,Sales,63098.8,20.0,1.32,High,Yes,Full Remote,3.0,69.0,Bachelor's,0
EMP00329,47.0,Male,HR,47341.23,3.0,1.02,Medium,no,On-site,3.0,68.0,Master's,0
EMP00330,45.0,Female,,66559.35,28.0,2.35,High,Yes,Hybrid,7.0,65.0,High School,0
EMP00331,37.0,Prefer not to say,Finance,89931.47,17.0,1.06,Low,No,Full Remote,6.0,76.0,Bachelor's,0
EMP00332,53.0,Female,Engineering,64367.68,35.0,3.57,High,No,Hybrid,9.0,89.0,Master's,0
EMP00333,28.0,Male,HR,41134.87,1.0,1.88,Low,,Hybrid,3.0,30.0,Master's,0
EMP00334,57.0,Prefer not to say,Marketing,105563.05,21.0,4.15,Low,No,On-site,3.0,56.0,Master's,0
EMP00335,54.0,Male,Sales,60978.11,,2.76,Medium,Yes,Hybrid,1.0,31.0,Bachelor's,0
EMP00336,45.0,Female,Finance,72986.37,29.0,4.58,Excellent,no,On-site,2.0,1.0,Bachelor's,1
EMP00337,43.0,Female,Sales,67024.3,,2.26,High,No,Hybrid,5.0,63.0,Master's,0
EMP00338,34.0,Female,Finance,52907.08,20.0,1.58,Medium,No,Full Remote,2.0,6.0,Bachelor's,0
EMP00339,30.0,Male,Sales,73730.5,27.0,2.61,nan,,On-site,8.0,31.0,Bachelor's,0
EMP00340,44.0,Male,Finance,44501.66,14.0,2.19,High,,Full Remote,1.0,28.0,Bachelor's,1
EMP00341,27.0,Female,Sales,74217.13,18.0,1.81,Excellent,no,nan,2.0,66.0,Master's,0
EMP00342,54.0,,HR,45802.07,14.0,3.61,High,No,Full Remote,5.0,60.0,Bachelor's,0
EMP00343,26.0,Non-binary,Marketing,80693.92,4.0,1.44,High,No,Hybrid,3.0,57.0,nan,0
EMP00344,37.0,Male,Sales,90243.34,24.0,2.96,Medium,,Hybrid,3.0,53.0,Master's,1
EMP00345,58.0,Male,Engineering,72317.99,0.0,3.12,High,Yes,On-site,1.0,60.0,PhD,0
EMP00346,42.0,Male,HR,64309.25,39.0,1.0,Medium,No,On-site,6.0,67.0,nan,0
EMP00347,48.0,Female,Engineering,79242.98,33.0,2.65,High,no,Hybrid,2.0,37.0,Master's,0
EMP00348,32.0,Female,HR,86081.04,16.0,4.37,High,No,Full Remote,4.0,33.0,Associate,0
EMP00349,30.0,Female,engineering,92054.31,7.0,1.5,Low,No,On-site,6.0,88.0,Bachelor's,0
EMP00350,53.0,Female,Engineering,0.0,29.0,2.59,Low,no,nan,2.0,67.0,High School,0
EMP00351,61.0,Female,Engineering,91910.14,5.0,2.2,Medium,,Hybrid,1.0,55.0,Master's,1
EMP00352,51.0,Male,Engineering,83159.56,39.0,1.7,Excellent,Yes,On-site,8.0,44.0,Master's,0
EMP00353,48.0,Male,Sales,34467.7,11.0,3.72,Excellent,Yes,Hybrid,9.0,24.0,PhD,1
EMP00354,60.0,Female,SALES,62699.02,31.0,1.58,High,No,Full Remote,8.0,53.0,Master's,0
EMP00355,29.0,Female,engineering,71161.52,18.0,1.25,Medium,No,Full Remote,2.0,77.0,Bachelor's,0
EMP00356,23.0,Non-binary,Finance,90514.53,35.0,3.59,Low,No,On-site,1.0,12.0,Bachelor's,0
EMP00357,24.0,Female,engineering,86402.26,15.0,3.7,Medium,No,On-site,7.0,3.0,Master's,0
EMP00358,51.0,Male,Sales,31994.16,31.0,2.63,nan,yes,Hybrid,6.0,17.0,Master's,0
EMP00359,53.0,Male,engineering,74399.51,37.0,3.08,nan,Yes,On-site,8.0,12.0,Bachelor's,0
EMP00360,27.0,Male,Engineering,44134.16,29.0,4.91,High,No,Full Remote,6.0,92.0,nan,0
EMP00361,47.0,Male,Marketing,45666.24,36.0,4.8,Excellent,No,On-site,2.0,63.0,PhD,0
EMP00362,59.0,Female,Finance,80939.66,6.0,4.25,High,,Full Remote,9.0,68.0,Bachelor's,0
EMP00363,24.0,Prefer not to say,engineering,45574.29,21.0,4.31,High,No,Hybrid,5.0,73.0,Master's,0
EMP00364,54.0,Male,,72995.94,3.0,1.51,nan,yes,On-site,9.0,59.0,Bachelor's,0
EMP00365,22.0,Female,Sales,83563.6,4.0,4.43,Low,Yes,Hybrid,1.0,90.0,Bachelor's,0
EMP00366,49.0,Male,HR,56592.97,9.0,3.85,Low,Yes,Full Remote,1.0,79.0,High School,0
EMP00367,51.0,Male,Sales,73984.52,21.0,1.78,High,no,Hybrid,3.0,44.0,PhD,0
EMP00368,62.0,Male,HR,91202.83,28.0,1.39,High,No,Full Remote,4.0,65.0,Master's,0
EMP00369,23.0,Male,SALES,82258.77,0.0,2.58,Low,No,Full Remote,5.0,19.0,Master's,0
EMP00370,45.0,Female,Engineering,40570.56,9.0,2.28,Excellent,Yes,On-site,1.0,78.0,nan,0
EMP00371,42.0,Male,HR,57949.52,7.0,3.88,Excellent,,On-site,2.0,23.0,High School,1
EMP00372,33.0,Male,Engineering,68711.24,30.0,4.5,High,,Full Remote,5.0,52.0,Bachelor's,0
EMP00373,37.0,Female,Sales,66298.9,12.0,2.57,High,yes,On-site,1.0,58.0,Master's,0
EMP00374,31.0,Female,Marketing,63749.59,,2.9,nan,no,Hybrid,1.0,43.0,Master's,1
EMP00375,46.0,Male,Sales,73293.29,35.0,1.2,Excellent,Yes,Full Remote,6.0,9.0,Bachelor's,0
EMP00376,62.0,Prefer not to say,Marketing,127194.86,11.0,2.8,High,No,On-site,1.0,28.0,Bachelor's,0
EMP00377,46.0,Male,Finance,20149.83,15.0,,Medium,yes,Hybrid,5.0,43.0,Bachelor's,0
EMP00378,47.0,Prefer not to say,Finance,53364.18,21.0,3.34,Excellent,No,Hybrid,8.0,32.0,Master's,0
EMP00379,55.0,Female,Engineering,46478.41,21.0,3.8,Excellent,No,On-site,6.0,30.0,PhD,0
EMP00380,,Non-binary,Finance,91487.24,5.0,1.82,High,Yes,On-site,6.0,57.0,Bachelor's,0
EMP00381,57.0,Male,Engineering,51655.78,28.0,2.17,Excellent,No,Hybrid,1.0,70.0,Bachelor's,1
EMP00382,63.0,Male,,43680.87,11.0,2.84,High,No,Full Remote,4.0,98.0,High School,1
EMP00383,41.0,Male,HR,89777.32,20.0,2.19,Low,Yes,Hybrid,6.0,52.0,PhD,0
EMP00384,29.0,Female,Marketing,59139.24,15.0,4.01,High,Yes,On-site,2.0,69.0,High School,0
EMP00385,25.0,Male,Sales,55494.07,37.0,4.96,Medium,No,Hybrid,1.0,35.0,Associate,0
EMP00386,40.0,,HR,73690.65,39.0,2.93,Excellent,No,On-site,9.0,94.0,Master's,1
EMP00387,31.0,Female,Engineering,81449.09,1.0,2.4,Medium,No,nan,8.0,87.0,Bachelor's,0
EMP00388,41.0,Male,SALES,63588.6,17.0,2.69,Low,No,Full Remote,7.0,96.0,Master's,1
EMP00389,49.0,Male,SALES,69118.65,11.0,1.69,nan,No,On-site,7.0,31.0,Bachelor's,0
EMP00390,27.0,Male,Engineering,79973.28,18.0,2.06,High,No,Full Remote,7.0,86.0,Bachelor's,0
EMP00391,28.0,Male,Engineering,82060.0,18.0,2.76,High,Yes,On-site,5.0,49.0,PhD,0
EMP00392,43.0,Female,Sales,75187.9,13.0,,High,No,Hybrid,3.0,23.0,Bachelor's,0
EMP00393,51.0,Female,Sales,80208.25,10.0,4.35,Excellent,No,On-site,8.0,23.0,Bachelor's,0
EMP00394,30.0,Male,,62907.03,31.0,3.9,Medium,no,Hybrid,8.0,61.0,Bachelor's,0
EMP00395,29.0,Male,engineering,80760.91,10.0,1.55,Low,Yes,On-site,6.0,49.0,High School,0
EMP00396,45.0,Male,Sales,15077.58,13.0,1.16,nan,Yes,Hybrid,2.0,88.0,Bachelor's,0
EMP00397,24.0,Male,Engineering,40194.45,3.0,3.75,High,,Hybrid,6.0,71.0,High School,0
EMP00398,33.0,Male,Sales,31756.56,15.0,3.74,Excellent,no,Full Remote,7.0,50.0,Bachelor's,0
EMP00399,51.0,Female,Engineering,52984.59,14.0,2.45,High,,nan,5.0,2.0,Bachelor's,0
EMP00400,45.0,Male,Engineering,88844.65,37.0,2.12,High,No,Hybrid,3.0,85.0,High School,0
EMP00401,37.0,Male,Engineering,50006.4,14.0,2.23,High,No,On-site,3.0,97.0,High School,0
EMP00402,62.0,Male,SALES,46823.29,16.0,4.45,Excellent,No,Hybrid,7.0,53.0,Bachelor's,0
EMP00403,37.0,Male,Finance,77721.75,24.0,1.44,Low,Yes,On-site,4.0,81.0,High School,0
EMP00404,28.0,,Finance,65696.52,21.0,2.28,High,No,nan,1.0,29.0,Master's,0
EMP00405,28.0,Male,Finance,50045.26,19.0,1.28,High,no,Hybrid,2.0,28.0,Bachelor's,1
EMP00406,45.0,Male,SALES,48943.43,18.0,1.54,Medium,Yes,On-site,8.0,48.0,High School,0
EMP00407,45.0,Male,SALES,87140.9,33.0,2.54,Medium,no,Full Remote,8.0,9.0,Bachelor's,0
EMP00408,40.0,Female,Engineering,47457.57,37.0,1.41,Excellent,Yes,On-site,1.0,75.0,Bachelor's,1
EMP00409,44.0,Male,Finance,72031.95,24.0,2.8,High,No,On-site,3.0,6.0,Bachelor's,0
EMP00410,63.0,Non-binary,Engineering,76923.87,14.0,4.16,Medium,Yes,Hybrid,1.0,78.0,Master's,1
EMP00411,38.0,Female,HR,42932.64,18.0,2.06,High,yes,On-site,8.0,13.0,Associate,0
EMP00412,23.0,Male,Sales,39734.01,35.0,3.85,Medium,Yes,Full Remote,4.0,44.0,PhD,1
EMP00413,59.0,Female,Marketing,86012.33,38.0,4.9,Medium,no,On-site,8.0,48.0,Associate,0
EMP00414,52.0,Male,Engineering,79358.69,17.0,3.57,Excellent,yes,nan,8.0,99.0,Bachelor's,0
EMP00415,55.0,Female,Engineering,73980.46,8.0,1.05,Medium,Yes,Full Remote,1.0,30.0,Bachelor's,0
EMP00416,45.0,Female,Engineering,,4.0,4.31,Medium,no,On-site,1.0,77.0,nan,0
EMP00417,34.0,Female,Engineering,97936.58,25.0,4.79,Medium,No,Hybrid,6.0,61.0,Bachelor's,0
EMP00418,49.0,Female,HR,50876.16,9.0,1.62,High,Yes,Hybrid,7.0,71.0,Associate,1
EMP00419,29.0,Prefer not to say,Engineering,77072.5,17.0,1.36,High,no,Hybrid,7.0,74.0,Master's,0
EMP00420,47.0,Female,Sales,80038.37,28.0,3.95,Medium,No,On-site,4.0,78.0,Master's,1
EMP00421,64.0,,,51615.86,22.0,1.34,High,No,Hybrid,7.0,21.0,Bachelor's,0
EMP00422,62.0,Female,HR,73127.81,24.0,1.56,Low,No,On-site,4.0,,Master's,0
EMP00423,43.0,Female,HR,64868.93,23.0,1.3,High,Yes,Hybrid,3.0,1.0,PhD,0
EMP00424,41.0,Female,Finance,87138.08,6.0,1.21,High,,Hybrid,6.0,77.0,Associate,0
EMP00425,50.0,Female,Marketing,33885.67,27.0,4.04,Medium,no,Full Remote,6.0,13.0,Master's,0
EMP00426,25.0,Male,Marketing,86948.52,34.0,4.21,Medium,Yes,On-site,8.0,6.0,Bachelor's,0
EMP00427,54.0,Female,SALES,111804.21,26.0,2.3,nan,Yes,On-site,4.0,83.0,Bachelor's,0
EMP00428,61.0,Female,Finance,93461.0,19.0,4.95,Excellent,No,Hybrid,1.0,78.0,nan,0
EMP00429,34.0,Non-binary,Finance,29274.02,36.0,1.46,nan,Yes,On-site,5.0,33.0,Bachelor's,0
EMP00430,22.0,Female,Sales,57054.25,6.0,3.48,High,No,On-site,3.0,73.0,Master's,1
EMP00431,56.0,Female,SALES,73476.62,39.0,3.14,High,No,On-site,2.0,61.0,PhD,1
EMP00432,57.0,Male,Marketing,75692.01,6.0,1.37,nan,No,Hybrid,2.0,15.0,Bachelor's,0
EMP00433,62.0,Non-binary,Engineering,53796.98,14.0,1.87,Excellent,Yes,Full Remote,9.0,16.0,Master's,0
EMP00434,59.0,Prefer not to say,Engineering,51822.4,18.0,1.36,High,Yes,Hybrid,6.0,81.0,Bachelor's,0
EMP00435,39.0,Male,HR,77229.1,25.0,1.26,Excellent,Yes,On-site,8.0,49.0,Bachelor's,0
EMP00436,41.0,Male,HR,74544.54,9.0,1.88,Low,,On-site,3.0,8.0,Bachelor's,1
EMP00437,46.0,Male,engineering,52953.3,2.0,1.4,High,Yes,On-site,8.0,42.0,Bachelor's,0
EMP00438,63.0,,,63959.89,24.0,1.13,nan,No,On-site,5.0,64.0,Bachelor's,1
EMP00439,34.0,Prefer not to say,,57654.64,28.0,2.39,High,No,Full Remote,9.0,51.0,Bachelor's,0
EMP00440,25.0,Male,Finance,61512.48,12.0,2.71,Medium,No,On-site,8.0,45.0,Bachelor's,0
EMP00441,60.0,Female,Marketing,63133.4,37.0,2.82,Excellent,No,Hybrid,1.0,45.0,Bachelor's,0
EMP00442,56.0,Female,Finance,37601.1,9.0,3.63,High,No,Hybrid,6.0,60.0,Bachelor's,0
EMP00443,57.0,Male,Engineering,55704.9,19.0,2.83,Low,Yes,On-site,4.0,30.0,Master's,0
EMP00444,50.0,Male,Finance,80478.67,26.0,2.95,Low,No,Hybrid,1.0,47.0,Master's,0
EMP00445,35.0,Female,Sales,96236.49,31.0,1.33,Medium,Yes,Full Remote,9.0,10.0,Bachelor's,0
EMP00446,63.0,Female,Engineering,99492.05,2.0,1.76,Excellent,No,Hybrid,3.0,24.0,Master's,0
EMP00447,40.0,Prefer not to say,Finance,102218.99,2.0,1.29,High,yes,Hybrid,4.0,94.0,High School,0
EMP00448,40.0,Female,Sales,57908.62,21.0,4.13,High,Yes,Hybrid,6.0,13.0,PhD,0
EMP00449,48.0,Female,Marketing,89758.77,12.0,4.01,High,No,On-site,9.0,48.0,Master's,0
EMP00450,59.0,Male,SALES,36842.55,19.0,3.85,Excellent,No,Hybrid,9.0,99.0,Bachelor's,0
EMP00451,58.0,Male,Sales,51374.17,21.0,3.53,Low,Yes,On-site,2.0,16.0,High School,0
EMP00452,43.0,Male,Engineering,47589.55,24.0,1.95,Medium,Yes,Full Remote,9.0,74.0,Master's,1
EMP00453,43.0,Female,Sales,51102.13,20.0,1.12,Excellent,no,Hybrid,5.0,19.0,Bachelor's,0
EMP00454,30.0,Male,Finance,44679.43,17.0,3.01,Excellent,No,Full Remote,8.0,,Master's,0
EMP00455,31.0,Prefer not to say,SALES,28218.83,21.0,1.33,Medium,No,Hybrid,6.0,44.0,Master's,0
EMP00456,51.0,Male,Finance,46261.82,11.0,3.65,Medium,No,Hybrid,9.0,70.0,Bachelor's,0
EMP00457,56.0,Female,HR,,4.0,3.94,Medium,Yes,On-site,9.0,22.0,Bachelor's,0
EMP00458,60.0,Non-binary,Sales,0.0,15.0,3.29,High,No,Hybrid,5.0,90.0,Bachelor's,0
EMP00459,40.0,Male,engineering,68428.64,27.0,2.55,High,No,Hybrid,8.0,39.0,Master's,0
EMP00460,45.0,Non-binary,Engineering,66172.99,35.0,3.97,High,No,Hybrid,8.0,2.0,High School,0
EMP00461,49.0,Female,HR,60375.12,3.0,4.64,Excellent,Yes,Hybrid,7.0,65.0,Master's,0
EMP00462,50.0,Female,Sales,44012.4,16.0,2.56,High,No,Hybrid,5.0,52.0,Master's,0
EMP00463,59.0,Female,Sales,51453.08,15.0,3.07,High,yes,On-site,1.0,20.0,Bachelor's,0
EMP00464,29.0,Female,Engineering,67049.41,1.0,2.78,Medium,No,Hybrid,6.0,80.0,Bachelor's,0
EMP00465,59.0,Male,Sales,74283.8,17.0,3.41,Medium,yes,On-site,4.0,92.0,Bachelor's,0
EMP00466,59.0,Female,Sales,26418.81,10.0,3.05,Medium,No,On-site,1.0,82.0,Bachelor's,0
EMP00467,26.0,Male,Sales,83405.86,8.0,1.0,High,No,Full Remote,6.0,44.0,Bachelor's,1
EMP00468,28.0,Male,,44899.47,19.0,2.18,Excellent,No,On-site,5.0,49.0,PhD,0
EMP00469,32.0,Non-binary,,39489.31,19.0,1.71,High,No,Hybrid,,88.0,Master's,0
EMP00470,44.0,,engineering,22274.36,8.0,3.59,High,Yes,On-site,9.0,42.0,Master's,0
EMP00471,61.0,Male,Marketing,73853.71,35.0,2.4,Medium,No,On-site,5.0,82.0,Bachelor's,0
EMP00472,48.0,Male,Sales,97502.93,3.0,4.24,Excellent,No,On-site,9.0,12.0,Bachelor's,0
EMP00473,23.0,Female,,55255.5,12.0,1.16,Medium,,Full Remote,7.0,68.0,Bachelor's,0
EMP00474,46.0,Female,Finance,35803.29,27.0,4.99,Medium,No,On-site,3.0,28.0,Master's,0
EMP00475,39.0,Female,Sales,63943.5,5.0,1.31,nan,Yes,Hybrid,8.0,48.0,Bachelor's,0
EMP00476,32.0,Prefer not to say,HR,78220.0,36.0,4.04,Medium,No,nan,3.0,28.0,Master's,0
EMP00477,37.0,Male,Marketing,60241.72,24.0,3.69,High,Yes,On-site,2.0,16.0,nan,0
EMP00478,30.0,Prefer not to say,Marketing,72500.28,36.0,2.74,Excellent,Yes,On-site,4.0,23.0,Associate,1
EMP00479,35.0,Female,Engineering,90362.33,23.0,2.95,High,No,Full Remote,5.0,30.0,Bachelor's,0
EMP00480,54.0,Male,,76329.43,12.0,3.0,Excellent,No,On-site,1.0,68.0,High School,0
EMP00481,30.0,Female,,55868.13,7.0,2.49,Medium,No,nan,8.0,65.0,Master's,0
EMP00482,25.0,Female,Sales,72199.38,29.0,3.49,Medium,No,On-site,3.0,41.0,Bachelor's,0
EMP00483,60.0,Female,Sales,64004.11,38.0,2.54,High,Yes,On-site,8.0,99.0,Bachelor's,0
EMP00484,44.0,Non-binary,HR,86965.02,11.0,1.42,High,Yes,Hybrid,1.0,88.0,High School,0
EMP00485,46.0,Male,Sales,54055.04,28.0,1.32,Medium,No,On-site,3.0,89.0,Bachelor's,0
EMP00486,26.0,Male,Sales,50657.29,38.0,4.26,Medium,No,Full Remote,7.0,69.0,High School,0
EMP00487,59.0,Non-binary,Engineering,34183.5,37.0,2.87,nan,No,Full Remote,8.0,0.0,Master's,0
EMP00488,55.0,Female,Marketing,65828.96,36.0,3.51,High,no,On-site,1.0,0.0,Master's,1
EMP00489,56.0,Male,Engineering,63994.15,21.0,4.25,Medium,No,On-site,9.0,18.0,PhD,0
EMP00490,60.0,Female,HR,77799.24,38.0,2.34,High,No,Full Remote,9.0,31.0,nan,0
EMP00491,38.0,Male,HR,92270.13,9.0,2.31,High,Yes,Full Remote,9.0,58.0,Master's,0
EMP00492,27.0,Female,Finance,32981.57,25.0,1.94,High,no,Full Remote,7.0,53.0,Master's,0
EMP00493,28.0,,,48864.01,6.0,2.08,Low,Yes,On-site,3.0,,Master's,0
EMP00494,34.0,Male,Sales,102532.07,2.0,2.53,High,No,Hybrid,3.0,39.0,Master's,0
EMP00495,51.0,Male,Marketing,52696.0,23.0,2.99,High,No,Hybrid,9.0,96.0,Master's,0
EMP00496,27.0,Female,SALES,45164.96,22.0,3.42,Medium,no,On-site,2.0,3.0,Master's,0
EMP00497,23.0,Male,SALES,41755.69,16.0,3.46,High,Yes,On-site,6.0,75.0,PhD,0
EMP00498,40.0,Female,Sales,42747.26,25.0,4.05,High,No,On-site,7.0,73.0,Bachelor's,0
EMP00499,33.0,Male,HR,82070.17,37.0,4.03,Medium,No,Hybrid,9.0,9.0,Bachelor's,0
EMP00500,45.0,Male,Engineering,33734.31,4.0,4.67,High,No,nan,8.0,87.0,Master's,0
EMP00501,26.0,Male,Engineering,41452.5,5.0,4.97,Medium,Yes,Hybrid,6.0,31.0,High School,0
EMP00502,28.0,Male,Sales,38299.26,30.0,4.15,Medium,No,Hybrid,9.0,94.0,Bachelor's,0
EMP00503,57.0,Female,Finance,57024.47,2.0,3.73,Medium,No,nan,3.0,52.0,High School,0
EMP00504,31.0,Male,engineering,51259.36,,3.8,Medium,No,Hybrid,9.0,34.0,Master's,0
EMP00505,42.0,Male,Engineering,69760.33,15.0,2.15,Medium,Yes,Full Remote,3.0,38.0,Master's,0
EMP00506,58.0,Male,Marketing,66963.45,30.0,4.63,High,,Hybrid,4.0,54.0,Master's,0
EMP00507,39.0,Female,Sales,67547.3,3.0,3.09,Low,No,Hybrid,3.0,46.0,Master's,0
EMP00508,35.0,Male,Engineering,70655.28,34.0,2.77,High,No,Hybrid,4.0,70.0,Bachelor's,0
EMP00509,45.0,Male,Sales,33245.86,27.0,4.95,Medium,Yes,Hybrid,7.0,6.0,Associate,0
EMP00510,53.0,Female,Sales,57193.09,17.0,1.57,Excellent,yes,Hybrid,4.0,23.0,nan,0
EMP00511,58.0,Female,,73939.43,6.0,3.56,High,no,Full Remote,9.0,91.0,PhD,0
EMP00512,40.0,Female,HR,63798.61,8.0,3.96,High,No,Hybrid,,6.0,Master's,0
EMP00513,27.0,Male,engineering,98243.62,28.0,1.86,Medium,yes,Hybrid,1.0,43.0,Bachelor's,0
EMP00514,64.0,Female,Marketing,28396.85,26.0,4.19,Medium,no,On-site,3.0,3.0,Bachelor's,0
EMP00515,38.0,,Marketing,57044.38,18.0,2.56,Medium,Yes,On-site,1.0,13.0,Master's,0
EMP00516,50.0,Female,Finance,70987.12,25.0,1.52,High,Yes,Full Remote,7.0,88.0,Bachelor's,0
EMP00517,34.0,Female,engineering,60890.8,7.0,1.56,High,Yes,On-site,6.0,63.0,Master's,1
EMP00518,41.0,Female,,53146.99,13.0,4.23,Medium,no,Full Remote,5.0,0.0,High School,0
EMP00519,38.0,Male,Engineering,56076.57,30.0,4.92,nan,yes,Hybrid,9.0,68.0,Master's,0
EMP00520,34.0,Male,Engineering,72953.85,8.0,1.59,Excellent,No,On-site,7.0,89.0,Bachelor's,0
EMP00521,54.0,Male,HR,65542.46,33.0,2.7,Medium,No,Hybrid,1.0,87.0,PhD,0
EMP00522,25.0,Male,Engineering,83069.93,36.0,3.87,High,,Hybrid,3.0,58.0,Associate,0
EMP00523,34.0,Male,HR,83629.8,9.0,1.86,Medium,No,Full Remote,3.0,81.0,Bachelor's,0
EMP00524,34.0,Male,Sales,54870.52,24.0,2.03,Medium,no,Hybrid,4.0,82.0,Master's,0
EMP00525,22.0,Female,Finance,70103.27,18.0,4.01,Medium,No,On-site,7.0,45.0,Master's,0
EMP00526,49.0,Male,Engineering,71855.31,0.0,1.55,Excellent,Yes,Hybrid,8.0,46.0,PhD,1
EMP00527,31.0,Female,Marketing,15773.9,25.0,1.1,nan,Yes,Hybrid,6.0,16.0,Master's,0
EMP00528,53.0,Prefer not to say,Sales,69957.5,2.0,1.87,High,No,On-site,7.0,3.0,High School,0
EMP00529,43.0,Male,Marketing,75626.68,17.0,2.9,Medium,Yes,nan,1.0,,Associate,0
EMP00530,30.0,Male,Engineering,87622.4,18.0,3.11,Medium,,Hybrid,8.0,36.0,Bachelor's,1
EMP00531,44.0,Male,HR,29340.07,31.0,3.57,Low,Yes,Full Remote,5.0,0.0,Bachelor's,1
EMP00532,51.0,Female,Sales,41460.81,14.0,3.87,Low,Yes,On-site,2.0,5.0,nan,1
EMP00533,40.0,Female,Sales,91598.77,18.0,3.09,High,no,On-site,4.0,80.0,Bachelor's,0
EMP00534,64.0,Male,Engineering,85118.66,39.0,4.14,Excellent,Yes,Full Remote,3.0,90.0,Bachelor's,0
EMP00535,30.0,Male,Sales,49679.66,12.0,2.35,Medium,no,Hybrid,6.0,45.0,Master's,0
EMP00536,37.0,Male,HR,51264.41,10.0,2.14,Medium,,On-site,9.0,32.0,Associate,1
EMP00537,48.0,Female,HR,76067.29,33.0,2.67,nan,No,Full Remote,8.0,17.0,Bachelor's,0
EMP00538,30.0,Male,SALES,62967.76,24.0,1.54,Excellent,No,Hybrid,3.0,71.0,Bachelor's,0
EMP00539,55.0,Female,engineering,79610.73,25.0,1.15,Low,yes,Full Remote,1.0,36.0,PhD,0
EMP00540,62.0,Male,Sales,23688.71,37.0,1.38,High,No,On-site,5.0,35.0,Bachelor's,0
EMP00541,60.0,Male,Engineering,,39.0,3.98,Excellent,No,Full Remote,9.0,95.0,PhD,0
EMP00542,24.0,Prefer not to say,Marketing,53935.99,24.0,1.57,Low,Yes,On-site,7.0,8.0,PhD,0
EMP00543,57.0,Female,Marketing,65464.62,35.0,4.44,High,Yes,Full Remote,5.0,31.0,High School,0
EMP00544,33.0,Female,Finance,61686.56,9.0,3.96,High,yes,Hybrid,2.0,37.0,Bachelor's,0
EMP00545,44.0,Male,Marketing,43104.44,19.0,3.72,Medium,No,On-site,8.0,20.0,Bachelor's,0
EMP00546,52.0,Prefer not to say,HR,69839.87,37.0,1.13,High,No,Full Remote,9.0,65.0,Bachelor's,0
EMP00547,60.0,Male,HR,64879.22,23.0,2.14,High,No,On-site,6.0,71.0,PhD,0
EMP00548,53.0,Female,Finance,94473.01,21.0,4.0,Low,yes,On-site,8.0,14.0,nan,0
EMP00549,24.0,Male,Sales,38575.79,12.0,3.43,High,no,Hybrid,5.0,50.0,High School,0
EMP00550,59.0,Male,Sales,83557.98,35.0,2.27,nan,Yes,Hybrid,7.0,13.0,High School,0
EMP00551,49.0,Non-binary,Finance,31733.99,37.0,1.18,Excellent,No,Hybrid,5.0,76.0,nan,0
EMP00552,45.0,Female,Finance,60134.91,0.0,1.11,Medium,Yes,On-site,5.0,17.0,Master's,0
EMP00553,41.0,Female,Engineering,40321.31,9.0,2.12,nan,Yes,Hybrid,5.0,78.0,Bachelor's,1
EMP00554,43.0,Male,Engineering,88135.02,20.0,1.55,High,yes,Hybrid,3.0,95.0,Bachelor's,0
EMP00555,58.0,Male,,43299.22,2.0,-1.0,Medium,No,Full Remote,5.0,31.0,Master's,0
EMP00556,53.0,Male,Engineering,112461.6,32.0,3.74,Low,No,On-site,1.0,42.0,Bachelor's,0
EMP00557,59.0,Non-binary,Sales,92343.34,38.0,3.27,Medium,No,On-site,4.0,38.0,Master's,0
EMP00558,50.0,Male,Engineering,41986.16,5.0,1.91,Medium,Yes,On-site,4.0,14.0,Master's,0
EMP00559,40.0,Female,engineering,56075.01,13.0,3.09,High,No,Full Remote,4.0,34.0,Associate,0
EMP00560,44.0,Male,engineering,77693.18,15.0,1.64,Low,no,Hybrid,5.0,44.0,Bachelor's,0
EMP00561,43.0,,Engineering,63677.63,19.0,3.97,Low,No,Hybrid,3.0,7.0,Master's,0
EMP00562,52.0,Male,engineering,51787.43,39.0,2.42,Medium,no,On-site,7.0,38.0,Bachelor's,0
EMP00563,50.0,Male,,91443.03,20.0,3.9,Medium,No,Full Remote,3.0,90.0,High School,0
EMP00564,38.0,Female,Engineering,62751.09,31.0,3.68,High,No,Hybrid,4.0,93.0,High School,0
EMP00565,50.0,,HR,63097.81,23.0,4.44,Excellent,No,Full Remote,4.0,40.0,Bachelor's,0
EMP00566,47.0,Male,Engineering,80493.57,27.0,4.5,Medium,Yes,Full Remote,1.0,61.0,Bachelor's,0
EMP00567,56.0,Male,Finance,80529.37,14.0,1.36,High,,Hybrid,5.0,40.0,Master's,0
EMP00568,35.0,Male,engineering,59179.12,6.0,,High,,On-site,2.0,38.0,Master's,0
EMP00569,64.0,Prefer not to say,Finance,61345.68,9.0,1.95,Low,No,Full Remote,4.0,51.0,PhD,0
EMP00570,28.0,Male,Finance,75999.63,,1.52,Medium,no,Hybrid,8.0,85.0,Bachelor's,0
EMP00571,41.0,Male,Sales,81549.88,19.0,3.82,Medium,Yes,Full Remote,4.0,63.0,Bachelor's,1
EMP00572,60.0,Male,Sales,36846.55,11.0,1.57,High,No,Full Remote,7.0,26.0,Master's,0
EMP00573,54.0,Male,engineering,72786.57,26.0,3.03,Excellent,yes,On-site,8.0,73.0,Master's,0
EMP00574,26.0,Female,Engineering,89136.78,15.0,4.72,Low,No,Full Remote,6.0,42.0,Bachelor's,0
EMP00575,59.0,Non-binary,Engineering,58489.72,16.0,4.54,Medium,yes,Full Remote,,95.0,nan,1
EMP00576,45.0,Male,Sales,67124.56,4.0,,Medium,No,Hybrid,5.0,61.0,Master's,0
EMP00577,43.0,Male,,53155.13,4.0,2.17,High,No,Hybrid,2.0,8.0,Master's,0
EMP00578,43.0,Female,Marketing,75428.61,4.0,2.12,Low,,Hybrid,9.0,95.0,PhD,0
EMP00579,55.0,Female,Sales,27921.36,12.0,2.01,Excellent,Yes,On-site,3.0,69.0,Bachelor's,0
EMP00580,32.0,Male,engineering,70845.12,18.0,1.25,High,Yes,On-site,6.0,33.0,Bachelor's,0
EMP00581,28.0,Male,engineering,,31.0,1.28,Excellent,No,Hybrid,8.0,19.0,Master's,0
EMP00582,23.0,Male,Engineering,51525.83,12.0,3.23,High,,Hybrid,4.0,33.0,Bachelor's,0
EMP00583,52.0,Male,SALES,88728.28,19.0,3.39,Medium,,Full Remote,7.0,85.0,Master's,0
EMP00584,49.0,Male,Engineering,73945.05,1.0,2.47,Excellent,yes,Hybrid,4.0,98.0,Bachelor's,0
EMP00585,44.0,Female,Engineering,57368.65,13.0,4.5,Excellent,No,Hybrid,4.0,1.0,Bachelor's,0
EMP00586,31.0,Female,engineering,43168.25,7.0,3.11,Low,No,On-site,3.0,66.0,Bachelor's,0
EMP00587,52.0,Female,HR,55475.36,39.0,1.49,Excellent,Yes,On-site,2.0,6.0,Bachelor's,1
EMP00588,46.0,Prefer not to say,Finance,57671.52,27.0,2.53,Low,No,Hybrid,6.0,3.0,Master's,0
EMP00589,45.0,Male,Finance,84120.24,2.0,1.53,High,No,Hybrid,2.0,47.0,Bachelor's,0
EMP00590,22.0,Female,engineering,63751.33,10.0,4.09,Medium,Yes,Hybrid,2.0,23.0,Bachelor's,1
EMP00591,30.0,Male,Engineering,47111.92,36.0,4.49,Medium,no,Hybrid,3.0,23.0,Bachelor's,1
EMP00592,40.0,,Finance,72729.73,24.0,3.71,Low,No,Full Remote,7.0,58.0,Master's,0
EMP00593,30.0,Prefer not to say,Sales,85987.85,28.0,2.43,High,No,On-site,3.0,21.0,Master's,0
EMP00594,49.0,Female,Finance,20490.17,26.0,4.35,Medium,Yes,Full Remote,4.0,99.0,Bachelor's,0
EMP00595,54.0,Female,HR,58626.88,7.0,1.39,High,,On-site,8.0,31.0,Bachelor's,0
EMP00596,63.0,Female,Marketing,72323.4,20.0,4.61,High,No,Full Remote,5.0,32.0,Bachelor's,0
EMP00597,41.0,Female,Marketing,29290.34,33.0,2.7,nan,No,Full Remote,8.0,38.0,nan,0
EMP00598,32.0,Male,Sales,68848.25,30.0,3.01,High,yes,On-site,9.0,35.0,High School,1
EMP00599,47.0,Male,Engineering,87004.83,32.0,4.92,Medium,no,Full Remote,9.0,85.0,Bachelor's,0
EMP00600,58.0,Female,Engineering,30346.45,9.0,2.49,High,Yes,Hybrid,3.0,76.0,Associate,0
EMP00601,51.0,Male,Engineering,63923.85,8.0,3.36,High,yes,On-site,7.0,39.0,Master's,1
EMP00602,30.0,Male,Sales,46212.11,12.0,2.47,Medium,Yes,Hybrid,8.0,28.0,Bachelor's,0
EMP00603,32.0,Male,Sales,0.0,4.0,1.04,High,No,Full Remote,2.0,81.0,Bachelor's,0
EMP00604,64.0,Non-binary,Engineering,60628.69,10.0,4.96,Medium,,On-site,1.0,49.0,PhD,0
EMP00605,31.0,Male,engineering,54209.02,19.0,1.16,High,no,On-site,9.0,62.0,Master's,1
EMP00606,49.0,Female,Marketing,70440.7,12.0,2.15,High,No,On-site,7.0,66.0,Bachelor's,0
EMP00607,27.0,Female,Engineering,72002.41,23.0,4.06,High,Yes,Hybrid,4.0,39.0,nan,1
EMP00608,37.0,Male,Finance,69448.29,13.0,4.26,Medium,No,On-site,2.0,46.0,Master's,0
EMP00609,50.0,Female,Marketing,82995.28,26.0,3.61,High,No,On-site,2.0,9.0,Bachelor's,0
EMP00610,28.0,Female,,,5.0,4.26,High,Yes,Hybrid,2.0,25.0,Master's,1
EMP00611,49.0,Male,Engineering,59193.11,13.0,1.99,Excellent,Yes,On-site,7.0,60.0,Bachelor's,0
EMP00612,50.0,Male,SALES,54670.48,18.0,2.22,Low,Yes,Full Remote,5.0,55.0,Bachelor's,0
EMP00613,24.0,Male,engineering,57721.26,31.0,4.87,High,No,Hybrid,2.0,20.0,Master's,0
EMP00614,23.0,Male,Marketing,84473.75,8.0,1.07,High,No,Hybrid,4.0,50.0,Bachelor's,0
EMP00615,30.0,Female,Engineering,89938.3,9.0,3.44,High,No,Hybrid,6.0,78.0,High School,0
EMP00616,49.0,Female,Marketing,72631.23,2.0,4.0,Excellent,Yes,Hybrid,7.0,48.0,Master's,0
EMP00617,25.0,Female,Marketing,58430.76,10.0,3.18,Excellent,No,Full Remote,7.0,32.0,High School,0
EMP00618,33.0,Non-binary,Engineering,77125.8,39.0,1.18,Low,Yes,Hybrid,8.0,95.0,PhD,0
EMP00619,27.0,Male,,82737.82,34.0,1.93,Medium,Yes,Hybrid,4.0,32.0,Bachelor's,0
EMP00620,62.0,Female,SALES,61308.26,13.0,2.47,nan,No,Full Remote,2.0,65.0,nan,0
EMP00621,50.0,Female,engineering,74895.36,6.0,1.68,nan,Yes,On-site,9.0,69.0,Associate,1
EMP00622,48.0,Male,HR,63213.92,23.0,2.08,High,Yes,Hybrid,9.0,84.0,Master's,0
EMP00623,52.0,Male,Sales,69289.24,7.0,1.31,High,No,Hybrid,1.0,79.0,High School,1
EMP00624,30.0,Female,Engineering,69979.48,10.0,2.63,High,no,Full Remote,4.0,11.0,Bachelor's,0
EMP00625,32.0,,Finance,62717.49,3.0,1.09,Excellent,No,Full Remote,7.0,22.0,Master's,0
EMP00626,62.0,Female,Engineering,49448.49,7.0,2.06,Excellent,Yes,Full Remote,7.0,11.0,Master's,0
EMP00627,55.0,Non-binary,,48631.41,19.0,3.05,High,Yes,Hybrid,5.0,77.0,Master's,0
EMP00628,43.0,Male,Sales,128300.86,5.0,3.99,Low,No,Hybrid,1.0,10.0,PhD,0
EMP00629,58.0,Female,Marketing,80178.79,35.0,3.74,High,no,Full Remote,4.0,71.0,Bachelor's,0
EMP00630,54.0,Male,Marketing,43174.76,17.0,3.54,Excellent,Yes,Hybrid,9.0,70.0,PhD,1
EMP00631,30.0,Female,Finance,75999.92,13.0,1.29,Medium,Yes,Hybrid,1.0,10.0,Master's,0
EMP00632,52.0,Male,SALES,55850.9,30.0,2.11,High,yes,On-site,9.0,29.0,Bachelor's,0
EMP00633,41.0,Female,Sales,87369.04,28.0,1.75,High,no,Full Remote,2.0,55.0,Bachelor's,0
EMP00634,30.0,Female,HR,64990.88,16.0,3.11,High,,On-site,3.0,74.0,Bachelor's,0
EMP00635,47.0,Female,Marketing,62849.99,13.0,1.66,High,Yes,On-site,7.0,72.0,Bachelor's,0
EMP00636,23.0,Female,Engineering,34406.79,23.0,3.56,Excellent,Yes,On-site,4.0,73.0,Master's,0
EMP00637,41.0,Male,Sales,56841.12,6.0,4.3,Medium,Yes,Full Remote,1.0,43.0,Bachelor's,0
EMP00638,44.0,Female,HR,78709.34,32.0,4.37,High,No,Full Remote,1.0,80.0,PhD,0
EMP00639,35.0,Female,Marketing,81312.37,37.0,2.33,Excellent,Yes,Hybrid,9.0,26.0,Associate,0
EMP00640,35.0,Female,Finance,55704.88,29.0,4.32,Medium,Yes,nan,2.0,47.0,Master's,0
EMP00641,26.0,Female,,92087.01,36.0,3.67,Medium,Yes,Full Remote,6.0,18.0,Associate,1
EMP00642,29.0,Non-binary,Finance,50991.69,1.0,1.41,Medium,Yes,On-site,3.0,61.0,Bachelor's,0
EMP00643,32.0,Male,Sales,69595.27,17.0,3.26,High,No,On-site,7.0,44.0,Bachelor's,0
EMP00644,59.0,Male,Sales,36366.13,32.0,4.55,Excellent,No,nan,6.0,76.0,Master's,0
EMP00645,30.0,Male,HR,73927.07,14.0,1.46,Excellent,No,On-site,1.0,87.0,Bachelor's,0
EMP00646,36.0,Male,Sales,66801.0,21.0,3.91,High,No,Hybrid,7.0,60.0,Master's,1
EMP00647,23.0,Female,Marketing,31120.75,3.0,2.36,High,Yes,On-site,5.0,51.0,PhD,0
EMP00648,41.0,Female,HR,35505.93,9.0,4.4,Medium,No,On-site,3.0,62.0,Bachelor's,0
EMP00649,23.0,Female,,95229.89,12.0,3.09,High,Yes,nan,7.0,97.0,High School,0
EMP00650,61.0,Female,Engineering,77691.18,7.0,3.85,nan,no,Full Remote,6.0,8.0,nan,0
EMP00651,37.0,Female,SALES,94682.23,28.0,1.35,Excellent,yes,On-site,9.0,5.0,PhD,0
EMP00652,34.0,Male,Finance,52549.95,20.0,1.73,Medium,No,Full Remote,5.0,13.0,Master's,0
EMP00653,33.0,Male,Marketing,62889.74,30.0,1.1,Medium,Yes,Hybrid,9.0,73.0,Associate,0
EMP00654,47.0,Male,Sales,42334.45,2.0,1.89,Low,No,On-site,8.0,40.0,Bachelor's,0
EMP00655,48.0,Non-binary,engineering,51921.03,21.0,2.3,Low,No,Full Remote,3.0,57.0,Bachelor's,0
EMP00656,58.0,Female,Engineering,42242.64,30.0,4.37,Excellent,No,On-site,7.0,38.0,Master's,0
EMP00657,63.0,Prefer not to say,Engineering,60827.93,35.0,3.71,Excellent,no,Hybrid,1.0,73.0,Master's,0
EMP00658,26.0,Female,Sales,73179.37,32.0,1.69,Medium,No,Hybrid,5.0,49.0,nan,0
EMP00659,63.0,Non-binary,Finance,59272.42,14.0,3.14,Low,Yes,On-site,7.0,33.0,Bachelor's,0
EMP00660,44.0,Male,HR,55877.66,35.0,3.08,Excellent,Yes,Full Remote,4.0,90.0,Associate,1
EMP00661,62.0,Female,Sales,80478.96,36.0,2.73,High,Yes,On-site,8.0,87.0,Master's,0
EMP00662,64.0,Non-binary,Sales,54203.73,,2.38,Medium,yes,On-site,3.0,97.0,Bachelor's,0
EMP00663,39.0,Female,,45034.63,0.0,2.76,Low,no,Full Remote,1.0,68.0,Bachelor's,0
EMP00664,57.0,Non-binary,Sales,78686.02,,3.64,Low,No,Hybrid,3.0,9.0,High School,0
EMP00665,39.0,Female,Engineering,31864.39,5.0,1.46,Low,Yes,Full Remote,1.0,3.0,Master's,0
EMP00666,32.0,,Marketing,111660.02,38.0,4.81,Excellent,yes,Full Remote,8.0,56.0,nan,0
EMP00667,,Female,Finance,86819.74,1.0,,Medium,yes,On-site,9.0,50.0,Master's,1
EMP00668,51.0,Male,SALES,67487.66,16.0,4.08,Excellent,No,Full Remote,4.0,3.0,PhD,0
EMP00669,22.0,Non-binary,Sales,88332.81,19.0,3.87,High,No,On-site,1.0,80.0,Master's,1
EMP00670,64.0,Female,Engineering,54046.89,7.0,2.7,Medium,Yes,On-site,5.0,98.0,Master's,1
EMP00671,51.0,Male,Engineering,43021.3,20.0,1.05,Medium,Yes,On-site,5.0,32.0,Bachelor's,1
EMP00672,53.0,Male,Marketing,49203.11,3.0,4.61,Medium,yes,Full Remote,4.0,34.0,Bachelor's,0
EMP00673,59.0,Female,Engineering,49493.01,23.0,3.36,Medium,Yes,On-site,5.0,33.0,Bachelor's,0
EMP00674,32.0,Male,Finance,72352.63,35.0,2.13,High,Yes,On-site,9.0,33.0,Master's,0
EMP00675,37.0,Female,Marketing,83030.59,1.0,2.78,High,Yes,On-site,2.0,85.0,PhD,0
EMP00676,26.0,Female,Marketing,59611.35,20.0,3.03,Medium,,Full Remote,2.0,43.0,Master's,0
EMP00677,59.0,Male,Sales,70010.92,21.0,4.52,High,no,Hybrid,9.0,43.0,Bachelor's,0
EMP00678,62.0,Male,engineering,85909.92,14.0,4.01,High,,On-site,7.0,64.0,Bachelor's,0
EMP00679,51.0,Female,Sales,80487.92,28.0,2.75,High,,Hybrid,5.0,37.0,Bachelor's,1
EMP00680,49.0,Male,Marketing,66690.86,17.0,3.96,Excellent,Yes,On-site,3.0,11.0,PhD,0
EMP00681,55.0,Female,Sales,40354.44,15.0,1.86,Medium,Yes,Full Remote,5.0,20.0,Master's,0
EMP00682,53.0,,,46250.62,0.0,2.28,Medium,No,Full Remote,4.0,37.0,Master's,0
EMP00683,64.0,Female,Finance,61913.74,,1.92,Medium,no,Full Remote,,9.0,Master's,0
EMP00684,35.0,Prefer not to say,,55896.55,17.0,3.92,High,No,On-site,1.0,73.0,Master's,1
EMP00685,,,SALES,48294.68,7.0,4.87,High,No,On-site,3.0,38.0,Bachelor's,0
EMP00686,61.0,Male,Sales,71684.55,23.0,1.42,nan,no,Full Remote,5.0,76.0,nan,0
EMP00687,47.0,Male,Marketing,57297.63,8.0,4.47,Medium,Yes,On-site,5.0,9.0,Bachelor's,0
EMP00688,30.0,Male,Finance,61032.73,0.0,2.03,Medium,no,On-site,4.0,81.0,Bachelor's,0
EMP00689,62.0,Male,Sales,99116.29,33.0,2.8,Low,Yes,On-site,7.0,4.0,Bachelor's,0
EMP00690,60.0,Prefer not to say,Sales,69451.51,14.0,4.59,Medium,No,Full Remote,5.0,36.0,Master's,0
EMP00691,29.0,Male,Sales,55224.67,17.0,1.87,Medium,No,Hybrid,9.0,77.0,Bachelor's,0
EMP00692,40.0,Prefer not to say,Sales,61335.87,37.0,3.15,Low,No,Hybrid,4.0,26.0,High School,0
EMP00693,53.0,Male,Marketing,93372.72,11.0,4.34,High,,On-site,4.0,58.0,Master's,0
EMP00694,,Female,Engineering,34212.81,37.0,2.07,High,No,On-site,7.0,14.0,Master's,0
EMP00695,47.0,Female,Marketing,56251.41,30.0,3.84,Low,no,On-site,1.0,97.0,Bachelor's,1
EMP00696,55.0,Female,Marketing,67056.37,3.0,2.81,High,no,Hybrid,1.0,92.0,Bachelor's,0
EMP00697,61.0,Male,Marketing,74506.93,9.0,4.53,Low,No,Full Remote,6.0,83.0,nan,0
EMP00698,23.0,Female,Finance,102605.78,33.0,2.34,High,yes,Hybrid,6.0,13.0,Bachelor's,0
EMP00699,51.0,Male,Finance,61119.87,38.0,4.74,High,,Hybrid,5.0,75.0,Bachelor's,0
EMP00700,32.0,Male,,52346.73,32.0,3.79,High,no,Full Remote,4.0,63.0,Bachelor's,0
EMP00701,54.0,Female,Sales,60938.34,17.0,4.63,Excellent,yes,Full Remote,7.0,0.0,Bachelor's,0
EMP00702,59.0,Female,Finance,74399.55,4.0,1.19,High,yes,On-site,3.0,28.0,PhD,0
EMP00703,61.0,Female,engineering,67568.74,8.0,4.02,High,,Hybrid,1.0,94.0,Bachelor's,1
EMP00704,34.0,Female,engineering,59104.4,19.0,3.33,Medium,No,Full Remote,6.0,39.0,Bachelor's,0
EMP00705,39.0,Male,Finance,51879.44,13.0,2.99,Medium,Yes,Hybrid,8.0,16.0,Associate,1
EMP00706,61.0,Female,Sales,23683.82,22.0,4.16,Low,No,nan,6.0,96.0,High School,0
EMP00707,49.0,Male,SALES,60056.17,18.0,2.96,nan,No,Hybrid,,59.0,PhD,1
EMP00708,63.0,Female,Sales,79559.71,18.0,2.39,Excellent,no,Hybrid,6.0,56.0,Master's,1
EMP00709,37.0,Male,Sales,53865.77,22.0,3.59,Low,Yes,On-site,7.0,8.0,Master's,0
EMP00710,38.0,Male,SALES,56383.84,31.0,2.39,Excellent,No,Hybrid,9.0,96.0,PhD,0
EMP00711,39.0,Male,Finance,70678.42,37.0,3.85,Medium,No,Full Remote,5.0,79.0,High School,0
EMP00712,55.0,Female,SALES,,23.0,2.01,High,No,Full Remote,2.0,95.0,Master's,0
EMP00713,39.0,Male,Sales,95110.98,2.0,1.74,High,Yes,nan,3.0,72.0,High School,0
EMP00714,30.0,Male,Marketing,32444.99,28.0,4.32,High,Yes,Full Remote,8.0,6.0,High School,1
EMP00715,49.0,Male,Engineering,65286.15,17.0,3.24,Excellent,,Hybrid,7.0,58.0,Master's,0
EMP00716,52.0,Male,Finance,69035.02,20.0,4.36,High,No,Hybrid,9.0,27.0,Bachelor's,0
EMP00717,61.0,Female,Sales,78735.53,35.0,4.31,Excellent,Yes,On-site,8.0,70.0,Bachelor's,0
EMP00718,38.0,Female,HR,66065.41,13.0,1.67,Medium,No,Full Remote,9.0,97.0,Master's,0
EMP00719,60.0,Male,Sales,54102.59,23.0,1.19,Medium,No,On-site,4.0,69.0,Master's,0
EMP00720,51.0,Female,Engineering,72394.59,32.0,1.09,Medium,No,Full Remote,1.0,94.0,PhD,0
EMP00721,45.0,Non-binary,Sales,54055.3,4.0,2.67,Excellent,No,Full Remote,7.0,1.0,PhD,0
EMP00722,38.0,Female,Sales,78620.26,11.0,4.82,Excellent,Yes,Hybrid,5.0,44.0,Master's,1
EMP00723,44.0,Male,Marketing,32222.76,36.0,4.12,High,,Full Remote,1.0,71.0,Bachelor's,0
EMP00724,23.0,Non-binary,Finance,75172.67,1.0,1.9,Medium,No,Hybrid,6.0,22.0,Bachelor's,0
EMP00725,43.0,Female,Finance,57397.14,,3.09,High,No,On-site,4.0,24.0,PhD,0
EMP00726,64.0,Male,engineering,72465.77,37.0,1.46,Excellent,,Hybrid,3.0,54.0,PhD,0
EMP00727,45.0,Female,Finance,88169.58,8.0,3.05,High,yes,Hybrid,4.0,25.0,High School,0
EMP00728,39.0,Female,Finance,69717.63,6.0,1.34,High,yes,Hybrid,9.0,88.0,Bachelor's,0
EMP00729,33.0,Prefer not to say,Marketing,60670.81,29.0,2.67,Excellent,No,Hybrid,9.0,82.0,Bachelor's,1
EMP00730,34.0,Female,Engineering,62635.33,20.0,4.96,High,No,On-site,7.0,18.0,Associate,0
EMP00731,25.0,Male,Sales,27237.92,14.0,3.86,Low,yes,On-site,4.0,70.0,High School,1
EMP00732,48.0,Female,Marketing,67953.76,29.0,4.83,Medium,No,Hybrid,,5.0,PhD,0
EMP00733,45.0,Prefer not to say,,70781.38,39.0,3.66,Low,Yes,Hybrid,3.0,20.0,Bachelor's,0
EMP00734,55.0,Female,Sales,49950.59,25.0,3.19,Medium,No,Full Remote,9.0,89.0,Master's,1
EMP00735,42.0,Female,Engineering,79227.21,11.0,3.36,Low,No,Hybrid,4.0,67.0,Master's,0
EMP00736,45.0,Female,engineering,88428.75,3.0,1.22,High,No,On-site,9.0,39.0,Bachelor's,0
EMP00737,40.0,Male,HR,76077.93,28.0,2.35,Excellent,Yes,Hybrid,7.0,84.0,Master's,0
EMP00738,53.0,Male,Marketing,62992.35,30.0,4.93,Excellent,Yes,nan,9.0,90.0,Associate,0
EMP00739,22.0,Female,Sales,65960.01,27.0,3.16,High,,On-site,5.0,43.0,High School,0
EMP00740,54.0,Female,engineering,87332.36,18.0,4.53,High,Yes,Full Remote,5.0,4.0,Bachelor's,1
EMP00741,38.0,Female,Engineering,83782.79,38.0,4.37,Excellent,No,Full Remote,1.0,56.0,Bachelor's,0
EMP00742,40.0,Non-binary,HR,92540.74,11.0,3.35,nan,No,On-site,6.0,2.0,PhD,0
EMP00743,48.0,,engineering,76695.9,15.0,1.85,High,yes,On-site,8.0,99.0,Master's,0
EMP00744,26.0,Female,Marketing,72576.47,3.0,4.1,Excellent,No,Full Remote,3.0,53.0,Bachelor's,0
EMP00745,38.0,Prefer not to say,Sales,84620.01,37.0,1.59,Medium,Yes,Full Remote,6.0,94.0,nan,0
EMP00746,52.0,Female,Engineering,65653.69,4.0,4.8,Excellent,No,On-site,1.0,69.0,Master's,0
EMP00747,41.0,Female,Finance,69186.09,37.0,4.85,Medium,no,Hybrid,3.0,76.0,High School,0
EMP00748,58.0,Male,Engineering,73937.38,2.0,2.08,High,yes,On-site,9.0,50.0,PhD,0
EMP00749,55.0,Female,Sales,47593.68,23.0,4.63,Medium,No,Hybrid,5.0,99.0,Bachelor's,1
EMP00750,26.0,Male,Sales,54092.86,20.0,4.31,Excellent,No,Full Remote,3.0,55.0,Master's,0
EMP00751,26.0,Male,Sales,58552.4,4.0,3.61,Medium,Yes,Hybrid,6.0,0.0,Bachelor's,0
EMP00752,51.0,,Marketing,88766.75,34.0,4.62,Medium,yes,Hybrid,6.0,1.0,High School,0
EMP00753,63.0,Female,Sales,57163.21,24.0,4.72,High,No,Hybrid,9.0,73.0,Bachelor's,0
EMP00754,48.0,Female,HR,34265.54,9.0,1.3,High,yes,On-site,5.0,44.0,Master's,0
EMP00755,33.0,Non-binary,HR,70901.26,12.0,3.07,Excellent,no,On-site,4.0,17.0,High School,0
EMP00756,64.0,Male,Sales,,27.0,2.59,Excellent,No,Full Remote,2.0,41.0,PhD,0
EMP00757,26.0,Male,Marketing,50942.1,8.0,1.29,Medium,no,On-site,9.0,60.0,High School,0
EMP00758,48.0,Male,Finance,61050.21,31.0,3.54,High,no,Hybrid,9.0,98.0,Master's,1
EMP00759,25.0,Prefer not to say,Finance,67006.44,6.0,1.4,Medium,No,nan,1.0,0.0,Associate,0
EMP00760,46.0,Female,Sales,67505.8,6.0,3.9,nan,No,Full Remote,9.0,87.0,Master's,0
EMP00761,62.0,Male,Sales,76226.81,28.0,2.4,High,Yes,Hybrid,,99.0,Bachelor's,0
EMP00762,46.0,Male,Engineering,74870.85,6.0,2.09,Medium,,Hybrid,2.0,35.0,Master's,0
EMP00763,26.0,Female,,60494.2,17.0,4.57,High,No,Full Remote,5.0,87.0,nan,0
EMP00764,31.0,Male,Sales,74462.8,37.0,1.07,High,yes,On-site,1.0,82.0,PhD,0
EMP00765,49.0,Male,Engineering,60272.39,18.0,2.76,High,no,Full Remote,9.0,77.0,nan,0
EMP00766,49.0,Female,Sales,17280.33,18.0,,Excellent,No,Hybrid,8.0,44.0,Bachelor's,0
EMP00767,53.0,Prefer not to say,Sales,73841.34,32.0,3.3,Excellent,No,Hybrid,6.0,32.0,Bachelor's,0
EMP00768,40.0,Female,Finance,81078.62,8.0,3.45,Medium,Yes,Hybrid,5.0,71.0,Master's,0
EMP00769,49.0,Male,Sales,82342.67,1.0,2.69,Medium,no,On-site,8.0,56.0,Master's,0
EMP00770,57.0,Female,engineering,60204.11,39.0,4.79,Excellent,Yes,Hybrid,4.0,92.0,Bachelor's,0
EMP00771,57.0,Female,Marketing,46291.26,32.0,2.18,Medium,yes,Hybrid,5.0,96.0,Master's,0
EMP00772,31.0,Non-binary,Sales,58563.27,12.0,4.91,Excellent,no,On-site,7.0,74.0,PhD,0
EMP00773,50.0,Female,Engineering,13657.99,31.0,4.66,Medium,yes,Hybrid,2.0,40.0,Bachelor's,0
EMP00774,31.0,Female,Finance,62958.04,24.0,4.42,High,no,Full Remote,9.0,11.0,Master's,1
EMP00775,33.0,Male,Sales,89955.26,2.0,1.17,High,Yes,On-site,6.0,26.0,Master's,0
EMP00776,56.0,Female,engineering,85297.02,1.0,1.55,Low,Yes,Full Remote,5.0,64.0,High School,1
EMP00777,35.0,Female,HR,66661.44,38.0,2.07,Excellent,No,Full Remote,9.0,96.0,Bachelor's,0
EMP00778,62.0,Male,Finance,60141.33,30.0,3.29,High,No,On-site,8.0,70.0,Bachelor's,0
EMP00779,51.0,Prefer not to say,Sales,72491.42,4.0,1.83,Low,Yes,Full Remote,9.0,14.0,PhD,0
EMP00780,42.0,Male,,80721.35,6.0,3.21,Excellent,No,Hybrid,7.0,13.0,Bachelor's,0
EMP00781,53.0,Female,,35627.29,30.0,-1.0,High,No,Hybrid,8.0,25.0,Bachelor's,0
EMP00782,41.0,Male,Engineering,79776.94,31.0,1.19,nan,Yes,On-site,6.0,73.0,PhD,0
EMP00783,27.0,Male,,58014.13,36.0,3.46,Medium,yes,On-site,9.0,5.0,Bachelor's,0
EMP00784,27.0,Male,Marketing,44118.11,33.0,2.2,Medium,Yes,Full Remote,5.0,96.0,Master's,0
EMP00785,34.0,Female,engineering,89918.72,32.0,3.04,Excellent,No,On-site,9.0,74.0,PhD,0
EMP00786,26.0,Male,Finance,31824.52,4.0,4.66,Excellent,,Full Remote,4.0,91.0,nan,0
EMP00787,55.0,Male,Sales,77083.57,16.0,3.79,Medium,No,On-site,9.0,17.0,Bachelor's,0
EMP00788,48.0,Male,SALES,73278.77,33.0,4.67,Medium,no,On-site,2.0,61.0,Bachelor's,0
EMP00789,39.0,Male,Sales,94432.56,29.0,2.55,Excellent,No,Hybrid,2.0,42.0,nan,1
EMP00790,62.0,Female,Sales,78773.58,2.0,3.32,High,No,On-site,2.0,1.0,Bachelor's,1
EMP00791,55.0,Male,HR,49903.42,7.0,3.32,Excellent,yes,Full Remote,9.0,96.0,High School,0
EMP00792,50.0,Male,HR,91859.98,11.0,2.49,Excellent,Yes,On-site,2.0,28.0,Master's,1
EMP00793,62.0,Female,engineering,72104.89,36.0,2.68,Medium,No,Full Remote,6.0,96.0,PhD,1
EMP00794,47.0,Female,SALES,95888.21,7.0,2.9,Excellent,Yes,On-site,8.0,75.0,Bachelor's,0
EMP00795,45.0,Male,HR,79900.96,24.0,4.38,Medium,Yes,Hybrid,3.0,78.0,Master's,0
EMP00796,45.0,Female,Marketing,31309.93,26.0,4.81,High,No,Hybrid,1.0,80.0,Master's,0
EMP00797,54.0,Female,Finance,67856.43,13.0,2.41,Medium,No,On-site,5.0,72.0,Master's,0
EMP00798,45.0,Male,Marketing,83703.2,20.0,,Excellent,Yes,On-site,8.0,56.0,Master's,0
EMP00799,51.0,Male,Finance,63594.05,9.0,4.52,High,,Hybrid,7.0,35.0,High School,0
EMP00800,34.0,Male,Sales,61014.81,35.0,1.79,High,Yes,Hybrid,3.0,15.0,Master's,1
EMP00801,51.0,Male,Sales,80774.17,21.0,2.65,Excellent,No,On-site,9.0,70.0,Master's,0
EMP00802,27.0,Female,Engineering,63854.34,15.0,2.58,Excellent,Yes,nan,2.0,9.0,Bachelor's,0
EMP00803,27.0,Female,Engineering,28322.31,20.0,1.25,Medium,No,Hybrid,6.0,84.0,High School,0
EMP00804,46.0,,Marketing,95350.39,23.0,4.01,Medium,No,On-site,1.0,27.0,Bachelor's,0
EMP00805,57.0,Female,Marketing,69217.8,10.0,1.51,High,Yes,On-site,1.0,2.0,PhD,0
EMP00806,41.0,Male,Finance,66958.28,11.0,1.07,Medium,,Full Remote,8.0,16.0,Associate,0
EMP00807,46.0,Male,SALES,58797.35,38.0,2.86,nan,no,On-site,8.0,76.0,Bachelor's,0
EMP00808,47.0,Male,HR,97839.0,34.0,2.37,High,no,Full Remote,6.0,19.0,Master's,0
EMP00809,53.0,Female,Engineering,57882.23,24.0,3.05,Excellent,No,Full Remote,5.0,20.0,Bachelor's,0
EMP00810,42.0,Male,engineering,77502.5,38.0,1.3,Medium,Yes,On-site,2.0,64.0,Master's,0
EMP00811,34.0,Male,HR,59029.13,5.0,3.08,Excellent,No,nan,5.0,69.0,Bachelor's,1
EMP00812,55.0,Male,HR,53625.41,36.0,4.76,Excellent,No,nan,8.0,34.0,PhD,0
EMP00813,26.0,Female,Engineering,58757.94,39.0,2.32,nan,No,On-site,6.0,88.0,PhD,0
EMP00814,39.0,Female,,79151.96,19.0,2.62,Medium,yes,Full Remote,5.0,11.0,Bachelor's,0
EMP00815,49.0,Female,Sales,23196.07,35.0,4.58,Medium,yes,Hybrid,7.0,29.0,High School,1
EMP00816,48.0,Female,Sales,74288.28,6.0,2.09,Medium,Yes,Hybrid,6.0,61.0,Master's,0
EMP00817,47.0,Male,Engineering,60063.22,3.0,3.09,Excellent,No,On-site,3.0,98.0,PhD,0
EMP00818,24.0,Female,Engineering,67867.86,22.0,4.76,Medium,No,Hybrid,5.0,52.0,Master's,0
EMP00819,,Male,HR,85568.12,13.0,4.86,High,Yes,Hybrid,4.0,28.0,High School,1
EMP00820,59.0,Male,HR,67071.1,28.0,4.22,High,No,Full Remote,5.0,99.0,Master's,0
EMP00821,54.0,Female,Finance,68347.86,23.0,4.21,nan,No,Hybrid,6.0,85.0,Master's,0
EMP00822,48.0,Male,Engineering,50833.01,19.0,4.39,High,no,Full Remote,8.0,59.0,Master's,1
EMP00823,51.0,Female,,78135.32,27.0,2.75,High,,Hybrid,1.0,81.0,Master's,0
EMP00824,25.0,,Engineering,29558.52,33.0,1.34,High,No,Hybrid,5.0,7.0,Bachelor's,0
EMP00825,27.0,Female,Engineering,70553.85,36.0,1.59,Low,Yes,nan,8.0,34.0,Master's,0
EMP00826,34.0,Female,Engineering,26315.02,28.0,3.89,Medium,yes,Hybrid,7.0,91.0,Bachelor's,0
EMP00827,30.0,Male,engineering,62425.72,33.0,3.32,Medium,No,Hybrid,3.0,32.0,Bachelor's,0
EMP00828,50.0,Female,Sales,64013.91,5.0,4.14,Excellent,Yes,Hybrid,8.0,41.0,Bachelor's,0
EMP00829,40.0,Male,Finance,50738.46,17.0,3.1,High,No,Full Remote,8.0,6.0,nan,0
EMP00830,63.0,Female,Sales,68105.88,13.0,3.09,Medium,No,Hybrid,5.0,84.0,Bachelor's,0
EMP00831,54.0,Female,Sales,58245.37,38.0,1.48,Medium,No,Hybrid,6.0,39.0,Associate,0
EMP00832,58.0,Male,HR,81399.02,20.0,1.67,High,No,Hybrid,5.0,16.0,Master's,0
EMP00833,35.0,Female,engineering,61550.26,31.0,2.36,Low,No,On-site,7.0,94.0,Bachelor's,0
EMP00834,34.0,Female,engineering,46397.79,14.0,2.5,Excellent,No,On-site,4.0,49.0,High School,0
EMP00835,25.0,Female,Marketing,71017.5,19.0,3.28,High,Yes,Hybrid,4.0,78.0,Master's,0
EMP00836,24.0,Male,Finance,29105.06,32.0,1.41,Excellent,No,Full Remote,1.0,43.0,Bachelor's,1
EMP00837,47.0,Female,Sales,65059.73,2.0,2.79,Low,yes,Full Remote,3.0,42.0,PhD,0
EMP00838,42.0,Male,SALES,84590.83,29.0,3.15,Medium,No,Hybrid,3.0,0.0,High School,0
EMP00839,48.0,Male,Engineering,85288.31,29.0,1.76,Medium,No,Full Remote,5.0,15.0,High School,0
EMP00840,24.0,Male,Sales,36384.37,6.0,3.83,Excellent,yes,Full Remote,3.0,43.0,nan,0
EMP00841,54.0,Male,HR,60946.13,2.0,1.25,High,No,On-site,3.0,90.0,High School,0
EMP00842,30.0,,Engineering,95145.29,12.0,1.08,Medium,Yes,On-site,1.0,49.0,PhD,0
EMP00843,,Female,Sales,49095.26,37.0,3.52,Excellent,Yes,On-site,4.0,79.0,nan,0
EMP00844,31.0,Male,engineering,77596.82,28.0,1.77,Excellent,No,On-site,4.0,96.0,Master's,1
EMP00845,64.0,Male,HR,63360.79,2.0,3.95,Medium,No,Hybrid,1.0,44.0,Master's,0
EMP00846,44.0,Female,Engineering,28267.8,31.0,3.61,Medium,,On-site,8.0,97.0,Associate,1
EMP00847,51.0,Female,Sales,77599.85,3.0,4.3,Medium,yes,On-site,6.0,80.0,Bachelor's,0
EMP00848,34.0,Male,Engineering,81328.8,0.0,2.43,Excellent,No,On-site,9.0,16.0,Bachelor's,0
EMP00849,23.0,Female,Engineering,59119.47,12.0,3.7,Medium,No,Hybrid,,38.0,High School,0
EMP00850,52.0,Male,Sales,87665.09,6.0,3.9,High,No,Full Remote,1.0,91.0,Bachelor's,1
EMP00851,31.0,Male,,91796.27,11.0,3.42,High,No,Hybrid,1.0,39.0,Bachelor's,0
EMP00852,48.0,Female,Marketing,48971.44,5.0,4.09,High,Yes,On-site,1.0,21.0,Master's,0
EMP00853,49.0,Female,Sales,51331.01,10.0,1.98,Medium,Yes,Full Remote,1.0,19.0,Associate,1
EMP00854,54.0,Prefer not to say,Sales,42820.63,29.0,1.33,Medium,No,Hybrid,2.0,98.0,Bachelor's,0
EMP00855,34.0,Female,HR,68312.01,4.0,2.64,High,,On-site,3.0,40.0,Master's,0
EMP00856,39.0,Male,Engineering,48692.77,7.0,1.18,Medium,No,Full Remote,3.0,97.0,PhD,0
EMP00857,64.0,Female,HR,106966.24,32.0,1.52,High,No,On-site,8.0,54.0,Bachelor's,1
EMP00858,50.0,Male,Finance,58309.41,2.0,4.13,Medium,Yes,On-site,3.0,73.0,Master's,0
EMP00859,43.0,Female,Engineering,66534.42,27.0,1.12,Medium,Yes,Hybrid,2.0,50.0,Bachelor's,1
EMP00860,37.0,Male,SALES,52472.03,4.0,1.38,High,yes,On-site,5.0,75.0,High School,0
EMP00861,26.0,Male,engineering,96504.74,39.0,1.2,High,yes,On-site,4.0,17.0,Bachelor's,0
EMP00862,61.0,Male,Marketing,60834.85,17.0,,Medium,No,On-site,6.0,14.0,Bachelor's,0
EMP00863,37.0,Prefer not to say,Marketing,52883.82,24.0,3.61,Excellent,,On-site,2.0,53.0,Master's,1
EMP00864,32.0,Male,Marketing,77086.27,22.0,2.8,High,yes,Hybrid,6.0,5.0,Master's,0
EMP00865,40.0,Female,Engineering,102726.31,23.0,3.3,Medium,Yes,On-site,5.0,39.0,High School,0
EMP00866,58.0,Male,Engineering,88214.47,11.0,3.3,Medium,Yes,Full Remote,7.0,24.0,Master's,0
EMP00867,28.0,Female,,61350.64,23.0,1.37,Medium,Yes,nan,9.0,77.0,Bachelor's,0
EMP00868,33.0,Female,HR,67076.71,7.0,4.6,Medium,Yes,Full Remote,1.0,44.0,PhD,0
EMP00869,29.0,Female,Sales,67048.57,21.0,4.12,High,yes,Full Remote,9.0,85.0,Master's,0
EMP00870,61.0,Male,Finance,65945.11,31.0,2.74,Excellent,Yes,On-site,1.0,34.0,Bachelor's,0
EMP00871,30.0,Male,Sales,67802.2,33.0,4.97,High,Yes,On-site,2.0,15.0,Master's,0
EMP00872,33.0,Female,Sales,79886.87,38.0,2.27,High,,Full Remote,3.0,33.0,Master's,0
EMP00873,25.0,Male,Marketing,80415.72,26.0,2.22,High,No,Hybrid,7.0,82.0,Bachelor's,0
EMP00874,57.0,Female,Sales,52311.01,29.0,4.98,Medium,No,On-site,3.0,84.0,Bachelor's,0
EMP00875,27.0,Non-binary,Sales,46546.43,5.0,1.75,High,No,Full Remote,9.0,90.0,Bachelor's,0
EMP00876,40.0,Female,Engineering,79606.04,8.0,4.48,Low,no,Hybrid,4.0,34.0,PhD,0
EMP00877,30.0,Female,,52606.23,21.0,2.32,Excellent,Yes,Hybrid,2.0,61.0,Associate,0
EMP00878,24.0,Female,Sales,64131.45,12.0,1.94,Excellent,No,On-site,4.0,78.0,Master's,1
EMP00879,36.0,Male,Sales,79761.8,9.0,3.88,High,Yes,Hybrid,3.0,49.0,Bachelor's,1
EMP00880,24.0,Female,Engineering,80708.58,14.0,3.15,High,No,Hybrid,3.0,9.0,PhD,0
EMP00881,61.0,Male,engineering,51768.7,22.0,4.98,High,Yes,nan,9.0,1.0,Associate,0
EMP00882,30.0,Male,Sales,91303.81,14.0,1.45,Medium,no,On-site,9.0,58.0,Master's,0
EMP00883,23.0,Prefer not to say,Finance,73440.91,24.0,4.99,High,no,On-site,4.0,27.0,Master's,0
EMP00884,38.0,Prefer not to say,Sales,68992.2,36.0,3.91,High,No,Hybrid,1.0,90.0,High School,0
EMP00885,45.0,Male,Engineering,103342.82,24.0,1.9,High,No,Hybrid,6.0,87.0,Master's,0
EMP00886,48.0,Male,Finance,88225.51,1.0,4.76,Medium,Yes,Full Remote,9.0,44.0,Bachelor's,0
EMP00887,63.0,Male,engineering,85385.95,12.0,2.56,High,yes,Full Remote,1.0,66.0,Master's,0
EMP00888,52.0,Male,Engineering,46897.83,18.0,4.54,High,No,Hybrid,8.0,32.0,nan,0
EMP00889,57.0,Female,Finance,75794.82,2.0,1.11,Medium,no,Hybrid,7.0,68.0,Associate,0
EMP00890,35.0,Female,Finance,59833.42,3.0,1.81,Medium,Yes,Full Remote,2.0,34.0,Master's,0
EMP00891,43.0,Non-binary,Engineering,45221.25,39.0,4.37,Medium,Yes,Hybrid,8.0,5.0,Bachelor's,0
EMP00892,40.0,,engineering,60024.64,23.0,3.24,Medium,no,Hybrid,4.0,15.0,Master's,1
EMP00893,31.0,Male,Sales,88598.27,20.0,4.46,Medium,Yes,On-site,8.0,50.0,Bachelor's,0
EMP00894,29.0,Female,Sales,61150.76,30.0,4.64,Medium,No,Hybrid,7.0,57.0,Master's,0
EMP00895,51.0,Female,Finance,64764.47,22.0,2.74,Low,yes,nan,7.0,51.0,Bachelor's,0
EMP00896,52.0,Male,Marketing,77764.94,28.0,2.19,High,,Hybrid,7.0,38.0,Bachelor's,0
EMP00897,64.0,Female,Marketing,68831.87,27.0,2.01,High,No,Full Remote,9.0,67.0,Master's,1
EMP00898,64.0,Female,Engineering,48838.86,14.0,1.43,Medium,No,On-site,6.0,78.0,Bachelor's,0
EMP00899,64.0,Male,Sales,74174.72,2.0,3.31,High,No,On-site,6.0,21.0,Bachelor's,0
EMP00900,22.0,,Finance,41443.15,2.0,2.07,Excellent,Yes,On-site,2.0,73.0,Bachelor's,0
EMP00901,57.0,Male,,52283.1,39.0,2.75,Medium,No,Hybrid,2.0,84.0,Bachelor's,0
EMP00902,31.0,Prefer not to say,Sales,77811.53,30.0,4.92,nan,,Hybrid,3.0,72.0,Bachelor's,0
EMP00903,59.0,Female,Engineering,53225.32,15.0,3.61,High,No,On-site,8.0,61.0,Bachelor's,0
EMP00904,50.0,Female,Sales,76133.26,35.0,3.6,Medium,No,On-site,1.0,6.0,Bachelor's,0
EMP00905,32.0,Male,Finance,84172.76,,3.59,Excellent,Yes,Hybrid,9.0,2.0,Bachelor's,0
EMP00906,35.0,Female,Marketing,53092.04,19.0,2.88,High,No,nan,2.0,50.0,Master's,0
EMP00907,34.0,Non-binary,SALES,68629.26,33.0,4.74,Low,no,Full Remote,3.0,52.0,PhD,0
EMP00908,38.0,Male,Marketing,64824.12,39.0,5.0,Excellent,no,Hybrid,9.0,14.0,PhD,0
EMP00909,36.0,Female,Sales,57527.39,14.0,2.36,Medium,No,On-site,2.0,15.0,Bachelor's,0
EMP00910,45.0,Prefer not to say,Sales,24077.87,27.0,2.41,Medium,No,On-site,5.0,8.0,Bachelor's,0
EMP00911,49.0,Male,Marketing,44371.84,15.0,4.27,High,no,Hybrid,1.0,39.0,Master's,0
EMP00912,40.0,Female,Marketing,88407.23,28.0,3.62,Excellent,yes,Full Remote,4.0,64.0,High School,0
EMP00913,61.0,Male,Marketing,80335.55,37.0,3.83,Low,Yes,On-site,1.0,71.0,High School,0
EMP00914,30.0,Female,Sales,49272.36,32.0,4.74,Medium,yes,Full Remote,8.0,94.0,Master's,1
EMP00915,24.0,Male,Engineering,57231.79,38.0,1.93,Low,No,Hybrid,4.0,49.0,Bachelor's,0
EMP00916,61.0,Prefer not to say,Marketing,65887.96,7.0,3.41,High,No,Hybrid,3.0,98.0,Bachelor's,0
EMP00917,40.0,Male,Sales,28926.83,32.0,3.25,Medium,Yes,On-site,7.0,96.0,Master's,0
EMP00918,53.0,Prefer not to say,Marketing,55148.24,1.0,1.2,nan,,Hybrid,7.0,32.0,High School,0
EMP00919,24.0,Male,HR,53110.45,4.0,2.31,Medium,No,Hybrid,4.0,45.0,Master's,0
EMP00920,42.0,Male,Finance,50149.68,30.0,3.81,High,No,Hybrid,9.0,82.0,Master's,0
EMP00921,51.0,Male,Marketing,46026.29,1.0,4.14,Excellent,No,On-site,8.0,89.0,Master's,0
EMP00922,61.0,Male,Engineering,72934.37,5.0,2.77,Excellent,No,Hybrid,9.0,0.0,Bachelor's,0
EMP00923,58.0,Female,Sales,89248.38,24.0,1.69,Excellent,Yes,Hybrid,8.0,65.0,Master's,0
EMP00924,31.0,Female,Engineering,68688.76,36.0,2.54,High,No,Full Remote,5.0,36.0,High School,0
EMP00925,41.0,Male,,96482.12,5.0,4.75,High,No,On-site,7.0,97.0,Master's,1
EMP00926,52.0,Male,engineering,63607.46,29.0,2.04,Medium,Yes,Full Remote,2.0,0.0,Bachelor's,1
EMP00927,60.0,Female,Marketing,68956.9,35.0,4.44,Medium,no,Full Remote,4.0,56.0,Master's,0
EMP00928,40.0,Female,Sales,86889.13,25.0,1.45,nan,Yes,Hybrid,4.0,60.0,Bachelor's,0
EMP00929,60.0,Male,Engineering,77661.11,10.0,4.98,Medium,No,On-site,3.0,86.0,Bachelor's,0
EMP00930,48.0,Female,HR,82154.58,16.0,,Excellent,yes,Hybrid,6.0,18.0,Bachelor's,0
EMP00931,23.0,Prefer not to say,Sales,0.0,27.0,1.23,Medium,Yes,On-site,1.0,47.0,Associate,0
EMP00932,37.0,Male,Finance,80081.17,37.0,1.06,Excellent,no,Hybrid,5.0,23.0,Bachelor's,0
EMP00933,27.0,Male,SALES,24442.26,33.0,4.88,Medium,Yes,Hybrid,1.0,71.0,Bachelor's,0
EMP00934,32.0,Female,Marketing,51659.49,30.0,1.06,Medium,Yes,Full Remote,3.0,18.0,Master's,0
EMP00935,45.0,Male,Sales,41478.92,14.0,3.35,nan,no,Hybrid,3.0,46.0,Master's,0
EMP00936,34.0,Prefer not to say,engineering,57406.41,36.0,4.83,High,Yes,Hybrid,8.0,62.0,Master's,0
EMP00937,43.0,Female,engineering,25342.43,20.0,4.93,Medium,Yes,Hybrid,8.0,92.0,Bachelor's,0
EMP00938,56.0,Male,HR,37719.34,24.0,4.11,Medium,Yes,Full Remote,9.0,40.0,High School,0
EMP00939,36.0,Prefer not to say,HR,66108.13,37.0,2.32,Medium,Yes,Hybrid,6.0,93.0,Master's,0
EMP00940,25.0,Male,Marketing,62514.11,18.0,2.23,High,Yes,Full Remote,8.0,39.0,Master's,0
EMP00941,35.0,Male,Engineering,65782.01,,3.79,Medium,yes,On-site,3.0,51.0,High School,0
EMP00942,35.0,Non-binary,Sales,95489.85,37.0,4.75,Medium,Yes,On-site,1.0,85.0,Bachelor's,0
EMP00943,64.0,Male,Engineering,84675.65,4.0,4.48,Medium,Yes,Full Remote,4.0,44.0,Master's,0
EMP00944,29.0,Female,engineering,80805.5,,1.76,Medium,Yes,nan,6.0,51.0,Master's,0
EMP00945,52.0,Female,Engineering,80163.35,29.0,4.84,Medium,No,Full Remote,6.0,66.0,Master's,0
EMP00946,35.0,Female,Engineering,85805.92,0.0,4.07,High,No,Hybrid,9.0,51.0,Master's,0
EMP00947,31.0,Female,Marketing,72083.0,12.0,1.91,Medium,No,On-site,1.0,31.0,nan,0
EMP00948,32.0,Female,Engineering,60784.2,8.0,4.65,Excellent,No,Hybrid,3.0,11.0,Master's,0
EMP00949,22.0,Female,,69502.43,29.0,1.04,High,,Full Remote,6.0,53.0,Bachelor's,0
EMP00950,43.0,Female,Finance,53953.69,30.0,2.34,High,No,Hybrid,3.0,89.0,High School,0
EMP00951,27.0,Female,Marketing,62852.46,,1.44,High,No,Full Remote,5.0,7.0,Bachelor's,0
EMP00952,52.0,Female,Engineering,76144.28,1.0,3.44,Excellent,No,nan,7.0,24.0,Bachelor's,0
EMP00953,39.0,Female,,20930.12,1.0,1.15,Medium,yes,Hybrid,5.0,56.0,Bachelor's,1
EMP00954,52.0,Male,SALES,12070.6,28.0,3.99,Low,No,On-site,6.0,69.0,nan,0
EMP00955,58.0,Male,Engineering,54551.71,33.0,2.67,High,Yes,Hybrid,8.0,41.0,Bachelor's,0
EMP00956,51.0,Female,engineering,21612.72,13.0,,High,No,Hybrid,6.0,97.0,Bachelor's,0
EMP00957,41.0,Female,Finance,68620.08,33.0,-1.0,Medium,No,Full Remote,7.0,60.0,Bachelor's,1
EMP00958,28.0,Female,Engineering,82841.38,36.0,1.26,High,No,Full Remote,8.0,36.0,Bachelor's,0
EMP00959,45.0,Male,Sales,94861.9,13.0,1.78,Excellent,yes,On-site,9.0,58.0,Bachelor's,0
EMP00960,51.0,Female,Engineering,66769.7,22.0,2.54,Medium,no,Hybrid,1.0,40.0,Bachelor's,1
EMP00961,58.0,Female,Finance,69687.1,8.0,3.71,Medium,Yes,On-site,9.0,88.0,nan,1
EMP00962,41.0,Male,Marketing,82104.21,39.0,2.04,Excellent,no,Hybrid,5.0,13.0,Bachelor's,0
EMP00963,31.0,,Marketing,70984.01,36.0,1.6,Low,,Full Remote,1.0,7.0,Bachelor's,0
EMP00964,,Female,Marketing,52988.31,7.0,1.2,Excellent,Yes,On-site,6.0,44.0,Bachelor's,0
EMP00965,30.0,Male,Marketing,53796.28,11.0,2.78,High,Yes,Hybrid,7.0,28.0,Bachelor's,0
EMP00966,62.0,Male,Finance,72776.15,30.0,3.76,Excellent,yes,Full Remote,6.0,58.0,High School,0
EMP00967,38.0,,Finance,54351.51,1.0,3.49,Excellent,Yes,Full Remote,5.0,51.0,Bachelor's,0
EMP00968,55.0,Female,Engineering,52632.11,16.0,4.44,Medium,Yes,On-site,1.0,62.0,Bachelor's,1
EMP00969,38.0,Female,Marketing,57071.27,20.0,4.65,Excellent,Yes,On-site,2.0,49.0,High School,0
EMP00970,41.0,Female,engineering,68339.38,31.0,2.26,Low,No,Hybrid,7.0,84.0,Master's,1
EMP00971,60.0,Male,HR,133757.8,38.0,2.97,Low,No,On-site,4.0,7.0,Bachelor's,0
EMP00972,37.0,Prefer not to say,Sales,57606.19,3.0,1.92,Excellent,No,On-site,2.0,91.0,Bachelor's,0
EMP00973,58.0,Male,Marketing,62836.14,37.0,3.45,nan,No,Hybrid,4.0,15.0,Master's,0
EMP00974,54.0,Male,Sales,49523.94,33.0,4.37,Medium,Yes,Full Remote,7.0,76.0,High School,0
EMP00975,26.0,Female,,65051.91,26.0,1.83,Medium,yes,On-site,6.0,41.0,Master's,1
EMP00976,48.0,Female,Finance,80693.01,20.0,3.15,High,No,On-site,1.0,32.0,Bachelor's,0
EMP00977,36.0,Male,HR,53781.87,17.0,2.89,Excellent,Yes,On-site,9.0,65.0,Master's,0
EMP00978,39.0,Non-binary,engineering,45794.89,32.0,2.95,Medium,No,On-site,2.0,35.0,High School,0
EMP00979,28.0,,Engineering,49974.33,18.0,3.61,Medium,no,On-site,8.0,92.0,Master's,0
EMP00980,28.0,Male,Sales,92902.13,34.0,4.86,High,no,Hybrid,4.0,45.0,PhD,0
EMP00981,23.0,Non-binary,Sales,70807.97,29.0,3.52,High,No,On-site,5.0,69.0,Master's,0
EMP00982,22.0,Male,Engineering,25951.01,31.0,3.42,High,Yes,Full Remote,9.0,94.0,PhD,0
EMP00983,33.0,Female,engineering,85013.04,31.0,1.06,Medium,No,Full Remote,5.0,3.0,Master's,0
EMP00984,59.0,Female,Sales,103542.31,30.0,3.19,Medium,No,On-site,5.0,10.0,Bachelor's,0
EMP00985,63.0,Male,Engineering,88963.55,7.0,3.93,High,yes,On-site,1.0,57.0,Bachelor's,0
EMP00986,27.0,Male,Finance,33024.35,22.0,3.07,nan,no,Full Remote,3.0,10.0,High School,0
EMP00987,26.0,Female,Sales,65639.73,8.0,2.37,Excellent,No,Full Remote,3.0,91.0,Bachelor's,0
EMP00988,48.0,Female,Marketing,68989.78,30.0,2.8,Excellent,Yes,Hybrid,1.0,45.0,Master's,0
EMP00989,58.0,Female,Engineering,104904.21,15.0,4.22,High,yes,On-site,3.0,35.0,PhD,0
EMP00990,55.0,,Marketing,48763.91,17.0,2.64,Excellent,No,Hybrid,8.0,43.0,Master's,0
EMP00991,57.0,Female,Engineering,74244.44,1.0,4.62,Excellent,No,nan,2.0,27.0,nan,0
EMP00992,39.0,Female,Sales,75120.05,10.0,2.89,Medium,Yes,On-site,8.0,54.0,Master's,1
EMP00993,46.0,Female,Finance,73030.22,37.0,4.48,Medium,yes,nan,3.0,44.0,Bachelor's,0
EMP00994,45.0,Female,Engineering,58470.32,0.0,2.74,Medium,Yes,On-site,5.0,28.0,PhD,1
EMP00995,42.0,Male,Marketing,81656.14,24.0,1.77,nan,No,On-site,5.0,98.0,Bachelor's,0
EMP00996,36.0,Female,HR,54927.65,18.0,3.5,High,No,On-site,2.0,85.0,High School,0
EMP00997,34.0,Male,engineering,51033.45,24.0,4.93,High,Yes,On-site,2.0,83.0,Master's,1
EMP00998,33.0,Female,HR,101860.24,14.0,3.23,nan,No,On-site,4.0,47.0,Bachelor's,0
EMP00999,24.0,Male,Engineering,53282.6,18.0,2.08,High,No,On-site,2.0,83.0,Bachelor's,1
EMP01000,29.0,Male,Engineering,106196.92,35.0,2.97,High,No,Hybrid,4.0,83.0,nan,0
EMP01001,56.0,Male,Sales,36284.89,1.0,,High,Yes,On-site,9.0,82.0,Bachelor's,0
EMP01002,36.0,Male,Engineering,86643.23,17.0,1.42,Medium,Yes,On-site,7.0,66.0,Master's,0
EMP01003,34.0,Male,Engineering,47109.67,35.0,3.15,Medium,no,Full Remote,7.0,75.0,Bachelor's,0
EMP01004,23.0,Female,HR,49551.77,17.0,3.12,Medium,No,Hybrid,1.0,20.0,Master's,1
EMP01005,36.0,Male,Marketing,80204.07,18.0,4.69,High,No,Hybrid,3.0,55.0,nan,1
EMP01006,57.0,Male,Finance,57699.3,28.0,2.77,Excellent,,On-site,1.0,50.0,Bachelor's,1
EMP01007,40.0,Male,Sales,38288.39,39.0,4.57,High,yes,Full Remote,1.0,18.0,High School,1
EMP01008,37.0,Male,Marketing,73811.16,20.0,2.21,High,No,Hybrid,2.0,81.0,Bachelor's,0
EMP01009,26.0,Female,Engineering,91630.9,15.0,1.43,Medium,no,Hybrid,7.0,29.0,Master's,0
EMP01010,43.0,Female,Finance,58449.25,9.0,2.81,Low,no,Hybrid,1.0,70.0,Bachelor's,1
EMP01011,64.0,,,59563.44,5.0,2.7,High,yes,Full Remote,2.0,79.0,PhD,0
EMP01012,61.0,Female,Sales,63382.63,12.0,3.15,Medium,No,On-site,9.0,5.0,Bachelor's,0
EMP01013,43.0,Female,HR,74056.88,,3.65,Medium,yes,Hybrid,9.0,13.0,Master's,0
EMP01014,48.0,Female,Sales,78929.74,25.0,4.63,Excellent,No,Full Remote,1.0,39.0,Associate,0
EMP01015,64.0,Female,SALES,38076.28,5.0,3.97,Low,No,On-site,4.0,26.0,High School,0
EMP01016,28.0,,Sales,59626.71,35.0,4.84,High,Yes,On-site,8.0,72.0,PhD,0
EMP01017,52.0,Female,HR,41576.7,22.0,3.12,High,No,Full Remote,9.0,96.0,Master's,0
EMP01018,37.0,Prefer not to say,engineering,38296.11,4.0,4.74,Low,No,nan,1.0,65.0,PhD,0
EMP01019,61.0,Female,Sales,39510.35,5.0,1.02,High,Yes,On-site,3.0,13.0,Bachelor's,0
EMP01020,46.0,Female,Sales,92762.34,37.0,3.21,Medium,yes,On-site,4.0,3.0,Bachelor's,0
EMP01021,50.0,Female,Sales,70964.95,30.0,1.59,Excellent,No,Full Remote,7.0,21.0,Master's,0
EMP01022,43.0,Male,Sales,72379.59,38.0,4.58,Medium,Yes,Full Remote,9.0,0.0,Bachelor's,0
EMP01023,52.0,Male,Marketing,81229.9,34.0,1.84,High,No,On-site,2.0,17.0,High School,0
EMP01024,46.0,Female,Sales,30352.7,38.0,1.95,High,no,Hybrid,1.0,82.0,Bachelor's,0
EMP01025,25.0,Male,HR,82496.75,38.0,3.51,High,No,On-site,8.0,14.0,High School,0
EMP01026,63.0,Male,Marketing,47073.48,21.0,3.69,High,Yes,Full Remote,2.0,28.0,Bachelor's,1
EMP01027,26.0,Female,Engineering,76508.45,14.0,1.45,High,No,On-site,7.0,27.0,Master's,0
EMP01028,55.0,Male,,60358.4,14.0,2.75,High,yes,On-site,1.0,5.0,Master's,0
EMP01029,45.0,Male,Sales,64892.26,39.0,4.04,High,No,On-site,4.0,3.0,Master's,0
EMP01030,23.0,Male,HR,48429.24,36.0,3.88,Medium,Yes,nan,9.0,54.0,Master's,0
EMP01031,55.0,Male,Marketing,60216.52,8.0,1.2,Excellent,no,Hybrid,4.0,74.0,Bachelor's,0
EMP01032,63.0,Female,Marketing,28669.82,,4.55,High,no,Hybrid,9.0,36.0,Bachelor's,0
EMP01033,64.0,,Sales,32005.57,24.0,3.59,Medium,no,Full Remote,4.0,29.0,Bachelor's,0
EMP01034,32.0,Non-binary,Finance,58688.42,2.0,4.98,Low,Yes,nan,4.0,14.0,Master's,0
EMP01035,26.0,Female,,101276.46,0.0,3.58,High,Yes,Hybrid,2.0,91.0,Master's,0
EMP01036,39.0,Female,Sales,89191.5,7.0,1.13,High,No,On-site,2.0,20.0,Associate,0
EMP01037,45.0,Non-binary,Sales,51402.77,2.0,4.66,Medium,Yes,Hybrid,5.0,91.0,PhD,0
EMP01038,27.0,Female,Sales,86152.27,0.0,3.14,Excellent,yes,Hybrid,7.0,29.0,Master's,1
EMP01039,54.0,Female,HR,66752.34,3.0,1.09,nan,Yes,Hybrid,3.0,,Bachelor's,0
EMP01040,44.0,Prefer not to say,Finance,46631.51,25.0,4.6,High,No,On-site,8.0,13.0,Bachelor's,0
EMP01041,41.0,Female,Engineering,61488.59,14.0,3.34,Medium,No,Full Remote,9.0,54.0,Bachelor's,1
EMP01042,36.0,Male,Engineering,67699.74,4.0,4.47,Medium,Yes,Hybrid,4.0,36.0,High School,0
EMP01043,52.0,Male,HR,50852.4,36.0,4.93,High,,On-site,7.0,87.0,Bachelor's,0
EMP01044,34.0,Prefer not to say,engineering,77876.1,28.0,1.04,High,No,On-site,6.0,13.0,Master's,0
EMP01045,46.0,Female,Marketing,68441.01,29.0,2.75,High,No,Hybrid,5.0,42.0,Bachelor's,1
EMP01046,60.0,Male,Finance,68704.77,34.0,2.13,High,Yes,Full Remote,2.0,74.0,nan,0
EMP01047,54.0,Male,Finance,48236.26,26.0,4.81,High,No,nan,3.0,57.0,PhD,0
EMP01048,25.0,Female,Sales,59875.55,31.0,3.53,Medium,No,Hybrid,3.0,52.0,Bachelor's,0
EMP01049,46.0,,Marketing,60739.51,4.0,2.28,High,No,Hybrid,1.0,52.0,Master's,0
EMP01050,64.0,Female,Engineering,38747.49,23.0,4.08,High,no,nan,5.0,45.0,nan,1
EMP01051,22.0,Male,engineering,46691.45,8.0,4.44,High,Yes,On-site,1.0,8.0,Master's,0
EMP01052,28.0,Male,,73404.36,23.0,4.97,Medium,No,On-site,4.0,97.0,Bachelor's,0
EMP01053,61.0,Female,Sales,60320.74,15.0,4.68,Medium,Yes,Full Remote,8.0,9.0,PhD,0
EMP01054,57.0,Female,Engineering,29911.77,33.0,3.77,Medium,yes,Full Remote,5.0,14.0,High School,0
EMP01055,22.0,Male,Sales,43373.32,27.0,2.04,Low,No,Hybrid,1.0,72.0,Bachelor's,0
EMP01056,46.0,Male,SALES,61619.79,23.0,2.86,Low,No,Full Remote,3.0,82.0,Bachelor's,0
EMP01057,36.0,Male,Finance,62809.97,20.0,1.55,Low,No,On-site,1.0,26.0,Associate,0
EMP01058,52.0,Male,HR,70843.79,29.0,4.55,Low,No,On-site,6.0,97.0,Master's,0
EMP01059,49.0,Male,,45708.98,34.0,1.41,Excellent,,Hybrid,5.0,83.0,Bachelor's,0
EMP01060,54.0,Female,Engineering,20664.97,1.0,3.82,High,no,Hybrid,2.0,24.0,PhD,0
EMP01061,64.0,Female,Finance,43929.13,6.0,2.9,nan,No,Full Remote,9.0,76.0,Bachelor's,1
EMP01062,33.0,Male,HR,39483.03,7.0,3.53,Medium,Yes,Hybrid,6.0,51.0,nan,0
EMP01063,63.0,Male,Finance,97903.79,34.0,1.51,Medium,no,Full Remote,9.0,33.0,Bachelor's,0
EMP01064,52.0,Male,Sales,64737.72,33.0,1.78,High,Yes,Full Remote,8.0,65.0,Bachelor's,1
EMP01065,41.0,Female,SALES,76011.78,37.0,3.17,High,Yes,Hybrid,8.0,80.0,High School,0
EMP01066,26.0,Female,Marketing,47616.76,11.0,4.19,High,No,Hybrid,8.0,9.0,Bachelor's,0
EMP01067,45.0,Female,Finance,60094.51,25.0,1.82,High,No,Full Remote,5.0,67.0,nan,1
EMP01068,28.0,Female,Sales,39988.19,15.0,2.04,High,Yes,Hybrid,6.0,93.0,nan,0
EMP01069,22.0,Male,Finance,43824.42,3.0,2.19,High,No,Full Remote,1.0,93.0,Master's,0
EMP01070,30.0,Male,Finance,42960.15,31.0,2.45,High,No,Hybrid,7.0,86.0,Bachelor's,0
EMP01071,35.0,Female,Finance,8884.71,4.0,4.87,High,Yes,Hybrid,1.0,38.0,Bachelor's,0
EMP01072,34.0,Non-binary,Marketing,72139.42,21.0,1.87,Excellent,Yes,Full Remote,5.0,9.0,Bachelor's,0
EMP01073,59.0,Male,Engineering,52582.42,0.0,3.02,Medium,No,On-site,2.0,53.0,Master's,1
EMP01074,51.0,Female,Sales,87603.92,22.0,1.96,Medium,yes,Hybrid,3.0,98.0,Master's,0
EMP01075,27.0,Female,Marketing,48690.05,30.0,4.61,Excellent,yes,nan,9.0,80.0,Master's,0
EMP01076,22.0,Male,Sales,74580.91,3.0,2.86,Medium,Yes,On-site,9.0,28.0,Master's,0
EMP01077,37.0,Male,Finance,15364.35,29.0,2.44,Medium,No,On-site,5.0,74.0,Master's,1
EMP01078,46.0,Male,Sales,78613.72,20.0,3.2,Excellent,Yes,On-site,9.0,15.0,Bachelor's,0
EMP01079,36.0,Female,Marketing,80216.68,16.0,2.05,Medium,yes,Full Remote,3.0,90.0,PhD,0
EMP01080,52.0,Male,Marketing,66506.35,,2.41,High,No,On-site,1.0,35.0,High School,0
EMP01081,46.0,Male,Sales,58546.92,25.0,1.97,Excellent,,Hybrid,8.0,85.0,Bachelor's,0
EMP01082,59.0,Male,HR,104918.15,4.0,3.4,Medium,yes,On-site,3.0,10.0,High School,1
EMP01083,57.0,Male,Sales,46985.16,32.0,,Low,no,Hybrid,7.0,90.0,High School,0
EMP01084,61.0,Male,HR,66900.83,,3.48,Excellent,No,On-site,2.0,7.0,Bachelor's,0
EMP01085,59.0,Male,,56440.99,7.0,1.08,Low,No,Full Remote,7.0,89.0,Master's,0
EMP01086,33.0,Male,Marketing,116216.55,19.0,1.98,Low,Yes,Hybrid,8.0,48.0,Bachelor's,0
EMP01087,43.0,Male,Marketing,46165.82,29.0,4.9,Medium,Yes,On-site,8.0,2.0,High School,1
EMP01088,46.0,Male,HR,84101.78,7.0,2.31,High,No,Full Remote,8.0,26.0,PhD,0
EMP01089,35.0,Non-binary,Finance,0.0,0.0,2.3,High,Yes,On-site,5.0,41.0,Bachelor's,0
EMP01090,63.0,Female,Sales,65626.43,31.0,4.0,nan,No,On-site,6.0,57.0,Associate,0
EMP01091,29.0,Female,engineering,62012.34,5.0,2.66,Medium,No,nan,1.0,,Bachelor's,0
EMP01092,29.0,Male,HR,38202.45,30.0,3.11,High,Yes,Full Remote,7.0,43.0,PhD,0
EMP01093,51.0,Female,Engineering,36316.08,10.0,4.8,Medium,No,Hybrid,2.0,30.0,High School,0
EMP01094,63.0,Male,Marketing,45788.07,26.0,2.02,High,No,On-site,4.0,7.0,Bachelor's,1
EMP01095,57.0,Prefer not to say,Sales,34801.6,31.0,4.55,Excellent,no,On-site,8.0,98.0,PhD,0
EMP01096,57.0,Female,HR,35545.48,6.0,1.78,Excellent,no,On-site,9.0,15.0,Bachelor's,0
EMP01097,57.0,Prefer not to say,Sales,66773.68,29.0,3.76,High,No,Full Remote,6.0,12.0,Master's,1
EMP01098,25.0,Male,Finance,69458.35,36.0,4.8,High,Yes,Hybrid,1.0,56.0,High School,0
EMP01099,44.0,Male,Marketing,72672.75,35.0,2.55,Low,yes,Full Remote,4.0,93.0,Master's,0
EMP01100,33.0,Male,Finance,74303.61,16.0,4.18,Excellent,No,On-site,5.0,16.0,Bachelor's,0
EMP01101,42.0,Male,Finance,80936.97,34.0,1.79,Medium,No,Hybrid,9.0,24.0,Bachelor's,0
EMP01102,24.0,Male,HR,90212.39,11.0,1.13,High,Yes,nan,9.0,99.0,Master's,0
EMP01103,55.0,Male,Sales,68503.3,4.0,1.95,Medium,,nan,1.0,78.0,Bachelor's,0
EMP01104,23.0,Female,HR,57912.45,1.0,3.9,Low,Yes,Full Remote,2.0,98.0,Master's,0
EMP01105,56.0,,Sales,45329.2,21.0,4.01,Medium,No,Hybrid,3.0,84.0,Master's,0
EMP01106,64.0,Female,Sales,83134.78,21.0,2.01,Medium,yes,Full Remote,6.0,32.0,Master's,0
EMP01107,35.0,Female,Marketing,57837.09,26.0,4.04,High,Yes,Full Remote,1.0,47.0,Master's,0
EMP01108,28.0,Male,,80305.21,6.0,4.99,High,No,Hybrid,6.0,92.0,Bachelor's,0
EMP01109,58.0,Female,Sales,72518.44,14.0,2.07,Medium,No,On-site,5.0,63.0,Bachelor's,0
EMP01110,41.0,Female,Sales,91666.08,7.0,1.56,High,Yes,Full Remote,2.0,79.0,nan,0
EMP01111,51.0,Prefer not to say,HR,54274.75,9.0,2.3,High,Yes,Hybrid,6.0,32.0,Bachelor's,0
EMP01112,62.0,Male,Sales,62232.98,36.0,3.52,Low,No,On-site,3.0,23.0,PhD,0
EMP01113,56.0,Male,Sales,79482.5,35.0,2.46,Medium,No,On-site,9.0,38.0,Bachelor's,0
EMP01114,58.0,Female,Sales,37491.96,38.0,1.93,High,yes,Hybrid,9.0,55.0,Bachelor's,0
EMP01115,60.0,Female,Engineering,39746.88,12.0,2.32,Medium,No,Hybrid,9.0,69.0,Bachelor's,0
EMP01116,30.0,Male,Sales,66622.42,15.0,3.67,Medium,Yes,nan,8.0,98.0,Bachelor's,0
EMP01117,47.0,Male,engineering,60766.16,38.0,3.87,Medium,yes,Full Remote,1.0,70.0,Master's,0
EMP01118,50.0,Male,Sales,70059.21,13.0,4.71,Low,No,On-site,4.0,82.0,Bachelor's,0
EMP01119,26.0,Male,Engineering,52745.43,5.0,2.53,Medium,Yes,Full Remote,4.0,94.0,PhD,0
EMP01120,40.0,Female,Sales,83152.29,34.0,3.27,High,No,Hybrid,3.0,20.0,Bachelor's,0
EMP01121,42.0,Female,Finance,51087.25,18.0,1.77,High,Yes,On-site,9.0,40.0,Master's,1
EMP01122,59.0,Male,Engineering,38678.37,16.0,3.58,High,,Full Remote,2.0,14.0,Bachelor's,0
EMP01123,47.0,Male,SALES,77313.01,14.0,-1.0,nan,Yes,Full Remote,9.0,43.0,Associate,0
EMP01124,26.0,Male,Marketing,54046.71,10.0,4.83,Excellent,No,Hybrid,3.0,6.0,Bachelor's,0
EMP01125,46.0,Female,Marketing,46110.03,21.0,3.33,Medium,No,nan,6.0,50.0,Bachelor's,0
EMP01126,43.0,Female,Sales,43016.69,27.0,4.11,High,Yes,On-site,3.0,62.0,High School,0
EMP01127,64.0,Female,Sales,56345.68,32.0,1.06,Low,Yes,On-site,3.0,84.0,Master's,0
EMP01128,27.0,Female,Marketing,71457.89,14.0,1.14,Low,,On-site,7.0,11.0,Master's,0
EMP01129,40.0,Female,,104465.36,0.0,3.94,Medium,No,Full Remote,1.0,89.0,Master's,0
EMP01130,62.0,Female,Marketing,76310.17,38.0,1.47,Low,No,Hybrid,5.0,30.0,Bachelor's,0
EMP01131,61.0,Female,Marketing,76087.84,23.0,3.26,Low,Yes,On-site,4.0,83.0,High School,0
EMP01132,56.0,Female,Engineering,85174.43,5.0,3.47,High,Yes,Hybrid,7.0,34.0,nan,0
EMP01133,37.0,Female,Sales,78537.35,16.0,4.43,Excellent,Yes,Hybrid,5.0,18.0,Bachelor's,0
EMP01134,62.0,Male,Engineering,60152.33,31.0,4.84,High,No,Hybrid,7.0,48.0,Master's,0
EMP01135,59.0,Female,Sales,98162.89,20.0,1.12,High,No,nan,1.0,49.0,Associate,0
EMP01136,41.0,Female,,79077.95,33.0,4.29,Excellent,No,Full Remote,9.0,93.0,Bachelor's,0
EMP01137,33.0,Male,Sales,60223.22,11.0,2.98,Excellent,,Hybrid,1.0,18.0,Bachelor's,0
EMP01138,34.0,Non-binary,Engineering,91862.82,3.0,3.71,Medium,No,On-site,5.0,27.0,Master's,0
EMP01139,33.0,Female,Sales,64275.62,29.0,2.19,High,,Full Remote,3.0,91.0,Master's,0
EMP01140,39.0,Male,Sales,59843.72,25.0,3.73,Excellent,Yes,Hybrid,4.0,65.0,Master's,1
EMP01141,42.0,Female,Finance,71968.15,30.0,2.71,High,no,On-site,7.0,98.0,nan,0
EMP01142,40.0,Female,Sales,45329.18,30.0,3.05,High,No,On-site,7.0,63.0,Master's,0
EMP01143,53.0,Male,HR,,1.0,3.88,Low,Yes,Hybrid,6.0,28.0,Bachelor's,0
EMP01144,54.0,Male,,108241.78,8.0,4.03,nan,,Full Remote,7.0,89.0,Bachelor's,0
EMP01145,62.0,Female,SALES,80629.65,30.0,3.93,Medium,Yes,Full Remote,3.0,63.0,PhD,0
EMP01146,29.0,Male,Sales,83450.88,34.0,4.18,Medium,yes,nan,1.0,89.0,Bachelor's,0
EMP01147,48.0,Male,Finance,78684.56,27.0,3.49,Medium,No,On-site,5.0,14.0,Associate,0
EMP01148,40.0,Male,Marketing,75421.86,14.0,4.43,Medium,No,On-site,9.0,50.0,Master's,0
EMP01149,40.0,Female,engineering,64068.54,16.0,3.15,High,No,Full Remote,9.0,89.0,Master's,1
EMP01150,42.0,Male,,45761.46,18.0,3.78,High,,Hybrid,9.0,86.0,Bachelor's,1
EMP01151,61.0,Female,Marketing,47634.23,33.0,2.11,nan,yes,Hybrid,6.0,95.0,Bachelor's,1
EMP01152,51.0,Male,HR,45143.81,26.0,2.29,nan,No,Hybrid,9.0,85.0,High School,0
EMP01153,29.0,Male,HR,64952.67,,1.62,Medium,No,nan,9.0,77.0,Bachelor's,0
EMP01154,63.0,Male,Sales,102670.61,6.0,2.06,Low,Yes,Hybrid,3.0,42.0,High School,0
EMP01155,62.0,Male,Engineering,57513.1,12.0,4.49,High,Yes,Hybrid,7.0,63.0,Bachelor's,0
EMP01156,41.0,Male,engineering,77767.88,19.0,,Medium,Yes,Hybrid,2.0,23.0,Master's,0
EMP01157,23.0,Female,Sales,65898.87,6.0,2.54,High,Yes,On-site,4.0,35.0,Master's,0
EMP01158,28.0,Female,engineering,67943.16,29.0,3.81,High,Yes,nan,9.0,24.0,Master's,0
EMP01159,39.0,Non-binary,SALES,79824.62,10.0,4.16,Medium,Yes,Full Remote,6.0,49.0,PhD,0
EMP01160,52.0,Male,Sales,37348.29,5.0,4.89,High,Yes,Hybrid,9.0,23.0,Bachelor's,0
EMP01161,44.0,Male,Sales,45281.93,34.0,1.8,Excellent,No,nan,6.0,26.0,Master's,0
EMP01162,31.0,Female,Marketing,54105.43,6.0,2.49,High,No,On-site,6.0,64.0,PhD,0
EMP01163,23.0,Female,,37132.32,9.0,1.34,Excellent,Yes,Hybrid,4.0,52.0,PhD,1
EMP01164,58.0,Female,Sales,74071.32,37.0,4.3,Low,yes,Hybrid,1.0,44.0,Bachelor's,0
EMP01165,31.0,Male,Marketing,66769.82,13.0,2.0,High,,On-site,4.0,87.0,Master's,1
EMP01166,40.0,Female,engineering,67700.82,14.0,1.91,Excellent,,Full Remote,5.0,79.0,Bachelor's,0
EMP01167,37.0,Male,Engineering,52583.41,9.0,1.86,Excellent,Yes,Hybrid,2.0,32.0,Bachelor's,0
EMP01168,32.0,Female,Engineering,55546.62,27.0,4.23,Excellent,No,Hybrid,4.0,30.0,PhD,0
EMP01169,38.0,Female,Sales,56347.91,37.0,4.17,Excellent,No,Full Remote,3.0,20.0,Bachelor's,0
EMP01170,29.0,Male,engineering,59560.12,28.0,2.6,High,,On-site,3.0,55.0,Master's,0
EMP01171,24.0,Female,Engineering,64950.42,13.0,1.71,Excellent,No,Hybrid,6.0,78.0,Bachelor's,0
EMP01172,39.0,Female,Finance,69716.4,39.0,2.39,Excellent,Yes,Full Remote,9.0,24.0,Bachelor's,1
EMP01173,28.0,Male,engineering,34335.21,7.0,3.52,Medium,no,Hybrid,1.0,90.0,Associate,1
EMP01174,34.0,Male,Marketing,56018.55,20.0,4.54,High,,Full Remote,3.0,29.0,PhD,0
EMP01175,53.0,Female,Engineering,68381.23,11.0,4.23,Low,Yes,On-site,5.0,41.0,Bachelor's,1
EMP01176,55.0,Male,Sales,58937.58,26.0,3.01,Low,No,On-site,6.0,56.0,Bachelor's,0
EMP01177,57.0,Female,Finance,47340.81,16.0,3.15,High,No,Hybrid,9.0,96.0,High School,0
EMP01178,29.0,Female,Engineering,35121.61,32.0,2.42,High,No,Hybrid,5.0,91.0,Bachelor's,0
EMP01179,30.0,Male,Marketing,57740.77,7.0,4.03,Excellent,Yes,On-site,6.0,38.0,Master's,0
EMP01180,45.0,Non-binary,Marketing,57872.36,28.0,3.86,Excellent,,On-site,4.0,31.0,nan,0
EMP01181,61.0,Male,Sales,87257.75,26.0,4.26,High,,Hybrid,1.0,60.0,Bachelor's,1
EMP01182,59.0,Male,SALES,51225.26,35.0,2.68,High,,Full Remote,3.0,56.0,Bachelor's,0
EMP01183,42.0,,Engineering,81508.39,26.0,3.41,High,No,Full Remote,4.0,91.0,Master's,0
EMP01184,39.0,Female,Engineering,101599.56,31.0,3.49,High,No,Hybrid,1.0,30.0,High School,0
EMP01185,45.0,Female,HR,100499.47,34.0,4.15,Medium,Yes,On-site,9.0,80.0,Master's,1
EMP01186,44.0,Female,Engineering,93150.27,24.0,1.18,Medium,Yes,Full Remote,3.0,84.0,PhD,0
EMP01187,26.0,Female,HR,99265.27,32.0,2.49,High,Yes,Hybrid,9.0,32.0,PhD,0
EMP01188,37.0,Female,,51150.29,21.0,3.34,Low,No,On-site,8.0,34.0,Bachelor's,0
EMP01189,60.0,Female,Marketing,70398.63,5.0,1.17,Medium,yes,nan,2.0,40.0,Master's,0
EMP01190,38.0,Male,Finance,107681.76,23.0,3.46,High,yes,Hybrid,3.0,72.0,PhD,0
EMP01191,24.0,Male,HR,63887.69,36.0,1.11,Excellent,yes,Full Remote,3.0,8.0,Master's,0
EMP01192,47.0,Male,Sales,50416.63,2.0,-1.0,Medium,No,Hybrid,3.0,40.0,Master's,0
EMP01193,63.0,Male,Marketing,69161.36,27.0,4.61,Medium,Yes,nan,8.0,97.0,Bachelor's,0
EMP01194,23.0,Male,Engineering,76792.28,31.0,3.22,Low,,On-site,2.0,42.0,High School,1
EMP01195,24.0,Male,Marketing,69907.6,28.0,2.45,Low,No,On-site,1.0,20.0,PhD,0
EMP01196,45.0,Male,Finance,0.0,0.0,4.38,nan,Yes,Hybrid,3.0,57.0,Bachelor's,0
EMP01197,49.0,Female,HR,15407.09,24.0,4.63,High,,Full Remote,9.0,97.0,Bachelor's,0
EMP01198,59.0,Female,Engineering,66107.92,8.0,2.91,High,Yes,nan,5.0,11.0,Bachelor's,0
EMP01199,29.0,Female,Marketing,70499.99,5.0,4.5,Medium,No,Hybrid,3.0,19.0,Master's,0
EMP01200,61.0,Female,engineering,41121.07,1.0,1.67,Medium,Yes,Hybrid,6.0,74.0,Master's,0
EMP01201,44.0,Female,Sales,80318.22,5.0,2.19,High,,Hybrid,4.0,83.0,Bachelor's,0
EMP01202,48.0,Female,Engineering,88251.67,10.0,3.16,High,No,Hybrid,3.0,86.0,Bachelor's,0
EMP01203,37.0,Female,Finance,64566.99,17.0,2.73,High,Yes,On-site,6.0,54.0,Bachelor's,0
EMP01204,52.0,Female,Finance,47635.08,16.0,1.81,Low,Yes,Hybrid,2.0,39.0,Master's,0
EMP01205,47.0,Female,Marketing,83999.85,19.0,4.9,High,No,Full Remote,4.0,56.0,Master's,0
EMP01206,25.0,Male,Sales,77368.2,34.0,2.87,Medium,Yes,On-site,1.0,18.0,Master's,0
EMP01207,35.0,Male,,82125.35,6.0,1.82,High,yes,Full Remote,6.0,14.0,Master's,0
EMP01208,42.0,Male,Engineering,87497.93,33.0,4.1,Medium,No,Full Remote,5.0,6.0,Bachelor's,0
EMP01209,22.0,Female,Finance,42493.02,21.0,3.76,Medium,Yes,On-site,5.0,31.0,High School,0
EMP01210,34.0,Male,Marketing,43212.93,13.0,1.49,Excellent,Yes,Hybrid,9.0,94.0,Bachelor's,0
EMP01211,27.0,Male,Finance,117889.49,24.0,3.48,Medium,no,On-site,4.0,71.0,Bachelor's,0
EMP01212,28.0,Female,Marketing,41503.21,20.0,3.62,Medium,yes,On-site,2.0,43.0,Master's,0
EMP01213,23.0,Male,Marketing,69660.41,24.0,4.48,Medium,Yes,Hybrid,7.0,86.0,Bachelor's,1
EMP01214,26.0,Female,Sales,97981.21,15.0,4.45,Medium,No,Hybrid,3.0,47.0,Bachelor's,0
EMP01215,59.0,Female,Marketing,62788.85,11.0,4.64,Medium,Yes,On-site,3.0,32.0,Bachelor's,0
EMP01216,31.0,Female,Marketing,78575.13,2.0,2.86,High,No,Hybrid,4.0,41.0,Bachelor's,0
EMP01217,46.0,Female,Engineering,76659.69,1.0,3.93,Medium,No,Full Remote,6.0,,Bachelor's,0
EMP01218,28.0,Female,Finance,100022.88,32.0,1.07,High,No,On-site,2.0,16.0,Bachelor's,0
EMP01219,57.0,Male,Engineering,60378.82,29.0,3.53,Medium,Yes,On-site,6.0,39.0,Bachelor's,0
EMP01220,32.0,Female,,79756.18,15.0,4.91,Medium,Yes,On-site,4.0,92.0,Bachelor's,0
EMP01221,49.0,Female,Marketing,78909.94,0.0,4.04,Excellent,Yes,Full Remote,2.0,75.0,Bachelor's,0
EMP01222,40.0,Male,Finance,62491.3,21.0,2.57,High,No,On-site,6.0,93.0,PhD,0
EMP01223,46.0,Non-binary,Marketing,34473.01,37.0,2.96,Medium,no,On-site,7.0,52.0,High School,0
EMP01224,64.0,Male,Marketing,35599.03,33.0,4.4,High,No,Hybrid,2.0,81.0,Bachelor's,0
EMP01225,51.0,Female,Engineering,73273.7,4.0,4.5,Excellent,Yes,On-site,9.0,79.0,Bachelor's,0
EMP01226,46.0,Male,engineering,91422.87,31.0,3.38,Medium,no,On-site,2.0,51.0,Bachelor's,0
EMP01227,28.0,Female,SALES,60529.58,19.0,3.74,Low,No,On-site,1.0,44.0,Bachelor's,0
EMP01228,24.0,Male,Finance,38728.82,31.0,2.03,Medium,No,On-site,3.0,4.0,Bachelor's,0
EMP01229,24.0,Male,SALES,70272.27,31.0,1.88,High,No,Full Remote,7.0,25.0,Bachelor's,0
EMP01230,45.0,Prefer not to say,Sales,73505.69,28.0,3.0,Excellent,yes,Hybrid,,90.0,Bachelor's,0
EMP01231,35.0,Female,HR,53427.03,24.0,1.16,High,Yes,Full Remote,5.0,36.0,Associate,0
EMP01232,24.0,Male,engineering,54941.15,10.0,4.84,Excellent,,On-site,3.0,56.0,Master's,0
EMP01233,45.0,Female,SALES,54237.38,25.0,2.07,Medium,yes,Full Remote,6.0,67.0,Master's,0
EMP01234,39.0,Male,Sales,46533.48,23.0,2.6,Medium,,Full Remote,4.0,27.0,Master's,1
EMP01235,49.0,Male,Sales,49296.07,34.0,4.75,High,No,Hybrid,2.0,68.0,Bachelor's,0
EMP01236,41.0,Prefer not to say,engineering,70788.33,18.0,2.9,Medium,No,nan,3.0,66.0,Master's,1
EMP01237,26.0,Female,Engineering,56573.43,36.0,1.22,High,No,Hybrid,7.0,6.0,High School,0
EMP01238,31.0,Male,Sales,80873.61,28.0,4.73,Excellent,Yes,On-site,4.0,9.0,PhD,0
EMP01239,35.0,Female,,83655.31,3.0,1.5,High,Yes,On-site,5.0,94.0,Bachelor's,0
EMP01240,51.0,Female,Marketing,52496.82,9.0,2.12,High,Yes,nan,6.0,53.0,Bachelor's,0
EMP01241,40.0,Male,Finance,66946.35,29.0,2.51,Medium,No,Hybrid,4.0,14.0,Bachelor's,0
EMP01242,24.0,Female,SALES,56159.96,32.0,2.81,High,No,Full Remote,9.0,19.0,Bachelor's,1
EMP01243,53.0,Male,Engineering,79228.32,30.0,3.33,High,Yes,On-site,2.0,77.0,Bachelor's,1
EMP01244,57.0,Male,Sales,86887.98,2.0,2.45,Low,Yes,Full Remote,1.0,22.0,High School,0
EMP01245,53.0,Female,Sales,65624.59,31.0,2.81,High,No,Hybrid,1.0,54.0,Master's,1
EMP01246,41.0,Female,Engineering,51555.34,29.0,1.92,nan,No,On-site,9.0,8.0,Bachelor's,0
EMP01247,26.0,Male,Engineering,63036.75,7.0,3.76,Excellent,No,On-site,3.0,82.0,High School,0
EMP01248,31.0,Prefer not to say,engineering,56632.08,16.0,,nan,Yes,Hybrid,1.0,56.0,High School,1
EMP01249,50.0,Male,Sales,45105.2,27.0,3.84,nan,No,On-site,9.0,41.0,Master's,0
EMP01250,24.0,Female,Sales,58846.82,0.0,2.95,Medium,No,Hybrid,8.0,26.0,Bachelor's,0
EMP01251,35.0,Female,Sales,47790.7,38.0,1.03,Medium,Yes,Hybrid,,5.0,Master's,0
EMP01252,58.0,,Marketing,84531.92,29.0,3.62,High,Yes,Full Remote,3.0,97.0,Bachelor's,0
EMP01253,62.0,Female,engineering,104013.1,30.0,4.18,Excellent,No,On-site,4.0,20.0,Associate,0
EMP01254,43.0,Male,Engineering,74161.9,39.0,1.47,Medium,No,Full Remote,2.0,51.0,nan,0
EMP01255,43.0,Male,engineering,73152.88,21.0,3.88,Excellent,Yes,On-site,5.0,71.0,Bachelor's,0
EMP01256,51.0,Female,Sales,62219.5,4.0,3.52,Excellent,No,Full Remote,8.0,86.0,PhD,0
EMP01257,56.0,Male,Finance,80362.21,26.0,4.87,nan,no,On-site,1.0,65.0,Master's,0
EMP01258,58.0,,HR,51838.77,21.0,4.5,Excellent,Yes,On-site,7.0,60.0,Bachelor's,0
EMP01259,59.0,Male,Marketing,67909.2,1.0,3.65,High,No,Full Remote,7.0,71.0,Bachelor's,0
EMP01260,57.0,Male,Sales,55356.16,21.0,4.59,High,No,Full Remote,2.0,96.0,Master's,0
EMP01261,37.0,Male,Marketing,53590.5,13.0,3.18,Medium,No,Full Remote,7.0,73.0,PhD,0
EMP01262,42.0,Male,SALES,69227.42,2.0,2.24,Excellent,No,Hybrid,5.0,1.0,Master's,0
EMP01263,39.0,Male,HR,107957.49,24.0,2.41,Low,,nan,4.0,12.0,nan,0
EMP01264,25.0,Male,Engineering,65807.06,18.0,2.31,High,No,nan,8.0,48.0,Master's,1
EMP01265,60.0,Prefer not to say,Engineering,69207.74,24.0,4.36,High,No,On-site,1.0,4.0,PhD,0
EMP01266,39.0,Female,SALES,49023.38,28.0,4.1,Excellent,Yes,On-site,4.0,65.0,High School,0
EMP01267,44.0,Male,Finance,50954.07,17.0,4.62,Medium,no,Hybrid,5.0,80.0,nan,1
EMP01268,36.0,Female,Engineering,91830.66,4.0,3.62,Excellent,Yes,Hybrid,2.0,67.0,Master's,0
EMP01269,57.0,Female,Finance,89249.26,2.0,1.71,Excellent,Yes,Hybrid,7.0,77.0,Master's,0
EMP01270,39.0,Non-binary,Engineering,16407.68,9.0,1.67,Low,No,Hybrid,3.0,44.0,Master's,0
EMP01271,53.0,Female,Sales,74347.42,4.0,1.91,Low,No,On-site,7.0,54.0,Bachelor's,0
EMP01272,58.0,Male,engineering,80151.36,21.0,4.46,Excellent,No,Full Remote,4.0,91.0,Master's,0
EMP01273,52.0,Female,HR,55199.21,2.0,3.9,nan,yes,On-site,5.0,17.0,Bachelor's,0
EMP01274,45.0,Female,Engineering,42101.13,3.0,3.66,Excellent,No,Full Remote,3.0,76.0,Bachelor's,0
EMP01275,46.0,Female,Engineering,49786.32,1.0,3.23,Medium,no,Hybrid,9.0,33.0,Master's,0
EMP01276,53.0,Female,Sales,52321.01,1.0,1.35,Medium,No,Full Remote,7.0,28.0,Bachelor's,0
EMP01277,35.0,Female,Engineering,81483.73,39.0,3.09,High,Yes,On-site,4.0,67.0,Bachelor's,0
EMP01278,39.0,Female,engineering,121630.07,1.0,2.56,Medium,,On-site,4.0,33.0,Bachelor's,0
EMP01279,44.0,Male,Sales,49474.03,12.0,1.53,Excellent,no,Hybrid,1.0,56.0,Bachelor's,1
EMP01280,27.0,Prefer not to say,Sales,51988.49,20.0,1.58,High,yes,Hybrid,3.0,6.0,Bachelor's,0
EMP01281,,Female,,64036.51,32.0,1.62,High,no,Hybrid,6.0,0.0,Bachelor's,0
EMP01282,64.0,Female,Marketing,77476.37,5.0,2.38,High,Yes,Hybrid,7.0,54.0,Bachelor's,1
EMP01283,23.0,Female,,28374.61,16.0,1.63,Medium,no,Full Remote,6.0,98.0,Associate,1
EMP01284,38.0,Male,engineering,85648.13,24.0,2.46,Medium,No,On-site,4.0,18.0,Bachelor's,0
EMP01285,31.0,Female,,84823.04,33.0,2.55,Low,yes,Full Remote,8.0,87.0,Bachelor's,0
EMP01286,23.0,Prefer not to say,Engineering,48085.82,1.0,4.45,Excellent,Yes,On-site,3.0,30.0,Master's,0
EMP01287,25.0,Male,Sales,42949.13,14.0,2.76,High,No,Hybrid,8.0,99.0,Bachelor's,0
EMP01288,26.0,Male,,108854.31,20.0,,Medium,yes,Full Remote,2.0,67.0,Bachelor's,0
EMP01289,62.0,Non-binary,Marketing,86527.45,24.0,1.26,Low,No,On-site,1.0,59.0,Bachelor's,0
EMP01290,53.0,Male,Sales,63424.65,35.0,3.37,High,No,Full Remote,8.0,85.0,Master's,0
EMP01291,32.0,Female,SALES,90261.43,25.0,4.72,Low,No,Full Remote,7.0,40.0,Bachelor's,0
EMP01292,31.0,Female,Engineering,49975.57,36.0,4.65,Excellent,Yes,Hybrid,3.0,50.0,Master's,0
EMP01293,52.0,Male,Engineering,95052.28,20.0,4.6,High,yes,On-site,3.0,40.0,Bachelor's,0
EMP01294,37.0,Female,Marketing,55456.65,21.0,3.7,Medium,yes,On-site,7.0,16.0,Bachelor's,1
EMP01295,64.0,Male,Sales,84052.19,34.0,2.14,High,No,Hybrid,7.0,57.0,Associate,0
EMP01296,33.0,Non-binary,engineering,58937.52,13.0,3.46,Excellent,yes,Hybrid,8.0,16.0,Bachelor's,0
EMP01297,45.0,Female,Engineering,47962.47,1.0,3.0,Medium,No,nan,6.0,63.0,Bachelor's,0
EMP01298,24.0,Male,engineering,85602.79,,1.52,High,Yes,Hybrid,2.0,99.0,Master's,0
EMP01299,44.0,Female,Marketing,41895.61,22.0,1.74,Medium,,On-site,3.0,45.0,Master's,0
EMP01300,41.0,Male,Sales,67711.91,7.0,2.85,Excellent,No,On-site,1.0,27.0,PhD,0
EMP01301,53.0,Female,Sales,94608.44,36.0,2.93,Excellent,Yes,On-site,2.0,98.0,Bachelor's,0
EMP01302,44.0,Male,Finance,79577.04,4.0,2.03,Medium,No,On-site,4.0,43.0,High School,0
EMP01303,61.0,Male,Finance,36997.07,19.0,4.95,Excellent,No,nan,5.0,55.0,Master's,0
EMP01304,53.0,Female,Finance,84930.87,13.0,2.63,Medium,Yes,On-site,1.0,2.0,High School,0
EMP01305,22.0,Male,Engineering,81768.19,35.0,2.78,Excellent,No,Full Remote,8.0,,Bachelor's,0
EMP01306,48.0,Female,Finance,42977.16,16.0,1.59,Medium,Yes,Hybrid,4.0,68.0,High School,0
EMP01307,55.0,Male,Marketing,45046.48,22.0,2.97,High,No,Hybrid,3.0,46.0,Bachelor's,0
EMP01308,27.0,Female,Marketing,72326.22,0.0,4.63,Medium,Yes,Hybrid,5.0,29.0,Master's,0
EMP01309,29.0,Male,,50817.67,12.0,3.37,High,yes,Hybrid,7.0,82.0,Bachelor's,0
EMP01310,49.0,Female,HR,31361.78,35.0,1.64,nan,No,Full Remote,2.0,32.0,PhD,0
EMP01311,57.0,Male,Sales,,27.0,3.22,High,,Hybrid,9.0,57.0,Master's,0
EMP01312,25.0,Male,Engineering,61957.14,19.0,2.84,High,Yes,On-site,9.0,1.0,Associate,0
EMP01313,52.0,Male,Engineering,81800.34,6.0,2.13,High,No,Hybrid,9.0,19.0,PhD,0
EMP01314,35.0,Male,Engineering,70636.89,5.0,4.91,Excellent,Yes,Full Remote,1.0,61.0,Bachelor's,0
EMP01315,55.0,Male,Finance,25340.74,32.0,1.67,Medium,no,Hybrid,6.0,24.0,Bachelor's,0
EMP01316,57.0,,Sales,59414.06,19.0,4.53,High,No,On-site,3.0,97.0,Master's,0
EMP01317,25.0,Male,SALES,69077.46,15.0,2.08,Medium,,Full Remote,1.0,,PhD,0
EMP01318,33.0,Female,HR,86928.1,5.0,4.67,Medium,Yes,On-site,4.0,36.0,High School,0
EMP01319,45.0,,Engineering,53608.16,4.0,3.64,Medium,no,On-site,7.0,86.0,Bachelor's,0
EMP01320,37.0,Male,Sales,73927.41,28.0,4.9,Medium,yes,nan,7.0,25.0,High School,0
EMP01321,53.0,Male,Engineering,73165.57,2.0,1.46,Low,No,On-site,2.0,85.0,High School,0
EMP01322,29.0,Male,Engineering,51176.53,37.0,1.13,Excellent,No,Full Remote,6.0,36.0,High School,0
EMP01323,28.0,Male,Sales,54253.71,29.0,3.62,High,No,On-site,5.0,30.0,Master's,1
EMP01324,36.0,Female,Marketing,78766.08,20.0,,Excellent,No,Full Remote,9.0,63.0,Bachelor's,0
EMP01325,28.0,Female,Marketing,44503.24,5.0,2.68,High,Yes,nan,2.0,90.0,Bachelor's,0
EMP01326,25.0,Male,Engineering,53942.59,35.0,1.67,High,yes,Full Remote,8.0,19.0,Bachelor's,0
EMP01327,43.0,Male,Marketing,88631.53,4.0,3.4,High,No,Full Remote,7.0,18.0,nan,0
EMP01328,63.0,Female,HR,71359.69,38.0,3.9,High,No,Hybrid,9.0,61.0,Master's,0
EMP01329,48.0,Female,Marketing,70715.8,32.0,4.47,High,Yes,Hybrid,1.0,12.0,PhD,0
EMP01330,30.0,Male,engineering,23920.88,9.0,1.81,Excellent,yes,Full Remote,5.0,85.0,Master's,0
EMP01331,55.0,Male,SALES,76950.24,27.0,1.6,Excellent,Yes,Hybrid,,60.0,Master's,0
EMP01332,62.0,,Sales,50260.42,23.0,1.21,Medium,No,Hybrid,3.0,77.0,Master's,0
EMP01333,38.0,Female,Sales,44777.02,1.0,3.02,High,Yes,On-site,7.0,88.0,Bachelor's,0
EMP01334,36.0,Male,Marketing,74535.15,30.0,4.39,Medium,No,Full Remote,5.0,21.0,Associate,1
EMP01335,54.0,Male,Sales,61720.71,35.0,2.02,High,no,Hybrid,8.0,44.0,nan,0
EMP01336,59.0,Male,Finance,66096.35,7.0,4.55,nan,Yes,On-site,4.0,92.0,PhD,0
EMP01337,55.0,Female,SALES,51235.55,36.0,3.93,Excellent,No,nan,7.0,19.0,High School,0
EMP01338,30.0,Male,Engineering,102614.5,29.0,3.76,nan,yes,Full Remote,6.0,76.0,Associate,0
EMP01339,23.0,Male,Engineering,80499.09,1.0,1.62,High,No,Full Remote,4.0,3.0,PhD,0
EMP01340,40.0,,Engineering,62864.42,26.0,2.19,nan,Yes,Full Remote,5.0,58.0,Master's,0
EMP01341,45.0,Male,HR,109618.44,15.0,4.76,High,No,On-site,4.0,67.0,Master's,0
EMP01342,50.0,Non-binary,Finance,62964.82,0.0,3.5,Low,yes,Full Remote,7.0,36.0,High School,0
EMP01343,39.0,Female,,87882.51,31.0,4.25,nan,Yes,Hybrid,2.0,82.0,Bachelor's,0
EMP01344,39.0,Non-binary,Engineering,71187.49,26.0,2.39,Medium,no,Full Remote,4.0,40.0,PhD,0
EMP01345,48.0,Male,Engineering,71572.19,32.0,4.58,High,no,Hybrid,3.0,76.0,Bachelor's,0
EMP01346,26.0,Male,Marketing,64950.83,17.0,3.53,High,Yes,On-site,3.0,74.0,Master's,0
EMP01347,40.0,Male,Sales,60554.68,2.0,3.87,Medium,yes,Full Remote,3.0,14.0,PhD,0
EMP01348,36.0,Female,Sales,67155.74,1.0,4.38,High,no,On-site,8.0,44.0,PhD,0
EMP01349,39.0,Prefer not to say,Engineering,48520.69,13.0,3.95,High,No,Hybrid,6.0,59.0,Master's,0
EMP01350,62.0,Female,,56505.52,0.0,2.03,Excellent,yes,On-site,5.0,47.0,High School,0
EMP01351,48.0,Female,Sales,79354.45,36.0,4.4,Excellent,no,On-site,3.0,46.0,nan,0
EMP01352,49.0,Male,HR,81143.41,24.0,3.01,Medium,,On-site,5.0,32.0,Bachelor's,0
EMP01353,58.0,Female,,80740.55,,4.13,Medium,No,Hybrid,8.0,89.0,Bachelor's,0
EMP01354,53.0,,SALES,66125.45,22.0,3.66,nan,Yes,Full Remote,4.0,11.0,Master's,0
EMP01355,42.0,Non-binary,Engineering,86382.93,26.0,3.79,High,no,Full Remote,6.0,44.0,High School,0
EMP01356,39.0,Non-binary,Finance,59998.56,31.0,2.35,Medium,yes,On-site,7.0,87.0,Master's,0
EMP01357,54.0,Female,engineering,88775.8,30.0,3.26,Medium,Yes,Full Remote,4.0,13.0,Associate,0
EMP01358,24.0,Female,engineering,34988.33,30.0,2.67,High,yes,Hybrid,2.0,46.0,PhD,0
EMP01359,43.0,Male,HR,67064.93,25.0,3.69,nan,Yes,On-site,9.0,27.0,High School,1
EMP01360,26.0,Male,Marketing,30225.03,38.0,1.7,Excellent,No,Hybrid,1.0,17.0,Bachelor's,1
EMP01361,37.0,Male,HR,82409.18,5.0,3.26,Medium,Yes,Full Remote,6.0,93.0,Bachelor's,0
EMP01362,33.0,Male,Engineering,55782.35,37.0,1.22,Medium,no,On-site,3.0,88.0,Bachelor's,1
EMP01363,46.0,Female,Sales,108276.12,24.0,1.46,High,Yes,On-site,6.0,88.0,Master's,0
EMP01364,38.0,Male,Engineering,77917.15,9.0,3.23,Excellent,yes,Hybrid,9.0,45.0,High School,0
EMP01365,46.0,Male,Finance,75472.26,13.0,2.29,High,Yes,Full Remote,3.0,36.0,Master's,0
EMP01366,41.0,Female,engineering,15405.56,33.0,4.3,Excellent,no,Full Remote,6.0,50.0,Master's,0
EMP01367,34.0,Female,SALES,60603.81,38.0,1.26,High,No,Hybrid,4.0,35.0,Master's,0
EMP01368,28.0,Male,Engineering,78436.69,9.0,2.66,High,,On-site,9.0,0.0,Bachelor's,0
EMP01369,52.0,Male,Finance,61563.79,0.0,3.46,Medium,No,Hybrid,4.0,,Master's,0
EMP01370,47.0,Female,Sales,59596.28,,4.56,High,No,nan,3.0,58.0,Bachelor's,0
EMP01371,55.0,Male,Finance,56168.43,3.0,3.12,nan,No,On-site,5.0,53.0,PhD,0
EMP01372,37.0,Male,Sales,62838.34,23.0,2.45,Excellent,No,Hybrid,7.0,41.0,High School,1
EMP01373,28.0,Female,engineering,56084.82,6.0,4.92,nan,No,On-site,3.0,57.0,Bachelor's,1
EMP01374,25.0,Male,Sales,107285.01,37.0,1.24,High,yes,On-site,9.0,78.0,Master's,0
EMP01375,47.0,Female,Engineering,89508.92,27.0,3.19,Low,No,Hybrid,4.0,51.0,High School,1
EMP01376,32.0,Non-binary,,90776.02,28.0,1.27,nan,No,nan,7.0,63.0,Master's,0
EMP01377,37.0,Female,HR,21659.01,19.0,3.18,High,No,Hybrid,4.0,56.0,Master's,0
EMP01378,47.0,,Marketing,73330.22,26.0,1.72,nan,No,On-site,8.0,87.0,Bachelor's,0
EMP01379,30.0,Male,engineering,23463.85,6.0,4.43,Excellent,No,Hybrid,2.0,97.0,Master's,0
EMP01380,44.0,Female,engineering,98565.0,16.0,3.78,High,No,On-site,7.0,77.0,Bachelor's,0
EMP01381,46.0,Male,Marketing,77335.26,8.0,3.62,High,yes,nan,7.0,77.0,Bachelor's,0
EMP01382,52.0,Male,,94438.18,14.0,4.64,Medium,yes,Full Remote,7.0,6.0,Bachelor's,0
EMP01383,51.0,Female,Marketing,43696.4,22.0,2.85,Medium,Yes,On-site,2.0,56.0,Master's,0
EMP01384,43.0,Female,engineering,76246.08,5.0,1.29,Excellent,No,On-site,5.0,21.0,PhD,0
EMP01385,37.0,Prefer not to say,Engineering,46016.53,13.0,1.53,Excellent,,Hybrid,,86.0,Master's,1
EMP01386,48.0,Male,Finance,70582.85,13.0,2.98,Low,No,On-site,2.0,35.0,Bachelor's,0
EMP01387,45.0,Female,Engineering,52322.21,,4.33,High,no,Hybrid,9.0,32.0,Bachelor's,1
EMP01388,35.0,Male,Engineering,77780.12,39.0,2.51,High,no,On-site,3.0,64.0,Master's,0
EMP01389,30.0,Female,Marketing,42479.46,25.0,2.2,Excellent,yes,On-site,3.0,86.0,High School,0
EMP01390,41.0,Female,engineering,80025.58,31.0,1.66,High,yes,On-site,5.0,64.0,Master's,0
EMP01391,49.0,Male,SALES,60151.16,34.0,1.72,High,No,Full Remote,1.0,85.0,Master's,0
EMP01392,36.0,Male,Sales,58856.74,14.0,4.57,Excellent,Yes,Full Remote,6.0,58.0,Bachelor's,0
EMP01393,37.0,Male,Marketing,60444.66,33.0,2.74,Medium,no,On-site,1.0,70.0,PhD,0
EMP01394,55.0,Male,Finance,69870.0,2.0,4.18,High,Yes,Hybrid,2.0,17.0,PhD,1
EMP01395,38.0,Female,Engineering,51641.02,0.0,1.35,Excellent,Yes,Full Remote,3.0,2.0,Master's,0
EMP01396,64.0,Male,HR,102404.91,0.0,2.7,Medium,yes,On-site,5.0,76.0,Master's,0
EMP01397,29.0,Female,engineering,92450.19,26.0,3.26,Medium,no,Hybrid,,42.0,High School,0
EMP01398,32.0,Male,Sales,55710.26,30.0,1.69,High,,Full Remote,9.0,28.0,PhD,0
EMP01399,46.0,Male,Marketing,39445.16,36.0,4.6,High,No,Hybrid,8.0,89.0,Master's,0
EMP01400,60.0,Female,Engineering,90758.04,34.0,3.51,High,Yes,On-site,6.0,69.0,High School,0
EMP01401,32.0,Female,Finance,50051.3,1.0,1.79,Medium,yes,nan,7.0,2.0,High School,0
EMP01402,39.0,Male,engineering,49456.32,30.0,2.64,High,Yes,On-site,7.0,31.0,PhD,0
EMP01403,45.0,Female,,77332.19,6.0,4.42,High,Yes,On-site,7.0,33.0,Master's,0
EMP01404,59.0,Male,Finance,68261.04,0.0,1.21,High,,Full Remote,8.0,14.0,High School,0
EMP01405,48.0,Male,engineering,61887.95,22.0,4.91,Medium,no,Hybrid,1.0,58.0,Master's,0
EMP01406,42.0,Female,HR,62910.73,32.0,1.46,High,Yes,Hybrid,2.0,36.0,PhD,1
EMP01407,32.0,Female,Sales,56722.11,3.0,3.6,High,Yes,Hybrid,5.0,92.0,High School,0
EMP01408,37.0,Female,SALES,71729.71,2.0,2.78,Medium,,Full Remote,8.0,63.0,nan,0
EMP01409,63.0,Male,Marketing,85771.31,26.0,1.86,High,no,Hybrid,7.0,52.0,Bachelor's,0
EMP01410,63.0,Female,Engineering,65034.81,12.0,1.84,Excellent,yes,Hybrid,2.0,8.0,Master's,1
EMP01411,62.0,Female,Finance,65726.41,17.0,2.95,Excellent,Yes,On-site,7.0,52.0,nan,0
EMP01412,41.0,Male,SALES,102057.01,24.0,1.46,High,Yes,Hybrid,1.0,48.0,Associate,0
EMP01413,47.0,Female,HR,76237.12,9.0,1.4,High,yes,On-site,5.0,36.0,High School,0
EMP01414,23.0,Female,Marketing,82442.03,12.0,1.65,Medium,yes,Full Remote,6.0,99.0,Bachelor's,0
EMP01415,58.0,Male,Sales,43688.41,4.0,1.15,Low,,Full Remote,2.0,52.0,Bachelor's,0
EMP01416,37.0,Male,Sales,106067.65,17.0,3.95,nan,No,Full Remote,2.0,16.0,Bachelor's,0
EMP01417,24.0,Female,Finance,57100.42,0.0,3.33,Low,No,Full Remote,9.0,39.0,PhD,0
EMP01418,,Female,Engineering,63128.09,20.0,2.99,Medium,No,On-site,9.0,31.0,Master's,0
EMP01419,30.0,Female,Sales,56213.95,9.0,4.51,High,yes,On-site,8.0,52.0,High School,1
EMP01420,50.0,Female,HR,83405.32,9.0,3.13,High,No,Full Remote,6.0,52.0,Master's,0
EMP01421,26.0,Male,HR,70503.32,7.0,3.11,High,No,Full Remote,8.0,84.0,Associate,0
EMP01422,54.0,Male,engineering,57525.16,33.0,4.41,Medium,,Hybrid,5.0,51.0,High School,0
EMP01423,34.0,,,99523.48,15.0,2.34,High,Yes,Hybrid,9.0,1.0,Bachelor's,0
EMP01424,42.0,,SALES,80951.1,1.0,,High,Yes,On-site,8.0,70.0,Bachelor's,0
EMP01425,44.0,Male,Engineering,96783.53,3.0,2.49,Medium,No,Hybrid,6.0,16.0,Master's,0
EMP01426,64.0,,Engineering,81731.65,21.0,4.47,Excellent,yes,Hybrid,4.0,27.0,nan,0
EMP01427,50.0,Prefer not to say,Sales,58293.6,34.0,1.73,High,Yes,Full Remote,8.0,28.0,Bachelor's,0
EMP01428,47.0,Male,Sales,0.0,7.0,3.89,High,no,Hybrid,1.0,62.0,Master's,1
EMP01429,24.0,Male,Finance,57628.89,,1.69,High,No,On-site,9.0,55.0,Bachelor's,0
EMP01430,55.0,Male,Engineering,95457.48,22.0,1.41,High,Yes,On-site,5.0,23.0,Master's,0
EMP01431,31.0,Male,Marketing,89737.5,27.0,3.92,High,No,On-site,4.0,94.0,PhD,0
EMP01432,26.0,,Marketing,72987.49,13.0,2.56,High,yes,On-site,7.0,76.0,Master's,0
EMP01433,32.0,,Marketing,53075.14,34.0,1.91,nan,No,On-site,5.0,8.0,Bachelor's,0
EMP01434,55.0,Non-binary,Engineering,46159.78,29.0,3.88,High,Yes,Hybrid,5.0,34.0,Master's,1
EMP01435,41.0,Female,Engineering,65506.7,12.0,1.12,High,No,Full Remote,5.0,68.0,Bachelor's,0
EMP01436,36.0,Female,engineering,50652.34,9.0,3.03,Medium,Yes,On-site,2.0,17.0,Bachelor's,0
EMP01437,22.0,Male,Finance,93544.93,37.0,2.4,Medium,yes,Hybrid,4.0,9.0,nan,0
EMP01438,24.0,Female,Sales,58416.14,21.0,1.14,Excellent,yes,Hybrid,4.0,14.0,PhD,0
EMP01439,58.0,Female,Finance,62690.58,12.0,2.8,Medium,no,Hybrid,8.0,67.0,Bachelor's,0
EMP01440,38.0,Male,Engineering,64682.08,28.0,2.03,Low,,nan,9.0,41.0,Master's,1
EMP01441,45.0,Female,,79268.23,31.0,1.14,High,,Hybrid,4.0,27.0,Bachelor's,0
EMP01442,35.0,Female,Finance,74103.29,26.0,2.7,Medium,no,Full Remote,4.0,9.0,Bachelor's,1
EMP01443,55.0,Male,Finance,81125.55,34.0,4.61,Medium,Yes,Hybrid,2.0,27.0,Master's,0
EMP01444,61.0,Female,Sales,57757.63,18.0,1.86,Low,No,Hybrid,3.0,11.0,nan,0
EMP01445,51.0,Female,Engineering,79592.74,29.0,1.95,Excellent,No,On-site,1.0,96.0,PhD,0
EMP01446,,Female,Engineering,62237.85,31.0,3.24,Excellent,no,Hybrid,9.0,40.0,Master's,0
EMP01447,45.0,Male,Sales,47269.57,1.0,1.53,Excellent,Yes,Hybrid,2.0,94.0,Bachelor's,0
EMP01448,38.0,Female,Engineering,46822.91,24.0,2.21,High,No,On-site,6.0,42.0,nan,0
EMP01449,41.0,Female,,32876.87,0.0,1.96,High,,Full Remote,2.0,80.0,Master's,0
EMP01450,57.0,Female,,45770.78,21.0,3.45,nan,Yes,On-site,1.0,16.0,nan,0
EMP01451,45.0,Female,Engineering,73905.33,37.0,4.79,High,No,Full Remote,7.0,89.0,High School,0
EMP01452,26.0,Female,Sales,79332.16,4.0,1.42,Medium,yes,Hybrid,6.0,17.0,Bachelor's,0
EMP01453,55.0,Male,HR,57756.07,18.0,3.43,Medium,yes,Hybrid,8.0,96.0,Bachelor's,1
EMP01454,45.0,Male,Engineering,36972.0,12.0,4.69,High,,Full Remote,8.0,4.0,Master's,0
EMP01455,60.0,Female,Engineering,73418.27,31.0,3.39,Excellent,No,Full Remote,7.0,36.0,Master's,0
EMP01456,62.0,Male,SALES,17566.06,29.0,2.89,High,Yes,Hybrid,4.0,70.0,nan,0
EMP01457,27.0,Female,engineering,61519.34,9.0,1.48,Medium,Yes,Hybrid,1.0,53.0,Master's,0
EMP01458,24.0,Female,Marketing,55503.15,26.0,2.24,Medium,Yes,Hybrid,5.0,76.0,Master's,0
EMP01459,46.0,Female,Finance,56108.13,35.0,3.16,Medium,Yes,Full Remote,2.0,48.0,High School,0
EMP01460,34.0,Male,engineering,78959.26,21.0,4.69,Excellent,Yes,On-site,1.0,28.0,High School,0
EMP01461,30.0,Male,Marketing,64919.58,24.0,2.92,High,Yes,On-site,3.0,25.0,PhD,0
EMP01462,56.0,Non-binary,Finance,50365.42,6.0,2.55,Excellent,No,Full Remote,5.0,1.0,Master's,0
EMP01463,25.0,Female,Sales,71960.87,5.0,3.67,Medium,No,Hybrid,9.0,4.0,Master's,0
EMP01464,58.0,Female,Sales,43856.41,6.0,4.31,Excellent,No,On-site,9.0,20.0,Bachelor's,1
EMP01465,27.0,Female,engineering,57299.98,21.0,3.1,High,No,On-site,3.0,,Bachelor's,0
EMP01466,37.0,Female,Finance,75572.36,13.0,1.8,Medium,No,Full Remote,1.0,73.0,Master's,0
EMP01467,46.0,Female,HR,80827.83,12.0,1.74,High,No,Hybrid,5.0,35.0,Master's,0
EMP01468,56.0,Male,Finance,79087.51,29.0,4.32,Medium,No,Hybrid,4.0,42.0,Master's,0
EMP01469,33.0,Female,HR,68118.26,4.0,4.96,High,No,On-site,3.0,60.0,Master's,0
EMP01470,39.0,Female,Marketing,97226.77,12.0,1.7,High,yes,Hybrid,3.0,32.0,Master's,0
EMP01471,57.0,Male,Engineering,97445.36,21.0,3.77,Medium,Yes,On-site,5.0,1.0,Master's,1
EMP01472,44.0,Female,Engineering,74013.53,16.0,1.84,Excellent,yes,On-site,4.0,85.0,nan,1
EMP01473,23.0,Female,Engineering,0.0,23.0,2.34,Medium,Yes,Full Remote,6.0,61.0,Master's,1
EMP01474,63.0,Female,Marketing,85259.24,18.0,1.43,nan,No,Hybrid,5.0,97.0,Bachelor's,1
EMP01475,57.0,Male,Marketing,30096.46,20.0,4.45,Medium,,Full Remote,7.0,81.0,Bachelor's,0
EMP01476,25.0,Female,Finance,42391.98,30.0,4.04,High,No,Hybrid,6.0,7.0,Bachelor's,0
EMP01477,31.0,Female,Marketing,103881.87,32.0,4.54,High,yes,Full Remote,4.0,48.0,Bachelor's,1
EMP01478,60.0,Female,Marketing,75738.91,11.0,3.44,Excellent,No,Hybrid,2.0,68.0,Bachelor's,0
EMP01479,52.0,Female,Engineering,64786.71,8.0,,Medium,No,On-site,3.0,52.0,High School,1
EMP01480,34.0,Male,engineering,88677.11,35.0,1.7,Medium,No,Full Remote,,6.0,Master's,0
EMP01481,63.0,Female,engineering,88593.88,18.0,3.23,Low,Yes,On-site,7.0,44.0,Bachelor's,0
EMP01482,32.0,Male,Marketing,49613.38,12.0,2.15,Low,No,On-site,5.0,63.0,Bachelor's,1
EMP01483,57.0,Non-binary,Sales,52592.57,18.0,2.15,Excellent,No,On-site,7.0,21.0,Bachelor's,0
EMP01484,43.0,Female,Marketing,85124.16,24.0,4.68,High,No,Hybrid,3.0,27.0,Master's,0
EMP01485,51.0,Female,Finance,,0.0,1.44,Medium,yes,Hybrid,1.0,20.0,Master's,0
EMP01486,39.0,Female,Finance,76928.37,3.0,2.09,Excellent,No,Full Remote,9.0,2.0,Bachelor's,0
EMP01487,34.0,Female,HR,63697.75,38.0,3.43,High,Yes,Hybrid,7.0,78.0,Bachelor's,0
EMP01488,33.0,Male,HR,35286.48,8.0,4.4,Medium,yes,Full Remote,3.0,29.0,Master's,0
EMP01489,50.0,Female,HR,35309.53,14.0,4.58,Medium,yes,Hybrid,4.0,26.0,Master's,0
EMP01490,62.0,Female,engineering,60061.69,12.0,3.91,Medium,no,On-site,9.0,64.0,Master's,0
EMP01491,26.0,Female,HR,55926.29,34.0,2.71,Medium,Yes,Hybrid,5.0,65.0,PhD,0
EMP01492,58.0,Female,Marketing,52912.35,27.0,4.9,High,yes,nan,8.0,58.0,Bachelor's,0
EMP01493,58.0,Non-binary,Marketing,42291.72,10.0,2.72,Excellent,No,Hybrid,4.0,42.0,Associate,0
EMP01494,35.0,Male,engineering,59860.01,37.0,1.16,Medium,No,Hybrid,6.0,94.0,nan,0
EMP01495,64.0,Female,Finance,44203.46,32.0,4.16,High,No,Full Remote,6.0,71.0,Bachelor's,0
EMP01496,29.0,Male,HR,82724.41,27.0,1.74,Medium,Yes,Full Remote,7.0,2.0,nan,1
EMP01497,63.0,Female,Sales,50387.85,30.0,1.92,Medium,no,Hybrid,7.0,46.0,Master's,0
EMP01498,28.0,Male,Marketing,14841.09,10.0,2.9,High,Yes,On-site,8.0,69.0,Master's,0
EMP01499,49.0,Male,,112735.79,28.0,4.45,Low,No,Full Remote,6.0,91.0,Master's,1
EMP01500,44.0,Male,Engineering,78827.24,36.0,3.61,Medium,yes,Full Remote,5.0,17.0,Bachelor's,1
EMP01501,47.0,Female,,42108.81,7.0,4.42,Excellent,no,On-site,5.0,29.0,Bachelor's,0
EMP01502,,Female,Engineering,64444.99,2.0,3.49,Excellent,No,Hybrid,4.0,90.0,nan,1
EMP01503,25.0,Prefer not to say,HR,65612.88,30.0,1.46,High,No,Full Remote,3.0,27.0,Master's,1
EMP01504,52.0,Male,,61789.24,24.0,1.23,nan,Yes,Hybrid,1.0,16.0,Master's,0
EMP01505,51.0,Female,SALES,30213.43,37.0,4.16,Medium,No,Hybrid,9.0,80.0,Bachelor's,1
EMP01506,36.0,Non-binary,SALES,26428.55,22.0,4.06,High,No,Hybrid,3.0,57.0,Associate,0
EMP01507,51.0,Non-binary,engineering,42659.74,18.0,4.41,Low,No,On-site,5.0,9.0,Master's,1
EMP01508,30.0,Female,Marketing,48605.65,30.0,2.22,nan,no,Hybrid,9.0,46.0,Bachelor's,0
EMP01509,29.0,Male,Sales,73969.23,28.0,3.86,Excellent,Yes,Hybrid,5.0,45.0,High School,0
EMP01510,52.0,Male,Engineering,64899.14,29.0,1.69,Low,No,On-site,8.0,89.0,High School,0
EMP01511,25.0,Male,Finance,34086.8,,4.06,Medium,Yes,Hybrid,4.0,94.0,Master's,0
EMP01512,30.0,Female,Engineering,17758.74,10.0,1.73,High,Yes,On-site,2.0,20.0,nan,0
EMP01513,50.0,Female,Sales,12263.07,2.0,2.91,Excellent,No,On-site,4.0,81.0,Bachelor's,0
EMP01514,62.0,Female,Sales,43641.89,21.0,4.84,Medium,Yes,Hybrid,5.0,84.0,Master's,0
EMP01515,35.0,Female,Engineering,43513.52,26.0,2.0,nan,Yes,nan,9.0,33.0,Master's,0
EMP01516,28.0,Female,Finance,88893.1,39.0,3.34,Excellent,No,On-site,5.0,68.0,Master's,0
EMP01517,27.0,Prefer not to say,Finance,41197.97,2.0,4.19,High,,Full Remote,8.0,63.0,nan,0
EMP01518,35.0,Male,Finance,85007.18,4.0,3.19,Medium,No,Hybrid,1.0,26.0,PhD,0
EMP01519,35.0,Male,HR,57124.04,30.0,1.25,Excellent,no,Hybrid,2.0,95.0,Master's,0
EMP01520,35.0,Female,Sales,47435.16,24.0,2.16,High,Yes,nan,2.0,88.0,PhD,1
EMP01521,33.0,Male,Sales,55702.25,14.0,-1.0,Excellent,No,Hybrid,9.0,48.0,Bachelor's,0
EMP01522,43.0,Female,Engineering,70431.21,22.0,1.83,Excellent,yes,Full Remote,7.0,34.0,Bachelor's,0
EMP01523,35.0,Female,Finance,44044.95,2.0,4.28,Low,Yes,Full Remote,7.0,73.0,PhD,1
EMP01524,47.0,Non-binary,Finance,73822.3,34.0,3.27,Low,Yes,nan,8.0,91.0,Bachelor's,0
EMP01525,41.0,Prefer not to say,Marketing,79215.05,39.0,3.21,High,Yes,On-site,3.0,65.0,PhD,1
EMP01526,58.0,Male,Marketing,35243.16,12.0,4.86,Medium,no,nan,4.0,41.0,Bachelor's,0
EMP01527,50.0,Male,HR,52957.04,17.0,1.9,Medium,no,Full Remote,5.0,34.0,Bachelor's,0
EMP01528,53.0,Female,Sales,32998.0,38.0,4.35,Low,No,Hybrid,5.0,13.0,High School,0
EMP01529,27.0,Female,HR,73721.66,27.0,1.17,Excellent,no,On-site,1.0,40.0,High School,0
EMP01530,28.0,Male,Marketing,29904.96,22.0,3.97,Medium,No,Hybrid,6.0,99.0,Master's,0
EMP01531,26.0,Male,Sales,68383.87,13.0,2.31,Medium,No,Full Remote,4.0,97.0,Bachelor's,0
EMP01532,51.0,Non-binary,Marketing,69723.32,19.0,2.2,Medium,No,On-site,2.0,60.0,Bachelor's,0
EMP01533,34.0,Female,Engineering,35157.07,27.0,4.45,Excellent,Yes,Hybrid,2.0,64.0,Bachelor's,0
EMP01534,,Female,Marketing,86286.31,38.0,1.84,Excellent,No,Full Remote,9.0,71.0,Bachelor's,0
EMP01535,58.0,Male,Marketing,81129.46,12.0,1.93,Medium,No,Hybrid,,,Bachelor's,0
EMP01536,25.0,Female,Sales,39197.52,31.0,1.3,High,,Full Remote,3.0,91.0,Bachelor's,0
EMP01537,64.0,Male,Engineering,86441.74,6.0,1.96,High,no,On-site,5.0,11.0,High School,0
EMP01538,22.0,Male,Finance,58543.28,,3.22,nan,No,On-site,1.0,53.0,nan,0
EMP01539,41.0,Female,HR,55691.38,8.0,4.95,nan,,Hybrid,4.0,16.0,High School,0
EMP01540,39.0,Female,Sales,61712.91,6.0,1.37,Low,No,Hybrid,9.0,26.0,High School,0
EMP01541,33.0,Female,HR,77708.32,0.0,1.24,Medium,Yes,On-site,1.0,25.0,Bachelor's,0
EMP01542,54.0,Male,Engineering,72630.55,5.0,2.48,Excellent,No,On-site,6.0,14.0,Master's,0
EMP01543,53.0,Prefer not to say,HR,57059.17,17.0,1.37,Excellent,Yes,On-site,9.0,25.0,Master's,0
EMP01544,46.0,Female,Engineering,31569.17,11.0,2.15,High,Yes,Full Remote,1.0,58.0,Bachelor's,0
EMP01545,23.0,Prefer not to say,,56882.99,26.0,1.94,Medium,No,On-site,4.0,85.0,PhD,0
EMP01546,36.0,Male,Engineering,66108.1,8.0,2.61,Medium,No,On-site,4.0,63.0,PhD,1
EMP01547,32.0,Non-binary,Engineering,76346.01,39.0,4.57,High,Yes,On-site,1.0,46.0,nan,0
EMP01548,,Male,engineering,109807.24,38.0,4.08,High,No,On-site,4.0,97.0,Master's,0
EMP01549,59.0,Male,Finance,66523.52,15.0,4.1,Medium,no,nan,9.0,26.0,Bachelor's,0
EMP01550,47.0,Female,Finance,76575.97,21.0,2.29,Excellent,Yes,Full Remote,7.0,32.0,PhD,0
EMP01551,35.0,Female,Engineering,81875.17,9.0,3.65,Medium,Yes,On-site,6.0,88.0,Master's,0
EMP01552,43.0,Male,Engineering,26656.02,2.0,2.94,Medium,Yes,Full Remote,4.0,72.0,Master's,0
EMP01553,35.0,Female,Sales,64123.91,7.0,3.4,Excellent,,On-site,9.0,7.0,Associate,1
EMP01554,50.0,,Finance,91297.79,9.0,2.47,Excellent,No,Hybrid,1.0,89.0,PhD,0
EMP01555,32.0,Female,Engineering,54077.52,6.0,3.65,Low,Yes,Hybrid,4.0,84.0,Master's,1
EMP01556,,Female,Finance,75182.43,27.0,1.96,Medium,No,On-site,7.0,80.0,Master's,0
EMP01557,27.0,Male,Sales,36499.99,8.0,4.14,High,,Full Remote,1.0,53.0,Master's,0
EMP01558,25.0,Non-binary,Sales,97996.03,0.0,4.67,High,No,Full Remote,9.0,97.0,Master's,0
EMP01559,52.0,Male,Finance,76417.16,16.0,2.64,High,No,Hybrid,3.0,37.0,Bachelor's,1
EMP01560,35.0,Male,Marketing,64595.69,24.0,3.1,Medium,No,On-site,4.0,47.0,Master's,1
EMP01561,31.0,Prefer not to say,Engineering,69215.34,16.0,3.24,High,No,Hybrid,7.0,9.0,High School,0
EMP01562,45.0,Female,,78698.72,8.0,2.83,Medium,no,On-site,5.0,52.0,Master's,0
EMP01563,54.0,Male,Sales,88307.39,27.0,1.17,Excellent,no,Full Remote,1.0,85.0,Associate,0
EMP01564,49.0,Female,HR,12983.61,25.0,2.99,High,No,Full Remote,2.0,55.0,High School,0
EMP01565,35.0,Female,Sales,76845.65,37.0,1.13,Excellent,Yes,Full Remote,1.0,31.0,Bachelor's,0
EMP01566,,Female,Sales,59212.67,16.0,4.62,High,,Full Remote,3.0,42.0,High School,0
EMP01567,60.0,Female,Engineering,75120.32,37.0,1.82,Low,No,On-site,3.0,24.0,Master's,0
EMP01568,48.0,Male,HR,66552.68,31.0,3.49,High,,Hybrid,9.0,29.0,Master's,1
EMP01569,58.0,Male,Sales,51078.53,16.0,3.16,Medium,No,On-site,6.0,64.0,Master's,0
EMP01570,25.0,,,40359.1,10.0,4.05,High,yes,Hybrid,8.0,66.0,Bachelor's,1
EMP01571,41.0,Male,Marketing,88261.58,20.0,4.35,Medium,no,Full Remote,5.0,48.0,Bachelor's,0
EMP01572,25.0,Female,Sales,46097.0,27.0,3.36,Medium,Yes,nan,8.0,55.0,Master's,0
EMP01573,64.0,Female,Marketing,83471.6,9.0,3.66,Excellent,yes,Hybrid,2.0,36.0,Bachelor's,0
EMP01574,60.0,Male,SALES,64540.52,10.0,1.49,Low,Yes,Hybrid,8.0,86.0,PhD,0
EMP01575,28.0,Female,engineering,25378.26,,3.34,Medium,No,Full Remote,7.0,96.0,Bachelor's,0
EMP01576,54.0,Male,Marketing,87777.39,35.0,4.96,Excellent,yes,Full Remote,3.0,85.0,High School,0
EMP01577,29.0,Non-binary,Engineering,61287.77,21.0,3.8,High,No,Full Remote,7.0,36.0,Master's,0
EMP01578,63.0,Female,Marketing,54590.51,9.0,1.03,nan,yes,On-site,6.0,70.0,Master's,1
EMP01579,42.0,Female,Marketing,54249.07,10.0,4.78,High,No,Hybrid,4.0,58.0,Master's,0
EMP01580,34.0,Female,Sales,25689.87,22.0,2.53,Excellent,,On-site,8.0,65.0,Bachelor's,0
EMP01581,24.0,,engineering,39860.7,39.0,3.67,High,No,Full Remote,3.0,93.0,Master's,1
EMP01582,60.0,Female,engineering,36198.36,34.0,1.62,Medium,No,On-site,7.0,47.0,Bachelor's,0
EMP01583,35.0,Male,Engineering,72179.74,3.0,1.71,High,yes,Hybrid,2.0,13.0,Bachelor's,0
EMP01584,61.0,Female,Engineering,70962.19,38.0,4.54,High,Yes,Full Remote,5.0,37.0,Bachelor's,0
EMP01585,25.0,Male,Sales,38323.1,1.0,1.29,High,Yes,On-site,3.0,63.0,Master's,0
EMP01586,45.0,Female,,28003.31,36.0,2.5,High,No,On-site,9.0,81.0,PhD,1
EMP01587,33.0,Female,HR,90227.76,7.0,3.66,Low,yes,On-site,2.0,95.0,Master's,0
EMP01588,44.0,Male,Marketing,49643.44,27.0,4.61,High,,Full Remote,2.0,69.0,Master's,0
EMP01589,43.0,Male,Sales,85874.93,23.0,1.97,High,,Hybrid,2.0,5.0,Bachelor's,0
EMP01590,63.0,Male,HR,72931.76,23.0,3.44,High,Yes,Hybrid,1.0,30.0,Bachelor's,0
EMP01591,43.0,Male,engineering,95568.63,12.0,1.45,High,yes,Hybrid,9.0,84.0,Bachelor's,0
EMP01592,58.0,Female,SALES,62214.68,11.0,1.41,Excellent,No,Hybrid,7.0,53.0,Bachelor's,0
EMP01593,25.0,Male,,85517.96,16.0,2.05,Medium,No,Full Remote,6.0,18.0,Master's,0
EMP01594,55.0,Female,engineering,44339.55,33.0,2.34,Medium,Yes,Full Remote,9.0,36.0,Bachelor's,0
EMP01595,22.0,Non-binary,Sales,72625.37,37.0,3.6,Excellent,No,On-site,8.0,23.0,Bachelor's,0
EMP01596,34.0,Female,engineering,46437.1,11.0,4.64,Medium,No,On-site,2.0,5.0,Bachelor's,1
EMP01597,24.0,Female,SALES,72427.63,17.0,2.88,Medium,No,Hybrid,3.0,43.0,High School,0
EMP01598,57.0,Female,HR,58657.44,35.0,1.17,Medium,,Full Remote,2.0,84.0,High School,0
EMP01599,36.0,Male,Engineering,59981.45,5.0,4.34,Excellent,No,Full Remote,2.0,79.0,Master's,1
EMP01600,42.0,Female,,89850.89,33.0,1.5,High,No,nan,5.0,98.0,Bachelor's,0
EMP01601,60.0,Male,Sales,71763.79,13.0,4.75,High,No,Hybrid,4.0,15.0,Associate,0
EMP01602,63.0,Non-binary,Marketing,70443.27,33.0,2.67,Medium,No,nan,7.0,20.0,High School,0
EMP01603,30.0,Female,Engineering,107870.62,30.0,2.15,Medium,No,Hybrid,8.0,51.0,Master's,0
EMP01604,55.0,Male,Sales,50048.17,6.0,4.46,Excellent,Yes,Full Remote,3.0,26.0,Master's,0
EMP01605,22.0,Male,HR,80895.97,29.0,3.29,Medium,Yes,Full Remote,3.0,34.0,Bachelor's,1
EMP01606,47.0,Female,Sales,83344.09,9.0,2.92,High,No,Full Remote,3.0,28.0,PhD,0
EMP01607,,Male,SALES,65382.7,33.0,4.99,High,no,nan,5.0,35.0,Bachelor's,0
EMP01608,51.0,Female,Finance,83633.38,30.0,2.65,Low,,Hybrid,8.0,47.0,High School,0
EMP01609,22.0,Male,Engineering,53628.35,12.0,2.76,nan,Yes,On-site,5.0,92.0,Master's,0
EMP01610,35.0,Male,HR,35672.99,26.0,2.74,High,no,Full Remote,5.0,60.0,Bachelor's,0
EMP01611,27.0,Male,Marketing,72198.2,0.0,3.12,Medium,No,Hybrid,9.0,1.0,Master's,0
EMP01612,59.0,Male,Sales,32726.68,2.0,3.55,High,,Full Remote,9.0,8.0,Bachelor's,0
EMP01613,58.0,Female,Marketing,59803.94,38.0,4.69,High,no,Hybrid,7.0,46.0,nan,0
EMP01614,34.0,Male,Marketing,39547.99,35.0,2.65,Excellent,yes,On-site,2.0,63.0,Bachelor's,1
EMP01615,56.0,Female,Sales,81206.76,4.0,4.94,Excellent,yes,Hybrid,9.0,28.0,Master's,1
EMP01616,36.0,Prefer not to say,Engineering,47473.71,35.0,2.91,nan,No,Hybrid,3.0,42.0,Bachelor's,0
EMP01617,53.0,Female,Finance,86658.69,1.0,1.52,Medium,Yes,On-site,4.0,43.0,Bachelor's,0
EMP01618,35.0,Male,Sales,98948.3,23.0,1.68,Low,No,On-site,4.0,17.0,Bachelor's,0
EMP01619,44.0,Prefer not to say,Sales,59064.6,29.0,3.26,Excellent,yes,Hybrid,6.0,24.0,Bachelor's,0
EMP01620,37.0,Female,Engineering,103324.26,3.0,1.16,High,,On-site,3.0,61.0,PhD,1
EMP01621,48.0,Male,Marketing,75043.17,6.0,4.02,Medium,No,On-site,6.0,10.0,PhD,0
EMP01622,37.0,Male,Finance,63799.91,6.0,2.45,High,No,Hybrid,3.0,29.0,High School,0
EMP01623,50.0,Male,Sales,92553.56,8.0,1.32,High,Yes,Full Remote,1.0,91.0,Bachelor's,0
EMP01624,62.0,Female,Marketing,88506.65,19.0,2.62,Excellent,no,Hybrid,3.0,55.0,High School,0
EMP01625,39.0,Male,Finance,,34.0,4.05,Excellent,Yes,Hybrid,6.0,40.0,Master's,0
EMP01626,50.0,Female,SALES,52145.75,,2.06,High,No,Full Remote,1.0,28.0,Bachelor's,0
EMP01627,63.0,Female,SALES,82288.95,28.0,4.3,High,no,Full Remote,,80.0,Master's,0
EMP01628,30.0,Female,Sales,41221.69,15.0,1.93,Medium,yes,nan,3.0,74.0,Bachelor's,0
EMP01629,46.0,Female,Marketing,49401.99,38.0,4.9,High,No,Full Remote,3.0,46.0,Master's,0
EMP01630,40.0,Female,Marketing,36639.25,0.0,1.9,nan,No,Hybrid,5.0,86.0,PhD,1
EMP01631,26.0,Female,Sales,70137.26,16.0,2.5,High,No,nan,1.0,90.0,Bachelor's,0
EMP01632,23.0,Male,Engineering,89517.93,12.0,4.57,Medium,Yes,Full Remote,3.0,2.0,Bachelor's,1
EMP01633,44.0,Prefer not to say,Marketing,70631.16,18.0,4.66,Excellent,yes,Hybrid,9.0,56.0,Master's,0
EMP01634,47.0,Male,Engineering,30395.69,37.0,2.61,nan,No,On-site,7.0,57.0,Bachelor's,0
EMP01635,24.0,Female,Sales,63629.62,22.0,3.21,High,No,Full Remote,2.0,78.0,Bachelor's,0
EMP01636,50.0,Female,Engineering,68900.84,4.0,2.08,Low,yes,Hybrid,9.0,83.0,High School,0
EMP01637,56.0,Prefer not to say,Sales,52644.24,30.0,3.7,Excellent,,On-site,8.0,9.0,Master's,0
EMP01638,35.0,Female,Engineering,65607.34,8.0,2.2,nan,Yes,Full Remote,2.0,64.0,Associate,0
EMP01639,60.0,Female,Engineering,22587.91,10.0,1.39,Medium,,Hybrid,7.0,36.0,Bachelor's,0
EMP01640,64.0,Male,Engineering,94961.23,14.0,4.47,High,Yes,On-site,8.0,30.0,PhD,0
EMP01641,31.0,Female,Sales,96113.64,26.0,2.21,Excellent,,Full Remote,1.0,62.0,Bachelor's,1
EMP01642,59.0,Male,Sales,39193.71,12.0,3.0,Excellent,Yes,Hybrid,4.0,4.0,Bachelor's,0
EMP01643,63.0,Female,,63695.08,28.0,4.69,nan,Yes,Full Remote,8.0,79.0,Master's,0
EMP01644,44.0,Non-binary,Engineering,96597.26,37.0,1.75,Medium,No,Hybrid,7.0,91.0,Bachelor's,0
EMP01645,26.0,Prefer not to say,Marketing,57987.8,16.0,2.83,High,No,Hybrid,5.0,40.0,nan,0
EMP01646,54.0,,engineering,73459.93,17.0,4.86,High,,Full Remote,4.0,31.0,Master's,0
EMP01647,51.0,Female,Engineering,61355.7,28.0,3.86,High,No,Full Remote,4.0,71.0,Master's,0
EMP01648,27.0,Male,Finance,103546.64,36.0,2.64,Medium,Yes,Hybrid,5.0,58.0,Master's,0
EMP01649,38.0,Female,Marketing,59009.13,10.0,1.0,Low,No,Full Remote,6.0,25.0,Bachelor's,0
EMP01650,54.0,Female,Marketing,44981.92,23.0,1.85,Excellent,No,Hybrid,2.0,94.0,Master's,0
EMP01651,36.0,Female,Sales,88477.66,31.0,2.16,Medium,No,On-site,7.0,73.0,Master's,0
EMP01652,23.0,Male,SALES,77564.62,11.0,3.97,High,No,Full Remote,6.0,84.0,Bachelor's,1
EMP01653,35.0,Female,Sales,66364.49,12.0,3.3,High,,Hybrid,9.0,99.0,Master's,0
EMP01654,44.0,Female,Finance,53736.9,19.0,2.13,High,Yes,On-site,1.0,10.0,Master's,1
EMP01655,36.0,Male,HR,28349.89,19.0,3.4,Medium,yes,Full Remote,8.0,57.0,Bachelor's,0
EMP01656,43.0,Female,SALES,77273.33,37.0,4.45,Medium,Yes,Full Remote,5.0,35.0,Master's,0
EMP01657,32.0,Female,engineering,73091.11,28.0,2.29,Excellent,,Hybrid,1.0,25.0,Associate,0
EMP01658,56.0,,Sales,90488.34,2.0,3.02,High,No,On-site,7.0,17.0,Master's,0
EMP01659,42.0,Non-binary,HR,88466.42,31.0,3.28,Excellent,Yes,On-site,9.0,57.0,Bachelor's,0
EMP01660,61.0,Male,Engineering,,2.0,1.42,Excellent,No,Full Remote,9.0,84.0,Bachelor's,0
EMP01661,54.0,Female,HR,7196.63,4.0,3.27,Medium,No,Hybrid,8.0,61.0,PhD,0
EMP01662,32.0,Female,Engineering,58530.52,4.0,2.62,High,No,nan,9.0,,Master's,0
EMP01663,59.0,Male,Finance,79263.96,2.0,2.04,Medium,No,Hybrid,3.0,19.0,High School,1
EMP01664,39.0,Male,engineering,58708.46,36.0,3.04,Low,Yes,Hybrid,2.0,93.0,High School,1
EMP01665,38.0,Male,Finance,32464.2,2.0,3.9,High,No,Hybrid,5.0,38.0,Associate,0
EMP01666,55.0,Male,Marketing,75939.06,19.0,4.57,Medium,Yes,Hybrid,5.0,92.0,Master's,0
EMP01667,27.0,Female,Marketing,61432.86,12.0,4.4,High,No,On-site,1.0,60.0,Master's,0
EMP01668,45.0,Female,Sales,44872.35,16.0,1.64,Medium,,On-site,5.0,58.0,Bachelor's,0
EMP01669,63.0,Female,Engineering,80839.59,38.0,1.36,Medium,yes,nan,5.0,39.0,Master's,0
EMP01670,60.0,Male,Engineering,79910.16,19.0,1.26,Medium,,On-site,5.0,78.0,High School,0
EMP01671,51.0,Non-binary,Finance,55602.61,22.0,4.34,Excellent,No,Hybrid,5.0,60.0,Master's,0
EMP01672,52.0,Male,SALES,66450.93,33.0,1.7,Medium,,Full Remote,3.0,14.0,Bachelor's,0
EMP01673,24.0,Female,Sales,98596.4,22.0,2.03,High,Yes,Hybrid,1.0,15.0,High School,0
EMP01674,51.0,Male,,36356.76,,4.64,nan,Yes,Hybrid,3.0,15.0,Bachelor's,1
EMP01675,55.0,Male,Sales,52347.52,18.0,1.42,Low,Yes,On-site,3.0,3.0,Master's,0
EMP01676,37.0,Prefer not to say,engineering,31329.8,3.0,4.34,Excellent,No,Hybrid,4.0,49.0,Master's,0
EMP01677,42.0,Female,Engineering,50787.44,35.0,1.44,Excellent,No,On-site,9.0,46.0,nan,0
EMP01678,54.0,Male,HR,11410.05,3.0,4.23,High,No,On-site,2.0,81.0,PhD,0
EMP01679,45.0,Non-binary,Marketing,55309.97,15.0,2.88,High,No,nan,4.0,44.0,Master's,0
EMP01680,50.0,Female,Finance,32871.96,4.0,2.25,High,No,Hybrid,6.0,63.0,Bachelor's,0
EMP01681,47.0,Female,Finance,52417.25,5.0,1.22,Medium,No,On-site,4.0,48.0,High School,0
EMP01682,39.0,Female,Marketing,90977.1,22.0,3.23,High,no,Full Remote,7.0,48.0,Bachelor's,0
EMP01683,55.0,Male,Marketing,77265.68,38.0,2.54,Medium,Yes,On-site,9.0,12.0,Bachelor's,0
EMP01684,28.0,Male,Sales,33659.24,28.0,2.79,Medium,No,On-site,1.0,76.0,Master's,0
EMP01685,26.0,Prefer not to say,Finance,79270.9,32.0,1.09,Medium,Yes,Full Remote,3.0,18.0,Bachelor's,1
EMP01686,25.0,Female,Marketing,101618.3,37.0,3.2,Excellent,Yes,On-site,6.0,,Bachelor's,0
EMP01687,40.0,Female,,20382.54,29.0,2.95,Excellent,No,On-site,8.0,69.0,Master's,0
EMP01688,43.0,Male,engineering,29107.7,19.0,3.56,Medium,Yes,Full Remote,6.0,86.0,Bachelor's,1
EMP01689,58.0,Male,HR,39420.97,12.0,3.39,Excellent,No,Hybrid,2.0,5.0,Master's,1
EMP01690,22.0,Male,HR,30932.21,12.0,2.54,Excellent,No,On-site,6.0,94.0,Associate,0
EMP01691,40.0,Female,engineering,50873.42,21.0,1.43,High,,Hybrid,1.0,99.0,Bachelor's,0
EMP01692,46.0,Female,Marketing,60399.2,0.0,2.71,Low,Yes,Full Remote,2.0,17.0,Bachelor's,0
EMP01693,35.0,Female,Engineering,27285.31,5.0,3.36,High,No,Hybrid,8.0,92.0,High School,0
EMP01694,51.0,Male,Finance,43486.23,1.0,3.99,Low,,Hybrid,6.0,49.0,Master's,1
EMP01695,23.0,Male,HR,77616.97,18.0,2.39,High,Yes,On-site,6.0,95.0,Master's,0
EMP01696,55.0,Female,HR,42260.51,8.0,,Low,No,Full Remote,4.0,51.0,Associate,0
EMP01697,38.0,Male,Finance,80837.35,12.0,1.53,High,No,On-site,9.0,87.0,Bachelor's,0
EMP01698,25.0,Female,Engineering,65663.32,6.0,2.86,Excellent,No,Full Remote,5.0,36.0,Associate,0
EMP01699,39.0,Female,SALES,77538.63,39.0,3.72,High,no,Hybrid,6.0,82.0,Bachelor's,1
EMP01700,23.0,Male,HR,84702.94,2.0,2.38,Medium,No,Hybrid,9.0,85.0,Bachelor's,0
EMP01701,42.0,Male,engineering,60161.21,38.0,1.64,Excellent,,Hybrid,1.0,,High School,0
EMP01702,49.0,Male,HR,41278.49,32.0,3.64,Medium,Yes,On-site,8.0,71.0,Master's,0
EMP01703,34.0,Female,SALES,31552.18,4.0,2.64,High,,Hybrid,8.0,94.0,Master's,0
EMP01704,48.0,Male,Marketing,41640.16,26.0,2.8,High,,Hybrid,8.0,61.0,Master's,0
EMP01705,28.0,Prefer not to say,Sales,57823.96,10.0,3.78,High,Yes,Hybrid,2.0,52.0,Master's,1
EMP01706,63.0,Male,HR,89487.71,21.0,1.11,Low,Yes,Full Remote,5.0,79.0,Bachelor's,1
EMP01707,49.0,,Sales,76846.65,6.0,2.58,Medium,Yes,Hybrid,6.0,91.0,Master's,0
EMP01708,51.0,Female,engineering,97893.67,11.0,,Low,Yes,Full Remote,9.0,71.0,Bachelor's,0
EMP01709,30.0,Male,Sales,57015.41,33.0,4.14,High,Yes,On-site,5.0,3.0,High School,0
EMP01710,25.0,Male,Marketing,64705.55,4.0,3.88,Medium,yes,Hybrid,6.0,6.0,Bachelor's,0
EMP01711,36.0,Female,Engineering,52718.53,20.0,4.7,Medium,No,On-site,8.0,26.0,Bachelor's,0
EMP01712,27.0,Female,,63960.54,34.0,1.41,Medium,,Hybrid,7.0,30.0,Bachelor's,0
EMP01713,41.0,Male,,65586.69,22.0,4.71,nan,No,On-site,,79.0,Master's,0
EMP01714,51.0,Female,Sales,98695.11,19.0,3.42,Medium,No,On-site,8.0,30.0,Bachelor's,0
EMP01715,57.0,Male,Engineering,75704.66,8.0,2.62,High,Yes,Full Remote,2.0,75.0,Master's,0
EMP01716,27.0,Male,Marketing,39750.32,1.0,2.35,Low,Yes,Full Remote,1.0,26.0,Bachelor's,0
EMP01717,38.0,Male,Finance,89589.35,27.0,4.38,Excellent,No,Full Remote,7.0,18.0,Bachelor's,0
EMP01718,45.0,Female,Engineering,37711.96,0.0,4.87,High,Yes,Full Remote,5.0,45.0,Master's,0
EMP01719,27.0,Male,engineering,69159.18,16.0,4.63,High,No,Hybrid,2.0,99.0,Master's,0
EMP01720,31.0,Female,Marketing,71068.16,37.0,,Medium,Yes,On-site,8.0,37.0,High School,0
EMP01721,57.0,Male,Sales,87219.16,35.0,3.44,Medium,Yes,Full Remote,9.0,95.0,Bachelor's,0
EMP01722,62.0,Female,Finance,69457.15,30.0,2.21,Medium,No,Hybrid,9.0,9.0,Bachelor's,0
EMP01723,62.0,Male,Sales,39314.36,27.0,2.66,High,Yes,Hybrid,6.0,,Master's,0
EMP01724,23.0,Female,Engineering,30919.58,10.0,2.18,Excellent,No,On-site,3.0,96.0,Associate,0
EMP01725,45.0,,HR,59004.88,24.0,2.33,Excellent,No,On-site,6.0,63.0,Master's,0
EMP01726,42.0,Female,Sales,79695.45,25.0,3.1,nan,yes,Full Remote,8.0,82.0,Bachelor's,0
EMP01727,22.0,Male,SALES,67977.14,3.0,4.13,Medium,Yes,nan,7.0,65.0,Master's,0
EMP01728,24.0,Female,Sales,66625.35,11.0,4.77,High,Yes,On-site,3.0,78.0,Master's,0
EMP01729,60.0,Prefer not to say,Engineering,76972.28,30.0,3.43,Medium,Yes,Hybrid,3.0,67.0,Bachelor's,0
EMP01730,34.0,Female,engineering,70282.31,7.0,2.26,High,No,On-site,6.0,20.0,Master's,1
EMP01731,32.0,Male,Finance,95251.96,17.0,1.59,Excellent,Yes,Hybrid,7.0,46.0,Master's,0
EMP01732,56.0,Female,Engineering,67701.48,7.0,1.93,High,yes,Full Remote,2.0,29.0,nan,1
EMP01733,48.0,Male,HR,64876.69,32.0,1.64,Low,No,On-site,9.0,62.0,Master's,0
EMP01734,36.0,Male,HR,73191.84,30.0,2.99,Medium,No,Full Remote,2.0,87.0,High School,1
EMP01735,26.0,Male,Sales,23293.93,10.0,4.98,High,No,Hybrid,7.0,8.0,Bachelor's,1
EMP01736,57.0,Female,Engineering,62351.26,35.0,4.34,High,No,Hybrid,7.0,14.0,Master's,0
EMP01737,60.0,Male,Sales,76695.51,25.0,2.05,High,no,Hybrid,9.0,32.0,Master's,0
EMP01738,53.0,Female,SALES,27142.2,7.0,4.12,nan,yes,Hybrid,7.0,16.0,Master's,0
EMP01739,30.0,Non-binary,HR,74250.9,30.0,2.78,nan,Yes,On-site,9.0,66.0,Master's,0
EMP01740,25.0,,Marketing,69564.45,4.0,1.24,High,No,On-site,1.0,15.0,Master's,1
EMP01741,50.0,Male,engineering,81084.87,22.0,2.38,Excellent,,Full Remote,2.0,97.0,High School,0
EMP01742,46.0,Female,Sales,11794.38,,3.49,Excellent,No,On-site,9.0,60.0,Bachelor's,0
EMP01743,50.0,Male,Engineering,53927.62,15.0,2.85,Excellent,No,Full Remote,5.0,9.0,Master's,0
EMP01744,61.0,Male,Marketing,58154.11,15.0,4.19,Excellent,no,On-site,9.0,51.0,Bachelor's,1
EMP01745,64.0,Male,,71635.92,1.0,4.69,High,Yes,Full Remote,4.0,17.0,Bachelor's,0
EMP01746,39.0,Male,engineering,90701.08,24.0,1.82,High,,nan,5.0,36.0,Master's,0
EMP01747,49.0,Male,Sales,57299.07,33.0,1.87,High,No,On-site,3.0,41.0,Associate,0
EMP01748,54.0,Female,Finance,59845.43,25.0,2.43,Low,No,On-site,8.0,9.0,Associate,0
EMP01749,60.0,Prefer not to say,Marketing,81248.29,33.0,2.2,Medium,No,Full Remote,1.0,10.0,Bachelor's,1
EMP01750,33.0,,engineering,59984.06,20.0,3.91,Medium,Yes,Hybrid,4.0,22.0,Master's,0
EMP01751,54.0,Female,Finance,10205.5,14.0,2.41,Medium,No,On-site,3.0,9.0,Associate,0
EMP01752,60.0,Female,HR,91032.36,20.0,2.48,Excellent,No,Hybrid,1.0,75.0,Master's,0
EMP01753,48.0,Female,Sales,67772.6,9.0,2.62,High,no,Hybrid,,60.0,PhD,0
EMP01754,59.0,Female,Sales,64419.05,0.0,1.91,nan,Yes,Full Remote,2.0,5.0,Master's,0
EMP01755,60.0,Female,Finance,77438.21,17.0,3.1,High,No,On-site,2.0,90.0,Bachelor's,0
EMP01756,29.0,Male,Marketing,60306.28,34.0,4.87,High,yes,nan,7.0,10.0,Bachelor's,0
EMP01757,22.0,Male,Finance,70908.77,9.0,4.55,High,No,On-site,1.0,84.0,Master's,0
EMP01758,35.0,Female,Sales,29764.09,20.0,2.23,Excellent,Yes,Hybrid,,80.0,Master's,0
EMP01759,,Female,Sales,58799.64,8.0,3.03,High,No,Hybrid,7.0,39.0,Bachelor's,0
EMP01760,31.0,Female,Marketing,74695.08,14.0,1.6,Excellent,no,Hybrid,5.0,42.0,Master's,0
EMP01761,64.0,Female,HR,99348.64,9.0,3.75,Excellent,,Full Remote,1.0,86.0,PhD,0
EMP01762,42.0,Male,Sales,59008.59,15.0,1.14,High,No,Hybrid,5.0,45.0,Bachelor's,0
EMP01763,31.0,Female,Engineering,71097.67,0.0,3.88,Medium,,On-site,3.0,2.0,Bachelor's,0
EMP01764,62.0,Female,HR,92837.12,38.0,3.26,Low,,On-site,4.0,88.0,Master's,0
EMP01765,52.0,Female,Sales,58649.49,27.0,3.95,nan,No,Full Remote,8.0,57.0,Bachelor's,0
EMP01766,63.0,Female,Marketing,49228.56,36.0,3.1,Medium,No,Full Remote,6.0,56.0,Bachelor's,0
EMP01767,28.0,Male,Sales,68078.3,26.0,2.81,High,Yes,On-site,7.0,70.0,Bachelor's,0
EMP01768,27.0,Male,Engineering,78870.12,21.0,4.17,Medium,Yes,On-site,5.0,28.0,Bachelor's,0
EMP01769,57.0,,engineering,66009.58,19.0,3.29,Medium,Yes,Hybrid,2.0,26.0,Bachelor's,0
EMP01770,32.0,Non-binary,Engineering,52845.18,34.0,3.18,High,Yes,On-site,1.0,87.0,Bachelor's,0
EMP01771,39.0,Female,Finance,50337.73,8.0,4.01,High,,Hybrid,4.0,17.0,Master's,0
EMP01772,43.0,Male,HR,63102.25,16.0,3.7,Excellent,,On-site,7.0,30.0,Master's,0
EMP01773,26.0,Female,engineering,72005.85,39.0,2.85,nan,no,Hybrid,4.0,5.0,Bachelor's,0
EMP01774,22.0,Prefer not to say,engineering,85089.18,1.0,1.46,Low,No,Hybrid,3.0,29.0,Bachelor's,0
EMP01775,40.0,Male,Engineering,48990.78,,1.45,Excellent,yes,Hybrid,5.0,53.0,Master's,0
EMP01776,27.0,Male,engineering,73676.39,20.0,3.3,High,no,Hybrid,9.0,98.0,Master's,0
EMP01777,32.0,Female,Engineering,59374.5,32.0,2.67,Excellent,No,Hybrid,5.0,43.0,Master's,0
EMP01778,51.0,Male,Engineering,85571.1,12.0,3.65,High,Yes,On-site,7.0,37.0,PhD,0
EMP01779,59.0,Male,Marketing,50100.08,28.0,3.11,High,yes,Full Remote,,51.0,Master's,1
EMP01780,28.0,,Sales,41496.28,28.0,2.01,High,Yes,nan,1.0,78.0,Bachelor's,1
EMP01781,27.0,Male,Engineering,51891.03,39.0,3.32,Medium,yes,Hybrid,2.0,97.0,Bachelor's,0
EMP01782,56.0,Male,Engineering,121886.32,12.0,3.71,Low,Yes,Hybrid,5.0,26.0,Master's,0
EMP01783,36.0,,Sales,56699.09,7.0,1.23,High,No,On-site,1.0,28.0,Bachelor's,0
EMP01784,26.0,,,88123.18,39.0,4.67,Medium,Yes,Full Remote,1.0,0.0,Bachelor's,1
EMP01785,36.0,Female,Engineering,56351.67,23.0,1.85,High,no,Full Remote,3.0,35.0,High School,0
EMP01786,49.0,Male,Marketing,58006.58,1.0,2.86,Low,No,On-site,5.0,50.0,Associate,0
EMP01787,26.0,Female,Sales,63499.1,10.0,,High,Yes,Hybrid,4.0,83.0,Master's,0
EMP01788,38.0,Male,Sales,72116.19,7.0,4.19,Medium,,Hybrid,5.0,80.0,Bachelor's,0
EMP01789,59.0,,Sales,85074.65,23.0,4.21,High,no,On-site,7.0,26.0,High School,0
EMP01790,50.0,Female,Engineering,60228.39,9.0,4.38,High,No,Hybrid,1.0,5.0,High School,1
EMP01791,53.0,Male,SALES,117823.86,39.0,1.95,High,no,On-site,2.0,4.0,PhD,0
EMP01792,42.0,Male,Marketing,81043.16,18.0,4.23,Excellent,Yes,Hybrid,8.0,67.0,Bachelor's,0
EMP01793,50.0,Female,Marketing,69791.61,35.0,4.71,Medium,No,Full Remote,1.0,34.0,Bachelor's,0
EMP01794,62.0,Female,Engineering,78366.08,2.0,4.3,High,Yes,Full Remote,7.0,91.0,High School,0
EMP01795,48.0,Female,SALES,80922.37,33.0,3.88,Medium,No,Full Remote,7.0,45.0,High School,0
EMP01796,51.0,Male,Engineering,54117.4,14.0,1.55,High,No,Full Remote,4.0,54.0,Bachelor's,0
EMP01797,58.0,Female,engineering,59958.21,0.0,2.28,Low,Yes,On-site,7.0,94.0,Bachelor's,0
EMP01798,28.0,Female,Marketing,70432.42,12.0,3.84,High,No,On-site,5.0,19.0,Bachelor's,0
EMP01799,62.0,Male,Engineering,76438.76,25.0,2.53,Medium,No,Hybrid,2.0,46.0,Master's,0
EMP01800,44.0,Male,Marketing,65659.31,32.0,3.87,Medium,No,Hybrid,6.0,15.0,High School,0
EMP01801,40.0,Male,HR,67399.53,22.0,4.85,High,No,On-site,8.0,62.0,Bachelor's,0
EMP01802,46.0,Male,,46758.25,31.0,1.37,Medium,No,On-site,1.0,67.0,nan,0
EMP01803,28.0,Female,,68125.02,28.0,4.97,High,Yes,Hybrid,7.0,44.0,Bachelor's,0
EMP01804,45.0,Female,Sales,53982.88,0.0,1.05,Medium,yes,Full Remote,7.0,8.0,Master's,0
EMP01805,33.0,Female,,89067.6,22.0,4.63,Medium,No,On-site,2.0,49.0,Bachelor's,0
EMP01806,41.0,Female,Marketing,32911.26,22.0,1.67,nan,No,On-site,3.0,57.0,Bachelor's,0
EMP01807,58.0,Female,Finance,85420.18,18.0,3.4,Medium,No,On-site,9.0,49.0,High School,0
EMP01808,55.0,Male,Sales,88506.24,33.0,3.17,Medium,No,Full Remote,2.0,73.0,Bachelor's,0
EMP01809,62.0,Female,engineering,63841.22,30.0,1.63,High,No,On-site,3.0,87.0,Bachelor's,1
EMP01810,48.0,Male,engineering,40889.23,0.0,4.05,Excellent,No,On-site,4.0,43.0,Master's,0
EMP01811,46.0,Female,,33448.45,18.0,2.58,High,Yes,On-site,,56.0,Master's,0
EMP01812,28.0,Female,Marketing,51668.35,6.0,4.91,Excellent,no,On-site,4.0,65.0,Bachelor's,0
EMP01813,52.0,Male,Sales,86642.92,7.0,1.05,High,No,On-site,3.0,49.0,Master's,0
EMP01814,37.0,Male,Sales,24985.37,32.0,4.82,High,no,On-site,9.0,8.0,Bachelor's,0
EMP01815,51.0,Male,Sales,95683.23,33.0,2.62,High,No,Hybrid,1.0,51.0,Bachelor's,0
EMP01816,42.0,Male,Finance,81430.57,14.0,3.22,High,Yes,Hybrid,4.0,19.0,Bachelor's,0
EMP01817,50.0,Male,Marketing,71660.8,32.0,2.85,Medium,Yes,On-site,6.0,94.0,Bachelor's,0
EMP01818,44.0,Male,Engineering,47249.71,18.0,4.99,Medium,Yes,Hybrid,4.0,19.0,Bachelor's,0
EMP01819,53.0,Male,Sales,79047.7,13.0,3.77,Excellent,No,Hybrid,9.0,39.0,Bachelor's,1
EMP01820,34.0,Female,Marketing,61615.83,19.0,4.73,nan,no,Hybrid,5.0,9.0,Associate,0
EMP01821,36.0,Prefer not to say,Sales,53994.86,31.0,3.34,nan,No,Hybrid,7.0,55.0,Bachelor's,0
EMP01822,27.0,Female,HR,55966.37,15.0,1.9,Excellent,,Full Remote,8.0,66.0,Bachelor's,0
EMP01823,55.0,Male,Sales,71347.9,38.0,2.61,Excellent,No,Full Remote,5.0,4.0,Bachelor's,0
EMP01824,29.0,Female,HR,76639.67,25.0,4.48,nan,Yes,Full Remote,3.0,82.0,Master's,0
EMP01825,43.0,Male,Marketing,85900.32,25.0,4.48,High,No,Hybrid,8.0,72.0,Bachelor's,0
EMP01826,30.0,Female,Sales,87263.93,7.0,4.56,High,No,Hybrid,5.0,13.0,Bachelor's,0
EMP01827,50.0,Female,Marketing,54489.32,9.0,1.96,High,Yes,On-site,5.0,81.0,Associate,0
EMP01828,50.0,Prefer not to say,Finance,18730.81,31.0,2.06,Excellent,yes,On-site,3.0,37.0,Bachelor's,0
EMP01829,63.0,Male,Engineering,57518.55,1.0,1.62,Medium,Yes,On-site,1.0,94.0,Bachelor's,0
EMP01830,59.0,Male,Engineering,71990.61,27.0,2.11,Excellent,,On-site,7.0,87.0,Bachelor's,0
EMP01831,25.0,Female,,73447.64,9.0,3.23,Medium,yes,nan,5.0,16.0,Bachelor's,1
EMP01832,55.0,Female,Engineering,34939.69,26.0,3.27,High,no,Full Remote,3.0,13.0,Master's,0
EMP01833,62.0,Female,Marketing,81962.86,18.0,2.89,High,Yes,Hybrid,4.0,13.0,Bachelor's,1
EMP01834,33.0,Male,Sales,80962.88,6.0,1.27,nan,no,Hybrid,4.0,52.0,PhD,0
EMP01835,26.0,Male,HR,26771.25,26.0,,High,Yes,Hybrid,2.0,6.0,PhD,1
EMP01836,48.0,Male,engineering,59400.0,12.0,3.92,Excellent,No,On-site,3.0,37.0,Master's,0
EMP01837,53.0,Non-binary,engineering,70193.07,33.0,3.75,Medium,yes,On-site,6.0,26.0,PhD,0
EMP01838,30.0,Female,Engineering,70328.91,37.0,1.2,nan,No,Full Remote,1.0,74.0,High School,0
EMP01839,51.0,Female,SALES,60878.07,9.0,2.23,Medium,No,On-site,7.0,45.0,Master's,0
EMP01840,53.0,,Engineering,75994.48,15.0,4.38,High,No,Full Remote,9.0,49.0,Bachelor's,0
EMP01841,29.0,Female,engineering,62033.2,14.0,2.55,Medium,yes,Hybrid,9.0,85.0,Bachelor's,0
EMP01842,34.0,Female,engineering,63976.65,11.0,2.48,Medium,Yes,On-site,7.0,57.0,Bachelor's,0
EMP01843,22.0,Male,engineering,72509.13,,4.69,High,No,On-site,2.0,30.0,Bachelor's,1
EMP01844,40.0,Female,HR,15546.18,7.0,1.05,nan,No,Full Remote,1.0,29.0,PhD,0
EMP01845,42.0,Female,HR,68718.73,5.0,3.78,Medium,No,Full Remote,2.0,93.0,nan,0
EMP01846,45.0,Male,,72170.64,37.0,2.43,High,Yes,On-site,1.0,53.0,Bachelor's,0
EMP01847,39.0,Female,Finance,56104.66,17.0,3.79,Excellent,No,Full Remote,3.0,36.0,Bachelor's,0
EMP01848,51.0,Male,Sales,95793.79,31.0,4.47,High,No,Hybrid,6.0,81.0,Associate,1
EMP01849,52.0,Male,,82891.53,8.0,3.09,Medium,Yes,nan,5.0,95.0,Master's,0
EMP01850,25.0,Female,Sales,77913.99,12.0,1.89,Low,Yes,Full Remote,2.0,85.0,Bachelor's,0
EMP01851,51.0,Male,Sales,29829.53,30.0,4.43,High,Yes,Full Remote,6.0,43.0,Bachelor's,1
EMP01852,58.0,Male,Engineering,71598.28,35.0,4.51,nan,No,On-site,7.0,53.0,Master's,0
EMP01853,36.0,Female,engineering,98966.95,13.0,4.3,High,No,Hybrid,2.0,79.0,Bachelor's,0
EMP01854,25.0,Male,Sales,65808.43,29.0,4.16,nan,Yes,Hybrid,5.0,71.0,Bachelor's,0
EMP01855,35.0,Female,HR,58374.38,4.0,4.64,Medium,No,On-site,5.0,66.0,Associate,0
EMP01856,,Female,Marketing,55402.12,21.0,1.32,High,yes,On-site,4.0,19.0,Master's,0
EMP01857,62.0,Female,Finance,56385.93,24.0,3.81,High,yes,On-site,3.0,36.0,Bachelor's,0
EMP01858,59.0,Male,Sales,77092.46,18.0,1.58,High,no,nan,4.0,80.0,Master's,0
EMP01859,51.0,Female,,81338.65,5.0,3.17,nan,Yes,Hybrid,7.0,70.0,Master's,0
EMP01860,39.0,Female,Engineering,38249.19,29.0,3.75,Low,Yes,On-site,2.0,89.0,Master's,0
EMP01861,35.0,Female,Engineering,56492.77,10.0,1.35,Medium,No,Full Remote,8.0,85.0,Master's,0
EMP01862,50.0,Female,Marketing,77795.14,22.0,2.42,High,No,Full Remote,2.0,93.0,Bachelor's,0
EMP01863,23.0,Male,engineering,37792.77,6.0,2.44,High,no,On-site,8.0,25.0,Master's,0
EMP01864,26.0,Female,Sales,68268.32,33.0,2.56,Excellent,No,Hybrid,8.0,64.0,Master's,0
EMP01865,31.0,Female,Marketing,67105.4,18.0,3.28,Medium,Yes,Full Remote,3.0,47.0,Master's,0
EMP01866,40.0,Female,Finance,76436.93,21.0,2.33,High,,On-site,9.0,90.0,Bachelor's,0
EMP01867,41.0,Non-binary,SALES,32567.85,23.0,2.71,nan,No,Hybrid,7.0,59.0,Associate,1
EMP01868,51.0,Male,Sales,64705.71,5.0,4.16,High,No,Hybrid,3.0,78.0,High School,0
EMP01869,40.0,Male,,26904.95,,1.74,Medium,Yes,Full Remote,7.0,18.0,Master's,0
EMP01870,46.0,Female,Engineering,91105.85,21.0,4.36,High,No,On-site,8.0,97.0,nan,0
EMP01871,40.0,Female,Finance,45473.3,34.0,2.22,Excellent,Yes,On-site,5.0,40.0,PhD,0
EMP01872,63.0,Female,HR,81389.87,,1.69,Excellent,No,Hybrid,6.0,85.0,Bachelor's,0
EMP01873,38.0,Male,Engineering,57077.85,31.0,1.04,Medium,,Full Remote,4.0,22.0,Bachelor's,0
EMP01874,40.0,Male,Marketing,87220.08,15.0,3.23,Medium,No,Full Remote,6.0,34.0,Bachelor's,0
EMP01875,29.0,Male,Sales,52220.3,38.0,2.0,Medium,,Hybrid,2.0,44.0,Bachelor's,0
EMP01876,39.0,Female,Finance,51452.06,34.0,4.08,High,no,Hybrid,1.0,54.0,Master's,0
EMP01877,33.0,,Engineering,62572.49,23.0,4.92,High,yes,Hybrid,2.0,40.0,Bachelor's,0
EMP01878,36.0,Female,Marketing,82904.55,37.0,4.23,nan,No,Hybrid,7.0,2.0,Associate,1
EMP01879,52.0,Prefer not to say,HR,88545.98,9.0,3.64,Medium,No,Hybrid,9.0,77.0,Bachelor's,0
EMP01880,33.0,Male,Marketing,53548.3,10.0,3.19,Medium,no,Hybrid,1.0,32.0,Bachelor's,0
EMP01881,56.0,Male,Engineering,45134.58,1.0,4.94,Medium,Yes,Full Remote,7.0,78.0,Master's,0
EMP01882,64.0,Male,Marketing,57239.03,22.0,3.49,High,Yes,Hybrid,9.0,45.0,Bachelor's,0
EMP01883,54.0,Male,Engineering,51766.17,0.0,1.91,Excellent,No,On-site,7.0,15.0,Bachelor's,1
EMP01884,23.0,Male,Marketing,76460.68,39.0,1.73,Excellent,,On-site,2.0,12.0,Master's,0
EMP01885,53.0,Female,Engineering,81467.27,20.0,4.08,Excellent,yes,Hybrid,8.0,74.0,PhD,0
EMP01886,43.0,Female,Sales,63790.3,0.0,2.56,Excellent,yes,Hybrid,1.0,89.0,Master's,0
EMP01887,58.0,Male,Marketing,40394.38,30.0,3.99,Medium,No,Hybrid,4.0,64.0,Bachelor's,0
EMP01888,41.0,,Sales,88866.48,31.0,2.69,High,Yes,On-site,2.0,17.0,Bachelor's,0
EMP01889,32.0,Female,Sales,77494.51,33.0,4.04,Medium,No,On-site,1.0,29.0,Master's,0
EMP01890,57.0,Female,Sales,75816.95,34.0,3.81,Low,No,Full Remote,3.0,40.0,Master's,0
EMP01891,49.0,Male,Engineering,63004.23,4.0,3.52,Excellent,yes,Full Remote,3.0,48.0,PhD,0
EMP01892,26.0,Female,Sales,90599.74,14.0,3.58,High,no,Hybrid,5.0,56.0,Master's,0
EMP01893,23.0,Female,Sales,72391.31,30.0,2.2,Medium,No,Hybrid,2.0,17.0,Master's,0
EMP01894,53.0,Female,HR,65800.06,16.0,1.64,Medium,no,Hybrid,2.0,26.0,Master's,1
EMP01895,24.0,Male,Marketing,80143.88,12.0,2.55,Medium,No,On-site,2.0,93.0,Bachelor's,0
EMP01896,62.0,Male,Sales,75441.13,7.0,4.46,High,No,nan,9.0,36.0,Master's,0
EMP01897,51.0,Female,HR,89384.69,34.0,3.96,Excellent,Yes,On-site,8.0,20.0,Bachelor's,1
EMP01898,33.0,Female,HR,74413.39,2.0,-1.0,High,No,Full Remote,3.0,86.0,Bachelor's,0
EMP01899,39.0,Male,Engineering,56901.29,14.0,,Low,Yes,On-site,3.0,65.0,Associate,0
EMP01900,24.0,Female,Sales,62499.31,27.0,4.88,Excellent,No,Hybrid,6.0,,Bachelor's,0
EMP01901,23.0,Male,Finance,50281.0,22.0,1.56,Medium,No,On-site,8.0,40.0,Master's,0
EMP01902,37.0,Male,engineering,65256.87,,3.38,Medium,no,On-site,8.0,78.0,Master's,0
EMP01903,23.0,Male,SALES,52085.13,18.0,2.27,Medium,,Hybrid,1.0,60.0,High School,0
EMP01904,56.0,Prefer not to say,Sales,53197.71,,3.54,High,No,Full Remote,9.0,95.0,Bachelor's,0
EMP01905,48.0,Male,Sales,55173.13,22.0,4.46,Medium,No,Hybrid,7.0,8.0,Bachelor's,0
EMP01906,29.0,Male,SALES,19647.73,22.0,4.46,Low,No,Full Remote,2.0,13.0,PhD,1
EMP01907,23.0,Female,HR,91387.6,26.0,4.94,Low,No,Hybrid,9.0,53.0,Master's,0
EMP01908,64.0,Male,Engineering,41679.62,10.0,4.74,Excellent,No,Full Remote,9.0,33.0,Bachelor's,0
EMP01909,46.0,Male,Marketing,75434.42,20.0,3.78,Excellent,No,Hybrid,1.0,87.0,Master's,0
EMP01910,59.0,Male,Sales,45488.18,34.0,1.73,Excellent,yes,Full Remote,2.0,4.0,High School,0
EMP01911,38.0,Male,SALES,64805.5,27.0,4.25,High,No,Hybrid,9.0,4.0,nan,0
EMP01912,46.0,Female,Engineering,90032.6,21.0,3.55,Medium,No,On-site,9.0,32.0,Master's,0
EMP01913,41.0,Male,Engineering,58958.06,37.0,1.77,Medium,no,Hybrid,7.0,38.0,Master's,0
EMP01914,24.0,Male,Finance,73169.71,15.0,3.28,Excellent,no,On-site,4.0,79.0,PhD,0
EMP01915,54.0,Male,engineering,62439.3,1.0,3.23,High,yes,Full Remote,9.0,22.0,Bachelor's,0
EMP01916,51.0,Prefer not to say,Engineering,33381.69,6.0,4.76,High,,On-site,4.0,1.0,Bachelor's,0
EMP01917,60.0,Male,Engineering,25995.79,13.0,1.66,Excellent,Yes,Full Remote,9.0,58.0,Associate,0
EMP01918,44.0,Female,engineering,50267.75,14.0,3.3,Medium,Yes,On-site,5.0,33.0,Master's,1
EMP01919,30.0,Male,SALES,60279.03,15.0,2.93,Medium,No,On-site,2.0,31.0,Bachelor's,0
EMP01920,23.0,Female,Marketing,45925.11,0.0,3.1,Excellent,Yes,Hybrid,9.0,56.0,Bachelor's,0
EMP01921,39.0,Female,Sales,64797.64,30.0,3.71,High,,On-site,1.0,28.0,Bachelor's,0
EMP01922,47.0,,Engineering,91528.66,35.0,4.77,High,No,nan,8.0,90.0,PhD,0
EMP01923,62.0,Female,Engineering,65604.76,20.0,4.19,Low,Yes,Full Remote,9.0,2.0,Associate,1
EMP01924,37.0,Male,Engineering,49259.59,2.0,1.88,High,Yes,On-site,5.0,87.0,Bachelor's,0
EMP01925,59.0,Male,Marketing,73489.3,20.0,1.04,Medium,yes,On-site,4.0,20.0,Bachelor's,0
EMP01926,23.0,Female,Marketing,31689.65,36.0,3.17,Medium,no,Hybrid,7.0,28.0,Bachelor's,0
EMP01927,22.0,Female,HR,,24.0,1.36,High,Yes,Hybrid,7.0,56.0,Master's,1
EMP01928,43.0,Female,Sales,62410.22,25.0,1.49,Low,yes,Hybrid,1.0,27.0,nan,0
EMP01929,38.0,Female,Finance,44765.65,2.0,1.93,Excellent,Yes,On-site,7.0,92.0,Master's,0
EMP01930,50.0,Female,Engineering,95887.86,22.0,,High,No,Full Remote,2.0,56.0,Master's,1
EMP01931,56.0,Female,Finance,71216.2,25.0,3.66,Excellent,,Hybrid,2.0,51.0,High School,1
EMP01932,43.0,Male,Finance,84917.36,18.0,1.55,High,No,On-site,4.0,29.0,Bachelor's,1
EMP01933,58.0,Female,engineering,74851.74,29.0,2.96,Excellent,Yes,Full Remote,6.0,58.0,Bachelor's,1
EMP01934,26.0,Female,SALES,83215.4,27.0,3.56,Excellent,No,Hybrid,9.0,46.0,Bachelor's,0
EMP01935,62.0,Male,,57148.71,7.0,3.4,Medium,No,Hybrid,2.0,62.0,Master's,0
EMP01936,31.0,Female,HR,75493.21,32.0,4.35,Low,No,Full Remote,7.0,52.0,Master's,0
EMP01937,53.0,Male,Finance,84345.17,21.0,3.7,Medium,yes,On-site,5.0,17.0,PhD,0
EMP01938,42.0,Male,Sales,59188.11,24.0,1.39,nan,no,Hybrid,2.0,32.0,Bachelor's,0
EMP01939,50.0,Male,engineering,87222.82,15.0,2.36,High,yes,On-site,5.0,97.0,PhD,0
EMP01940,58.0,Male,Sales,78365.13,1.0,1.59,Low,No,On-site,2.0,57.0,Master's,0
EMP01941,62.0,Female,Sales,69435.2,6.0,2.71,High,No,Hybrid,2.0,74.0,nan,0
EMP01942,43.0,Female,Engineering,45138.06,11.0,1.67,Medium,Yes,Hybrid,,20.0,Master's,0
EMP01943,42.0,Male,Engineering,26526.95,10.0,4.45,Excellent,yes,Full Remote,1.0,50.0,nan,0
EMP01944,40.0,Female,Engineering,65918.4,29.0,2.53,High,No,Hybrid,9.0,34.0,High School,0
EMP01945,33.0,Male,HR,95019.85,7.0,4.1,Medium,Yes,On-site,8.0,28.0,PhD,0
EMP01946,46.0,Prefer not to say,Engineering,73584.17,11.0,,Excellent,No,On-site,1.0,34.0,Master's,0
EMP01947,39.0,Non-binary,engineering,46202.44,11.0,4.85,Low,,Hybrid,3.0,41.0,Bachelor's,0
EMP01948,36.0,Prefer not to say,Marketing,49728.21,9.0,3.0,Low,No,On-site,5.0,26.0,Bachelor's,1
EMP01949,37.0,Male,Engineering,40416.66,16.0,3.89,Excellent,No,On-site,,27.0,Bachelor's,1
EMP01950,38.0,Female,Marketing,85075.15,13.0,1.97,High,yes,On-site,1.0,69.0,Bachelor's,0
EMP01951,51.0,Male,Sales,56332.03,3.0,1.59,High,no,Hybrid,9.0,92.0,Bachelor's,0
EMP01952,46.0,Male,Marketing,56818.37,16.0,4.55,High,No,Hybrid,8.0,85.0,Bachelor's,0
EMP01953,60.0,Male,Sales,86826.65,27.0,4.37,Medium,No,Full Remote,2.0,44.0,Bachelor's,0
EMP01954,23.0,Male,Finance,42694.78,1.0,3.36,Medium,yes,Full Remote,4.0,88.0,Bachelor's,0
EMP01955,30.0,Female,Engineering,38145.79,18.0,4.17,High,No,Hybrid,5.0,4.0,Bachelor's,0
EMP01956,32.0,Female,Finance,62682.53,19.0,3.71,nan,Yes,On-site,2.0,10.0,Bachelor's,0
EMP01957,47.0,Female,Engineering,84093.73,4.0,2.97,Medium,yes,Hybrid,6.0,45.0,Master's,0
EMP01958,52.0,Male,Engineering,57016.17,31.0,3.34,Medium,Yes,Full Remote,7.0,49.0,Bachelor's,0
EMP01959,45.0,Female,SALES,111226.76,18.0,,Medium,yes,Full Remote,8.0,82.0,Master's,0
EMP01960,23.0,Female,Marketing,58735.72,26.0,2.45,Low,Yes,On-site,4.0,8.0,High School,1
EMP01961,61.0,Female,Marketing,65183.0,10.0,2.08,Low,No,Full Remote,3.0,54.0,PhD,0
EMP01962,61.0,Male,Sales,58504.23,35.0,4.82,Medium,,On-site,5.0,8.0,High School,1
EMP01963,36.0,Female,,37339.7,13.0,1.03,Low,no,On-site,1.0,38.0,Bachelor's,0
EMP01964,47.0,Female,engineering,97263.78,30.0,4.76,nan,No,On-site,6.0,10.0,nan,0
EMP01965,56.0,Male,Finance,47678.2,13.0,3.74,High,Yes,On-site,9.0,62.0,Bachelor's,0
EMP01966,24.0,Female,Finance,58372.49,26.0,1.16,nan,No,Hybrid,8.0,41.0,Bachelor's,0
EMP01967,53.0,Male,Finance,46197.75,38.0,1.39,Excellent,No,Hybrid,2.0,24.0,PhD,0
EMP01968,31.0,Female,Marketing,41987.0,39.0,3.16,High,Yes,nan,3.0,20.0,Master's,1
EMP01969,62.0,Non-binary,Finance,67716.47,,4.61,High,No,On-site,8.0,85.0,Bachelor's,0
EMP01970,58.0,Male,engineering,56052.93,14.0,2.31,Excellent,No,On-site,6.0,41.0,PhD,0
EMP01971,37.0,Female,Sales,52410.73,34.0,2.04,nan,yes,On-site,6.0,9.0,Bachelor's,0
EMP01972,62.0,Female,Engineering,40722.8,26.0,3.45,High,no,Full Remote,4.0,74.0,Master's,0
EMP01973,49.0,Female,Finance,60952.81,20.0,3.46,Medium,Yes,Full Remote,9.0,82.0,Bachelor's,0
EMP01974,41.0,Male,SALES,56869.41,39.0,1.24,Medium,,Hybrid,3.0,45.0,Master's,0
EMP01975,30.0,,HR,63901.99,29.0,3.58,Excellent,No,On-site,5.0,97.0,Master's,0
EMP01976,42.0,Female,Finance,30537.99,37.0,1.66,Medium,Yes,Full Remote,6.0,80.0,High School,0
EMP01977,38.0,Male,Engineering,64716.48,26.0,4.21,nan,No,Hybrid,2.0,52.0,Associate,0
EMP01978,33.0,Male,Sales,37790.26,34.0,3.1,High,,Hybrid,5.0,74.0,Master's,0
EMP01979,62.0,Male,Engineering,73168.85,14.0,3.5,High,No,Hybrid,8.0,98.0,Associate,0
EMP01980,27.0,Male,Finance,67523.5,2.0,4.29,Medium,No,Hybrid,8.0,94.0,nan,0
EMP01981,51.0,Male,Sales,74994.16,37.0,2.0,Excellent,No,On-site,1.0,24.0,Bachelor's,0
EMP01982,31.0,,Sales,69990.19,13.0,4.28,Low,Yes,On-site,3.0,43.0,Master's,0
EMP01983,47.0,Female,Sales,55699.25,14.0,,Medium,yes,Full Remote,9.0,10.0,PhD,1
EMP01984,62.0,Female,Engineering,51164.53,28.0,4.55,Excellent,Yes,On-site,6.0,88.0,Bachelor's,0
EMP01985,54.0,Male,HR,96707.39,2.0,2.57,Excellent,no,On-site,6.0,0.0,Master's,0
EMP01986,59.0,Female,engineering,65806.81,26.0,,nan,No,Hybrid,,79.0,Master's,0
EMP01987,39.0,Male,Sales,40690.42,19.0,4.33,Excellent,No,On-site,7.0,52.0,Master's,1
EMP01988,42.0,Female,Engineering,56487.26,10.0,4.74,High,,On-site,4.0,90.0,Bachelor's,0
EMP01989,24.0,Female,Sales,57357.57,31.0,2.66,High,No,Full Remote,8.0,45.0,Bachelor's,0
EMP01990,25.0,Non-binary,HR,30911.82,32.0,2.8,nan,yes,Hybrid,9.0,53.0,Associate,0
EMP01991,38.0,Prefer not to say,Sales,49117.56,13.0,2.4,Excellent,,Hybrid,7.0,45.0,Bachelor's,0
EMP01992,58.0,Male,Finance,18604.5,27.0,1.93,Medium,No,Hybrid,8.0,69.0,Bachelor's,0
EMP01993,42.0,Female,Finance,58887.95,21.0,4.76,High,No,Full Remote,3.0,74.0,nan,0
EMP01994,62.0,Female,Finance,80528.14,10.0,1.12,High,No,On-site,3.0,41.0,Master's,0
EMP01995,24.0,Male,Marketing,38648.08,34.0,2.45,nan,No,On-site,3.0,43.0,High School,0
EMP01996,62.0,Female,HR,62586.18,31.0,3.39,nan,no,Hybrid,6.0,3.0,High School,0
EMP01997,25.0,Non-binary,Marketing,36095.51,34.0,1.19,Medium,Yes,On-site,5.0,9.0,Bachelor's,0
EMP01998,39.0,Male,,89930.41,26.0,4.34,Medium,Yes,Hybrid,7.0,69.0,Bachelor's,0
EMP01999,57.0,Non-binary,Engineering,56682.03,33.0,1.66,Medium,Yes,Full Remote,9.0,97.0,Master's,0
EMP02000,40.0,Male,Finance,63755.07,31.0,3.93,Low,No,Full Remote,6.0,7.0,Bachelor's,0
EMP02001,52.0,Male,Engineering,55473.56,5.0,4.89,Excellent,Yes,Full Remote,8.0,29.0,Master's,0
EMP02002,37.0,Male,,102199.46,9.0,2.67,nan,Yes,On-site,1.0,71.0,Master's,0
EMP02003,47.0,Female,Sales,53328.89,14.0,4.85,High,Yes,On-site,2.0,5.0,High School,0
EMP02004,53.0,Non-binary,Marketing,63503.52,0.0,4.88,Low,Yes,Hybrid,9.0,10.0,Bachelor's,0
EMP02005,50.0,Female,Engineering,77855.49,18.0,2.09,High,Yes,Full Remote,9.0,84.0,Bachelor's,0
EMP02006,47.0,Male,SALES,63648.62,4.0,2.7,High,no,On-site,8.0,85.0,Master's,1
EMP02007,54.0,Female,Sales,34417.08,23.0,,Medium,No,On-site,4.0,71.0,Bachelor's,0
EMP02008,27.0,Female,Finance,,37.0,1.48,nan,,Hybrid,1.0,95.0,PhD,0
EMP02009,41.0,Female,Marketing,104380.34,6.0,3.04,High,Yes,On-site,3.0,66.0,PhD,1
EMP02010,53.0,Female,Sales,75330.11,2.0,4.82,Excellent,No,Full Remote,3.0,38.0,Bachelor's,0
EMP02011,25.0,Female,,72696.14,32.0,1.37,High,No,On-site,7.0,44.0,Bachelor's,0
EMP02012,48.0,Non-binary,Marketing,70033.6,28.0,4.83,High,no,On-site,1.0,62.0,High School,0
EMP02013,23.0,Male,Finance,97096.28,22.0,2.46,Medium,No,Hybrid,3.0,3.0,nan,1
EMP02014,37.0,Female,Finance,78312.22,4.0,4.19,High,Yes,Hybrid,8.0,27.0,Associate,0
EMP02015,40.0,Male,SALES,62629.55,25.0,2.0,Medium,No,Full Remote,5.0,54.0,Master's,0
EMP02016,23.0,Female,SALES,70082.06,13.0,4.06,Medium,No,Full Remote,8.0,80.0,Master's,0
EMP02017,23.0,Male,Engineering,80396.44,37.0,2.74,Excellent,No,Hybrid,3.0,73.0,Bachelor's,0
EMP02018,50.0,Male,HR,76792.47,2.0,3.75,High,No,On-site,5.0,6.0,Bachelor's,0
EMP02019,63.0,Female,Engineering,62291.03,34.0,2.22,Medium,No,Hybrid,4.0,3.0,nan,0
EMP02020,61.0,Female,Marketing,78605.26,11.0,4.78,Medium,No,On-site,3.0,43.0,Master's,0
EMP02021,28.0,Male,,36942.03,10.0,1.08,Medium,No,Full Remote,3.0,52.0,Master's,0
EMP02022,39.0,Female,Marketing,70795.58,23.0,4.62,High,Yes,Full Remote,4.0,89.0,Master's,1
EMP02023,29.0,Male,Engineering,40307.59,5.0,1.4,High,No,On-site,7.0,88.0,Bachelor's,0
EMP02024,51.0,Male,engineering,67160.41,37.0,4.04,Medium,Yes,On-site,1.0,34.0,Bachelor's,0
EMP02025,39.0,Male,Marketing,62935.12,37.0,2.14,High,No,Hybrid,6.0,88.0,Bachelor's,0
EMP02026,45.0,Male,Sales,55202.49,12.0,4.16,Medium,,On-site,8.0,31.0,Bachelor's,0
EMP02027,28.0,Male,Sales,14298.27,29.0,1.86,Low,yes,Hybrid,9.0,95.0,PhD,0
EMP02028,31.0,Male,SALES,46074.69,9.0,1.74,High,Yes,On-site,3.0,27.0,nan,0
EMP02029,52.0,Female,Engineering,53592.95,15.0,3.77,Medium,No,nan,2.0,43.0,PhD,0
EMP02030,28.0,Prefer not to say,engineering,102215.07,24.0,1.26,Excellent,Yes,On-site,3.0,60.0,Bachelor's,0
EMP02031,48.0,Female,Engineering,75130.04,16.0,1.33,Low,,Full Remote,5.0,73.0,Bachelor's,0
EMP02032,31.0,Male,Sales,89242.48,29.0,1.27,High,No,On-site,7.0,12.0,Bachelor's,0
EMP02033,31.0,Male,Marketing,50338.13,,2.79,Medium,No,nan,5.0,8.0,Bachelor's,0
EMP02034,34.0,Female,SALES,61736.46,11.0,1.45,nan,Yes,Full Remote,1.0,82.0,Bachelor's,0
EMP02035,42.0,Male,Sales,82835.48,9.0,4.24,Medium,,On-site,4.0,95.0,Master's,0
EMP02036,,Male,engineering,77526.7,27.0,3.69,High,yes,Hybrid,7.0,40.0,High School,0
EMP02037,24.0,Female,Finance,64529.76,22.0,1.05,Medium,Yes,On-site,9.0,36.0,Bachelor's,0
EMP02038,43.0,Male,Engineering,55614.81,3.0,,Excellent,No,Full Remote,5.0,9.0,PhD,0
EMP02039,24.0,Male,Engineering,81285.52,6.0,3.17,Medium,Yes,On-site,3.0,40.0,Bachelor's,1
EMP02040,34.0,Female,HR,43710.2,10.0,4.14,Low,yes,On-site,9.0,25.0,Bachelor's,0
EMP02041,29.0,Male,Sales,58446.64,37.0,2.06,Medium,No,On-site,5.0,60.0,Bachelor's,0
EMP02042,52.0,Male,Marketing,57672.19,1.0,3.02,High,No,Full Remote,4.0,20.0,Bachelor's,0
EMP02043,61.0,Female,Sales,43305.51,0.0,1.52,High,no,Full Remote,5.0,57.0,Bachelor's,0
EMP02044,54.0,Male,HR,87288.85,3.0,,Medium,No,Full Remote,9.0,57.0,High School,0
EMP02045,49.0,Female,Sales,46691.62,16.0,1.94,Excellent,No,Full Remote,6.0,71.0,Master's,1
EMP02046,53.0,Prefer not to say,Engineering,78809.81,22.0,3.54,High,,On-site,5.0,2.0,PhD,0
EMP02047,43.0,Female,engineering,49991.34,13.0,1.69,Medium,no,On-site,9.0,72.0,PhD,0
EMP02048,56.0,Female,,60249.88,12.0,2.36,High,,Hybrid,2.0,42.0,Bachelor's,0
EMP02049,53.0,Female,Sales,96449.01,28.0,4.75,High,yes,On-site,8.0,20.0,Bachelor's,0
EMP02050,30.0,Male,Finance,60005.37,10.0,4.54,High,Yes,On-site,6.0,46.0,PhD,0
EMP02051,51.0,Female,Sales,99687.55,8.0,1.07,nan,No,Full Remote,5.0,5.0,Bachelor's,0
EMP02052,,Female,Engineering,129486.29,39.0,3.8,High,Yes,Full Remote,9.0,29.0,Master's,1
EMP02053,28.0,Female,Sales,30832.52,18.0,4.28,High,,On-site,5.0,56.0,High School,1
EMP02054,24.0,Male,Finance,48942.73,33.0,4.08,Excellent,yes,Hybrid,6.0,34.0,Master's,0
EMP02055,30.0,Male,,55896.84,12.0,2.45,nan,No,Hybrid,1.0,99.0,Master's,0
EMP02056,49.0,Female,Engineering,77192.65,9.0,2.03,High,Yes,Full Remote,1.0,15.0,Bachelor's,0
EMP02057,35.0,Female,engineering,47864.32,20.0,3.89,High,No,Hybrid,8.0,36.0,High School,0
EMP02058,41.0,Male,HR,78832.63,35.0,4.2,High,No,Full Remote,1.0,17.0,PhD,0
EMP02059,56.0,Male,Marketing,60455.21,6.0,1.14,Medium,no,On-site,1.0,22.0,Master's,0
EMP02060,28.0,Male,SALES,79584.53,12.0,3.44,High,No,On-site,5.0,22.0,Master's,0
EMP02061,24.0,Male,,52670.79,11.0,3.31,Medium,Yes,Hybrid,9.0,31.0,Bachelor's,0
EMP02062,34.0,Male,Marketing,51600.06,7.0,3.79,High,No,Full Remote,8.0,14.0,Bachelor's,0
EMP02063,62.0,Male,Finance,63699.85,15.0,4.46,Excellent,Yes,On-site,1.0,18.0,Master's,1
EMP02064,52.0,Female,HR,72578.84,36.0,2.03,High,No,Hybrid,7.0,28.0,Bachelor's,0
EMP02065,41.0,Female,Marketing,25648.23,24.0,1.81,Medium,,On-site,2.0,66.0,Bachelor's,0
EMP02066,27.0,Prefer not to say,Sales,95308.81,8.0,2.49,High,Yes,Full Remote,8.0,64.0,Bachelor's,0
EMP02067,39.0,Male,Finance,58521.63,0.0,3.4,High,Yes,On-site,1.0,15.0,Master's,0
EMP02068,63.0,Male,Marketing,80366.0,25.0,2.07,High,Yes,Full Remote,3.0,64.0,PhD,0
EMP02069,43.0,Male,Sales,38418.49,5.0,4.5,Medium,Yes,On-site,2.0,92.0,High School,0
EMP02070,37.0,Male,Marketing,87616.39,35.0,1.49,Excellent,No,On-site,3.0,7.0,Master's,1
EMP02071,58.0,Male,Sales,45270.07,38.0,1.06,Excellent,yes,Full Remote,2.0,43.0,Associate,0
EMP02072,39.0,Female,Finance,47846.27,32.0,4.07,nan,No,Full Remote,8.0,45.0,PhD,0
EMP02073,58.0,Female,HR,93763.38,8.0,2.89,Excellent,,Full Remote,6.0,20.0,High School,1
EMP02074,62.0,Male,Marketing,51301.69,35.0,3.75,Medium,Yes,On-site,3.0,23.0,Bachelor's,0
EMP02075,47.0,Male,Marketing,77923.78,38.0,1.08,Medium,Yes,On-site,6.0,29.0,Bachelor's,0
EMP02076,64.0,Male,Engineering,59516.92,6.0,3.91,Medium,,Full Remote,7.0,61.0,Bachelor's,1
EMP02077,33.0,Prefer not to say,HR,44224.39,5.0,1.44,Excellent,No,Full Remote,1.0,51.0,Bachelor's,0
EMP02078,26.0,Female,Sales,87290.45,13.0,3.34,Low,yes,On-site,7.0,65.0,Bachelor's,0
EMP02079,42.0,Male,,79020.5,12.0,4.15,High,,Full Remote,2.0,87.0,nan,0
EMP02080,46.0,Female,Engineering,77061.23,3.0,4.57,Low,,On-site,9.0,47.0,Bachelor's,0
EMP02081,45.0,Female,SALES,56391.4,14.0,4.26,Excellent,Yes,On-site,6.0,52.0,High School,0
EMP02082,62.0,,HR,34285.21,8.0,3.55,Medium,Yes,On-site,6.0,59.0,nan,0
EMP02083,25.0,Female,Sales,61791.08,16.0,3.77,High,,Full Remote,2.0,91.0,Master's,0
EMP02084,52.0,Male,Engineering,34215.66,26.0,4.6,High,No,On-site,3.0,34.0,High School,0
EMP02085,30.0,Female,engineering,76213.07,11.0,1.74,nan,no,On-site,2.0,90.0,Bachelor's,0
EMP02086,45.0,Male,Engineering,79973.01,6.0,1.91,Excellent,No,On-site,5.0,91.0,Bachelor's,0
EMP02087,23.0,Female,SALES,32803.07,5.0,3.52,Low,Yes,Full Remote,5.0,45.0,Master's,0
EMP02088,55.0,Female,HR,73080.33,6.0,1.79,Excellent,No,Hybrid,3.0,55.0,Bachelor's,0
EMP02089,39.0,Male,Marketing,65076.81,31.0,3.78,High,No,Full Remote,9.0,38.0,Bachelor's,0
EMP02090,28.0,Female,Sales,47430.4,39.0,1.25,Excellent,,Full Remote,7.0,29.0,nan,0
EMP02091,57.0,Non-binary,SALES,49836.05,37.0,1.17,High,No,Hybrid,3.0,30.0,PhD,0
EMP02092,59.0,Non-binary,,82688.47,1.0,2.21,High,Yes,On-site,4.0,65.0,Master's,0
EMP02093,24.0,Male,Engineering,68019.48,6.0,1.23,Medium,no,On-site,2.0,23.0,Master's,0
EMP02094,27.0,Male,engineering,64456.87,5.0,2.81,Excellent,Yes,On-site,5.0,95.0,Master's,0
EMP02095,45.0,Male,Sales,46068.96,32.0,4.8,Excellent,No,Full Remote,3.0,53.0,Master's,0
EMP02096,25.0,Male,Sales,57838.3,6.0,3.2,High,,On-site,2.0,0.0,High School,0
EMP02097,54.0,Female,Marketing,48916.7,11.0,1.51,High,Yes,Hybrid,6.0,89.0,Bachelor's,0
EMP02098,45.0,Male,HR,43656.24,24.0,4.03,High,No,On-site,6.0,30.0,Bachelor's,0
EMP02099,29.0,Male,Sales,101655.56,3.0,2.52,Excellent,Yes,Hybrid,8.0,46.0,High School,0
EMP02100,53.0,Female,Finance,58792.81,24.0,2.51,High,,Full Remote,3.0,99.0,Bachelor's,1
EMP02101,63.0,Female,Engineering,77853.23,4.0,2.99,High,yes,On-site,7.0,51.0,Master's,0
EMP02102,62.0,Female,Finance,79610.94,,4.74,nan,No,Full Remote,7.0,44.0,Bachelor's,0
EMP02103,60.0,Non-binary,engineering,92981.57,27.0,2.24,Medium,,Full Remote,5.0,69.0,Master's,0
EMP02104,52.0,Non-binary,HR,75538.35,13.0,1.79,High,Yes,Full Remote,1.0,81.0,Master's,0
EMP02105,32.0,Female,,80448.41,11.0,1.27,Excellent,No,Hybrid,2.0,82.0,Master's,0
EMP02106,27.0,Female,engineering,19947.38,29.0,1.97,High,,Full Remote,1.0,26.0,Master's,0
EMP02107,63.0,Male,Sales,71171.13,33.0,2.92,High,No,Hybrid,5.0,21.0,Master's,0
EMP02108,37.0,Female,HR,52696.08,7.0,1.67,Medium,No,Hybrid,7.0,98.0,High School,0
EMP02109,43.0,Female,Sales,79953.91,23.0,4.9,High,No,Hybrid,9.0,66.0,Master's,0
EMP02110,55.0,Male,engineering,52658.7,32.0,1.98,High,no,On-site,3.0,22.0,High School,0
EMP02111,40.0,Female,HR,60604.98,37.0,4.92,High,Yes,On-site,9.0,52.0,Master's,0
EMP02112,49.0,Female,,81290.84,30.0,2.36,High,No,Hybrid,3.0,81.0,Master's,1
EMP02113,51.0,Female,Marketing,53935.33,7.0,2.71,Low,,Hybrid,1.0,33.0,Master's,0
EMP02114,48.0,Male,Finance,52731.17,3.0,3.01,Low,Yes,Hybrid,5.0,51.0,nan,1
EMP02115,60.0,Female,Sales,49788.92,18.0,2.4,High,no,On-site,3.0,87.0,Bachelor's,0
EMP02116,58.0,,engineering,66533.82,29.0,2.63,High,No,On-site,5.0,6.0,High School,0
EMP02117,32.0,Female,SALES,45197.54,23.0,2.79,High,Yes,Hybrid,6.0,35.0,PhD,0
EMP02118,23.0,Male,Engineering,85829.28,26.0,1.1,Medium,no,On-site,8.0,6.0,Bachelor's,0
EMP02119,25.0,Male,Finance,40811.77,,3.19,Excellent,No,Full Remote,2.0,19.0,Master's,1
EMP02120,30.0,Female,Engineering,61248.43,10.0,2.29,High,No,Hybrid,3.0,54.0,PhD,0
EMP02121,45.0,Male,engineering,46305.99,33.0,1.36,Excellent,No,Full Remote,7.0,91.0,Bachelor's,0
EMP02122,35.0,Male,SALES,45512.67,5.0,3.35,Medium,No,Hybrid,7.0,43.0,Bachelor's,0
EMP02123,30.0,Female,Sales,46785.08,6.0,4.23,High,Yes,On-site,2.0,14.0,Bachelor's,0
EMP02124,33.0,Male,SALES,64704.79,6.0,4.05,Excellent,Yes,Full Remote,5.0,74.0,Bachelor's,1
EMP02125,50.0,Female,Engineering,46708.33,5.0,2.36,Excellent,No,Full Remote,6.0,93.0,Bachelor's,0
EMP02126,51.0,Female,HR,48458.5,8.0,,Medium,yes,nan,7.0,96.0,Bachelor's,0
EMP02127,32.0,Male,,95503.82,2.0,4.35,Medium,No,Hybrid,7.0,20.0,Master's,0
EMP02128,62.0,Male,Sales,94480.37,10.0,3.26,Excellent,No,Full Remote,5.0,36.0,Master's,0
EMP02129,36.0,Male,Engineering,68467.94,2.0,4.37,Medium,,Hybrid,6.0,44.0,Bachelor's,1
EMP02130,64.0,Female,Engineering,85906.12,7.0,4.35,nan,Yes,On-site,9.0,49.0,Bachelor's,0
EMP02131,53.0,Male,HR,74316.09,28.0,1.87,High,yes,On-site,4.0,70.0,Bachelor's,0
EMP02132,24.0,Male,HR,75610.26,34.0,3.73,Low,Yes,Hybrid,7.0,63.0,Bachelor's,0
EMP02133,42.0,Female,Marketing,105126.38,9.0,3.24,High,Yes,On-site,4.0,59.0,nan,0
EMP02134,39.0,Female,Engineering,55685.12,,1.06,Medium,No,Full Remote,3.0,48.0,Bachelor's,0
EMP02135,32.0,Male,engineering,60756.87,9.0,4.85,Low,,Full Remote,2.0,50.0,Master's,0
EMP02136,49.0,Male,Sales,49916.18,4.0,4.66,Excellent,no,Hybrid,1.0,85.0,Master's,0
EMP02137,59.0,Female,Sales,73278.79,18.0,4.3,High,No,nan,2.0,78.0,Bachelor's,0
EMP02138,42.0,Male,engineering,75743.01,32.0,2.03,nan,no,Full Remote,7.0,89.0,Master's,0
EMP02139,23.0,Male,Engineering,68052.91,17.0,2.9,Excellent,yes,Full Remote,7.0,52.0,Bachelor's,0
EMP02140,62.0,Male,Marketing,57939.37,20.0,1.27,High,No,nan,9.0,92.0,Bachelor's,0
EMP02141,35.0,Male,Marketing,98959.69,4.0,2.05,Medium,No,On-site,8.0,92.0,Master's,1
EMP02142,36.0,Female,HR,69963.13,11.0,4.08,Excellent,yes,Hybrid,6.0,12.0,Master's,0
EMP02143,56.0,Male,Marketing,66150.68,11.0,2.19,Low,,On-site,6.0,94.0,Associate,0
EMP02144,58.0,Male,Engineering,41946.07,26.0,2.49,Medium,,Full Remote,6.0,50.0,nan,0
EMP02145,30.0,Female,Sales,55176.45,3.0,1.94,nan,Yes,On-site,1.0,27.0,High School,0
EMP02146,58.0,Male,Sales,66696.25,36.0,1.5,nan,Yes,On-site,8.0,65.0,Bachelor's,0
EMP02147,35.0,Female,engineering,61500.3,6.0,4.62,High,No,Full Remote,9.0,15.0,Bachelor's,0
EMP02148,25.0,Female,Marketing,55274.31,29.0,2.01,High,No,Hybrid,5.0,9.0,High School,1
EMP02149,48.0,Male,SALES,62649.75,33.0,2.37,High,Yes,Hybrid,1.0,6.0,Master's,0
EMP02150,59.0,Male,Sales,41858.26,37.0,2.09,Medium,yes,Hybrid,6.0,1.0,Master's,0
EMP02151,37.0,Prefer not to say,Engineering,77793.03,32.0,3.42,nan,Yes,Full Remote,5.0,84.0,PhD,1
EMP02152,61.0,Male,Sales,60916.24,4.0,1.54,Medium,No,Hybrid,5.0,26.0,Master's,0
EMP02153,57.0,Male,Sales,60961.49,23.0,1.79,Medium,Yes,Hybrid,3.0,79.0,Master's,0
EMP02154,31.0,Male,Sales,47499.19,13.0,1.8,Medium,Yes,On-site,2.0,36.0,Bachelor's,1
EMP02155,23.0,Female,engineering,102298.66,20.0,1.24,Excellent,yes,Hybrid,7.0,75.0,Bachelor's,0
EMP02156,30.0,Male,SALES,68140.67,12.0,4.94,Medium,No,Full Remote,6.0,32.0,Bachelor's,0
EMP02157,54.0,Female,Engineering,57053.88,31.0,1.88,Medium,yes,Hybrid,3.0,85.0,Bachelor's,0
EMP02158,22.0,Male,Engineering,61587.32,23.0,2.51,Medium,No,On-site,2.0,29.0,Master's,0
EMP02159,54.0,Female,Engineering,49019.32,31.0,3.69,High,yes,Hybrid,2.0,5.0,Master's,0
EMP02160,36.0,Male,Finance,72474.9,7.0,3.77,Excellent,no,Hybrid,6.0,61.0,PhD,1
EMP02161,48.0,Male,HR,90137.63,15.0,1.52,Medium,yes,Full Remote,4.0,4.0,Bachelor's,0
EMP02162,50.0,Male,Marketing,64922.58,2.0,2.27,nan,Yes,Hybrid,7.0,44.0,PhD,0
EMP02163,38.0,Male,Engineering,66267.47,,1.39,High,Yes,On-site,5.0,41.0,Associate,0
EMP02164,56.0,Non-binary,Marketing,65702.06,35.0,2.4,High,No,Hybrid,9.0,46.0,Master's,1
EMP02165,54.0,,Engineering,47196.22,2.0,3.39,Excellent,No,Hybrid,3.0,74.0,Associate,0
EMP02166,47.0,Male,engineering,48022.69,12.0,4.82,High,,Full Remote,8.0,92.0,Bachelor's,0
EMP02167,47.0,Female,Finance,100187.84,14.0,2.96,High,yes,On-site,3.0,34.0,Master's,0
EMP02168,58.0,Female,Engineering,64516.19,21.0,3.47,Excellent,yes,Hybrid,6.0,91.0,Master's,0
EMP02169,46.0,Male,Engineering,72681.66,22.0,1.47,Medium,No,On-site,4.0,76.0,Master's,0
EMP02170,,Female,HR,97358.04,33.0,4.58,Medium,Yes,Hybrid,2.0,6.0,Bachelor's,0
EMP02171,33.0,Female,Engineering,78938.39,24.0,2.82,High,No,Full Remote,4.0,88.0,Bachelor's,0
EMP02172,40.0,Female,Finance,82944.72,31.0,1.06,Medium,No,Hybrid,9.0,75.0,PhD,0
EMP02173,53.0,Female,Finance,52065.62,23.0,1.01,Excellent,,On-site,9.0,42.0,Bachelor's,0
EMP02174,31.0,Male,Engineering,75022.06,38.0,3.33,nan,No,Hybrid,4.0,8.0,Bachelor's,1
EMP02175,59.0,Non-binary,Sales,78770.42,12.0,3.4,Medium,No,Hybrid,8.0,89.0,Master's,0
EMP02176,40.0,Male,HR,86285.51,9.0,2.97,Medium,Yes,Full Remote,4.0,9.0,Master's,0
EMP02177,62.0,Female,SALES,59923.68,29.0,4.46,Medium,Yes,Full Remote,8.0,5.0,Master's,0
EMP02178,32.0,Female,Marketing,23825.6,21.0,3.02,Excellent,No,On-site,8.0,79.0,Bachelor's,0
EMP02179,43.0,Female,HR,40332.99,12.0,1.09,High,Yes,Hybrid,4.0,33.0,Master's,0
EMP02180,48.0,Male,SALES,53526.3,4.0,4.13,High,Yes,Full Remote,3.0,23.0,PhD,0
EMP02181,27.0,Female,Finance,96698.0,39.0,2.12,Excellent,yes,Hybrid,9.0,17.0,Bachelor's,0
EMP02182,36.0,Male,Marketing,33465.69,36.0,3.76,Excellent,No,Hybrid,8.0,29.0,Master's,0
EMP02183,59.0,Male,Engineering,33932.53,14.0,3.97,High,yes,Full Remote,1.0,57.0,Bachelor's,1
EMP02184,31.0,,SALES,77430.75,37.0,2.23,High,no,Full Remote,3.0,83.0,High School,0
EMP02185,51.0,Male,SALES,104271.84,15.0,2.98,Excellent,yes,nan,9.0,67.0,Bachelor's,0
EMP02186,39.0,Male,Sales,39930.02,6.0,1.29,Medium,No,On-site,1.0,70.0,Bachelor's,0
EMP02187,58.0,Non-binary,Marketing,77768.53,24.0,1.8,Medium,No,nan,2.0,92.0,Master's,0
EMP02188,57.0,Female,Finance,81008.35,4.0,1.54,High,No,On-site,7.0,57.0,Master's,0
EMP02189,35.0,Female,Engineering,93730.05,21.0,1.66,High,Yes,Full Remote,4.0,40.0,Master's,0
EMP02190,27.0,Male,Engineering,64830.99,14.0,1.29,Medium,,nan,7.0,51.0,High School,0
EMP02191,35.0,Male,HR,52492.02,31.0,4.61,Excellent,No,Full Remote,2.0,27.0,Associate,0
EMP02192,30.0,Female,engineering,,29.0,,Medium,Yes,Hybrid,9.0,74.0,Bachelor's,0
EMP02193,38.0,Female,HR,52120.96,27.0,2.34,Low,No,Full Remote,8.0,85.0,Associate,0
EMP02194,31.0,Female,Engineering,52949.37,25.0,1.32,Low,no,Full Remote,7.0,85.0,Associate,0
EMP02195,32.0,Male,SALES,45488.02,35.0,2.25,Medium,no,Hybrid,8.0,79.0,Bachelor's,0
EMP02196,34.0,Female,Engineering,72695.09,17.0,1.7,High,No,Full Remote,4.0,83.0,Master's,0
EMP02197,39.0,Non-binary,SALES,70303.7,7.0,2.01,Excellent,yes,Full Remote,1.0,81.0,Bachelor's,0
EMP02198,46.0,Female,engineering,82793.99,15.0,1.24,High,No,Hybrid,7.0,63.0,Master's,0
EMP02199,55.0,Male,Finance,65788.08,17.0,1.21,Medium,No,Hybrid,9.0,49.0,Master's,0
EMP02200,29.0,Male,Engineering,85827.77,10.0,1.3,High,No,On-site,5.0,88.0,High School,1
EMP02201,26.0,Male,SALES,65175.07,23.0,4.48,Medium,Yes,Full Remote,8.0,98.0,High School,0
EMP02202,50.0,Female,engineering,32504.35,,3.35,High,No,On-site,5.0,58.0,Bachelor's,1
EMP02203,56.0,Female,Finance,79324.38,5.0,1.54,High,no,Full Remote,8.0,43.0,Master's,0
EMP02204,62.0,Female,Sales,68961.04,18.0,3.96,Medium,no,Hybrid,2.0,82.0,Bachelor's,0
EMP02205,34.0,Male,Finance,89448.84,33.0,4.18,Medium,,Hybrid,9.0,93.0,Master's,0
EMP02206,35.0,Female,HR,91726.22,25.0,4.71,nan,No,Full Remote,8.0,88.0,Bachelor's,1
EMP02207,24.0,,Sales,68575.53,11.0,1.56,High,no,On-site,5.0,94.0,Bachelor's,1
EMP02208,55.0,Female,HR,48981.74,26.0,2.48,Low,Yes,On-site,5.0,0.0,Bachelor's,0
EMP02209,34.0,Male,Marketing,47345.56,5.0,2.97,Medium,No,Full Remote,8.0,39.0,Master's,0
EMP02210,58.0,Male,Sales,56429.97,16.0,1.16,Low,Yes,Hybrid,3.0,2.0,Bachelor's,0
EMP02211,53.0,Male,engineering,81667.24,30.0,1.36,Low,Yes,Full Remote,2.0,33.0,Master's,1
EMP02212,29.0,Male,Marketing,65966.23,3.0,3.08,Medium,Yes,Hybrid,9.0,68.0,Master's,0
EMP02213,60.0,Male,engineering,62821.51,13.0,2.06,Low,no,Full Remote,8.0,23.0,Bachelor's,0
EMP02214,28.0,Prefer not to say,Sales,60310.83,15.0,4.41,Excellent,,Hybrid,5.0,98.0,Bachelor's,1
EMP02215,64.0,Female,Marketing,67266.05,27.0,3.31,Excellent,no,On-site,8.0,57.0,Bachelor's,0
EMP02216,53.0,Female,HR,55562.4,30.0,3.05,Excellent,No,nan,7.0,28.0,Bachelor's,0
EMP02217,60.0,Female,Sales,86078.97,0.0,,Medium,Yes,nan,6.0,35.0,Master's,0
EMP02218,56.0,Female,Sales,27804.58,11.0,3.35,Medium,No,On-site,8.0,10.0,Master's,0
EMP02219,51.0,Male,HR,60204.29,5.0,2.35,Excellent,yes,Full Remote,2.0,77.0,Bachelor's,0
EMP02220,62.0,Female,Engineering,106966.95,35.0,3.25,nan,,Full Remote,3.0,79.0,Bachelor's,0
EMP02221,40.0,Female,HR,54305.03,6.0,3.58,High,,Full Remote,2.0,90.0,PhD,0
EMP02222,45.0,Female,Sales,66359.14,34.0,2.01,Excellent,Yes,On-site,3.0,70.0,Bachelor's,0
EMP02223,48.0,Male,Engineering,63185.33,0.0,3.83,High,No,Hybrid,1.0,67.0,Bachelor's,1
EMP02224,55.0,Male,Engineering,97005.06,10.0,2.61,Excellent,No,On-site,5.0,68.0,Master's,0
EMP02225,48.0,Male,SALES,76569.37,10.0,2.78,High,No,On-site,1.0,34.0,Bachelor's,1
EMP02226,55.0,Female,Sales,39445.18,17.0,4.98,Medium,,Hybrid,9.0,92.0,Bachelor's,0
EMP02227,23.0,Female,Finance,93665.93,11.0,1.93,High,Yes,Hybrid,1.0,33.0,Master's,0
EMP02228,45.0,Male,,50918.37,21.0,3.29,Medium,No,On-site,6.0,60.0,Bachelor's,1
EMP02229,25.0,Female,SALES,52036.21,9.0,1.12,Excellent,No,On-site,6.0,44.0,Master's,0
EMP02230,23.0,Male,Engineering,73850.32,31.0,4.5,High,Yes,Full Remote,9.0,32.0,Associate,0
EMP02231,54.0,Female,Sales,55523.26,39.0,2.55,nan,No,On-site,1.0,47.0,nan,0
EMP02232,49.0,Female,Engineering,79047.47,11.0,1.4,Medium,No,Full Remote,6.0,29.0,Bachelor's,0
EMP02233,59.0,Female,Finance,53520.56,38.0,3.72,High,No,Hybrid,7.0,,Master's,0
EMP02234,23.0,Male,Engineering,31617.45,10.0,2.6,Low,No,Hybrid,3.0,94.0,Bachelor's,0
EMP02235,37.0,Male,Marketing,75758.27,28.0,1.29,High,No,Hybrid,9.0,99.0,Bachelor's,0
EMP02236,45.0,Prefer not to say,Finance,87538.86,26.0,2.19,Medium,No,Hybrid,3.0,55.0,Master's,0
EMP02237,32.0,Male,engineering,38934.61,,4.11,Medium,yes,Full Remote,2.0,98.0,Associate,0
EMP02238,59.0,Female,Finance,110315.15,32.0,1.3,Medium,No,Full Remote,4.0,4.0,Bachelor's,0
EMP02239,51.0,Male,Sales,67230.92,24.0,,Low,No,Hybrid,8.0,26.0,PhD,0
EMP02240,56.0,Male,Sales,62297.1,22.0,1.84,High,Yes,Full Remote,3.0,94.0,Master's,1
EMP02241,32.0,Male,Sales,81807.93,16.0,1.74,Medium,yes,Hybrid,9.0,13.0,PhD,0
EMP02242,34.0,Male,Engineering,70385.7,6.0,2.08,High,yes,Full Remote,3.0,98.0,Master's,0
EMP02243,31.0,Female,Sales,60888.66,0.0,2.34,Medium,,Hybrid,3.0,68.0,Master's,0
EMP02244,48.0,Male,SALES,40544.97,23.0,3.67,High,,nan,6.0,47.0,nan,0
EMP02245,26.0,Male,Engineering,50922.62,37.0,1.18,Medium,no,Hybrid,2.0,93.0,Bachelor's,0
EMP02246,23.0,Female,Marketing,71078.88,3.0,2.66,Excellent,No,nan,4.0,10.0,Bachelor's,1
EMP02247,28.0,Male,Finance,67707.31,31.0,1.01,Medium,No,Hybrid,1.0,26.0,Bachelor's,0
EMP02248,52.0,Male,Marketing,73303.12,13.0,2.24,High,,Hybrid,5.0,91.0,Bachelor's,0
EMP02249,22.0,Male,,83635.25,23.0,4.65,Medium,yes,Hybrid,9.0,53.0,Master's,1
EMP02250,51.0,Male,Sales,70600.18,6.0,1.57,Excellent,No,Full Remote,5.0,69.0,Bachelor's,0
EMP02251,28.0,Female,Engineering,72720.56,2.0,4.56,nan,No,Hybrid,3.0,18.0,Bachelor's,0
EMP02252,62.0,Male,Sales,65313.54,4.0,3.13,Excellent,No,On-site,9.0,35.0,Master's,0
EMP02253,29.0,Prefer not to say,Finance,64673.63,1.0,4.56,Medium,No,On-site,3.0,18.0,Bachelor's,0
EMP02254,63.0,Female,Marketing,127391.31,22.0,2.71,High,no,Hybrid,1.0,30.0,PhD,0
EMP02255,29.0,Female,Sales,80932.27,30.0,2.7,High,Yes,On-site,5.0,77.0,High School,0
EMP02256,64.0,Female,Sales,40956.97,28.0,1.47,High,Yes,Full Remote,4.0,13.0,Bachelor's,0
EMP02257,24.0,Male,Engineering,50849.37,24.0,3.94,Medium,no,Full Remote,,50.0,Master's,0
EMP02258,36.0,Male,Engineering,73694.63,38.0,3.14,High,Yes,Hybrid,8.0,60.0,Master's,0
EMP02259,22.0,Female,Finance,65776.48,28.0,4.08,High,yes,Full Remote,9.0,27.0,Bachelor's,1
EMP02260,55.0,Male,Marketing,63919.18,1.0,4.13,Medium,Yes,Hybrid,5.0,7.0,PhD,0
EMP02261,44.0,Male,Engineering,73063.24,38.0,1.63,High,,Full Remote,8.0,9.0,Master's,0
EMP02262,32.0,Male,Sales,87562.7,37.0,3.54,High,No,On-site,2.0,30.0,High School,0
EMP02263,48.0,Female,HR,55542.39,21.0,2.51,Excellent,no,Hybrid,3.0,1.0,Bachelor's,0
EMP02264,57.0,Male,Sales,84458.41,30.0,4.86,Low,Yes,On-site,3.0,24.0,High School,0
EMP02265,44.0,Female,Engineering,77465.09,16.0,4.6,High,Yes,Hybrid,1.0,60.0,Bachelor's,0
EMP02266,60.0,Male,Marketing,68315.42,19.0,3.22,Excellent,no,On-site,2.0,45.0,Master's,0
EMP02267,44.0,Female,Marketing,26780.47,36.0,2.09,Low,,On-site,1.0,54.0,Associate,0
EMP02268,22.0,Female,Sales,68713.38,32.0,3.5,Low,no,Full Remote,4.0,76.0,Bachelor's,0
EMP02269,55.0,Male,SALES,91192.43,27.0,4.73,Medium,No,On-site,6.0,20.0,PhD,0
EMP02270,,Prefer not to say,Sales,56622.9,33.0,1.67,Low,no,Hybrid,3.0,40.0,Bachelor's,1
EMP02271,50.0,Female,Marketing,109557.76,5.0,4.32,Medium,No,Hybrid,8.0,4.0,Bachelor's,0
EMP02272,38.0,Male,Marketing,71384.15,18.0,3.18,Excellent,Yes,Hybrid,3.0,20.0,Master's,0
EMP02273,41.0,Female,Finance,64539.76,16.0,3.46,Medium,Yes,On-site,7.0,31.0,nan,0
EMP02274,45.0,Male,HR,98864.81,12.0,2.59,High,,Hybrid,3.0,22.0,Master's,0
EMP02275,46.0,Male,Sales,,11.0,1.64,Medium,,Full Remote,9.0,99.0,Bachelor's,0
EMP02276,46.0,Male,Finance,73732.2,10.0,3.56,nan,Yes,Full Remote,5.0,98.0,Master's,0
EMP02277,48.0,Non-binary,Finance,29421.52,33.0,2.3,Medium,No,Full Remote,9.0,70.0,Associate,0
EMP02278,29.0,Male,Engineering,44748.1,23.0,2.39,Medium,No,On-site,4.0,45.0,Bachelor's,0
EMP02279,62.0,Female,Engineering,72500.73,17.0,4.19,Low,No,On-site,7.0,75.0,Bachelor's,1
EMP02280,37.0,Female,HR,53114.91,21.0,3.39,Low,No,On-site,1.0,65.0,PhD,1
EMP02281,38.0,Female,Finance,66670.34,4.0,4.05,Excellent,,Full Remote,3.0,36.0,Bachelor's,0
EMP02282,54.0,Female,HR,77591.45,,2.01,Excellent,Yes,Full Remote,4.0,1.0,Master's,0
EMP02283,59.0,Female,Engineering,93009.66,15.0,3.17,High,Yes,Full Remote,5.0,20.0,Master's,1
EMP02284,25.0,Male,Sales,43680.15,28.0,4.39,Medium,,On-site,4.0,64.0,Master's,0
EMP02285,50.0,Male,SALES,86539.44,26.0,4.93,Excellent,yes,On-site,5.0,35.0,High School,0
EMP02286,40.0,Prefer not to say,Engineering,88047.02,36.0,1.34,Low,Yes,Hybrid,2.0,47.0,Bachelor's,0
EMP02287,51.0,Male,Engineering,77846.89,36.0,2.85,High,Yes,On-site,3.0,70.0,PhD,1
EMP02288,43.0,Female,Marketing,80771.07,4.0,4.44,Excellent,,Hybrid,6.0,51.0,Associate,0
EMP02289,48.0,Female,SALES,58633.98,30.0,3.1,Excellent,No,Hybrid,9.0,89.0,Bachelor's,0
EMP02290,41.0,Non-binary,Engineering,58142.2,6.0,2.32,High,Yes,Hybrid,7.0,88.0,Bachelor's,0
EMP02291,26.0,Female,Marketing,70897.5,14.0,4.12,Low,No,Full Remote,2.0,67.0,PhD,0
EMP02292,53.0,Male,engineering,56376.55,13.0,2.97,High,no,Hybrid,1.0,23.0,nan,0
EMP02293,24.0,Male,Marketing,68682.34,,2.29,Medium,No,On-site,4.0,42.0,Master's,0
EMP02294,52.0,Female,Sales,91087.81,27.0,3.75,Medium,No,On-site,6.0,39.0,Master's,0
EMP02295,63.0,Female,HR,38546.76,1.0,2.72,High,,Full Remote,2.0,63.0,High School,0
EMP02296,60.0,Male,HR,104896.67,21.0,2.66,Medium,No,On-site,5.0,14.0,Bachelor's,0
EMP02297,27.0,Male,Finance,77869.3,0.0,4.3,High,,Full Remote,7.0,66.0,Bachelor's,0
EMP02298,47.0,Female,Finance,102689.02,12.0,1.43,Medium,Yes,nan,3.0,5.0,nan,0
EMP02299,60.0,Male,Sales,51671.94,4.0,2.55,High,Yes,Hybrid,4.0,19.0,nan,1
EMP02300,57.0,Female,Finance,69943.76,18.0,4.45,High,yes,On-site,4.0,60.0,Master's,0
EMP02301,32.0,Male,engineering,72760.97,36.0,2.55,Low,Yes,On-site,2.0,68.0,Bachelor's,0
EMP02302,39.0,Male,Marketing,88769.96,29.0,3.32,Excellent,yes,On-site,1.0,50.0,Master's,1
EMP02303,54.0,Female,Finance,37417.54,5.0,1.6,Medium,Yes,On-site,1.0,85.0,Associate,0
EMP02304,55.0,Female,Sales,52135.8,22.0,1.98,Excellent,No,Hybrid,2.0,94.0,Bachelor's,0
EMP02305,48.0,Male,Engineering,31859.87,6.0,2.13,nan,Yes,Hybrid,6.0,91.0,Master's,0
EMP02306,64.0,Female,Marketing,78884.68,29.0,3.09,Medium,No,Hybrid,8.0,69.0,Bachelor's,0
EMP02307,62.0,Male,SALES,72875.88,30.0,3.89,High,Yes,On-site,1.0,0.0,Master's,0
EMP02308,28.0,Male,Engineering,70578.18,3.0,2.3,Low,No,Full Remote,6.0,31.0,Master's,1
EMP02309,26.0,Male,Sales,47428.31,26.0,3.71,Medium,No,On-site,4.0,20.0,Bachelor's,0
EMP02310,47.0,Female,Engineering,56922.6,4.0,2.32,High,No,On-site,9.0,79.0,Master's,0
EMP02311,32.0,Male,,76861.81,29.0,1.62,nan,yes,Full Remote,3.0,62.0,Master's,0
EMP02312,46.0,Male,engineering,113430.18,9.0,2.75,Excellent,no,On-site,8.0,29.0,Master's,1
EMP02313,29.0,Non-binary,Engineering,40627.06,10.0,3.33,High,No,Hybrid,3.0,85.0,nan,0
EMP02314,62.0,Male,HR,37291.77,4.0,3.78,High,Yes,On-site,3.0,3.0,Bachelor's,0
EMP02315,45.0,Female,Sales,42143.54,7.0,2.7,High,yes,Hybrid,7.0,46.0,High School,0
EMP02316,27.0,Male,SALES,,22.0,4.14,Excellent,no,Hybrid,6.0,20.0,nan,0
EMP02317,50.0,Prefer not to say,Marketing,62856.56,22.0,1.87,High,No,Full Remote,2.0,32.0,Bachelor's,0
EMP02318,27.0,Male,Finance,79678.34,19.0,2.45,Medium,No,Full Remote,4.0,65.0,Bachelor's,0
EMP02319,52.0,Female,HR,79938.84,38.0,,High,Yes,Full Remote,6.0,1.0,Master's,0
EMP02320,64.0,Male,HR,54513.45,19.0,4.74,Medium,No,Full Remote,7.0,99.0,Bachelor's,1
EMP02321,34.0,Female,Engineering,66403.07,30.0,3.9,High,Yes,On-site,6.0,74.0,Bachelor's,0
EMP02322,28.0,Male,Sales,40000.85,6.0,3.76,Low,No,On-site,5.0,7.0,Bachelor's,0
EMP02323,46.0,Male,Engineering,36472.68,12.0,4.83,Low,Yes,On-site,7.0,77.0,High School,0
EMP02324,55.0,Female,Marketing,47658.04,24.0,3.06,Excellent,Yes,On-site,9.0,18.0,Master's,0
EMP02325,64.0,Female,Finance,85932.2,19.0,2.47,High,No,On-site,1.0,50.0,High School,0
EMP02326,41.0,Female,engineering,76435.09,12.0,3.09,Excellent,No,nan,8.0,43.0,Master's,1
EMP02327,49.0,Male,Sales,60533.47,36.0,1.86,Excellent,,Hybrid,4.0,65.0,Master's,0
EMP02328,57.0,Female,Marketing,55576.96,,4.12,Medium,No,Hybrid,4.0,11.0,Master's,0
EMP02329,22.0,Female,Sales,91572.49,36.0,4.44,Excellent,,On-site,7.0,57.0,Bachelor's,0
EMP02330,24.0,Male,Finance,44347.68,24.0,4.33,High,No,Full Remote,1.0,13.0,Bachelor's,0
EMP02331,33.0,Male,engineering,71697.66,39.0,3.49,Excellent,Yes,Full Remote,9.0,19.0,Bachelor's,0
EMP02332,56.0,Female,Marketing,55797.46,22.0,4.78,nan,no,On-site,1.0,38.0,PhD,0
EMP02333,,Male,Finance,58822.58,24.0,4.75,Low,No,Hybrid,1.0,65.0,Master's,0
EMP02334,50.0,Male,Finance,60667.2,9.0,1.45,High,no,On-site,3.0,93.0,Bachelor's,0
EMP02335,59.0,Female,Sales,63486.99,21.0,3.66,Medium,yes,Hybrid,2.0,77.0,Master's,0
EMP02336,56.0,Prefer not to say,Engineering,77163.44,5.0,3.48,High,Yes,Hybrid,4.0,7.0,Bachelor's,0
EMP02337,48.0,Male,SALES,86205.42,12.0,2.15,Medium,No,Hybrid,6.0,24.0,Bachelor's,0
EMP02338,50.0,Male,Finance,62105.09,13.0,3.18,High,No,Full Remote,6.0,72.0,Bachelor's,1
EMP02339,24.0,Female,Marketing,69571.59,,4.67,Medium,Yes,Hybrid,4.0,2.0,High School,0
EMP02340,45.0,Female,Finance,76441.88,9.0,5.0,Low,No,On-site,1.0,50.0,Master's,0
EMP02341,61.0,Female,engineering,74661.36,0.0,2.41,High,Yes,nan,5.0,69.0,Bachelor's,0
EMP02342,25.0,Female,Sales,72229.03,13.0,4.25,Excellent,No,Hybrid,9.0,50.0,Master's,0
EMP02343,27.0,Male,HR,76259.26,1.0,1.47,Medium,Yes,Hybrid,2.0,35.0,Bachelor's,0
EMP02344,42.0,Prefer not to say,Marketing,61295.19,22.0,1.76,Medium,no,On-site,3.0,33.0,Bachelor's,0
EMP02345,62.0,Male,Finance,111435.67,37.0,4.83,High,No,Hybrid,4.0,45.0,High School,0
EMP02346,24.0,Female,Sales,39212.84,3.0,1.8,Excellent,Yes,On-site,9.0,15.0,Master's,0
EMP02347,33.0,Prefer not to say,Engineering,57659.11,26.0,1.34,Medium,yes,Hybrid,6.0,27.0,PhD,0
EMP02348,46.0,Prefer not to say,Marketing,62686.41,31.0,2.86,High,Yes,On-site,3.0,19.0,PhD,0
EMP02349,22.0,Male,Finance,51498.57,8.0,2.04,High,yes,nan,8.0,74.0,Bachelor's,0
EMP02350,26.0,Female,engineering,60621.33,29.0,1.53,High,Yes,On-site,1.0,17.0,Bachelor's,0
EMP02351,41.0,Female,Finance,60580.83,39.0,1.82,Low,Yes,Full Remote,9.0,34.0,Master's,0
EMP02352,37.0,Female,Finance,45965.29,1.0,4.88,High,No,Full Remote,3.0,34.0,Bachelor's,0
EMP02353,25.0,Female,Engineering,89902.68,32.0,2.5,Medium,Yes,Full Remote,4.0,70.0,Master's,0
EMP02354,47.0,Male,engineering,48142.57,28.0,4.54,High,yes,Hybrid,4.0,30.0,Master's,0
EMP02355,23.0,Female,Finance,57533.75,36.0,4.3,Medium,Yes,Hybrid,7.0,79.0,nan,0
EMP02356,24.0,Prefer not to say,SALES,115310.59,30.0,2.11,Medium,Yes,On-site,6.0,23.0,Master's,0
EMP02357,47.0,Female,Marketing,62019.05,12.0,3.66,High,No,Hybrid,5.0,0.0,Bachelor's,0
EMP02358,63.0,Female,Marketing,62312.69,25.0,2.92,Medium,No,Hybrid,2.0,95.0,High School,1
EMP02359,44.0,Male,Sales,87219.66,10.0,4.68,High,Yes,Full Remote,6.0,29.0,Bachelor's,0
EMP02360,53.0,Female,Marketing,52731.64,16.0,4.62,Low,No,Full Remote,7.0,16.0,PhD,0
EMP02361,,Female,Engineering,34969.03,35.0,3.19,High,No,Full Remote,9.0,63.0,High School,0
EMP02362,37.0,Non-binary,HR,67099.45,34.0,4.66,Medium,No,On-site,1.0,68.0,nan,1
EMP02363,36.0,Male,engineering,67954.86,30.0,3.58,High,No,On-site,2.0,54.0,Bachelor's,0
EMP02364,60.0,Female,HR,62907.51,19.0,1.55,High,Yes,Hybrid,7.0,23.0,nan,0
EMP02365,33.0,Female,Finance,39585.35,1.0,2.72,Excellent,,Full Remote,7.0,47.0,Master's,0
EMP02366,51.0,Female,SALES,79235.39,37.0,2.9,Medium,No,Hybrid,7.0,81.0,Associate,0
EMP02367,32.0,Male,Sales,62296.4,0.0,2.55,Medium,Yes,Hybrid,4.0,84.0,Master's,1
EMP02368,57.0,Female,Sales,60089.09,11.0,3.39,High,Yes,Hybrid,1.0,66.0,Master's,1
EMP02369,28.0,Female,Engineering,86626.85,22.0,2.62,Medium,No,Hybrid,9.0,69.0,Bachelor's,0
EMP02370,44.0,Male,HR,92353.27,23.0,1.08,Medium,No,Hybrid,7.0,14.0,Bachelor's,1
EMP02371,53.0,Non-binary,Finance,79864.71,29.0,2.11,Medium,No,Full Remote,7.0,93.0,Associate,1
EMP02372,61.0,Male,Engineering,64319.82,34.0,3.7,Medium,Yes,Hybrid,8.0,,Bachelor's,1
EMP02373,25.0,Male,Finance,69581.77,38.0,3.96,Medium,no,Hybrid,3.0,32.0,Bachelor's,1
EMP02374,42.0,Male,Sales,58109.52,32.0,1.93,nan,Yes,Hybrid,9.0,11.0,Bachelor's,0
EMP02375,59.0,Male,Marketing,75931.91,36.0,2.45,Medium,No,nan,4.0,24.0,nan,0
EMP02376,24.0,Female,engineering,104086.72,2.0,3.83,Low,yes,Full Remote,8.0,48.0,Bachelor's,0
EMP02377,59.0,Male,Sales,98690.22,1.0,2.41,High,Yes,On-site,1.0,64.0,Master's,0
EMP02378,23.0,Male,Finance,65131.82,7.0,3.44,High,Yes,Full Remote,4.0,32.0,Bachelor's,1
EMP02379,62.0,Female,Marketing,83971.21,4.0,3.59,High,Yes,On-site,6.0,89.0,Bachelor's,0
EMP02380,56.0,Male,engineering,42509.33,7.0,2.61,Medium,Yes,Hybrid,7.0,54.0,Bachelor's,0
EMP02381,53.0,Female,Engineering,50264.96,21.0,2.52,Excellent,yes,On-site,8.0,99.0,nan,0
EMP02382,61.0,Female,Finance,75910.35,4.0,3.64,High,No,On-site,7.0,34.0,High School,0
EMP02383,,Female,Sales,40572.08,35.0,4.75,Medium,Yes,Hybrid,4.0,5.0,Bachelor's,0
EMP02384,44.0,Female,Engineering,21670.77,1.0,4.51,nan,No,On-site,1.0,29.0,Bachelor's,0
EMP02385,63.0,Female,SALES,72936.04,7.0,2.41,Excellent,No,Full Remote,1.0,46.0,High School,0
EMP02386,60.0,Prefer not to say,Finance,43543.07,12.0,2.18,Medium,Yes,nan,4.0,11.0,Bachelor's,0
EMP02387,25.0,Male,Sales,75330.52,12.0,2.39,Excellent,,Hybrid,7.0,1.0,Master's,0
EMP02388,59.0,Male,Engineering,70620.64,25.0,4.13,High,Yes,On-site,3.0,59.0,Bachelor's,0
EMP02389,28.0,Male,SALES,36762.58,1.0,2.5,Excellent,Yes,Full Remote,8.0,79.0,High School,0
EMP02390,37.0,Male,Finance,71863.86,12.0,4.06,High,Yes,On-site,6.0,79.0,Bachelor's,0
EMP02391,55.0,Female,Marketing,75754.3,31.0,1.05,Medium,Yes,nan,5.0,5.0,Associate,0
EMP02392,53.0,Female,Sales,48194.26,21.0,3.68,High,yes,Hybrid,2.0,67.0,Bachelor's,0
EMP02393,52.0,Prefer not to say,Engineering,34301.29,3.0,1.76,Low,no,On-site,7.0,38.0,Master's,0
EMP02394,32.0,Prefer not to say,Marketing,74914.81,37.0,3.0,Medium,no,Full Remote,1.0,34.0,nan,1
EMP02395,25.0,Male,SALES,75287.78,0.0,3.68,Excellent,Yes,Hybrid,2.0,97.0,Master's,0
EMP02396,34.0,Female,,64513.02,2.0,1.49,High,No,On-site,9.0,12.0,Bachelor's,1
EMP02397,28.0,Female,Engineering,114092.29,33.0,2.01,High,Yes,On-site,6.0,43.0,Master's,0
EMP02398,58.0,Female,Sales,73356.62,10.0,2.87,Medium,Yes,Hybrid,2.0,93.0,Bachelor's,0
EMP02399,36.0,Male,HR,84562.83,5.0,2.59,Medium,No,Hybrid,2.0,19.0,High School,0
EMP02400,45.0,Male,Marketing,77858.46,16.0,4.56,Excellent,No,On-site,7.0,12.0,Master's,0
EMP02401,46.0,Female,engineering,58495.53,18.0,4.11,High,no,On-site,5.0,14.0,PhD,0
EMP02402,57.0,Female,Engineering,67274.67,5.0,3.15,Low,no,Hybrid,4.0,49.0,Master's,0
EMP02403,,Female,Engineering,43979.86,9.0,3.38,High,no,Full Remote,1.0,6.0,Bachelor's,0
EMP02404,39.0,Female,Marketing,87233.53,9.0,4.88,Low,No,Hybrid,3.0,51.0,Bachelor's,0
EMP02405,40.0,Female,Engineering,63920.53,9.0,4.06,Medium,No,Hybrid,2.0,11.0,High School,0
EMP02406,44.0,Male,Marketing,50431.86,32.0,1.89,Excellent,No,On-site,2.0,7.0,Master's,1
EMP02407,49.0,,Marketing,37096.03,1.0,1.87,Medium,Yes,Hybrid,1.0,23.0,Master's,0
EMP02408,41.0,Prefer not to say,Marketing,41504.87,18.0,3.04,High,no,Full Remote,2.0,17.0,Bachelor's,0
EMP02409,36.0,Female,SALES,50641.77,17.0,2.82,Medium,No,Hybrid,4.0,82.0,Master's,1
EMP02410,62.0,Female,Finance,63743.74,26.0,3.09,Medium,No,Hybrid,2.0,68.0,PhD,0
EMP02411,48.0,Male,Finance,44478.65,36.0,4.39,Medium,No,nan,7.0,29.0,Master's,0
EMP02412,25.0,Male,Marketing,77274.29,7.0,3.21,Low,Yes,On-site,9.0,75.0,Bachelor's,1
EMP02413,31.0,Male,Engineering,74962.25,5.0,1.84,Excellent,Yes,Hybrid,2.0,31.0,Bachelor's,0
EMP02414,22.0,Male,Sales,63013.91,14.0,4.83,Medium,Yes,Hybrid,1.0,88.0,Bachelor's,0
EMP02415,58.0,Male,Engineering,119382.92,6.0,4.36,nan,,On-site,1.0,54.0,Bachelor's,0
EMP02416,39.0,Male,Finance,100699.17,16.0,1.87,Medium,Yes,On-site,5.0,19.0,Bachelor's,1
EMP02417,37.0,Female,Finance,68303.11,22.0,4.81,High,Yes,On-site,4.0,57.0,Master's,0
EMP02418,29.0,Female,HR,71568.08,,4.5,High,yes,Full Remote,9.0,84.0,Bachelor's,0
EMP02419,54.0,Female,Finance,72750.34,30.0,1.62,High,No,Full Remote,2.0,79.0,Bachelor's,0
EMP02420,39.0,Male,HR,56945.59,13.0,2.74,Medium,Yes,nan,4.0,99.0,PhD,0
EMP02421,55.0,Female,,19862.72,13.0,4.66,High,yes,Hybrid,4.0,49.0,Bachelor's,0
EMP02422,41.0,Non-binary,Finance,100141.45,27.0,1.29,Excellent,Yes,On-site,6.0,48.0,PhD,0
EMP02423,64.0,Non-binary,Sales,70598.11,2.0,4.15,Medium,Yes,On-site,8.0,79.0,Master's,0
EMP02424,52.0,Male,Finance,64063.18,9.0,4.54,Medium,No,Hybrid,4.0,36.0,Associate,0
EMP02425,36.0,Male,HR,43346.91,34.0,,High,Yes,Full Remote,3.0,59.0,High School,1
EMP02426,45.0,,engineering,85435.98,23.0,4.38,High,Yes,Hybrid,1.0,52.0,Bachelor's,0
EMP02427,49.0,Male,Marketing,65627.42,8.0,1.44,High,,Hybrid,6.0,37.0,Master's,0
EMP02428,33.0,Female,engineering,99103.07,26.0,1.79,High,No,Full Remote,1.0,13.0,High School,0
EMP02429,33.0,Female,Engineering,57063.48,1.0,4.14,Excellent,No,On-site,4.0,59.0,Master's,0
EMP02430,,Female,Sales,63231.22,36.0,4.67,Medium,,Hybrid,3.0,1.0,Bachelor's,0
EMP02431,54.0,Female,Sales,106237.08,38.0,4.81,High,yes,On-site,4.0,16.0,Bachelor's,0
EMP02432,,Male,Sales,87334.53,18.0,1.57,Medium,yes,On-site,2.0,87.0,PhD,0
EMP02433,56.0,Female,Sales,49417.15,14.0,3.07,Excellent,No,Full Remote,1.0,14.0,Bachelor's,0
EMP02434,62.0,Male,Sales,62908.57,9.0,1.64,High,Yes,On-site,9.0,24.0,Master's,0
EMP02435,45.0,,Marketing,73240.95,32.0,1.07,Excellent,No,On-site,5.0,86.0,Bachelor's,1
EMP02436,58.0,Male,Finance,67519.78,27.0,1.66,Medium,no,Full Remote,2.0,2.0,Master's,0
EMP02437,34.0,Male,SALES,37374.8,28.0,3.26,High,,Hybrid,2.0,1.0,Bachelor's,0
EMP02438,41.0,Female,Marketing,95772.71,10.0,1.12,High,no,On-site,5.0,87.0,Master's,0
EMP02439,36.0,Male,,83354.05,17.0,3.14,High,Yes,On-site,4.0,99.0,Bachelor's,1
EMP02440,51.0,Prefer not to say,Marketing,26979.49,27.0,4.65,High,No,nan,7.0,7.0,Master's,0
EMP02441,38.0,Male,Sales,64289.21,17.0,2.31,Medium,Yes,Hybrid,8.0,63.0,Bachelor's,0
EMP02442,43.0,Female,Sales,76919.63,24.0,2.95,Medium,No,Full Remote,6.0,4.0,PhD,0
EMP02443,47.0,Female,Sales,61520.98,13.0,3.97,High,Yes,Hybrid,1.0,43.0,High School,0
EMP02444,34.0,Female,,89116.6,8.0,3.34,Excellent,Yes,Hybrid,3.0,46.0,Bachelor's,0
EMP02445,35.0,Female,engineering,62131.18,23.0,1.48,Medium,Yes,Hybrid,7.0,12.0,High School,0
EMP02446,38.0,Female,Engineering,48213.95,19.0,1.86,Excellent,,Full Remote,3.0,78.0,Bachelor's,0
EMP02447,62.0,Female,Engineering,99220.52,32.0,4.44,Excellent,No,On-site,1.0,1.0,Bachelor's,0
EMP02448,33.0,Male,engineering,54635.53,12.0,2.91,Medium,,On-site,7.0,1.0,Bachelor's,0
EMP02449,31.0,Male,engineering,56874.84,12.0,4.8,High,yes,Hybrid,1.0,73.0,Bachelor's,0
EMP02450,42.0,Male,Marketing,44486.04,15.0,1.46,Low,yes,Hybrid,2.0,76.0,Bachelor's,0
EMP02451,39.0,Male,Engineering,69443.1,3.0,1.33,Excellent,yes,Hybrid,3.0,57.0,Associate,0
EMP02452,26.0,Prefer not to say,Finance,71778.39,19.0,3.68,High,No,Full Remote,1.0,39.0,High School,1
EMP02453,50.0,,Finance,45238.76,6.0,3.22,nan,Yes,Hybrid,3.0,0.0,Master's,0
EMP02454,62.0,Female,Marketing,64227.88,38.0,2.8,Medium,Yes,Full Remote,3.0,79.0,Master's,0
EMP02455,27.0,Female,,56943.36,30.0,1.43,High,,Hybrid,8.0,73.0,Bachelor's,0
EMP02456,33.0,Female,,49243.49,20.0,,Medium,Yes,Full Remote,4.0,1.0,PhD,0
EMP02457,48.0,Female,Sales,38950.82,27.0,4.86,High,No,On-site,4.0,82.0,Master's,0
EMP02458,64.0,Male,Sales,102102.65,32.0,4.73,nan,No,Full Remote,6.0,41.0,Bachelor's,0
EMP02459,29.0,Male,Engineering,63253.5,9.0,1.88,High,Yes,Hybrid,4.0,25.0,Master's,0
EMP02460,64.0,Non-binary,Finance,24484.9,22.0,1.12,Medium,yes,Full Remote,7.0,88.0,Associate,0
EMP02461,40.0,Male,Sales,35560.71,9.0,1.45,Excellent,No,Hybrid,9.0,61.0,Bachelor's,0
EMP02462,64.0,Male,Finance,36607.73,8.0,4.31,Excellent,No,nan,7.0,65.0,Bachelor's,0
EMP02463,23.0,Female,Marketing,80188.05,27.0,1.4,Medium,No,nan,4.0,19.0,Master's,0
EMP02464,59.0,Male,Sales,52630.23,11.0,2.89,nan,Yes,Hybrid,,76.0,Bachelor's,0
EMP02465,36.0,Male,Sales,63604.23,2.0,2.13,Excellent,yes,On-site,6.0,36.0,Master's,0
EMP02466,41.0,Male,Finance,72009.25,38.0,1.02,High,Yes,Hybrid,9.0,12.0,Master's,0
EMP02467,23.0,Male,Sales,22741.21,23.0,1.19,High,no,Hybrid,5.0,41.0,Bachelor's,1
EMP02468,63.0,Non-binary,engineering,75276.31,0.0,4.18,Medium,no,Hybrid,2.0,48.0,nan,0
EMP02469,27.0,Male,engineering,58536.58,33.0,3.93,Medium,no,Hybrid,4.0,20.0,Associate,0
EMP02470,32.0,Male,Sales,53603.07,21.0,,Medium,No,Full Remote,6.0,6.0,Bachelor's,0
EMP02471,49.0,Female,Sales,47118.07,31.0,2.93,Medium,Yes,Hybrid,6.0,25.0,Master's,0
EMP02472,48.0,Male,HR,46870.42,0.0,3.43,Excellent,no,Full Remote,5.0,38.0,PhD,0
EMP02473,23.0,Female,Engineering,28801.6,29.0,1.02,Excellent,No,nan,9.0,99.0,Master's,0
EMP02474,46.0,Female,Finance,69603.84,11.0,1.92,Excellent,no,Hybrid,9.0,13.0,Bachelor's,0
EMP02475,40.0,Male,SALES,47148.35,20.0,2.37,nan,No,On-site,6.0,57.0,High School,0
EMP02476,47.0,Male,HR,41936.5,22.0,1.03,Excellent,Yes,Hybrid,9.0,11.0,Master's,0
EMP02477,24.0,Male,Engineering,64412.14,29.0,4.18,Medium,,On-site,5.0,96.0,Master's,0
EMP02478,56.0,Prefer not to say,Finance,51125.83,29.0,2.0,Excellent,Yes,nan,9.0,51.0,Master's,0
EMP02479,30.0,Male,Sales,69394.59,4.0,4.34,High,Yes,On-site,9.0,44.0,Master's,0
EMP02480,44.0,Male,Sales,70019.69,7.0,1.64,High,Yes,Hybrid,2.0,76.0,Bachelor's,0
EMP02481,25.0,Prefer not to say,Finance,104081.77,32.0,3.37,Excellent,Yes,Full Remote,3.0,24.0,Bachelor's,0
EMP02482,45.0,Male,Sales,47526.76,5.0,2.9,Medium,,Hybrid,8.0,65.0,Bachelor's,0
EMP02483,36.0,Female,Finance,70142.99,4.0,2.23,Low,,Hybrid,5.0,57.0,Bachelor's,0
EMP02484,22.0,Female,engineering,69521.33,17.0,3.77,High,no,Hybrid,7.0,29.0,Master's,1
EMP02485,46.0,Male,Marketing,79890.67,9.0,2.59,Medium,No,On-site,6.0,47.0,nan,0
EMP02486,49.0,Male,Marketing,1432.35,10.0,3.81,High,Yes,Full Remote,7.0,58.0,High School,0
EMP02487,47.0,Male,Marketing,41615.41,20.0,2.55,Excellent,No,Hybrid,1.0,45.0,Master's,0
EMP02488,34.0,Female,Sales,65464.5,18.0,1.77,Excellent,No,Full Remote,8.0,89.0,Bachelor's,0
EMP02489,32.0,Male,Sales,44503.29,27.0,1.19,High,No,Hybrid,7.0,36.0,Bachelor's,1
EMP02490,49.0,Female,engineering,75917.15,35.0,2.25,Excellent,no,Full Remote,4.0,93.0,Master's,0
EMP02491,22.0,Female,Finance,64859.96,27.0,3.07,Low,,Hybrid,6.0,2.0,Master's,0
EMP02492,27.0,Male,Finance,36174.68,5.0,3.54,Medium,no,Hybrid,3.0,77.0,Master's,0
EMP02493,44.0,Male,HR,,25.0,1.6,Medium,Yes,Full Remote,1.0,65.0,High School,0
EMP02494,48.0,Non-binary,engineering,57990.11,34.0,3.54,High,No,On-site,2.0,69.0,Master's,0
EMP02495,54.0,Non-binary,Sales,60498.9,28.0,4.36,High,,Full Remote,5.0,45.0,High School,1
EMP02496,44.0,Female,Finance,56975.31,27.0,1.36,Excellent,No,Hybrid,5.0,94.0,Bachelor's,0
EMP02497,48.0,Male,SALES,64549.05,0.0,,Low,no,On-site,4.0,25.0,nan,0
EMP02498,52.0,Non-binary,HR,75302.59,36.0,2.13,Excellent,Yes,Full Remote,8.0,48.0,Bachelor's,1
EMP02499,36.0,,engineering,72253.78,3.0,1.33,nan,,Full Remote,3.0,87.0,Bachelor's,0
EMP02500,62.0,Female,HR,82318.52,27.0,1.59,Medium,No,Hybrid,7.0,7.0,Bachelor's,0
EMP02501,27.0,Female,SALES,96124.53,2.0,1.41,Medium,no,Full Remote,6.0,89.0,High School,1
EMP02502,59.0,Prefer not to say,Marketing,60824.35,9.0,1.06,Excellent,Yes,On-site,1.0,12.0,Master's,0
EMP02503,48.0,Female,engineering,50100.65,12.0,3.24,Excellent,No,Hybrid,2.0,86.0,Bachelor's,0
EMP02504,47.0,Female,Engineering,69082.67,12.0,2.74,High,Yes,On-site,4.0,46.0,Master's,0
EMP02505,56.0,Male,engineering,103957.1,2.0,2.34,Medium,Yes,On-site,1.0,88.0,Master's,1
EMP02506,55.0,Prefer not to say,Sales,49451.76,23.0,3.57,High,Yes,On-site,8.0,64.0,Bachelor's,0
EMP02507,24.0,Female,HR,51512.9,25.0,,Medium,No,Hybrid,4.0,81.0,Bachelor's,0
EMP02508,49.0,Male,Sales,61079.57,36.0,1.31,Medium,No,Hybrid,9.0,80.0,Associate,0
EMP02509,23.0,Female,Finance,65529.68,18.0,4.54,High,No,Full Remote,2.0,54.0,High School,1
EMP02510,63.0,Male,Sales,58487.99,36.0,3.85,Excellent,Yes,Full Remote,4.0,20.0,Master's,0
EMP02511,40.0,Female,Sales,74470.83,34.0,1.46,Low,Yes,Hybrid,9.0,49.0,Bachelor's,0
EMP02512,57.0,Male,Engineering,92071.19,34.0,1.09,High,Yes,Hybrid,4.0,63.0,Bachelor's,0
EMP02513,37.0,Prefer not to say,Finance,22330.77,9.0,2.01,Low,No,Hybrid,4.0,11.0,Bachelor's,0
EMP02514,27.0,Non-binary,engineering,97161.97,4.0,3.82,Excellent,No,On-site,4.0,36.0,Bachelor's,0
EMP02515,64.0,Female,SALES,,18.0,4.19,High,No,Hybrid,9.0,27.0,Associate,0
EMP02516,39.0,Male,Engineering,32799.44,1.0,2.39,Medium,Yes,Hybrid,8.0,26.0,Bachelor's,0
EMP02517,41.0,Male,Sales,53847.85,25.0,4.91,Medium,No,On-site,5.0,82.0,Bachelor's,0
EMP02518,53.0,Male,SALES,69178.93,16.0,2.18,High,No,On-site,9.0,51.0,Master's,0
EMP02519,37.0,Non-binary,Marketing,75639.96,25.0,2.91,Medium,Yes,Hybrid,3.0,28.0,Bachelor's,0
EMP02520,34.0,Female,HR,52268.63,30.0,1.2,High,No,Hybrid,2.0,82.0,High School,0
EMP02521,51.0,Non-binary,Sales,71443.32,39.0,4.74,High,No,Full Remote,7.0,42.0,Bachelor's,0
EMP02522,48.0,Male,Engineering,79880.34,35.0,4.73,Medium,No,Full Remote,3.0,55.0,Master's,0
EMP02523,42.0,Non-binary,,61403.01,38.0,3.83,nan,yes,On-site,4.0,13.0,High School,0
EMP02524,39.0,Female,Marketing,60938.61,22.0,4.77,Medium,Yes,Hybrid,1.0,59.0,PhD,0
EMP02525,24.0,Female,Marketing,90512.27,37.0,4.39,Medium,yes,Hybrid,2.0,99.0,Master's,0
EMP02526,52.0,Male,Sales,14665.63,12.0,2.95,Excellent,no,On-site,4.0,24.0,Bachelor's,1
EMP02527,24.0,Male,engineering,66044.16,37.0,3.91,High,Yes,On-site,8.0,60.0,Master's,0
EMP02528,61.0,Male,HR,29674.77,20.0,1.8,Low,yes,Hybrid,1.0,47.0,High School,0
EMP02529,23.0,Male,Engineering,100239.62,18.0,1.46,Excellent,Yes,Hybrid,1.0,55.0,Master's,1
EMP02530,44.0,Female,HR,36573.23,38.0,3.82,Excellent,Yes,On-site,5.0,5.0,Master's,0
EMP02531,41.0,Non-binary,Sales,64545.81,10.0,3.14,High,No,On-site,3.0,15.0,Bachelor's,0
EMP02532,35.0,Prefer not to say,Sales,60555.02,38.0,1.53,Medium,no,Full Remote,2.0,46.0,Bachelor's,0
EMP02533,38.0,Male,Sales,90532.2,30.0,4.82,High,No,Full Remote,8.0,55.0,PhD,1
EMP02534,24.0,Female,Sales,39726.58,25.0,2.23,Low,Yes,Hybrid,4.0,70.0,Master's,0
EMP02535,64.0,Female,Marketing,72481.78,14.0,,High,Yes,Hybrid,1.0,69.0,Bachelor's,0
EMP02536,44.0,Female,Engineering,76888.35,7.0,2.47,Medium,yes,Hybrid,9.0,39.0,Master's,0
EMP02537,60.0,Female,engineering,61723.07,10.0,4.88,Excellent,yes,Hybrid,8.0,16.0,Bachelor's,0
EMP02538,58.0,Male,Sales,83354.61,38.0,1.64,High,No,Hybrid,5.0,84.0,Associate,0
EMP02539,43.0,Male,Sales,62297.36,25.0,3.88,Low,,nan,5.0,64.0,PhD,0
EMP02540,47.0,Female,HR,94896.11,35.0,4.94,High,no,Full Remote,3.0,7.0,Master's,0
EMP02541,26.0,Male,Engineering,91848.29,5.0,1.03,Medium,No,Full Remote,7.0,23.0,Bachelor's,0
EMP02542,52.0,Male,HR,44480.85,6.0,4.95,Medium,no,Hybrid,2.0,30.0,Master's,0
EMP02543,53.0,Male,,24806.22,3.0,4.7,Excellent,No,Full Remote,1.0,5.0,High School,1
EMP02544,30.0,Prefer not to say,Marketing,77689.53,19.0,4.35,Medium,Yes,Hybrid,4.0,3.0,High School,0
EMP02545,27.0,Male,HR,50414.49,22.0,2.63,High,Yes,Full Remote,5.0,86.0,Associate,0
EMP02546,48.0,Female,Engineering,53940.48,27.0,4.76,Medium,No,Full Remote,5.0,30.0,High School,0
EMP02547,50.0,Male,Finance,84989.37,37.0,3.2,nan,No,Full Remote,5.0,99.0,Bachelor's,0
EMP02548,45.0,Female,Sales,78995.29,0.0,1.66,High,,Full Remote,1.0,23.0,Bachelor's,0
EMP02549,33.0,Non-binary,HR,85954.7,2.0,1.51,High,Yes,Full Remote,9.0,77.0,Master's,0
EMP02550,30.0,Male,Finance,48468.23,21.0,2.07,Low,Yes,Full Remote,8.0,84.0,Bachelor's,0
EMP02551,42.0,Male,Engineering,53372.18,12.0,4.73,High,yes,On-site,,36.0,Bachelor's,0
EMP02552,40.0,Female,Finance,98282.2,2.0,1.21,High,No,On-site,5.0,50.0,Bachelor's,0
EMP02553,47.0,Male,,41936.13,10.0,3.58,High,No,Full Remote,3.0,45.0,Bachelor's,0
EMP02554,39.0,Male,Sales,59185.39,29.0,1.34,Excellent,No,Hybrid,2.0,96.0,Master's,0
EMP02555,54.0,Male,Sales,91673.04,16.0,3.39,Excellent,yes,On-site,1.0,79.0,High School,1
EMP02556,23.0,Male,Finance,52916.02,6.0,3.4,High,No,Hybrid,5.0,72.0,Bachelor's,0
EMP02557,31.0,Non-binary,Marketing,41436.11,35.0,2.05,Excellent,No,Hybrid,1.0,45.0,Master's,0
EMP02558,54.0,,Marketing,48863.42,12.0,2.07,Low,No,On-site,8.0,44.0,PhD,0
EMP02559,39.0,Male,Sales,36408.82,19.0,3.7,Excellent,,On-site,7.0,92.0,High School,0
EMP02560,23.0,Female,Marketing,67592.55,5.0,4.4,High,No,Full Remote,1.0,3.0,nan,0
EMP02561,42.0,Female,Marketing,91101.08,39.0,1.48,High,Yes,Full Remote,3.0,42.0,Master's,0
EMP02562,47.0,Male,SALES,70440.31,11.0,,Excellent,No,On-site,3.0,95.0,Bachelor's,1
EMP02563,31.0,Male,engineering,71000.47,0.0,1.16,Excellent,No,Full Remote,1.0,95.0,Master's,0
EMP02564,47.0,Male,Engineering,72117.81,37.0,2.22,High,No,On-site,7.0,47.0,High School,0
EMP02565,41.0,Female,Sales,108688.06,3.0,3.59,Medium,yes,Full Remote,9.0,0.0,PhD,0
EMP02566,38.0,Male,,,36.0,4.04,Medium,No,On-site,8.0,61.0,High School,0
EMP02567,23.0,Female,Finance,79405.41,14.0,1.76,High,No,Full Remote,8.0,84.0,High School,0
EMP02568,38.0,Male,HR,48969.11,22.0,-1.0,Excellent,Yes,On-site,8.0,2.0,PhD,0
EMP02569,45.0,Male,Finance,32857.8,9.0,3.6,Excellent,no,Hybrid,4.0,69.0,Bachelor's,0
EMP02570,32.0,Male,engineering,55043.16,17.0,1.26,Excellent,No,Hybrid,9.0,60.0,Master's,0
EMP02571,48.0,Non-binary,Engineering,92671.11,11.0,3.8,High,Yes,Full Remote,3.0,80.0,Bachelor's,0
EMP02572,60.0,Non-binary,Engineering,42115.66,32.0,3.67,Medium,No,On-site,9.0,36.0,High School,0
EMP02573,43.0,Female,Marketing,65977.5,30.0,1.35,High,Yes,On-site,6.0,44.0,Bachelor's,0
EMP02574,64.0,Non-binary,Sales,46870.62,35.0,1.74,High,No,nan,1.0,71.0,PhD,0
EMP02575,35.0,Female,Engineering,56836.25,25.0,1.62,Low,,Hybrid,8.0,34.0,Master's,0
EMP02576,22.0,Male,,63491.34,5.0,2.47,High,no,Hybrid,7.0,77.0,High School,0
EMP02577,58.0,Non-binary,Marketing,99158.51,19.0,3.69,Excellent,Yes,On-site,4.0,11.0,Bachelor's,0
EMP02578,46.0,Male,Engineering,65622.99,19.0,1.86,High,No,On-site,9.0,97.0,Master's,0
EMP02579,60.0,Female,,0.0,23.0,2.4,High,no,On-site,9.0,55.0,Bachelor's,1
EMP02580,61.0,Male,HR,100692.33,5.0,1.55,Medium,No,Full Remote,3.0,83.0,High School,0
EMP02581,58.0,Non-binary,Marketing,100800.57,12.0,4.44,Medium,Yes,Hybrid,7.0,76.0,Bachelor's,0
EMP02582,59.0,Male,Sales,39443.73,27.0,2.64,High,no,Full Remote,2.0,98.0,Bachelor's,0
EMP02583,36.0,Female,HR,61817.72,32.0,1.01,Excellent,Yes,On-site,7.0,95.0,PhD,0
EMP02584,49.0,Female,Sales,66184.84,2.0,1.78,Excellent,Yes,On-site,1.0,86.0,Bachelor's,1
EMP02585,30.0,Female,Sales,73246.83,19.0,4.46,Low,Yes,Hybrid,6.0,,Master's,0
EMP02586,61.0,Female,Engineering,76753.38,3.0,1.28,Excellent,Yes,Full Remote,1.0,97.0,Bachelor's,0
EMP02587,64.0,,engineering,74042.8,37.0,3.51,High,No,On-site,3.0,96.0,Bachelor's,0
EMP02588,23.0,Prefer not to say,SALES,54634.24,37.0,1.96,High,No,On-site,9.0,26.0,PhD,0
EMP02589,40.0,Female,Sales,76917.29,32.0,2.89,Medium,no,Full Remote,5.0,29.0,Bachelor's,0
EMP02590,38.0,Male,Sales,58957.27,3.0,4.8,High,yes,On-site,4.0,65.0,Bachelor's,0
EMP02591,44.0,Male,SALES,84325.66,7.0,2.95,Low,No,Full Remote,1.0,44.0,High School,0
EMP02592,23.0,Female,engineering,44404.85,30.0,,High,Yes,On-site,1.0,83.0,Bachelor's,0
EMP02593,34.0,Male,Engineering,90016.37,8.0,1.18,Medium,Yes,Hybrid,2.0,40.0,High School,0
EMP02594,61.0,Female,Sales,65144.97,35.0,4.48,Low,yes,Hybrid,3.0,41.0,Associate,0
EMP02595,63.0,Female,Finance,74866.28,11.0,4.16,High,,nan,8.0,40.0,Bachelor's,0
EMP02596,28.0,Female,Sales,76520.73,18.0,3.24,Medium,No,Hybrid,1.0,7.0,Master's,0
EMP02597,32.0,Female,Engineering,75539.2,20.0,1.82,Medium,No,On-site,5.0,67.0,Bachelor's,0
EMP02598,37.0,Male,engineering,103183.72,13.0,3.35,High,No,Hybrid,3.0,5.0,Bachelor's,1
EMP02599,38.0,Male,Marketing,54722.62,19.0,4.54,Low,No,Hybrid,1.0,27.0,High School,1
EMP02600,39.0,Male,Marketing,87849.72,38.0,4.09,High,No,On-site,5.0,56.0,High School,0
EMP02601,28.0,Female,Engineering,99718.99,25.0,4.79,nan,No,On-site,9.0,23.0,Associate,0
EMP02602,27.0,Male,HR,62540.25,8.0,3.78,High,Yes,On-site,7.0,58.0,Bachelor's,1
EMP02603,57.0,Male,Marketing,90134.04,2.0,2.88,Excellent,No,On-site,8.0,92.0,High School,0
EMP02604,27.0,Male,HR,87538.24,11.0,1.63,Medium,Yes,Hybrid,9.0,38.0,Bachelor's,0
EMP02605,60.0,Female,Engineering,74712.37,19.0,1.14,Excellent,Yes,Hybrid,4.0,19.0,Master's,0
EMP02606,23.0,Female,Sales,70104.19,8.0,1.31,High,Yes,Full Remote,7.0,18.0,Master's,1
EMP02607,27.0,Female,Marketing,106536.4,17.0,4.11,High,No,On-site,8.0,58.0,Bachelor's,0
EMP02608,58.0,Male,engineering,67223.41,32.0,1.97,High,Yes,On-site,2.0,77.0,Associate,0
EMP02609,59.0,,Engineering,94821.89,13.0,2.27,High,No,On-site,7.0,7.0,Bachelor's,0
EMP02610,40.0,Male,Sales,77607.97,31.0,4.74,High,yes,Hybrid,9.0,91.0,nan,0
EMP02611,55.0,Prefer not to say,Engineering,115619.84,37.0,2.03,High,Yes,Hybrid,2.0,60.0,Master's,0
EMP02612,50.0,Male,Engineering,47674.04,25.0,4.54,Medium,Yes,Hybrid,2.0,10.0,Bachelor's,0
EMP02613,51.0,Female,Sales,105752.16,12.0,2.57,Medium,Yes,Full Remote,6.0,2.0,High School,0
EMP02614,40.0,Male,Sales,53586.38,0.0,2.42,Excellent,yes,On-site,2.0,26.0,Master's,0
EMP02615,28.0,Male,Finance,34575.82,15.0,2.98,Medium,No,nan,7.0,93.0,High School,0
EMP02616,62.0,Female,Marketing,,10.0,4.18,Low,No,nan,4.0,76.0,Bachelor's,0
EMP02617,29.0,Male,,69511.26,6.0,2.45,Excellent,No,Hybrid,4.0,65.0,PhD,0
EMP02618,63.0,Female,engineering,89276.61,15.0,3.0,High,yes,Full Remote,4.0,47.0,Bachelor's,0
EMP02619,41.0,Female,Marketing,93369.1,17.0,1.83,High,No,Full Remote,2.0,30.0,Bachelor's,1
EMP02620,50.0,Female,Finance,59102.89,27.0,1.78,High,,Hybrid,9.0,17.0,Master's,0
EMP02621,22.0,Male,Marketing,55832.32,1.0,1.99,nan,No,On-site,9.0,69.0,Master's,0
EMP02622,33.0,Male,HR,52291.71,12.0,2.0,nan,No,Full Remote,7.0,59.0,Master's,0
EMP02623,28.0,Non-binary,Finance,58549.03,10.0,3.2,High,No,On-site,2.0,35.0,Bachelor's,0
EMP02624,25.0,Female,Engineering,101865.93,24.0,1.17,Low,,On-site,2.0,26.0,Master's,0
EMP02625,53.0,Female,Engineering,65407.98,20.0,4.62,High,Yes,Full Remote,6.0,38.0,PhD,0
EMP02626,38.0,Non-binary,Engineering,31727.1,26.0,2.45,Medium,,On-site,1.0,71.0,PhD,0
EMP02627,33.0,Non-binary,SALES,51065.17,2.0,4.6,Excellent,No,On-site,7.0,86.0,Bachelor's,0
EMP02628,,Male,,37565.35,12.0,2.59,High,Yes,Full Remote,7.0,55.0,Master's,0
EMP02629,37.0,Male,engineering,113994.53,4.0,1.61,High,No,On-site,8.0,47.0,High School,0
EMP02630,59.0,Male,Sales,67232.97,12.0,3.76,High,Yes,On-site,8.0,7.0,High School,0
EMP02631,22.0,Female,Marketing,77522.25,26.0,1.22,Excellent,Yes,On-site,9.0,5.0,Bachelor's,0
EMP02632,36.0,Female,HR,26655.86,31.0,2.95,Medium,No,On-site,9.0,34.0,PhD,0
EMP02633,54.0,Male,Engineering,72831.3,21.0,2.12,Low,No,On-site,3.0,37.0,Master's,0
EMP02634,40.0,Female,Sales,49303.46,24.0,1.48,High,No,Hybrid,1.0,36.0,PhD,0
EMP02635,54.0,Male,Sales,77232.48,32.0,2.54,High,yes,On-site,2.0,39.0,Bachelor's,0
EMP02636,23.0,Male,Engineering,82291.56,6.0,4.18,Medium,no,Full Remote,6.0,49.0,Master's,0
EMP02637,46.0,Female,Sales,82305.48,36.0,4.11,Medium,Yes,On-site,6.0,44.0,PhD,0
EMP02638,22.0,Female,Marketing,42398.74,0.0,3.8,High,,Hybrid,4.0,74.0,Bachelor's,0
EMP02639,29.0,Female,Marketing,92327.01,37.0,2.73,High,No,Full Remote,8.0,67.0,nan,0
EMP02640,45.0,Non-binary,,77395.09,4.0,3.97,Low,No,nan,5.0,21.0,Master's,0
EMP02641,41.0,Prefer not to say,engineering,57690.05,22.0,3.67,High,yes,On-site,7.0,6.0,Bachelor's,0
EMP02642,49.0,Male,Finance,72267.39,15.0,3.32,Medium,,On-site,4.0,83.0,Master's,1
EMP02643,46.0,Male,HR,68781.01,30.0,3.42,Excellent,No,On-site,6.0,73.0,Bachelor's,0
EMP02644,38.0,Prefer not to say,Marketing,80283.71,22.0,4.72,Medium,No,Hybrid,8.0,29.0,Master's,0
EMP02645,29.0,Male,Engineering,64769.5,4.0,4.63,High,,Full Remote,3.0,33.0,Master's,1
EMP02646,27.0,Female,Marketing,73636.65,29.0,,Excellent,Yes,Hybrid,6.0,14.0,Bachelor's,1
EMP02647,56.0,Male,Engineering,60774.43,39.0,1.72,High,No,On-site,9.0,43.0,Bachelor's,0
EMP02648,41.0,Non-binary,Engineering,80684.38,2.0,4.29,Excellent,No,On-site,6.0,29.0,Bachelor's,0
EMP02649,54.0,Female,Engineering,64873.43,24.0,1.25,Medium,Yes,Hybrid,4.0,43.0,Associate,0
EMP02650,28.0,Female,engineering,67789.79,22.0,2.16,Medium,,Full Remote,3.0,48.0,nan,0
EMP02651,55.0,Male,Engineering,79468.14,1.0,4.94,High,yes,Full Remote,9.0,64.0,nan,1
EMP02652,62.0,Non-binary,Sales,81622.92,35.0,4.18,Medium,No,Hybrid,5.0,78.0,nan,0
EMP02653,45.0,Male,Marketing,26473.91,21.0,3.58,Low,Yes,Full Remote,9.0,92.0,Master's,0
EMP02654,22.0,Female,Marketing,27658.74,5.0,2.94,High,Yes,Hybrid,7.0,62.0,High School,0
EMP02655,29.0,Prefer not to say,Engineering,69397.26,29.0,2.01,High,,nan,4.0,53.0,Bachelor's,0
EMP02656,28.0,Male,Engineering,54589.42,26.0,1.06,High,Yes,Hybrid,5.0,71.0,High School,1
EMP02657,24.0,Male,Finance,69808.26,18.0,4.52,Medium,Yes,Full Remote,3.0,88.0,Bachelor's,0
EMP02658,59.0,,,63615.24,20.0,4.63,High,No,Hybrid,1.0,57.0,Master's,0
EMP02659,24.0,Female,Marketing,54506.85,6.0,3.6,Medium,No,Full Remote,6.0,28.0,PhD,1
EMP02660,51.0,Prefer not to say,Marketing,77632.49,37.0,1.34,Excellent,Yes,On-site,8.0,46.0,Master's,0
EMP02661,27.0,Male,Engineering,29265.28,25.0,3.07,High,yes,On-site,2.0,49.0,Bachelor's,1
EMP02662,26.0,Female,HR,63248.88,26.0,3.85,High,Yes,On-site,1.0,76.0,Associate,1
EMP02663,24.0,Female,Engineering,39088.93,8.0,3.19,High,yes,Hybrid,6.0,43.0,Bachelor's,0
EMP02664,25.0,Male,HR,81460.1,28.0,,nan,,Full Remote,2.0,99.0,Bachelor's,0
EMP02665,30.0,Male,Marketing,75575.18,1.0,1.69,nan,No,Hybrid,6.0,51.0,Master's,0
EMP02666,35.0,Prefer not to say,engineering,35486.45,7.0,4.12,Low,Yes,On-site,4.0,56.0,Bachelor's,0
EMP02667,26.0,Male,SALES,56563.54,31.0,4.55,High,no,Full Remote,5.0,44.0,Master's,0
EMP02668,46.0,Male,HR,40702.25,0.0,1.75,Medium,No,Hybrid,3.0,33.0,Bachelor's,0
EMP02669,35.0,Female,Marketing,77477.36,22.0,1.88,Medium,No,On-site,8.0,30.0,Master's,0
EMP02670,26.0,Female,Marketing,61053.9,5.0,4.72,Medium,No,Hybrid,2.0,25.0,Bachelor's,0
EMP02671,37.0,Male,SALES,53027.41,31.0,2.73,High,No,On-site,6.0,28.0,Bachelor's,1
EMP02672,62.0,Prefer not to say,Marketing,47564.26,28.0,1.69,High,Yes,Hybrid,5.0,53.0,Bachelor's,1
EMP02673,48.0,Non-binary,Finance,44695.85,7.0,1.5,Medium,No,Full Remote,2.0,43.0,nan,0
EMP02674,44.0,Female,Marketing,62983.66,14.0,4.63,Medium,Yes,Full Remote,2.0,,Bachelor's,0
EMP02675,54.0,Prefer not to say,Marketing,54604.35,4.0,3.06,High,No,On-site,3.0,37.0,nan,1
EMP02676,40.0,Male,Engineering,38782.96,13.0,4.68,Low,No,Full Remote,6.0,36.0,Master's,0
EMP02677,60.0,Female,Finance,53108.73,16.0,1.84,Medium,No,On-site,2.0,52.0,Master's,0
EMP02678,41.0,Male,Engineering,78062.47,3.0,1.77,Excellent,no,On-site,2.0,81.0,Bachelor's,0
EMP02679,59.0,Female,SALES,26486.31,38.0,1.67,Medium,yes,Hybrid,1.0,10.0,Master's,0
EMP02680,46.0,Female,engineering,90188.16,36.0,,High,No,Full Remote,4.0,85.0,High School,0
EMP02681,23.0,Female,SALES,67524.19,36.0,4.85,Excellent,yes,Hybrid,9.0,89.0,Bachelor's,0
EMP02682,64.0,Female,Sales,65318.98,0.0,4.68,High,Yes,Full Remote,2.0,16.0,Master's,0
EMP02683,60.0,Male,HR,106102.7,29.0,1.22,Medium,No,On-site,6.0,21.0,Bachelor's,0
EMP02684,44.0,Male,Marketing,42497.71,18.0,2.27,Medium,No,nan,5.0,43.0,nan,0
EMP02685,45.0,Male,SALES,63106.62,12.0,2.99,Medium,,On-site,1.0,72.0,Master's,0
EMP02686,26.0,Male,engineering,58228.47,16.0,2.25,Excellent,Yes,Hybrid,1.0,53.0,Associate,0
EMP02687,56.0,Non-binary,Marketing,39286.51,28.0,3.99,High,No,nan,8.0,24.0,Bachelor's,0
EMP02688,55.0,Female,HR,102398.88,39.0,-1.0,High,No,On-site,2.0,57.0,Bachelor's,0
EMP02689,30.0,Male,Engineering,95324.83,33.0,1.69,Low,No,nan,4.0,20.0,Bachelor's,0
EMP02690,28.0,Male,Engineering,62312.4,,4.26,High,No,Full Remote,9.0,26.0,Master's,0
EMP02691,44.0,Male,Sales,87347.31,30.0,3.65,High,,Hybrid,7.0,21.0,Bachelor's,0
EMP02692,43.0,Male,Engineering,81532.13,16.0,3.36,Excellent,Yes,On-site,9.0,90.0,Associate,0
EMP02693,45.0,Female,HR,54838.93,10.0,1.93,High,Yes,On-site,5.0,25.0,Master's,1
EMP02694,42.0,Female,Finance,69056.9,13.0,1.26,High,yes,Hybrid,1.0,65.0,PhD,0
EMP02695,31.0,Non-binary,Engineering,61958.81,36.0,4.17,Medium,No,Hybrid,1.0,73.0,PhD,0
EMP02696,59.0,,Finance,78355.38,13.0,3.26,Excellent,yes,On-site,7.0,65.0,Bachelor's,0
EMP02697,31.0,Male,HR,75184.44,34.0,3.78,High,No,Full Remote,2.0,2.0,Master's,0
EMP02698,56.0,Female,Finance,85793.66,28.0,2.74,Excellent,No,Hybrid,1.0,26.0,PhD,0
EMP02699,42.0,Male,Finance,67682.68,8.0,,Medium,Yes,Full Remote,7.0,50.0,Bachelor's,0
EMP02700,49.0,Male,Marketing,27526.95,21.0,4.25,Excellent,Yes,Hybrid,1.0,18.0,Bachelor's,0
EMP02701,27.0,Male,Finance,75316.52,14.0,4.83,Medium,no,On-site,5.0,89.0,Bachelor's,0
EMP02702,64.0,Male,Finance,90853.3,,5.0,Excellent,No,Hybrid,2.0,59.0,Master's,0
EMP02703,38.0,Male,Finance,80559.87,6.0,3.83,High,Yes,Hybrid,3.0,6.0,PhD,0
EMP02704,30.0,Male,Finance,65763.46,20.0,4.86,High,Yes,Hybrid,3.0,50.0,nan,0
EMP02705,23.0,Male,Sales,106750.94,28.0,4.59,Excellent,Yes,On-site,3.0,92.0,Bachelor's,0
EMP02706,64.0,Male,SALES,30088.05,8.0,4.48,High,No,Full Remote,1.0,53.0,Bachelor's,0
EMP02707,47.0,Non-binary,,87185.12,38.0,4.7,Medium,Yes,Hybrid,4.0,28.0,Associate,0
EMP02708,61.0,Female,Finance,63118.51,8.0,4.35,Low,no,Full Remote,3.0,18.0,Bachelor's,0
EMP02709,35.0,Male,Sales,50375.19,31.0,4.05,Medium,Yes,On-site,3.0,22.0,Bachelor's,0
EMP02710,36.0,Male,Engineering,88381.92,8.0,3.54,High,Yes,Hybrid,5.0,1.0,Bachelor's,0
EMP02711,61.0,Male,Marketing,89460.48,38.0,2.73,Medium,No,On-site,5.0,34.0,Bachelor's,0
EMP02712,35.0,Male,,74906.31,0.0,2.55,High,yes,On-site,5.0,28.0,PhD,0
EMP02713,22.0,Non-binary,,126780.83,22.0,,Low,yes,Hybrid,6.0,99.0,Bachelor's,0
EMP02714,43.0,Male,Sales,94381.45,30.0,2.4,High,,On-site,9.0,47.0,Master's,0
EMP02715,60.0,Male,Sales,65356.41,6.0,3.92,Low,Yes,On-site,4.0,86.0,Associate,0
EMP02716,61.0,Female,Engineering,16049.55,18.0,4.97,Medium,,On-site,1.0,75.0,Bachelor's,0
EMP02717,41.0,Female,Finance,106525.92,20.0,4.63,High,,Hybrid,8.0,65.0,Master's,0
EMP02718,48.0,Male,engineering,36251.86,,2.07,Low,Yes,Full Remote,8.0,13.0,Master's,0
EMP02719,36.0,Male,Engineering,76268.4,35.0,1.26,Low,no,Full Remote,6.0,,PhD,0
EMP02720,45.0,,Sales,45282.14,23.0,2.42,Excellent,yes,On-site,5.0,97.0,PhD,0
EMP02721,64.0,Female,SALES,83235.71,19.0,4.55,High,,Hybrid,4.0,50.0,Master's,0
EMP02722,52.0,Male,engineering,107289.22,30.0,3.87,Excellent,Yes,On-site,9.0,33.0,Bachelor's,0
EMP02723,48.0,Female,Finance,63427.52,28.0,3.54,Medium,No,On-site,6.0,38.0,Bachelor's,1
EMP02724,57.0,Male,Finance,54481.05,17.0,4.72,Excellent,yes,Hybrid,9.0,87.0,Bachelor's,1
EMP02725,52.0,Male,Engineering,62205.98,17.0,4.08,Low,Yes,Full Remote,6.0,96.0,Bachelor's,1
EMP02726,22.0,Female,Sales,66367.48,16.0,1.96,Excellent,No,On-site,8.0,98.0,Bachelor's,0
EMP02727,41.0,Prefer not to say,,87116.85,31.0,3.14,High,,Full Remote,8.0,83.0,Bachelor's,0
EMP02728,40.0,Female,Sales,53138.53,6.0,1.13,Low,Yes,On-site,9.0,13.0,Bachelor's,0
EMP02729,45.0,Female,Marketing,51704.73,37.0,1.33,High,Yes,On-site,7.0,7.0,Master's,0
EMP02730,37.0,Non-binary,Marketing,51169.19,3.0,4.55,Low,Yes,Full Remote,6.0,35.0,Master's,0
EMP02731,48.0,Female,Engineering,82082.9,25.0,1.79,High,yes,On-site,8.0,55.0,Master's,0
EMP02732,63.0,Non-binary,engineering,38166.58,6.0,1.3,Medium,no,Hybrid,5.0,68.0,PhD,0
EMP02733,34.0,Female,HR,100763.77,38.0,1.69,High,no,Hybrid,4.0,56.0,Master's,0
EMP02734,59.0,Female,SALES,19154.66,,2.96,Excellent,Yes,Hybrid,1.0,93.0,Bachelor's,0
EMP02735,27.0,Male,SALES,91647.05,17.0,2.87,Excellent,Yes,Full Remote,7.0,67.0,Master's,0
EMP02736,60.0,Female,,39781.49,37.0,1.18,Excellent,Yes,Hybrid,2.0,90.0,Bachelor's,0
EMP02737,62.0,Male,SALES,55793.62,14.0,3.4,High,No,Full Remote,8.0,61.0,PhD,0
EMP02738,31.0,Male,engineering,89977.17,27.0,4.77,Excellent,yes,nan,9.0,39.0,Master's,0
EMP02739,22.0,Male,Sales,91821.7,3.0,2.82,Medium,No,Hybrid,3.0,95.0,nan,0
EMP02740,56.0,Male,Engineering,56013.36,19.0,4.14,nan,No,On-site,9.0,9.0,Bachelor's,0
EMP02741,45.0,Female,engineering,33909.52,33.0,4.06,Low,yes,Hybrid,3.0,72.0,Master's,1
EMP02742,45.0,Male,Sales,58737.99,16.0,4.18,Medium,No,Hybrid,6.0,64.0,Bachelor's,1
EMP02743,53.0,Non-binary,Engineering,45763.54,9.0,2.26,Excellent,yes,Full Remote,6.0,34.0,Associate,1
EMP02744,49.0,Female,Marketing,50974.77,39.0,3.07,Medium,No,Hybrid,7.0,93.0,Bachelor's,0
EMP02745,34.0,Female,Engineering,85454.39,27.0,2.43,Medium,No,On-site,1.0,90.0,PhD,1
EMP02746,41.0,Male,SALES,68927.91,25.0,1.78,Excellent,yes,Hybrid,3.0,79.0,Master's,0
EMP02747,42.0,Female,Engineering,51827.82,6.0,3.19,Medium,No,On-site,3.0,66.0,Bachelor's,0
EMP02748,26.0,Female,SALES,52652.95,14.0,3.04,High,yes,On-site,3.0,36.0,nan,0
EMP02749,57.0,Male,Marketing,67203.03,26.0,4.86,High,Yes,Full Remote,9.0,94.0,Associate,0
EMP02750,41.0,Female,Finance,97735.89,34.0,2.09,Low,No,On-site,5.0,5.0,PhD,0
EMP02751,27.0,Non-binary,HR,67447.79,39.0,4.04,High,No,On-site,7.0,4.0,nan,0
EMP02752,27.0,Female,Sales,61286.32,8.0,4.51,Medium,No,Full Remote,7.0,22.0,PhD,0
EMP02753,48.0,Female,HR,61300.29,10.0,4.55,nan,No,On-site,1.0,68.0,Bachelor's,1
EMP02754,53.0,Female,Engineering,15301.57,27.0,4.84,Excellent,yes,On-site,2.0,21.0,Master's,1
EMP02755,37.0,Non-binary,engineering,79954.41,17.0,2.52,High,yes,Hybrid,3.0,80.0,Bachelor's,0
EMP02756,51.0,Male,Marketing,50927.68,23.0,2.66,Medium,no,On-site,6.0,21.0,High School,0
EMP02757,56.0,Male,Engineering,72593.48,4.0,4.88,Excellent,Yes,Hybrid,7.0,57.0,Master's,0
EMP02758,64.0,Male,Finance,64325.33,20.0,1.86,Excellent,no,Full Remote,2.0,82.0,Bachelor's,1
EMP02759,44.0,Male,Finance,82679.33,13.0,4.1,nan,no,Hybrid,2.0,12.0,Bachelor's,0
EMP02760,57.0,Female,,48093.83,8.0,2.97,Medium,No,Hybrid,1.0,24.0,Bachelor's,0
EMP02761,51.0,Non-binary,Engineering,66295.15,31.0,2.07,Low,Yes,On-site,1.0,5.0,High School,0
EMP02762,48.0,Male,Sales,112255.75,32.0,1.75,Medium,yes,Hybrid,2.0,37.0,Bachelor's,0
EMP02763,35.0,Male,,77387.5,27.0,3.08,High,No,Full Remote,7.0,27.0,PhD,0
EMP02764,49.0,Male,Engineering,75781.06,18.0,4.55,Medium,no,On-site,9.0,59.0,Bachelor's,0
EMP02765,64.0,Female,Finance,56603.35,4.0,2.49,Excellent,No,Full Remote,3.0,87.0,Master's,0
EMP02766,24.0,Female,SALES,85387.98,14.0,2.04,Medium,No,On-site,5.0,73.0,Bachelor's,0
EMP02767,54.0,Male,Marketing,64281.76,15.0,3.73,Medium,No,Full Remote,2.0,41.0,Bachelor's,0
EMP02768,52.0,Female,Finance,80231.39,27.0,4.31,Excellent,Yes,Hybrid,6.0,41.0,Master's,1
EMP02769,44.0,,Finance,96457.31,23.0,2.93,Excellent,,Full Remote,8.0,38.0,High School,0
EMP02770,48.0,Female,Sales,90944.73,5.0,4.7,High,No,Full Remote,4.0,1.0,Bachelor's,0
EMP02771,62.0,Female,Finance,83517.34,4.0,,Excellent,yes,Full Remote,6.0,9.0,PhD,1
EMP02772,25.0,Male,Marketing,69313.48,9.0,3.56,High,No,Hybrid,6.0,56.0,Bachelor's,0
EMP02773,42.0,Male,Marketing,69222.86,2.0,2.23,Excellent,No,Full Remote,1.0,58.0,Bachelor's,1
EMP02774,34.0,Female,Marketing,67218.08,28.0,1.61,Excellent,,On-site,1.0,93.0,Bachelor's,0
EMP02775,39.0,Male,Engineering,83390.75,28.0,-1.0,Excellent,No,On-site,1.0,78.0,Master's,0
EMP02776,55.0,Female,engineering,48127.16,0.0,2.45,Excellent,No,Hybrid,7.0,91.0,Master's,0
EMP02777,39.0,Female,Finance,0.0,17.0,2.05,Medium,Yes,On-site,6.0,38.0,PhD,0
EMP02778,50.0,Male,Finance,107058.35,38.0,4.9,Medium,No,Full Remote,8.0,58.0,PhD,0
EMP02779,26.0,Female,Sales,48241.13,10.0,2.48,High,No,Full Remote,3.0,30.0,High School,0
EMP02780,34.0,Female,Sales,41564.05,16.0,4.2,Medium,,Full Remote,4.0,62.0,Bachelor's,1
EMP02781,22.0,Female,Sales,86015.28,3.0,3.07,High,Yes,Full Remote,3.0,43.0,Bachelor's,0
EMP02782,47.0,Male,engineering,80257.2,6.0,1.31,Excellent,No,Full Remote,6.0,16.0,Master's,0
EMP02783,29.0,Prefer not to say,Engineering,76915.61,38.0,2.11,Low,No,nan,9.0,98.0,Bachelor's,0
EMP02784,46.0,Male,SALES,83085.09,18.0,2.29,High,No,On-site,2.0,2.0,High School,0
EMP02785,36.0,Female,Marketing,54342.0,5.0,1.79,Medium,Yes,On-site,3.0,54.0,Bachelor's,0
EMP02786,37.0,Prefer not to say,SALES,88797.77,31.0,3.23,Medium,Yes,On-site,6.0,1.0,Bachelor's,0
EMP02787,,Female,Finance,87200.92,30.0,2.79,Excellent,No,Hybrid,2.0,86.0,Master's,0
EMP02788,36.0,Male,,46916.55,20.0,4.4,nan,yes,Hybrid,6.0,94.0,Master's,1
EMP02789,22.0,Female,,57054.45,21.0,4.08,High,No,Hybrid,1.0,89.0,Master's,0
EMP02790,62.0,Prefer not to say,Marketing,63500.85,32.0,2.76,High,No,Hybrid,7.0,46.0,Bachelor's,0
EMP02791,23.0,Female,Engineering,58977.79,23.0,1.5,High,Yes,Hybrid,1.0,59.0,Bachelor's,0
EMP02792,37.0,Female,Sales,64685.37,15.0,,High,Yes,Hybrid,2.0,71.0,High School,1
EMP02793,51.0,Male,Marketing,85065.67,7.0,1.64,Medium,No,Hybrid,6.0,16.0,Bachelor's,0
EMP02794,55.0,Female,Engineering,30640.44,17.0,3.52,High,,nan,9.0,16.0,Bachelor's,0
EMP02795,24.0,Male,Sales,67945.09,25.0,1.66,Excellent,,On-site,4.0,34.0,PhD,0
EMP02796,38.0,Non-binary,SALES,59178.19,14.0,3.96,Low,yes,On-site,6.0,38.0,Bachelor's,0
EMP02797,59.0,Male,Marketing,67656.38,22.0,4.2,Low,Yes,On-site,2.0,62.0,High School,0
EMP02798,49.0,Female,Marketing,57741.09,29.0,3.86,Low,yes,On-site,5.0,69.0,Bachelor's,0
EMP02799,62.0,Female,Finance,63817.43,26.0,1.06,nan,yes,Hybrid,4.0,73.0,Bachelor's,1
EMP02800,31.0,Male,Sales,0.0,17.0,4.37,Medium,No,Full Remote,9.0,75.0,PhD,0
EMP02801,37.0,,HR,28462.21,26.0,2.94,High,Yes,On-site,8.0,24.0,High School,0
EMP02802,57.0,Male,Marketing,76102.93,21.0,4.86,Excellent,No,On-site,6.0,54.0,High School,0
EMP02803,64.0,Non-binary,Engineering,56607.46,3.0,1.23,Excellent,no,nan,7.0,71.0,Master's,0
EMP02804,,Male,Sales,96734.1,35.0,3.35,High,Yes,Hybrid,6.0,12.0,Master's,0
EMP02805,63.0,Female,Engineering,100399.46,17.0,1.77,High,Yes,On-site,1.0,29.0,Master's,0
EMP02806,39.0,Female,,44098.21,37.0,2.11,High,No,Hybrid,5.0,25.0,Master's,1
EMP02807,49.0,Female,engineering,84373.71,28.0,1.54,Low,No,Full Remote,4.0,26.0,Bachelor's,0
EMP02808,39.0,Male,Finance,77595.92,15.0,1.53,nan,,Hybrid,4.0,42.0,Bachelor's,0
EMP02809,51.0,Female,Engineering,88904.45,36.0,2.92,nan,,Hybrid,4.0,36.0,Bachelor's,0
EMP02810,53.0,Male,Marketing,67112.5,,1.53,nan,no,Hybrid,8.0,20.0,Master's,0
EMP02811,24.0,Male,SALES,57568.46,11.0,2.32,Medium,no,Hybrid,1.0,25.0,Master's,0
EMP02812,39.0,Prefer not to say,,30428.81,35.0,2.39,High,no,Hybrid,9.0,7.0,Master's,0
EMP02813,56.0,Male,Sales,74954.26,34.0,4.96,Medium,Yes,Full Remote,9.0,64.0,Bachelor's,0
EMP02814,27.0,Female,Marketing,74177.29,8.0,3.2,High,No,Hybrid,3.0,65.0,PhD,0
EMP02815,61.0,Prefer not to say,Engineering,,38.0,4.46,Low,Yes,Full Remote,2.0,32.0,PhD,1
EMP02816,48.0,Male,Engineering,75975.55,23.0,4.21,Medium,Yes,Full Remote,5.0,14.0,PhD,0
EMP02817,42.0,Prefer not to say,Sales,32742.08,20.0,-1.0,Low,No,Full Remote,3.0,81.0,Master's,0
EMP02818,39.0,Female,Engineering,70249.11,23.0,2.53,Low,yes,Hybrid,7.0,42.0,Master's,0
EMP02819,23.0,Female,Marketing,80615.89,33.0,1.91,Medium,Yes,On-site,4.0,39.0,Master's,0
EMP02820,58.0,Female,Sales,29643.04,34.0,1.42,Medium,No,Full Remote,7.0,14.0,Bachelor's,0
EMP02821,35.0,Female,Sales,60130.23,17.0,2.71,High,Yes,On-site,9.0,67.0,Master's,0
EMP02822,41.0,Male,Finance,35487.71,24.0,2.74,Medium,,Full Remote,2.0,73.0,nan,1
EMP02823,55.0,Male,HR,76597.52,9.0,3.19,Low,,nan,8.0,0.0,Bachelor's,0
EMP02824,28.0,Male,Sales,68444.76,,1.78,High,Yes,Hybrid,2.0,97.0,High School,0
EMP02825,53.0,Male,Finance,83281.44,1.0,1.64,Excellent,No,Hybrid,7.0,48.0,Bachelor's,0
EMP02826,33.0,Male,SALES,71045.08,10.0,3.96,Medium,Yes,Hybrid,1.0,50.0,Bachelor's,0
EMP02827,48.0,Female,Sales,80708.3,22.0,1.3,Excellent,No,On-site,7.0,8.0,Bachelor's,0
EMP02828,42.0,Female,Engineering,96967.02,11.0,1.8,Excellent,no,On-site,8.0,46.0,PhD,0
EMP02829,31.0,Prefer not to say,Marketing,55485.4,10.0,3.27,Medium,No,Full Remote,8.0,20.0,Bachelor's,0
EMP02830,39.0,Female,Sales,40135.17,15.0,4.1,Medium,Yes,On-site,7.0,78.0,Master's,0
EMP02831,50.0,Male,Engineering,79271.26,1.0,3.11,Medium,Yes,Full Remote,7.0,66.0,Bachelor's,0
EMP02832,36.0,Male,Sales,78488.63,31.0,4.41,High,No,nan,9.0,20.0,Bachelor's,0
EMP02833,49.0,Female,HR,49425.97,10.0,1.73,High,no,Hybrid,3.0,10.0,Master's,1
EMP02834,61.0,Prefer not to say,Marketing,60277.79,30.0,4.95,nan,No,nan,4.0,27.0,Master's,0
EMP02835,27.0,Male,Sales,92661.85,33.0,3.97,High,no,On-site,8.0,72.0,Bachelor's,0
EMP02836,63.0,Male,Sales,79679.12,29.0,4.94,Medium,No,On-site,5.0,6.0,Bachelor's,1
EMP02837,53.0,Prefer not to say,SALES,99869.39,2.0,3.13,Medium,,nan,5.0,95.0,nan,0
EMP02838,61.0,Male,engineering,26297.67,30.0,3.92,Medium,Yes,Hybrid,2.0,32.0,Master's,0
EMP02839,35.0,Male,Sales,,25.0,4.1,Low,No,Hybrid,7.0,43.0,Bachelor's,0
EMP02840,41.0,Female,Finance,37967.59,19.0,1.22,Medium,Yes,Hybrid,1.0,60.0,Master's,0
EMP02841,41.0,Male,Marketing,108445.95,18.0,4.41,High,,nan,6.0,29.0,High School,0
EMP02842,35.0,Female,Marketing,117138.19,24.0,2.59,High,Yes,Full Remote,9.0,74.0,High School,0
EMP02843,55.0,Male,Sales,40860.02,11.0,2.93,High,yes,Full Remote,1.0,94.0,Master's,0
EMP02844,47.0,Male,Marketing,67404.62,16.0,2.13,Medium,No,Hybrid,7.0,89.0,Bachelor's,0
EMP02845,63.0,,Sales,73766.14,8.0,2.49,Medium,No,On-site,4.0,42.0,Bachelor's,0
EMP02846,29.0,Male,Marketing,49037.12,34.0,3.92,Medium,No,On-site,6.0,63.0,Bachelor's,0
EMP02847,49.0,Female,Finance,88902.49,8.0,3.57,High,,Full Remote,1.0,88.0,Associate,0
EMP02848,64.0,Male,HR,46766.08,30.0,2.03,High,No,Hybrid,7.0,90.0,Bachelor's,0
EMP02849,35.0,Male,engineering,64435.14,6.0,3.96,High,No,On-site,4.0,12.0,Master's,0
EMP02850,62.0,Female,,68071.17,20.0,4.31,Medium,No,On-site,8.0,85.0,Bachelor's,0
EMP02851,29.0,Female,Sales,49826.52,22.0,4.28,Excellent,Yes,Hybrid,9.0,20.0,Associate,0
EMP02852,48.0,Male,Finance,51769.38,5.0,3.34,High,No,Hybrid,9.0,28.0,Master's,0
EMP02853,43.0,Male,engineering,25044.72,17.0,1.5,High,No,Hybrid,1.0,23.0,High School,0
EMP02854,33.0,Female,Marketing,53673.14,28.0,1.34,Low,Yes,Hybrid,3.0,33.0,High School,0
EMP02855,38.0,Female,Marketing,49905.08,4.0,1.37,Medium,yes,Full Remote,5.0,67.0,Bachelor's,0
EMP02856,46.0,Female,Finance,50766.58,29.0,2.48,Medium,,Full Remote,3.0,23.0,PhD,0
EMP02857,53.0,Female,Sales,50133.05,1.0,1.77,Medium,No,On-site,4.0,2.0,PhD,0
EMP02858,30.0,Male,HR,55882.64,14.0,3.75,High,,On-site,4.0,59.0,Bachelor's,0
EMP02859,30.0,Male,Marketing,46244.53,12.0,1.45,High,Yes,Full Remote,2.0,91.0,Bachelor's,1
EMP02860,62.0,Prefer not to say,Finance,83025.42,5.0,3.29,High,,Full Remote,1.0,91.0,Master's,0
EMP02861,26.0,Female,HR,57830.39,11.0,4.97,Medium,Yes,Hybrid,9.0,,Master's,0
EMP02862,35.0,Male,Finance,91172.87,19.0,4.85,High,yes,Hybrid,3.0,81.0,Bachelor's,0
EMP02863,57.0,Male,Sales,84449.1,38.0,1.03,Low,No,Hybrid,9.0,51.0,Bachelor's,0
EMP02864,43.0,Male,Sales,103128.76,5.0,2.39,Medium,yes,On-site,,94.0,Bachelor's,0
EMP02865,63.0,Non-binary,Finance,72232.83,24.0,4.18,Medium,no,Full Remote,8.0,12.0,nan,0
EMP02866,41.0,Female,HR,63450.85,9.0,4.21,High,Yes,Full Remote,4.0,11.0,PhD,0
EMP02867,39.0,Male,HR,46228.63,22.0,4.2,High,,Hybrid,8.0,58.0,PhD,1
EMP02868,58.0,Male,Marketing,66902.13,26.0,3.4,Medium,,On-site,8.0,35.0,Associate,0
EMP02869,28.0,Female,Sales,47481.05,1.0,4.95,High,No,Full Remote,5.0,77.0,Bachelor's,0
EMP02870,28.0,Male,Engineering,25534.48,15.0,3.84,Low,,On-site,7.0,5.0,nan,0
EMP02871,61.0,Male,Engineering,76898.89,13.0,4.31,Low,no,On-site,2.0,8.0,Master's,0
EMP02872,55.0,Male,Finance,77022.37,5.0,3.15,Excellent,No,Hybrid,5.0,0.0,Master's,1
EMP02873,52.0,Non-binary,Finance,83165.26,1.0,3.99,Low,Yes,Full Remote,1.0,2.0,Bachelor's,0
EMP02874,35.0,Female,HR,30997.07,21.0,4.94,nan,Yes,Full Remote,2.0,60.0,Master's,1
EMP02875,39.0,Female,Sales,93321.23,0.0,4.62,Medium,no,Hybrid,6.0,92.0,Master's,0
EMP02876,51.0,Male,Engineering,58570.31,36.0,2.48,Low,Yes,On-site,1.0,85.0,Bachelor's,0
EMP02877,43.0,Prefer not to say,Sales,66153.2,10.0,4.55,High,Yes,Hybrid,3.0,79.0,Master's,0
EMP02878,36.0,Female,Marketing,53203.34,5.0,3.81,Medium,,On-site,9.0,30.0,Master's,1
EMP02879,23.0,Female,Engineering,52865.39,25.0,2.15,Medium,Yes,On-site,9.0,15.0,Bachelor's,0
EMP02880,36.0,Male,Marketing,60861.85,27.0,4.76,High,No,Full Remote,6.0,58.0,Bachelor's,1
EMP02881,64.0,Male,Engineering,57313.98,32.0,2.62,Excellent,Yes,Hybrid,4.0,10.0,High School,0
EMP02882,41.0,Female,Marketing,53947.59,4.0,2.71,Low,No,Full Remote,8.0,5.0,Associate,0
EMP02883,56.0,Female,Engineering,101600.16,39.0,,Excellent,No,Hybrid,5.0,22.0,Bachelor's,0
EMP02884,60.0,Male,engineering,64236.93,8.0,4.19,High,Yes,Hybrid,2.0,76.0,Master's,0
EMP02885,31.0,Female,Sales,49303.37,25.0,3.52,High,no,On-site,9.0,6.0,Bachelor's,0
EMP02886,40.0,Female,engineering,47990.77,36.0,1.75,Medium,No,On-site,3.0,9.0,Master's,0
EMP02887,47.0,Male,SALES,39772.24,37.0,4.77,Medium,Yes,On-site,6.0,0.0,High School,0
EMP02888,33.0,Female,SALES,72379.36,23.0,,Excellent,Yes,Full Remote,9.0,31.0,Bachelor's,0
EMP02889,37.0,Male,Sales,26442.33,27.0,4.68,Medium,yes,On-site,1.0,29.0,Bachelor's,1
EMP02890,39.0,Non-binary,Finance,90946.08,33.0,4.79,Medium,Yes,Full Remote,3.0,5.0,Bachelor's,1
EMP02891,47.0,Male,Sales,37485.33,0.0,1.49,High,No,Hybrid,7.0,20.0,Master's,0
EMP02892,33.0,Female,Sales,28562.68,16.0,2.96,High,No,Full Remote,,10.0,Bachelor's,0
EMP02893,46.0,Male,Marketing,68042.81,5.0,2.47,Excellent,yes,Hybrid,5.0,78.0,Bachelor's,0
EMP02894,46.0,Male,Marketing,70079.73,15.0,1.96,Medium,No,Full Remote,8.0,2.0,Bachelor's,1
EMP02895,28.0,Female,,58667.64,20.0,4.2,nan,No,On-site,5.0,76.0,Master's,0
EMP02896,53.0,,HR,8209.13,18.0,2.84,Excellent,Yes,Hybrid,8.0,24.0,Bachelor's,1
EMP02897,31.0,Prefer not to say,SALES,47762.19,4.0,4.65,Medium,Yes,Full Remote,3.0,51.0,Master's,0
EMP02898,38.0,Female,SALES,89113.05,17.0,1.01,Low,No,On-site,5.0,31.0,Master's,0
EMP02899,33.0,Female,engineering,89255.23,39.0,,Low,Yes,Hybrid,1.0,38.0,PhD,0
EMP02900,52.0,Male,SALES,42947.37,15.0,2.04,Low,yes,Hybrid,9.0,91.0,Master's,0
EMP02901,34.0,Female,Sales,65925.44,6.0,4.49,Low,Yes,On-site,1.0,62.0,High School,1
EMP02902,35.0,Male,,55669.18,38.0,3.71,High,No,Hybrid,,2.0,Master's,0
EMP02903,29.0,Female,Engineering,51528.18,3.0,4.12,High,,On-site,1.0,31.0,PhD,0
EMP02904,34.0,Female,Finance,63944.8,9.0,2.73,Excellent,,On-site,7.0,17.0,Master's,0
EMP02905,43.0,Male,Engineering,51383.16,23.0,,High,,Full Remote,9.0,14.0,PhD,0
EMP02906,40.0,Female,Marketing,71646.76,21.0,3.53,Excellent,,On-site,2.0,65.0,Associate,1
EMP02907,23.0,Female,Engineering,104207.72,14.0,3.19,Excellent,No,On-site,2.0,52.0,PhD,1
EMP02908,52.0,Male,Engineering,66986.85,34.0,1.84,Excellent,Yes,Full Remote,5.0,95.0,PhD,0
EMP02909,59.0,Female,SALES,61507.36,21.0,1.12,Medium,,Full Remote,1.0,92.0,Associate,1
EMP02910,53.0,Male,Engineering,43901.96,25.0,1.68,Low,Yes,Hybrid,8.0,73.0,Master's,0
EMP02911,30.0,Male,Engineering,110129.21,33.0,1.01,Excellent,No,Hybrid,7.0,78.0,Bachelor's,0
EMP02912,55.0,Male,Sales,99496.83,17.0,2.62,Excellent,No,On-site,4.0,30.0,High School,0
EMP02913,50.0,Prefer not to say,Sales,80976.1,7.0,2.5,Excellent,Yes,Full Remote,7.0,35.0,Bachelor's,0
EMP02914,47.0,Male,Engineering,29975.42,22.0,1.05,Excellent,no,Full Remote,4.0,79.0,Master's,0
EMP02915,26.0,Female,HR,68290.26,11.0,2.39,High,Yes,On-site,3.0,26.0,PhD,0
EMP02916,,Male,Marketing,63318.49,39.0,1.62,Medium,Yes,Full Remote,9.0,11.0,Bachelor's,0
EMP02917,22.0,Male,Finance,,13.0,4.51,High,no,Full Remote,2.0,45.0,Bachelor's,1
EMP02918,44.0,Female,Marketing,39730.91,27.0,1.81,High,Yes,Full Remote,9.0,71.0,Bachelor's,0
EMP02919,29.0,Male,Finance,79325.2,23.0,3.77,Low,No,On-site,3.0,26.0,High School,1
EMP02920,58.0,Female,SALES,73685.12,29.0,3.6,Low,Yes,Full Remote,4.0,97.0,Master's,0
EMP02921,36.0,Male,Engineering,55974.39,11.0,3.67,Excellent,Yes,On-site,7.0,82.0,PhD,0
EMP02922,46.0,Female,,76069.17,33.0,1.37,Medium,No,Full Remote,5.0,43.0,Bachelor's,0
EMP02923,61.0,Female,Engineering,69280.14,30.0,2.58,High,No,Full Remote,2.0,20.0,PhD,0
EMP02924,33.0,Non-binary,HR,53457.01,17.0,3.5,High,No,On-site,3.0,35.0,Bachelor's,1
EMP02925,26.0,Female,Engineering,,26.0,1.81,Medium,No,On-site,9.0,14.0,Master's,1
EMP02926,37.0,Female,SALES,58946.81,14.0,3.72,Medium,yes,Full Remote,7.0,46.0,High School,0
EMP02927,37.0,Male,Engineering,83138.04,14.0,2.15,Medium,No,On-site,8.0,40.0,nan,0
EMP02928,29.0,Male,SALES,70903.53,38.0,4.68,Medium,No,nan,8.0,17.0,Master's,1
EMP02929,62.0,Non-binary,HR,53540.58,29.0,2.72,High,Yes,On-site,7.0,95.0,nan,0
EMP02930,62.0,Female,Engineering,100193.07,35.0,2.74,Medium,yes,Full Remote,2.0,90.0,Master's,0
EMP02931,54.0,Female,Marketing,81332.36,11.0,3.31,High,No,Hybrid,9.0,59.0,Associate,0
EMP02932,30.0,Prefer not to say,Finance,71308.22,38.0,2.29,Medium,No,Full Remote,8.0,58.0,Master's,0
EMP02933,44.0,Prefer not to say,Marketing,49981.94,31.0,3.07,Medium,Yes,Full Remote,9.0,97.0,Master's,0
EMP02934,36.0,Male,Finance,95491.54,5.0,4.0,High,no,On-site,6.0,9.0,Bachelor's,0
EMP02935,38.0,Male,Finance,60498.96,20.0,2.07,High,Yes,On-site,6.0,36.0,Master's,0
EMP02936,49.0,Male,Finance,81123.17,7.0,2.26,Excellent,No,On-site,9.0,11.0,PhD,0
EMP02937,43.0,Female,Engineering,82319.45,14.0,2.03,nan,No,On-site,9.0,90.0,High School,0
EMP02938,42.0,Female,Finance,60705.31,20.0,3.78,High,,On-site,8.0,47.0,Master's,0
EMP02939,50.0,Male,Finance,93647.73,0.0,2.2,High,No,On-site,,76.0,Bachelor's,0
EMP02940,22.0,Female,Sales,97019.2,15.0,3.13,Medium,No,Hybrid,3.0,13.0,Associate,0
EMP02941,60.0,Male,Finance,57528.33,3.0,4.87,Low,No,On-site,2.0,58.0,nan,0
EMP02942,55.0,Prefer not to say,Engineering,74102.33,17.0,1.96,Excellent,no,Hybrid,4.0,11.0,Bachelor's,0
EMP02943,29.0,Male,,38082.03,11.0,2.46,Excellent,No,Hybrid,7.0,21.0,PhD,0
EMP02944,42.0,Male,Sales,84118.78,6.0,3.69,Excellent,yes,Hybrid,2.0,90.0,Master's,0
EMP02945,22.0,Female,Sales,121641.62,9.0,3.62,Low,,On-site,4.0,24.0,Bachelor's,0
EMP02946,42.0,Male,Marketing,80307.12,35.0,2.53,nan,Yes,Hybrid,2.0,35.0,High School,0
EMP02947,62.0,Male,Engineering,58730.25,29.0,4.25,Medium,No,On-site,1.0,82.0,Master's,0
EMP02948,64.0,Female,Marketing,61773.99,31.0,1.34,High,yes,On-site,3.0,30.0,Bachelor's,0
EMP02949,45.0,Female,Marketing,10478.49,10.0,1.18,High,yes,On-site,4.0,3.0,Bachelor's,0
EMP02950,29.0,Female,Sales,88893.57,20.0,,nan,No,Full Remote,5.0,30.0,Bachelor's,1
EMP02951,60.0,Male,Sales,77031.98,24.0,1.46,Low,No,On-site,3.0,4.0,Master's,0
EMP02952,46.0,Female,Engineering,77850.54,4.0,2.86,High,Yes,Hybrid,3.0,99.0,PhD,0
EMP02953,34.0,Female,engineering,66813.73,1.0,1.45,High,yes,Hybrid,2.0,37.0,High School,1
EMP02954,26.0,Male,Finance,33245.86,33.0,2.4,Medium,No,Full Remote,1.0,24.0,Bachelor's,1
EMP02955,23.0,Male,Sales,67603.36,37.0,2.01,nan,yes,On-site,7.0,43.0,Bachelor's,0
EMP02956,25.0,Male,Finance,67528.83,34.0,1.43,High,No,Hybrid,7.0,66.0,Bachelor's,0
EMP02957,58.0,Male,Marketing,61419.48,6.0,1.3,High,,On-site,9.0,48.0,Master's,0
EMP02958,45.0,Female,Engineering,46886.37,3.0,4.13,Medium,no,On-site,8.0,26.0,High School,0
EMP02959,39.0,Female,Finance,82899.83,0.0,2.19,Excellent,No,Hybrid,8.0,6.0,Bachelor's,0
EMP02960,24.0,Female,,68508.07,35.0,4.49,Excellent,Yes,On-site,8.0,27.0,Bachelor's,0
EMP02961,37.0,Female,Finance,66980.0,34.0,4.12,High,no,On-site,9.0,18.0,Master's,1
EMP02962,23.0,Female,Engineering,96195.34,34.0,1.37,Excellent,yes,Hybrid,7.0,81.0,Bachelor's,0
EMP02963,64.0,Male,Engineering,50917.72,27.0,1.85,Low,No,Hybrid,1.0,34.0,nan,0
EMP02964,47.0,Female,Marketing,37903.45,14.0,2.18,Medium,yes,Hybrid,7.0,12.0,Master's,0
EMP02965,29.0,Male,,73535.88,34.0,1.02,Medium,No,Hybrid,3.0,54.0,Master's,0
EMP02966,53.0,Female,HR,35200.2,0.0,1.37,High,No,Hybrid,7.0,69.0,Master's,0
EMP02967,54.0,Male,engineering,77247.32,35.0,3.35,Medium,,Hybrid,2.0,48.0,Master's,0
EMP02968,30.0,Female,SALES,70258.24,15.0,3.4,High,No,On-site,8.0,47.0,Bachelor's,0
EMP02969,62.0,Prefer not to say,Finance,73418.63,35.0,4.38,High,No,On-site,9.0,72.0,Bachelor's,0
EMP02970,46.0,Male,Sales,87636.63,19.0,2.76,High,,On-site,5.0,77.0,Bachelor's,0
EMP02971,61.0,,Sales,31683.98,24.0,1.73,Medium,yes,Hybrid,6.0,35.0,Bachelor's,0
EMP02972,23.0,Female,Finance,62050.25,23.0,1.53,High,Yes,On-site,8.0,97.0,Master's,1
EMP02973,41.0,Male,Marketing,63169.26,35.0,1.98,Excellent,yes,Hybrid,9.0,96.0,Master's,0
EMP02974,24.0,Female,Engineering,40913.53,11.0,2.85,Medium,No,On-site,1.0,81.0,Bachelor's,0
EMP02975,46.0,,Engineering,64103.61,0.0,2.96,High,no,Hybrid,4.0,9.0,Bachelor's,1
EMP02976,55.0,Female,Marketing,79840.67,1.0,4.35,Medium,No,Hybrid,2.0,86.0,Master's,0
EMP02977,36.0,Female,Finance,57014.93,24.0,3.37,High,No,On-site,8.0,30.0,High School,0
EMP02978,57.0,Male,HR,102357.48,35.0,4.43,Excellent,no,Hybrid,3.0,77.0,High School,0
EMP02979,56.0,Male,,34362.67,39.0,4.04,Medium,No,Full Remote,6.0,37.0,Master's,0
EMP02980,58.0,Female,Sales,55377.49,35.0,1.19,Medium,No,Full Remote,2.0,13.0,Bachelor's,0
EMP02981,32.0,Male,Sales,45759.55,37.0,3.88,High,no,Full Remote,1.0,98.0,Master's,0
EMP02982,64.0,Non-binary,HR,,8.0,2.21,High,Yes,Hybrid,6.0,80.0,Master's,1
EMP02983,61.0,Male,Sales,79822.06,36.0,3.5,Medium,No,On-site,9.0,86.0,Associate,0
EMP02984,46.0,Non-binary,Sales,40139.82,14.0,-1.0,High,yes,Hybrid,7.0,48.0,Bachelor's,0
EMP02985,44.0,,Marketing,69075.2,0.0,2.98,High,No,On-site,2.0,59.0,Bachelor's,0
EMP02986,35.0,Female,Engineering,60022.81,34.0,3.9,nan,Yes,Hybrid,8.0,52.0,Bachelor's,0
EMP02987,36.0,Prefer not to say,engineering,64043.24,6.0,3.71,Medium,No,Hybrid,3.0,56.0,Master's,0
EMP02988,23.0,,engineering,54432.8,9.0,4.85,High,no,On-site,5.0,,High School,0
EMP02989,23.0,Male,Sales,76317.87,35.0,4.99,High,No,Full Remote,8.0,89.0,PhD,0
EMP02990,52.0,Male,HR,44324.68,12.0,2.02,High,,Hybrid,9.0,76.0,Master's,0
EMP02991,61.0,Female,,32949.2,4.0,-1.0,Low,Yes,Full Remote,3.0,81.0,Associate,1
EMP02992,28.0,Female,Marketing,83646.23,15.0,3.12,Medium,No,On-site,5.0,34.0,High School,0
EMP02993,47.0,Female,Marketing,36691.66,38.0,1.42,Medium,Yes,Hybrid,7.0,59.0,Bachelor's,0
EMP02994,52.0,Male,Sales,108851.5,0.0,2.96,High,No,Hybrid,4.0,81.0,Bachelor's,0
EMP02995,54.0,Female,SALES,79791.71,20.0,2.25,High,no,On-site,6.0,84.0,Associate,1
EMP02996,61.0,Male,Finance,61885.61,27.0,3.95,High,Yes,Hybrid,7.0,12.0,Bachelor's,0
EMP02997,43.0,Male,,26783.18,39.0,1.82,Medium,No,Hybrid,6.0,66.0,Master's,1
EMP02998,50.0,Male,engineering,62614.7,34.0,1.01,Medium,No,On-site,4.0,20.0,PhD,0
EMP02999,47.0,Non-binary,Finance,73307.45,34.0,3.1,Medium,Yes,Full Remote,1.0,69.0,Master's,1
EMP03000,23.0,Male,HR,59095.66,,2.27,High,No,Hybrid,6.0,44.0,Master's,0
EMP03001,,Female,Sales,57282.18,6.0,1.52,Medium,Yes,On-site,1.0,87.0,Bachelor's,0
EMP03002,43.0,Male,engineering,53608.55,4.0,3.76,Excellent,No,Hybrid,7.0,12.0,Master's,0
EMP03003,58.0,Male,HR,56719.53,8.0,2.35,Medium,No,Hybrid,5.0,24.0,Bachelor's,0
EMP03004,47.0,Female,engineering,50748.11,2.0,3.91,High,Yes,nan,5.0,8.0,nan,0
EMP03005,29.0,Male,Marketing,57474.76,12.0,2.9,Excellent,no,On-site,4.0,84.0,Bachelor's,1
EMP03006,53.0,Male,Engineering,44628.58,16.0,1.44,nan,Yes,Full Remote,1.0,99.0,Master's,1
EMP03007,58.0,Male,Sales,62001.56,21.0,1.38,Excellent,yes,Hybrid,8.0,59.0,Bachelor's,0
EMP03008,38.0,Female,SALES,84626.29,20.0,1.9,Excellent,No,On-site,8.0,62.0,nan,0
EMP03009,27.0,Female,Finance,59527.7,15.0,1.14,Low,no,Hybrid,5.0,49.0,Master's,0
EMP03010,57.0,Male,HR,59071.12,10.0,2.51,High,No,Hybrid,3.0,49.0,Bachelor's,0
EMP03011,33.0,Female,Finance,73563.9,,4.21,High,,Hybrid,8.0,38.0,Master's,0
EMP03012,56.0,Female,Sales,66154.16,24.0,1.2,Excellent,No,On-site,,43.0,Bachelor's,0
EMP03013,41.0,Female,engineering,63329.8,35.0,2.23,Medium,No,Hybrid,5.0,31.0,Associate,0
EMP03014,46.0,Female,Engineering,79794.89,39.0,3.37,High,Yes,On-site,3.0,50.0,High School,0
EMP03015,58.0,Male,Sales,74725.69,32.0,1.17,Medium,No,On-site,4.0,99.0,Bachelor's,0
EMP03016,31.0,Male,Marketing,59986.9,13.0,2.55,High,Yes,On-site,5.0,72.0,Bachelor's,1
EMP03017,24.0,Male,engineering,,4.0,4.76,High,Yes,Hybrid,1.0,73.0,Master's,1
EMP03018,51.0,Female,engineering,84348.4,26.0,2.7,Medium,No,On-site,5.0,86.0,PhD,0
EMP03019,28.0,Male,Finance,77255.85,32.0,4.95,Low,Yes,On-site,8.0,39.0,Bachelor's,0
EMP03020,42.0,Female,Marketing,68100.73,12.0,3.83,High,Yes,On-site,5.0,33.0,Master's,0
EMP03021,43.0,Non-binary,Sales,65855.44,25.0,3.27,Medium,No,On-site,9.0,75.0,nan,1
EMP03022,36.0,Female,Marketing,61358.84,26.0,4.56,High,No,nan,1.0,92.0,High School,1
EMP03023,40.0,Male,Engineering,64814.64,0.0,1.68,Medium,No,Full Remote,5.0,83.0,PhD,0
EMP03024,33.0,Male,Engineering,55084.71,13.0,3.97,Low,No,Full Remote,3.0,21.0,PhD,1
EMP03025,26.0,Prefer not to say,Sales,46447.31,3.0,2.2,High,Yes,Full Remote,5.0,1.0,Master's,0
EMP03026,60.0,Female,Engineering,59278.8,15.0,3.62,High,No,Full Remote,2.0,72.0,Master's,0
EMP03027,36.0,Female,Sales,14120.04,17.0,4.08,Medium,No,On-site,6.0,94.0,Master's,0
EMP03028,61.0,Male,HR,72427.12,1.0,4.05,High,No,Full Remote,5.0,41.0,Master's,0
EMP03029,51.0,Male,Sales,53894.64,36.0,3.1,High,No,Hybrid,9.0,25.0,Master's,0
EMP03030,35.0,Male,SALES,132529.48,21.0,1.52,Excellent,Yes,Full Remote,7.0,91.0,Associate,0
EMP03031,58.0,Non-binary,Sales,39172.34,31.0,2.35,High,no,Full Remote,4.0,99.0,Master's,1
EMP03032,60.0,Male,HR,71152.82,23.0,4.55,Low,Yes,Full Remote,5.0,87.0,High School,0
EMP03033,42.0,Female,Sales,125513.29,39.0,3.85,Low,yes,On-site,3.0,19.0,High School,0
EMP03034,34.0,Female,Sales,80206.14,27.0,2.96,Excellent,yes,Hybrid,5.0,49.0,Bachelor's,0
EMP03035,29.0,Female,Marketing,66560.58,15.0,3.93,High,No,Hybrid,2.0,13.0,Bachelor's,0
EMP03036,40.0,Female,Sales,47617.77,11.0,1.53,Excellent,No,Hybrid,2.0,73.0,Master's,1
EMP03037,56.0,,Engineering,94735.54,17.0,1.97,Medium,Yes,Hybrid,3.0,40.0,High School,1
EMP03038,55.0,Female,Marketing,96057.34,15.0,4.97,Low,no,Full Remote,3.0,33.0,Master's,0
EMP03039,31.0,Male,Marketing,97187.25,5.0,4.66,Medium,No,On-site,9.0,74.0,nan,0
EMP03040,50.0,Male,engineering,81371.07,9.0,4.49,Medium,No,On-site,5.0,9.0,Associate,1
EMP03041,40.0,Female,Sales,83736.24,5.0,3.27,nan,No,Hybrid,9.0,46.0,Associate,0
EMP03042,58.0,Male,Engineering,87165.59,24.0,2.97,High,,On-site,4.0,,Master's,0
EMP03043,56.0,Female,Marketing,70072.27,11.0,4.34,High,No,Hybrid,6.0,40.0,Master's,1
EMP03044,60.0,Female,Engineering,64322.27,25.0,1.74,High,no,On-site,5.0,14.0,Bachelor's,0
EMP03045,48.0,Female,HR,62639.01,20.0,2.7,High,Yes,Hybrid,7.0,31.0,Associate,0
EMP03046,24.0,Male,engineering,105743.39,26.0,3.17,Excellent,No,Hybrid,2.0,73.0,Master's,1
EMP03047,46.0,Male,Engineering,43653.99,3.0,2.87,Low,yes,On-site,1.0,47.0,Bachelor's,0
EMP03048,30.0,Female,engineering,37026.72,15.0,2.52,Excellent,Yes,On-site,6.0,81.0,Bachelor's,0
EMP03049,,Male,Finance,78354.44,2.0,3.65,Excellent,,Full Remote,1.0,,Master's,0
EMP03050,25.0,Female,Sales,70326.08,27.0,1.39,Low,Yes,Hybrid,4.0,21.0,PhD,0
EMP03051,27.0,Male,Marketing,83410.75,24.0,3.28,High,Yes,Hybrid,8.0,69.0,Master's,0
EMP03052,27.0,Male,engineering,64021.02,7.0,1.25,High,no,Full Remote,3.0,24.0,Associate,0
EMP03053,24.0,Non-binary,Marketing,87255.58,33.0,3.2,High,No,Full Remote,9.0,33.0,Master's,0
EMP03054,39.0,Female,Sales,,19.0,2.96,High,No,Full Remote,1.0,18.0,Bachelor's,0
EMP03055,25.0,Non-binary,Sales,56536.44,1.0,3.27,Excellent,No,On-site,7.0,62.0,Bachelor's,0
EMP03056,50.0,Male,engineering,98034.39,29.0,1.07,High,No,On-site,4.0,78.0,Bachelor's,0
EMP03057,48.0,Male,Engineering,85128.35,5.0,1.7,Low,No,Hybrid,9.0,75.0,High School,0
EMP03058,32.0,,SALES,74580.55,17.0,1.18,Low,yes,Hybrid,3.0,81.0,Master's,0
EMP03059,63.0,Non-binary,Marketing,57317.86,22.0,4.86,High,No,On-site,5.0,14.0,PhD,1
EMP03060,60.0,Female,Engineering,52573.86,9.0,4.83,Excellent,no,Hybrid,8.0,97.0,Bachelor's,0
EMP03061,28.0,Prefer not to say,Finance,56135.38,34.0,3.02,High,Yes,Hybrid,2.0,52.0,Bachelor's,0
EMP03062,57.0,Male,Engineering,56558.63,18.0,3.13,Medium,,Hybrid,3.0,26.0,Bachelor's,0
EMP03063,38.0,,SALES,37243.17,19.0,4.44,High,Yes,Hybrid,7.0,18.0,Bachelor's,0
EMP03064,22.0,Female,Engineering,73252.14,16.0,2.7,Medium,yes,Full Remote,9.0,97.0,Bachelor's,0
EMP03065,62.0,Non-binary,SALES,110064.28,15.0,2.61,Excellent,No,On-site,6.0,29.0,Bachelor's,0
EMP03066,49.0,Male,,50866.74,5.0,2.76,High,No,Hybrid,9.0,56.0,Bachelor's,0
EMP03067,54.0,Male,Finance,58082.51,10.0,1.92,High,Yes,Full Remote,7.0,57.0,Master's,0
EMP03068,29.0,Male,Sales,73351.26,12.0,2.55,Medium,No,On-site,7.0,78.0,Master's,0
EMP03069,58.0,Female,Sales,35557.6,25.0,3.96,High,No,On-site,2.0,12.0,PhD,0
EMP03070,25.0,Female,Sales,80775.96,7.0,3.22,High,No,Full Remote,4.0,30.0,Associate,0
EMP03071,24.0,Female,Marketing,100217.39,23.0,4.36,High,,On-site,2.0,60.0,nan,0
EMP03072,51.0,Male,Finance,68253.31,7.0,3.84,High,Yes,On-site,5.0,74.0,PhD,0
EMP03073,51.0,Non-binary,Sales,63391.58,7.0,1.45,High,No,Hybrid,4.0,32.0,Bachelor's,0
EMP03074,29.0,Male,Engineering,88911.8,7.0,3.88,Medium,No,Hybrid,5.0,53.0,High School,0
EMP03075,54.0,Male,Finance,33279.5,23.0,2.12,Excellent,yes,Hybrid,7.0,8.0,Master's,0
EMP03076,62.0,Female,engineering,74179.68,39.0,4.41,High,Yes,On-site,7.0,24.0,Master's,0
EMP03077,32.0,Prefer not to say,Finance,65812.55,27.0,3.11,Medium,,Full Remote,9.0,1.0,Master's,0
EMP03078,64.0,Non-binary,Finance,34345.04,19.0,3.88,Medium,Yes,Full Remote,2.0,23.0,Bachelor's,0
EMP03079,64.0,Non-binary,HR,36134.27,36.0,3.02,High,no,On-site,5.0,63.0,Bachelor's,1
EMP03080,56.0,Female,Sales,71202.32,4.0,1.94,Medium,Yes,On-site,4.0,65.0,Bachelor's,0
EMP03081,55.0,Male,Finance,55244.44,25.0,4.32,nan,Yes,Full Remote,3.0,66.0,Bachelor's,0
EMP03082,23.0,Male,engineering,68682.99,1.0,2.95,High,No,On-site,6.0,72.0,PhD,0
EMP03083,29.0,Non-binary,Finance,65746.54,36.0,3.21,High,yes,Hybrid,9.0,58.0,nan,0
EMP03084,25.0,Female,engineering,60043.65,26.0,4.08,High,No,On-site,2.0,29.0,Bachelor's,0
EMP03085,40.0,Female,Finance,68784.97,18.0,4.71,High,Yes,Full Remote,7.0,43.0,Bachelor's,0
EMP03086,61.0,Male,engineering,72707.77,0.0,3.39,Low,No,Full Remote,7.0,88.0,Master's,0
EMP03087,48.0,,engineering,60358.56,8.0,4.1,High,yes,Hybrid,4.0,34.0,High School,0
EMP03088,50.0,Male,HR,99313.9,27.0,2.66,High,Yes,On-site,4.0,70.0,Bachelor's,0
EMP03089,31.0,Female,Marketing,84056.99,38.0,3.36,Medium,Yes,Hybrid,2.0,,Master's,0
EMP03090,39.0,Male,Sales,67121.45,39.0,2.16,High,No,Hybrid,3.0,89.0,Associate,0
EMP03091,29.0,Female,Finance,42200.53,25.0,3.13,Low,yes,Hybrid,7.0,65.0,Bachelor's,0
EMP03092,28.0,Female,engineering,66796.39,2.0,3.22,nan,No,Hybrid,6.0,43.0,Bachelor's,0
EMP03093,51.0,Female,Sales,37787.99,4.0,1.83,Medium,Yes,Full Remote,1.0,9.0,Bachelor's,0
EMP03094,56.0,Female,HR,44045.56,22.0,1.54,Medium,Yes,On-site,5.0,91.0,Master's,0
EMP03095,37.0,Male,Sales,54672.03,12.0,4.5,Low,No,On-site,5.0,35.0,Master's,0
EMP03096,29.0,Male,,21843.76,1.0,4.95,Medium,No,Hybrid,5.0,7.0,Bachelor's,0
EMP03097,31.0,Prefer not to say,Sales,70325.04,7.0,4.13,Excellent,Yes,Full Remote,2.0,22.0,Bachelor's,0
EMP03098,48.0,Female,Finance,83669.86,8.0,3.09,Medium,No,Full Remote,3.0,82.0,Bachelor's,1
EMP03099,24.0,Male,Engineering,38438.3,13.0,4.83,Excellent,Yes,On-site,6.0,74.0,Bachelor's,0
EMP03100,51.0,Male,Marketing,69107.27,20.0,4.61,Excellent,,Hybrid,5.0,16.0,Bachelor's,0
EMP03101,63.0,Male,engineering,46208.49,24.0,1.52,Medium,no,Full Remote,5.0,38.0,Bachelor's,1
EMP03102,36.0,Female,Sales,63356.21,14.0,4.37,Excellent,Yes,Hybrid,7.0,95.0,Associate,1
EMP03103,61.0,Male,Sales,,0.0,3.62,High,Yes,Hybrid,7.0,74.0,Bachelor's,0
EMP03104,,Female,Sales,73599.13,28.0,2.62,Low,No,On-site,3.0,51.0,Master's,0
EMP03105,57.0,Female,Marketing,39881.93,10.0,1.12,Excellent,No,On-site,7.0,30.0,Bachelor's,0
EMP03106,62.0,Female,Finance,68036.8,22.0,2.61,Excellent,No,Hybrid,5.0,78.0,Master's,0
EMP03107,30.0,Male,Sales,13249.3,20.0,2.01,High,No,Hybrid,4.0,,Bachelor's,0
EMP03108,55.0,Female,Engineering,43451.57,24.0,3.43,Medium,No,On-site,2.0,84.0,Master's,1
EMP03109,36.0,Female,,29365.95,26.0,2.41,Medium,yes,On-site,8.0,45.0,Bachelor's,0
EMP03110,43.0,,Sales,69370.58,27.0,2.33,Medium,Yes,On-site,6.0,66.0,Bachelor's,0
EMP03111,38.0,Female,Engineering,73037.38,25.0,1.62,Low,yes,On-site,6.0,49.0,High School,0
EMP03112,54.0,Female,Sales,83642.24,1.0,1.73,High,No,On-site,6.0,40.0,Master's,0
EMP03113,56.0,Male,Finance,11380.28,31.0,3.36,Excellent,No,Full Remote,7.0,2.0,Master's,0
EMP03114,38.0,Male,Sales,92751.24,3.0,2.35,Medium,yes,On-site,5.0,56.0,High School,0
EMP03115,24.0,Non-binary,HR,90701.86,23.0,2.94,nan,No,Hybrid,3.0,47.0,PhD,1
EMP03116,50.0,Female,Engineering,66201.72,5.0,3.55,Excellent,Yes,Full Remote,1.0,52.0,Bachelor's,0
EMP03117,36.0,Male,Finance,78896.41,12.0,4.88,Excellent,no,Full Remote,7.0,57.0,Master's,0
EMP03118,62.0,Male,Sales,30548.77,28.0,3.73,High,Yes,Full Remote,1.0,54.0,Master's,0
EMP03119,25.0,Female,Finance,37443.79,32.0,4.18,High,No,On-site,2.0,41.0,Master's,0
EMP03120,61.0,Male,HR,30958.85,28.0,3.8,High,Yes,On-site,1.0,23.0,Bachelor's,0
EMP03121,55.0,Male,SALES,74464.42,12.0,1.36,Medium,No,Full Remote,2.0,32.0,Bachelor's,0
EMP03122,62.0,Female,Finance,78580.24,37.0,1.77,Medium,No,On-site,6.0,85.0,High School,0
EMP03123,45.0,Female,Marketing,39926.71,18.0,4.33,Medium,No,On-site,4.0,26.0,PhD,0
EMP03124,23.0,Female,Marketing,78868.76,6.0,1.51,Medium,No,Full Remote,5.0,83.0,Bachelor's,0
EMP03125,47.0,Female,Marketing,41958.84,1.0,4.21,High,No,Hybrid,8.0,27.0,Bachelor's,0
EMP03126,33.0,Non-binary,Engineering,67741.01,20.0,2.07,High,No,Hybrid,6.0,0.0,Bachelor's,0
EMP03127,62.0,Male,engineering,82087.78,32.0,3.93,High,No,Hybrid,3.0,45.0,Master's,1
EMP03128,44.0,Prefer not to say,Marketing,39432.25,14.0,-1.0,Excellent,Yes,On-site,5.0,39.0,Master's,0
EMP03129,29.0,Male,Finance,68723.11,32.0,1.3,High,No,On-site,4.0,72.0,Associate,0
EMP03130,30.0,Female,engineering,64303.73,10.0,2.62,Medium,Yes,On-site,3.0,77.0,nan,0
EMP03131,38.0,Female,Finance,99200.26,1.0,,Low,,Full Remote,1.0,40.0,Master's,0
EMP03132,43.0,Prefer not to say,HR,58722.59,23.0,1.24,Low,yes,On-site,2.0,32.0,Master's,0
EMP03133,56.0,Male,Engineering,98544.33,22.0,4.91,Excellent,No,On-site,2.0,98.0,Bachelor's,1
EMP03134,49.0,Female,Finance,29551.02,38.0,1.92,Excellent,yes,Full Remote,8.0,72.0,Master's,0
EMP03135,55.0,Male,Engineering,106117.98,3.0,1.66,Medium,,nan,9.0,56.0,PhD,0
EMP03136,46.0,Female,Engineering,71080.63,11.0,2.98,Medium,Yes,Full Remote,1.0,17.0,Master's,0
EMP03137,24.0,Male,Sales,59794.4,31.0,3.54,Medium,Yes,nan,9.0,68.0,Master's,0
EMP03138,40.0,Male,Sales,72809.94,1.0,4.57,High,Yes,Hybrid,2.0,31.0,Master's,1
EMP03139,27.0,Female,Engineering,102249.0,37.0,2.97,Excellent,No,Hybrid,7.0,46.0,PhD,0
EMP03140,53.0,Prefer not to say,Sales,23504.28,26.0,1.35,Medium,Yes,Hybrid,8.0,90.0,Bachelor's,0
EMP03141,29.0,Female,SALES,43220.16,25.0,2.54,High,Yes,Hybrid,6.0,2.0,Associate,0
EMP03142,36.0,Female,HR,38395.57,3.0,4.5,High,No,Hybrid,5.0,81.0,Bachelor's,1
EMP03143,63.0,Male,engineering,51429.32,19.0,1.64,Medium,no,nan,9.0,79.0,Master's,0
EMP03144,47.0,Male,engineering,96749.48,18.0,1.65,High,no,Full Remote,4.0,8.0,Bachelor's,0
EMP03145,28.0,Female,Engineering,86699.38,29.0,1.39,Excellent,No,Hybrid,9.0,42.0,Master's,0
EMP03146,52.0,Female,Sales,41989.76,4.0,2.15,High,No,Full Remote,8.0,16.0,Bachelor's,0
EMP03147,42.0,Female,Sales,76667.48,24.0,1.04,Excellent,No,Hybrid,9.0,59.0,nan,0
EMP03148,60.0,Male,Engineering,61886.69,25.0,3.75,Medium,No,On-site,4.0,73.0,Master's,1
EMP03149,31.0,Male,Engineering,81068.86,8.0,3.14,High,No,Hybrid,1.0,20.0,Associate,0
EMP03150,63.0,Female,HR,66372.74,20.0,3.44,Excellent,No,Hybrid,9.0,60.0,Master's,0
EMP03151,59.0,Male,Sales,61991.59,28.0,2.86,High,no,Full Remote,4.0,89.0,Bachelor's,0
EMP03152,61.0,Prefer not to say,Sales,52085.15,13.0,3.33,Medium,Yes,On-site,5.0,71.0,Bachelor's,0
EMP03153,27.0,Female,Marketing,56510.9,14.0,3.21,Medium,No,On-site,4.0,17.0,Master's,1
EMP03154,58.0,Female,engineering,75681.77,36.0,1.45,High,Yes,Hybrid,5.0,44.0,High School,0
EMP03155,35.0,,engineering,46916.97,32.0,2.68,Medium,,On-site,4.0,85.0,Bachelor's,0
EMP03156,34.0,Male,engineering,100062.86,28.0,3.28,nan,Yes,On-site,3.0,71.0,High School,0
EMP03157,64.0,Male,Marketing,52531.76,22.0,4.44,Excellent,No,On-site,1.0,77.0,PhD,0
EMP03158,46.0,Female,Engineering,73840.98,22.0,1.69,Excellent,No,Full Remote,2.0,13.0,High School,0
EMP03159,38.0,Female,Finance,90919.13,32.0,4.15,Low,No,Full Remote,5.0,97.0,Bachelor's,0
EMP03160,57.0,Male,Engineering,84232.6,37.0,4.6,High,No,Full Remote,4.0,42.0,Bachelor's,0
EMP03161,30.0,Non-binary,Engineering,32841.88,21.0,3.22,Medium,Yes,Full Remote,3.0,64.0,Bachelor's,0
EMP03162,22.0,Male,,36083.25,27.0,2.57,Medium,No,Hybrid,7.0,3.0,Bachelor's,0
EMP03163,58.0,Male,Engineering,68745.19,3.0,3.32,Medium,Yes,nan,6.0,21.0,High School,0
EMP03164,34.0,Male,Sales,41092.58,22.0,3.06,Medium,No,Full Remote,6.0,33.0,Bachelor's,0
EMP03165,49.0,Female,Engineering,80575.33,36.0,4.29,Low,No,Hybrid,2.0,17.0,PhD,0
EMP03166,23.0,Male,HR,87328.11,14.0,2.28,High,Yes,Full Remote,4.0,44.0,Master's,0
EMP03167,64.0,Female,Sales,57907.82,12.0,1.99,High,Yes,Full Remote,2.0,37.0,Master's,1
EMP03168,61.0,Male,Marketing,87543.91,10.0,4.82,Low,Yes,Hybrid,4.0,82.0,PhD,0
EMP03169,38.0,Female,Sales,71458.2,17.0,3.47,High,Yes,Hybrid,1.0,37.0,High School,0
EMP03170,42.0,Female,Finance,25132.09,17.0,4.7,Medium,No,On-site,7.0,49.0,Associate,0
EMP03171,41.0,Male,Sales,62900.49,23.0,4.87,Medium,no,On-site,6.0,39.0,High School,0
EMP03172,47.0,Male,Finance,54585.25,16.0,1.04,High,,On-site,2.0,29.0,Bachelor's,0
EMP03173,23.0,Male,Engineering,67533.53,2.0,,Excellent,Yes,Hybrid,8.0,59.0,Bachelor's,0
EMP03174,60.0,Male,Finance,24156.27,7.0,3.08,Excellent,Yes,Hybrid,3.0,63.0,nan,0
EMP03175,,Male,HR,35650.62,24.0,2.05,High,no,On-site,6.0,24.0,Master's,0
EMP03176,61.0,Female,Sales,45465.13,18.0,3.38,Medium,No,Hybrid,4.0,68.0,High School,0
EMP03177,28.0,Female,Marketing,61107.17,2.0,4.19,Low,No,Hybrid,5.0,5.0,PhD,0
EMP03178,41.0,Female,Marketing,86815.69,19.0,2.57,nan,no,On-site,3.0,56.0,High School,0
EMP03179,43.0,Female,engineering,67067.26,6.0,4.31,High,No,Full Remote,8.0,9.0,Master's,0
EMP03180,37.0,,SALES,71804.45,32.0,3.09,High,,Full Remote,3.0,51.0,Master's,0
EMP03181,29.0,Male,SALES,34367.31,18.0,4.23,nan,No,Hybrid,1.0,58.0,PhD,0
EMP03182,63.0,Female,Engineering,62630.34,34.0,3.59,High,No,Hybrid,9.0,68.0,Master's,0
EMP03183,37.0,Female,Marketing,46054.93,38.0,2.86,Low,Yes,Hybrid,7.0,16.0,Master's,0
EMP03184,24.0,Non-binary,Finance,79125.28,34.0,2.32,Medium,Yes,Full Remote,3.0,79.0,High School,0
EMP03185,26.0,Male,HR,46336.96,35.0,3.63,High,Yes,Hybrid,7.0,64.0,Master's,0
EMP03186,36.0,Male,Sales,65289.26,19.0,3.09,Medium,No,On-site,5.0,93.0,Bachelor's,0
EMP03187,59.0,Male,Engineering,66191.13,4.0,3.26,Excellent,,Full Remote,5.0,96.0,Bachelor's,1
EMP03188,62.0,Male,Marketing,34223.03,29.0,3.29,High,No,On-site,9.0,46.0,Associate,0
EMP03189,42.0,,Marketing,68136.99,16.0,4.26,Excellent,Yes,Hybrid,9.0,36.0,Master's,0
EMP03190,24.0,Male,engineering,58942.62,0.0,2.7,High,No,Hybrid,4.0,32.0,Associate,0
EMP03191,26.0,Male,Finance,65358.38,2.0,2.48,Low,No,On-site,2.0,48.0,Bachelor's,0
EMP03192,64.0,Female,Finance,60172.86,37.0,1.75,Medium,no,nan,6.0,54.0,Bachelor's,0
EMP03193,45.0,Female,Engineering,80320.32,16.0,3.99,Excellent,Yes,Full Remote,5.0,82.0,Master's,0
EMP03194,,Female,Marketing,57556.93,11.0,1.51,Excellent,Yes,On-site,4.0,3.0,High School,0
EMP03195,60.0,Male,Sales,55541.28,18.0,2.05,High,No,Full Remote,3.0,8.0,Bachelor's,0
EMP03196,37.0,Male,Sales,85167.41,22.0,1.33,Excellent,Yes,Hybrid,3.0,78.0,Bachelor's,0
EMP03197,59.0,Male,HR,91352.06,10.0,2.33,High,Yes,On-site,7.0,23.0,Master's,0
EMP03198,59.0,,Engineering,,35.0,2.44,Medium,yes,Full Remote,9.0,16.0,Bachelor's,0
EMP03199,36.0,Male,Sales,46601.89,3.0,1.13,High,Yes,Full Remote,7.0,47.0,Bachelor's,0
EMP03200,23.0,Male,Sales,79038.34,27.0,3.26,High,No,On-site,2.0,57.0,Master's,0
EMP03201,57.0,Male,Sales,90234.2,,4.51,Low,No,On-site,5.0,48.0,Bachelor's,0
EMP03202,41.0,Male,Finance,82940.84,8.0,1.15,High,,Hybrid,8.0,43.0,Bachelor's,1
EMP03203,,Female,,60367.34,1.0,2.32,Medium,Yes,nan,7.0,18.0,Master's,0
EMP03204,22.0,Female,SALES,93945.68,30.0,4.24,Low,,On-site,8.0,15.0,Bachelor's,0
EMP03205,25.0,Male,Sales,57843.86,35.0,2.41,High,No,Hybrid,6.0,43.0,Master's,0
EMP03206,33.0,Female,Engineering,50584.67,27.0,2.37,Medium,yes,On-site,6.0,98.0,Bachelor's,0
EMP03207,33.0,Male,,65917.41,9.0,3.48,High,no,Hybrid,2.0,5.0,Master's,1
EMP03208,40.0,Female,Marketing,52616.14,8.0,1.29,High,No,Hybrid,3.0,44.0,Bachelor's,0
EMP03209,22.0,Male,Sales,65596.94,6.0,3.99,nan,,On-site,3.0,77.0,PhD,0
EMP03210,31.0,Female,HR,64878.81,25.0,1.04,High,yes,nan,7.0,60.0,Bachelor's,0
EMP03211,25.0,Male,Engineering,115175.75,38.0,4.18,Medium,No,Full Remote,7.0,84.0,Bachelor's,0
EMP03212,60.0,Female,HR,76801.32,19.0,1.24,nan,No,On-site,2.0,87.0,High School,0
EMP03213,59.0,Female,Marketing,51631.91,4.0,4.13,Low,No,Hybrid,2.0,11.0,Bachelor's,0
EMP03214,40.0,Male,Marketing,100086.86,13.0,4.96,Medium,No,Hybrid,6.0,19.0,Associate,0
EMP03215,47.0,Male,engineering,93289.56,24.0,4.38,Medium,no,Full Remote,9.0,29.0,High School,0
EMP03216,43.0,Female,Engineering,85937.91,15.0,2.99,Medium,No,Hybrid,2.0,11.0,Bachelor's,0
EMP03217,59.0,Female,HR,87851.18,4.0,2.19,Excellent,No,Full Remote,2.0,36.0,Bachelor's,0
EMP03218,50.0,Female,Engineering,53568.11,31.0,3.65,High,yes,Full Remote,3.0,1.0,Master's,0
EMP03219,35.0,Prefer not to say,Engineering,57425.29,10.0,1.4,Low,yes,Full Remote,4.0,83.0,Bachelor's,1
EMP03220,64.0,Male,Sales,67115.79,9.0,2.08,Medium,yes,nan,2.0,99.0,Bachelor's,0
EMP03221,54.0,Female,engineering,65352.24,16.0,4.64,High,No,On-site,2.0,46.0,Bachelor's,1
EMP03222,46.0,Female,SALES,61969.33,15.0,2.33,Excellent,No,On-site,,96.0,Bachelor's,0
EMP03223,33.0,Prefer not to say,engineering,45635.99,10.0,3.7,High,no,Hybrid,8.0,41.0,Bachelor's,0
EMP03224,44.0,Male,Finance,82773.86,17.0,3.08,High,No,Hybrid,7.0,73.0,High School,0
EMP03225,49.0,Female,Finance,70417.9,38.0,3.04,High,No,Full Remote,8.0,33.0,High School,0
EMP03226,39.0,Female,Finance,69536.7,11.0,1.07,Excellent,Yes,Full Remote,9.0,0.0,Bachelor's,0
EMP03227,57.0,Female,Engineering,59153.17,25.0,3.93,High,Yes,nan,4.0,33.0,Master's,0
EMP03228,47.0,Female,Marketing,92145.01,8.0,1.04,Medium,Yes,On-site,8.0,27.0,PhD,1
EMP03229,33.0,Female,Sales,82716.95,32.0,3.71,Medium,yes,Hybrid,2.0,18.0,Master's,0
EMP03230,33.0,Male,engineering,65665.78,6.0,3.97,Excellent,no,Hybrid,2.0,17.0,Bachelor's,1
EMP03231,46.0,Male,engineering,54104.2,21.0,2.78,Excellent,No,On-site,7.0,25.0,PhD,0
EMP03232,31.0,Male,Marketing,49367.45,29.0,2.52,High,No,Hybrid,5.0,27.0,Master's,0
EMP03233,52.0,Male,Finance,74974.56,16.0,1.79,High,Yes,Full Remote,8.0,5.0,Bachelor's,0
EMP03234,59.0,,Sales,102573.86,36.0,4.23,Medium,No,On-site,3.0,92.0,PhD,0
EMP03235,47.0,Female,Finance,43625.3,18.0,3.35,Medium,No,Hybrid,3.0,26.0,Bachelor's,0
EMP03236,33.0,Male,HR,46172.38,39.0,4.52,Low,No,On-site,9.0,0.0,Master's,0
EMP03237,52.0,Male,Engineering,52329.36,15.0,2.81,Excellent,No,On-site,6.0,48.0,Master's,0
EMP03238,23.0,Prefer not to say,engineering,67772.75,24.0,4.53,Medium,No,Full Remote,,31.0,Master's,0
EMP03239,36.0,,SALES,86460.76,31.0,1.2,Excellent,No,Hybrid,5.0,82.0,PhD,1
EMP03240,41.0,Male,Finance,51875.33,21.0,3.8,nan,Yes,Hybrid,3.0,35.0,Bachelor's,0
EMP03241,51.0,Male,Sales,83315.02,19.0,3.0,High,yes,Full Remote,5.0,35.0,Bachelor's,0
EMP03242,38.0,Non-binary,Sales,42957.11,34.0,1.64,Excellent,Yes,Full Remote,4.0,15.0,Master's,0
EMP03243,58.0,Male,HR,84022.73,7.0,3.71,Excellent,No,nan,4.0,33.0,Bachelor's,1
EMP03244,51.0,Male,Marketing,19889.44,28.0,3.16,Medium,No,On-site,5.0,95.0,Master's,0
EMP03245,27.0,Male,HR,37688.11,37.0,2.53,Excellent,No,Full Remote,2.0,26.0,Master's,1
EMP03246,39.0,Male,Engineering,43468.95,5.0,3.98,High,No,On-site,9.0,49.0,Bachelor's,0
EMP03247,36.0,Female,Sales,40498.41,5.0,2.5,Medium,Yes,Hybrid,7.0,6.0,Associate,0
EMP03248,32.0,Male,SALES,103104.33,5.0,3.31,High,,On-site,6.0,42.0,Bachelor's,0
EMP03249,25.0,Female,Sales,88267.91,32.0,4.55,High,Yes,Full Remote,9.0,85.0,High School,0
EMP03250,55.0,Male,Engineering,42240.12,14.0,1.84,Low,,Full Remote,6.0,41.0,Master's,0
EMP03251,32.0,Female,Marketing,41851.43,10.0,1.88,Excellent,No,Hybrid,5.0,19.0,PhD,0
EMP03252,32.0,Female,Marketing,56770.46,11.0,1.03,Excellent,No,On-site,6.0,36.0,Bachelor's,0
EMP03253,49.0,Male,Finance,89296.07,19.0,3.58,Excellent,No,Hybrid,2.0,69.0,Master's,0
EMP03254,61.0,Male,Marketing,63710.09,7.0,4.66,Low,no,Hybrid,8.0,86.0,Master's,0
EMP03255,31.0,Female,Engineering,74198.37,32.0,3.64,High,No,Hybrid,6.0,32.0,Bachelor's,0
EMP03256,41.0,,Finance,66229.31,36.0,1.83,High,No,On-site,7.0,7.0,nan,0
EMP03257,46.0,Female,,83072.12,9.0,1.26,Excellent,Yes,Full Remote,5.0,92.0,High School,0
EMP03258,51.0,Female,Finance,65890.31,10.0,2.07,Low,Yes,Full Remote,3.0,54.0,High School,1
EMP03259,63.0,Male,Marketing,52764.26,27.0,4.33,High,No,On-site,5.0,79.0,PhD,0
EMP03260,35.0,Female,Engineering,78278.81,11.0,2.04,High,,Hybrid,4.0,3.0,Bachelor's,0
EMP03261,30.0,Male,Finance,34931.72,10.0,1.09,Medium,Yes,Hybrid,1.0,65.0,nan,1
EMP03262,41.0,Male,engineering,109691.6,17.0,2.71,Excellent,No,Hybrid,4.0,72.0,Master's,0
EMP03263,36.0,Female,engineering,75071.38,24.0,1.47,Medium,No,Full Remote,8.0,12.0,High School,1
EMP03264,49.0,Male,HR,33502.18,33.0,1.22,Excellent,Yes,Hybrid,8.0,10.0,High School,0
EMP03265,54.0,Female,Engineering,94263.14,36.0,2.01,Medium,Yes,Hybrid,3.0,78.0,Master's,0
EMP03266,36.0,Prefer not to say,Marketing,84935.59,7.0,1.95,nan,No,On-site,5.0,98.0,Bachelor's,0
EMP03267,61.0,Male,engineering,74611.79,36.0,4.81,Excellent,Yes,Hybrid,5.0,3.0,Bachelor's,1
EMP03268,46.0,Female,SALES,55308.44,21.0,4.74,High,No,On-site,8.0,41.0,PhD,0
EMP03269,27.0,Male,Engineering,60486.14,33.0,4.71,High,No,Hybrid,9.0,16.0,High School,1
EMP03270,44.0,Male,Engineering,81796.68,28.0,4.12,High,No,Full Remote,9.0,73.0,Bachelor's,0
EMP03271,45.0,Female,Marketing,59059.42,20.0,1.7,High,No,On-site,9.0,11.0,Master's,0
EMP03272,57.0,Male,Sales,40162.4,0.0,4.16,Low,Yes,Hybrid,2.0,33.0,PhD,0
EMP03273,58.0,Female,Sales,65414.18,22.0,2.79,High,No,Full Remote,1.0,63.0,Bachelor's,0
EMP03274,32.0,Male,Engineering,37355.1,5.0,3.9,Medium,No,nan,7.0,92.0,PhD,0
EMP03275,50.0,Female,Finance,69595.45,25.0,1.21,Medium,No,On-site,1.0,71.0,PhD,0
EMP03276,41.0,Prefer not to say,Sales,22722.09,29.0,2.41,Excellent,No,Full Remote,2.0,62.0,Master's,0
EMP03277,56.0,Female,Engineering,60504.97,23.0,2.76,High,Yes,Full Remote,2.0,99.0,Bachelor's,0
EMP03278,50.0,Female,Finance,75777.01,31.0,4.16,Medium,no,Hybrid,3.0,98.0,PhD,0
EMP03279,49.0,Male,Engineering,81758.23,14.0,3.31,Low,Yes,Hybrid,1.0,7.0,PhD,0
EMP03280,36.0,Non-binary,Finance,39739.52,16.0,4.99,High,Yes,Hybrid,2.0,96.0,High School,0
EMP03281,60.0,Male,HR,70726.5,10.0,4.81,High,Yes,On-site,6.0,98.0,Bachelor's,1
EMP03282,31.0,Non-binary,,45489.58,25.0,1.65,Low,,On-site,8.0,28.0,Master's,1
EMP03283,53.0,Female,Sales,70866.79,1.0,2.37,Excellent,Yes,On-site,9.0,44.0,Bachelor's,0
EMP03284,59.0,Female,engineering,55347.41,39.0,3.93,High,Yes,Hybrid,4.0,60.0,Bachelor's,0
EMP03285,31.0,Female,Marketing,49041.96,25.0,3.1,Medium,No,Hybrid,4.0,41.0,Bachelor's,0
EMP03286,51.0,Male,Engineering,36089.44,20.0,2.09,Low,,Full Remote,9.0,94.0,Bachelor's,0
EMP03287,43.0,Female,Engineering,43340.29,20.0,1.85,Low,yes,Hybrid,7.0,13.0,Master's,0
EMP03288,42.0,Female,Sales,22123.61,26.0,4.96,nan,No,On-site,3.0,46.0,Master's,0
EMP03289,47.0,Female,,44838.84,26.0,2.8,Medium,Yes,Hybrid,9.0,55.0,Bachelor's,0
EMP03290,26.0,Male,Sales,78927.33,18.0,2.02,High,no,Hybrid,8.0,85.0,Master's,1
EMP03291,41.0,Female,Sales,60196.75,14.0,3.73,High,No,Full Remote,4.0,1.0,PhD,0
EMP03292,53.0,Female,HR,88598.71,2.0,4.66,High,no,On-site,1.0,80.0,Bachelor's,0
EMP03293,60.0,Male,engineering,33457.58,15.0,3.81,Medium,Yes,On-site,3.0,91.0,Master's,0
EMP03294,60.0,Male,Marketing,68860.64,24.0,2.57,Medium,Yes,Hybrid,4.0,35.0,PhD,1
EMP03295,22.0,Male,Marketing,118849.66,5.0,4.5,Excellent,Yes,On-site,4.0,12.0,Master's,0
EMP03296,49.0,Male,engineering,81309.29,25.0,2.84,Medium,Yes,Hybrid,1.0,19.0,Master's,0
EMP03297,22.0,Non-binary,Engineering,30768.35,11.0,3.69,Medium,No,Hybrid,9.0,6.0,Bachelor's,1
EMP03298,46.0,Female,Sales,0.0,21.0,3.89,High,yes,Full Remote,2.0,95.0,PhD,0
EMP03299,56.0,Male,engineering,98334.82,25.0,3.94,Excellent,No,On-site,8.0,61.0,Master's,0
EMP03300,54.0,Non-binary,Finance,61049.44,16.0,,nan,yes,Full Remote,4.0,78.0,Master's,0
EMP03301,43.0,Male,Finance,83263.14,34.0,1.97,Medium,Yes,Hybrid,1.0,83.0,High School,0
EMP03302,56.0,Female,Engineering,61008.05,3.0,4.75,Excellent,Yes,On-site,2.0,32.0,High School,1
EMP03303,52.0,Female,Engineering,46651.85,1.0,4.98,Excellent,No,Full Remote,2.0,35.0,Associate,1
EMP03304,38.0,Female,,88149.12,27.0,2.07,High,No,Full Remote,3.0,90.0,PhD,0
EMP03305,25.0,Male,Engineering,71310.71,3.0,4.95,High,No,On-site,5.0,34.0,Master's,0
EMP03306,26.0,Male,Engineering,78240.84,28.0,4.23,Excellent,yes,Full Remote,6.0,41.0,Master's,0
EMP03307,58.0,Female,Finance,77938.88,9.0,1.21,Medium,yes,On-site,5.0,1.0,High School,0
EMP03308,36.0,Female,Finance,82744.28,31.0,4.16,Excellent,no,Hybrid,2.0,82.0,PhD,0
EMP03309,45.0,Female,Finance,64424.48,14.0,3.17,Low,No,Hybrid,5.0,3.0,Master's,0
EMP03310,,Male,,77189.05,30.0,1.68,High,no,nan,5.0,36.0,Master's,0
EMP03311,55.0,Male,Sales,61364.15,1.0,2.4,High,No,On-site,8.0,97.0,PhD,0
EMP03312,33.0,Non-binary,Marketing,52529.04,30.0,4.94,High,Yes,Hybrid,1.0,91.0,PhD,0
EMP03313,52.0,Female,Sales,91409.2,36.0,1.43,Low,Yes,Hybrid,4.0,38.0,PhD,0
EMP03314,45.0,Female,HR,28884.01,24.0,3.71,Medium,,On-site,3.0,88.0,Master's,1
EMP03315,41.0,Female,Engineering,61644.31,6.0,2.89,High,No,Full Remote,4.0,13.0,Bachelor's,0
EMP03316,59.0,Male,HR,39211.01,20.0,4.35,Excellent,,On-site,5.0,85.0,Master's,0
EMP03317,41.0,Prefer not to say,Sales,42018.66,21.0,3.76,Excellent,Yes,nan,2.0,76.0,nan,0
EMP03318,30.0,Male,HR,95347.09,10.0,2.57,Low,Yes,Hybrid,3.0,24.0,PhD,0
EMP03319,55.0,Prefer not to say,Engineering,,30.0,2.13,Medium,No,nan,6.0,49.0,PhD,0
EMP03320,38.0,Male,engineering,40883.3,39.0,2.18,High,Yes,Full Remote,1.0,13.0,Bachelor's,0
EMP03321,64.0,Prefer not to say,HR,80854.52,2.0,1.9,Excellent,yes,On-site,,28.0,Bachelor's,1
EMP03322,33.0,Female,Finance,84814.43,14.0,4.77,Excellent,Yes,Full Remote,4.0,31.0,Bachelor's,0
EMP03323,27.0,Female,Marketing,46088.95,15.0,1.29,Medium,yes,On-site,6.0,85.0,Master's,0
EMP03324,63.0,Female,Sales,50610.99,3.0,2.9,Low,Yes,On-site,7.0,56.0,PhD,0
EMP03325,51.0,Male,SALES,87763.21,15.0,2.49,Medium,yes,Full Remote,7.0,6.0,High School,0
EMP03326,29.0,Male,HR,76173.92,11.0,1.02,Low,yes,Hybrid,1.0,71.0,Bachelor's,0
EMP03327,34.0,Female,Marketing,82465.19,30.0,1.3,Medium,No,On-site,3.0,94.0,High School,0
EMP03328,51.0,Female,Engineering,39355.08,9.0,2.7,High,Yes,Hybrid,3.0,47.0,Bachelor's,0
EMP03329,45.0,Prefer not to say,Marketing,79747.68,0.0,4.0,Low,no,On-site,4.0,50.0,High School,0
EMP03330,27.0,Male,Engineering,61238.29,0.0,1.47,Medium,Yes,nan,3.0,60.0,Bachelor's,0
EMP03331,47.0,Male,Marketing,36119.23,16.0,3.25,High,Yes,Hybrid,1.0,19.0,Associate,0
EMP03332,35.0,,Marketing,54189.36,39.0,2.65,Medium,,On-site,8.0,76.0,Master's,0
EMP03333,38.0,Male,engineering,66656.66,4.0,3.57,Medium,yes,Full Remote,4.0,1.0,Master's,0
EMP03334,30.0,Prefer not to say,Finance,52997.32,5.0,3.25,Excellent,no,On-site,2.0,8.0,Bachelor's,0
EMP03335,44.0,Male,engineering,61168.5,22.0,3.69,Medium,,Full Remote,7.0,10.0,Bachelor's,0
EMP03336,54.0,Male,engineering,56766.61,5.0,2.35,High,No,Hybrid,4.0,20.0,Master's,0
EMP03337,23.0,Male,Finance,39413.7,32.0,1.83,Excellent,Yes,On-site,8.0,63.0,Master's,0
EMP03338,59.0,Male,HR,98459.19,38.0,3.13,High,Yes,On-site,8.0,51.0,Master's,0
EMP03339,63.0,Female,Sales,45885.66,20.0,3.58,Low,yes,Full Remote,8.0,40.0,PhD,0
EMP03340,54.0,Female,Sales,79187.5,5.0,2.57,Low,no,Full Remote,6.0,63.0,Master's,0
EMP03341,57.0,Male,Marketing,77351.66,20.0,1.08,Medium,No,On-site,7.0,5.0,Master's,0
EMP03342,41.0,Male,Sales,63332.22,1.0,1.28,Low,Yes,On-site,4.0,44.0,Bachelor's,0
EMP03343,51.0,Non-binary,SALES,44949.54,15.0,2.45,nan,No,nan,5.0,63.0,nan,0
EMP03344,41.0,Non-binary,SALES,75040.92,13.0,3.5,Medium,,Hybrid,7.0,54.0,Bachelor's,0
EMP03345,48.0,Male,Marketing,61082.21,16.0,4.04,Medium,no,On-site,5.0,1.0,Bachelor's,0
EMP03346,31.0,Male,Finance,67669.34,9.0,4.52,Medium,Yes,Full Remote,9.0,89.0,Bachelor's,0
EMP03347,38.0,Male,engineering,53784.12,14.0,3.8,Medium,No,Full Remote,7.0,44.0,Master's,0
EMP03348,42.0,,Marketing,62696.76,21.0,3.73,High,yes,Hybrid,7.0,29.0,Master's,0
EMP03349,62.0,Female,Engineering,73273.08,14.0,3.16,Medium,no,Full Remote,3.0,22.0,Bachelor's,0
EMP03350,28.0,Male,Sales,78216.76,14.0,3.3,Medium,No,Hybrid,6.0,46.0,nan,0
EMP03351,25.0,Female,Marketing,67872.63,33.0,1.82,Excellent,No,On-site,7.0,52.0,Bachelor's,0
EMP03352,33.0,Female,Marketing,78324.08,,4.09,Medium,No,Full Remote,7.0,8.0,Master's,0
EMP03353,27.0,Female,Engineering,85063.91,27.0,2.78,Medium,No,Hybrid,2.0,70.0,Associate,0
EMP03354,38.0,Male,engineering,83152.42,11.0,4.11,nan,,Full Remote,9.0,82.0,Master's,1
EMP03355,45.0,Non-binary,HR,76580.4,12.0,3.57,High,Yes,Hybrid,2.0,35.0,Bachelor's,0
EMP03356,37.0,Female,Engineering,59320.3,30.0,2.58,High,No,Full Remote,6.0,61.0,nan,1
EMP03357,37.0,Female,Finance,52400.71,16.0,2.02,High,Yes,On-site,8.0,66.0,Master's,0
EMP03358,64.0,Female,HR,,10.0,3.85,Medium,Yes,Full Remote,9.0,46.0,High School,1
EMP03359,39.0,Female,engineering,54629.14,7.0,2.86,Excellent,Yes,Full Remote,3.0,64.0,Master's,0
EMP03360,41.0,Prefer not to say,SALES,68841.24,30.0,1.79,High,Yes,On-site,,74.0,Bachelor's,0
EMP03361,25.0,Female,Engineering,79904.62,1.0,1.89,Medium,No,nan,5.0,95.0,Bachelor's,0
EMP03362,39.0,Female,SALES,75459.55,7.0,3.14,Excellent,,Hybrid,9.0,23.0,Master's,0
EMP03363,45.0,Male,Engineering,59731.18,21.0,4.61,Medium,Yes,Hybrid,5.0,17.0,PhD,0
EMP03364,44.0,Female,Marketing,36183.09,12.0,2.68,High,Yes,On-site,3.0,97.0,Associate,1
EMP03365,52.0,Male,Sales,71455.29,1.0,1.51,Medium,Yes,Hybrid,3.0,79.0,Bachelor's,0
EMP03366,32.0,Male,Engineering,56046.76,7.0,2.13,Medium,Yes,Hybrid,3.0,12.0,Bachelor's,0
EMP03367,50.0,Female,Finance,49766.65,16.0,3.06,Low,No,Hybrid,2.0,62.0,Bachelor's,1
EMP03368,44.0,Female,Sales,74833.13,0.0,2.95,Excellent,No,On-site,1.0,87.0,Master's,0
EMP03369,,Female,HR,33490.48,7.0,3.64,Low,No,Full Remote,5.0,50.0,Bachelor's,0
EMP03370,44.0,Prefer not to say,Finance,43971.3,8.0,4.63,High,No,Hybrid,4.0,46.0,PhD,0
EMP03371,44.0,Male,engineering,79921.07,34.0,1.33,High,yes,Full Remote,6.0,71.0,Master's,0
EMP03372,50.0,Female,Sales,46268.74,4.0,2.61,Low,yes,Full Remote,8.0,11.0,High School,0
EMP03373,38.0,Female,HR,37354.09,16.0,2.79,High,No,nan,3.0,53.0,High School,0
EMP03374,34.0,Female,Marketing,84721.76,11.0,3.19,Medium,yes,Full Remote,2.0,87.0,Master's,0
EMP03375,57.0,Female,Finance,57796.7,15.0,4.98,High,No,Hybrid,6.0,76.0,Bachelor's,0
EMP03376,46.0,,HR,71605.56,16.0,2.51,High,,On-site,9.0,12.0,Master's,1
EMP03377,38.0,Male,Finance,107283.27,4.0,1.92,Low,Yes,Hybrid,4.0,76.0,Master's,1
EMP03378,64.0,Male,Sales,89643.36,23.0,2.84,Excellent,No,On-site,5.0,18.0,Bachelor's,0
EMP03379,42.0,Female,Engineering,62009.96,33.0,4.02,High,,On-site,5.0,55.0,PhD,0
EMP03380,50.0,Male,Finance,74097.75,38.0,4.2,Medium,No,On-site,3.0,80.0,Master's,1
EMP03381,52.0,Female,Finance,90409.37,28.0,2.38,High,No,Full Remote,6.0,24.0,Bachelor's,0
EMP03382,50.0,Male,Sales,49053.2,8.0,2.95,High,Yes,Full Remote,8.0,,Bachelor's,1
EMP03383,55.0,,Sales,94066.57,21.0,3.76,Medium,Yes,Full Remote,9.0,61.0,Bachelor's,0
EMP03384,29.0,Male,Finance,49803.67,32.0,4.27,High,No,On-site,2.0,43.0,Master's,0
EMP03385,27.0,Male,Engineering,55067.18,18.0,4.77,High,no,nan,9.0,42.0,Bachelor's,0
EMP03386,26.0,Male,engineering,43723.18,31.0,3.29,Medium,No,On-site,4.0,60.0,High School,1
EMP03387,35.0,,Sales,72534.26,24.0,3.37,High,yes,Full Remote,3.0,4.0,Bachelor's,0
EMP03388,41.0,Male,Finance,15823.61,8.0,3.84,High,Yes,On-site,7.0,34.0,PhD,0
EMP03389,52.0,Male,Engineering,71235.6,18.0,1.29,Medium,,Full Remote,2.0,20.0,PhD,0
EMP03390,61.0,Male,Finance,46219.91,35.0,2.83,High,No,Full Remote,5.0,34.0,High School,0
EMP03391,25.0,Female,Marketing,37000.0,12.0,4.61,Medium,Yes,Hybrid,3.0,37.0,Master's,0
EMP03392,54.0,Male,Sales,82817.36,11.0,2.05,High,No,On-site,1.0,20.0,Bachelor's,0
EMP03393,34.0,Female,Marketing,41855.19,30.0,3.24,Excellent,no,On-site,1.0,51.0,Bachelor's,0
EMP03394,45.0,Female,Sales,71699.3,13.0,3.14,High,no,Hybrid,,40.0,Master's,0
EMP03395,32.0,Male,Engineering,39809.41,33.0,4.14,Low,No,On-site,3.0,85.0,nan,0
EMP03396,28.0,Female,Sales,81120.65,23.0,4.71,Medium,Yes,On-site,4.0,89.0,Bachelor's,0
EMP03397,30.0,Female,Sales,106933.68,17.0,3.2,High,Yes,Full Remote,8.0,15.0,Bachelor's,0
EMP03398,55.0,Male,Sales,55854.59,17.0,2.03,High,Yes,nan,8.0,25.0,Bachelor's,1
EMP03399,49.0,Female,Finance,57187.98,23.0,4.69,Excellent,yes,Full Remote,8.0,86.0,PhD,0
EMP03400,50.0,Male,Marketing,88961.39,2.0,4.13,Medium,Yes,Full Remote,7.0,,Master's,0
EMP03401,35.0,Female,Finance,61703.94,25.0,2.42,Medium,No,Full Remote,3.0,79.0,PhD,0
EMP03402,57.0,Male,Engineering,60621.2,17.0,3.48,Medium,No,Full Remote,1.0,15.0,Bachelor's,0
EMP03403,56.0,Male,HR,62916.0,22.0,2.07,Excellent,Yes,On-site,5.0,43.0,Associate,0
EMP03404,47.0,Male,SALES,53612.21,,3.96,Medium,,On-site,8.0,44.0,Bachelor's,0
EMP03405,54.0,Male,Marketing,78970.11,26.0,1.03,Low,No,Hybrid,9.0,37.0,Master's,0
EMP03406,,Female,Marketing,82289.99,5.0,3.2,Excellent,No,nan,7.0,51.0,PhD,1
EMP03407,50.0,Male,Finance,90365.66,32.0,1.28,High,yes,On-site,9.0,98.0,Bachelor's,0
EMP03408,31.0,Female,Engineering,35775.45,39.0,3.92,nan,Yes,nan,1.0,62.0,Bachelor's,0
EMP03409,25.0,Prefer not to say,Sales,50864.31,31.0,1.2,High,no,Hybrid,9.0,13.0,Bachelor's,0
EMP03410,52.0,Male,Finance,64481.42,32.0,4.62,Medium,Yes,Hybrid,3.0,89.0,Master's,0
EMP03411,51.0,Female,Marketing,68609.18,25.0,1.4,Excellent,Yes,Full Remote,4.0,83.0,High School,0
EMP03412,60.0,Female,Engineering,58117.93,1.0,2.07,High,no,On-site,3.0,88.0,Associate,0
EMP03413,27.0,Female,Finance,50018.61,34.0,1.91,High,No,nan,4.0,81.0,Bachelor's,0
EMP03414,31.0,Female,SALES,58228.92,8.0,1.43,Excellent,yes,Hybrid,6.0,49.0,Bachelor's,0
EMP03415,25.0,Female,Marketing,95066.48,14.0,2.24,Excellent,Yes,nan,4.0,3.0,Bachelor's,0
EMP03416,34.0,Prefer not to say,engineering,67858.41,20.0,3.94,Medium,No,On-site,5.0,71.0,Bachelor's,1
EMP03417,64.0,Female,Finance,59590.91,6.0,3.48,High,no,Full Remote,4.0,93.0,nan,0
EMP03418,60.0,Female,HR,49485.52,16.0,4.22,Medium,No,On-site,6.0,27.0,High School,0
EMP03419,29.0,Male,engineering,63165.06,34.0,2.83,Excellent,no,On-site,5.0,25.0,Master's,0
EMP03420,34.0,Non-binary,Engineering,62248.83,15.0,1.31,Low,yes,Hybrid,5.0,2.0,PhD,1
EMP03421,28.0,Male,Engineering,73909.58,6.0,1.38,Excellent,Yes,On-site,2.0,53.0,Bachelor's,0
EMP03422,32.0,Male,Sales,44835.35,3.0,2.75,Medium,No,Full Remote,7.0,57.0,Bachelor's,0
EMP03423,53.0,Male,Finance,61719.18,10.0,1.26,Medium,Yes,Hybrid,7.0,82.0,PhD,0
EMP03424,22.0,Male,HR,35550.44,22.0,1.4,Medium,Yes,nan,6.0,30.0,High School,0
EMP03425,57.0,Female,HR,79518.32,31.0,3.16,High,yes,Full Remote,9.0,33.0,Master's,0
EMP03426,56.0,Male,Marketing,58840.16,14.0,1.02,Low,Yes,nan,7.0,19.0,Master's,0
EMP03427,39.0,Female,HR,106492.12,30.0,1.82,Medium,Yes,Hybrid,9.0,15.0,Bachelor's,1
EMP03428,46.0,Prefer not to say,Sales,67486.73,29.0,4.66,High,Yes,On-site,9.0,95.0,High School,1
EMP03429,56.0,Male,Finance,63353.43,36.0,4.01,Medium,Yes,Hybrid,6.0,32.0,Bachelor's,0
EMP03430,34.0,,Engineering,,16.0,3.65,Medium,No,On-site,7.0,33.0,PhD,0
EMP03431,34.0,Male,Finance,63224.78,15.0,4.73,nan,no,On-site,8.0,8.0,Bachelor's,0
EMP03432,31.0,Non-binary,Engineering,56012.54,23.0,1.48,nan,Yes,Full Remote,9.0,54.0,Associate,0
EMP03433,46.0,Male,engineering,77544.37,15.0,1.94,Excellent,Yes,On-site,6.0,88.0,PhD,0
EMP03434,42.0,Male,Sales,67875.53,23.0,2.63,Low,Yes,Full Remote,2.0,41.0,Master's,0
EMP03435,23.0,Male,Marketing,34783.25,5.0,2.62,Excellent,No,On-site,7.0,15.0,Bachelor's,0
EMP03436,49.0,Female,SALES,53773.85,26.0,4.59,High,Yes,On-site,8.0,17.0,PhD,0
EMP03437,58.0,Prefer not to say,Finance,89368.75,1.0,3.56,High,Yes,nan,5.0,86.0,Master's,0
EMP03438,35.0,Male,Sales,50831.9,16.0,3.74,Medium,No,Hybrid,9.0,12.0,nan,1
EMP03439,26.0,Female,Sales,68749.47,31.0,4.59,Low,yes,Hybrid,3.0,84.0,Bachelor's,0
EMP03440,52.0,Female,Marketing,57959.31,3.0,2.83,High,No,nan,8.0,68.0,PhD,0
EMP03441,31.0,Male,engineering,83867.05,13.0,4.55,Low,,On-site,7.0,63.0,Bachelor's,1
EMP03442,22.0,Female,engineering,53333.3,34.0,2.18,Medium,No,Hybrid,4.0,43.0,Master's,0
EMP03443,35.0,Male,Marketing,86071.78,15.0,3.94,High,no,Hybrid,4.0,70.0,Master's,0
EMP03444,53.0,Female,Engineering,76720.32,37.0,3.73,nan,No,On-site,9.0,34.0,High School,0
EMP03445,53.0,Female,Marketing,30022.25,31.0,4.75,nan,No,Hybrid,8.0,,Master's,0
EMP03446,39.0,Male,engineering,55681.61,0.0,3.06,Medium,No,Hybrid,4.0,65.0,Master's,0
EMP03447,58.0,Female,Finance,87242.47,38.0,2.66,Medium,no,On-site,2.0,3.0,Bachelor's,0
EMP03448,52.0,Female,engineering,66600.23,37.0,2.92,Medium,No,Full Remote,5.0,3.0,Master's,1
EMP03449,54.0,,Sales,54834.15,25.0,1.63,High,Yes,On-site,4.0,28.0,Bachelor's,0
EMP03450,36.0,Male,Sales,54435.96,16.0,1.46,Excellent,Yes,On-site,3.0,52.0,Bachelor's,1
EMP03451,33.0,Female,Finance,54059.76,1.0,2.84,Medium,Yes,On-site,6.0,72.0,Master's,0
EMP03452,28.0,Prefer not to say,Engineering,85976.32,28.0,4.88,High,Yes,Hybrid,9.0,51.0,Bachelor's,0
EMP03453,62.0,Male,Engineering,54032.95,28.0,4.4,High,,nan,2.0,98.0,Bachelor's,0
EMP03454,57.0,Male,Marketing,66599.81,3.0,4.25,High,Yes,Hybrid,6.0,68.0,nan,0
EMP03455,52.0,Female,HR,71472.75,23.0,4.85,Excellent,No,On-site,3.0,53.0,Master's,0
EMP03456,31.0,Male,Sales,63032.74,11.0,4.48,High,yes,On-site,6.0,68.0,Bachelor's,0
EMP03457,42.0,Male,Marketing,84487.08,27.0,1.5,Medium,yes,nan,1.0,37.0,Master's,0
EMP03458,33.0,Male,Marketing,23079.88,0.0,2.34,nan,No,Hybrid,7.0,47.0,Bachelor's,1
EMP03459,43.0,Male,Sales,56608.72,0.0,2.17,High,no,Hybrid,3.0,7.0,PhD,1
EMP03460,36.0,Female,engineering,38960.21,31.0,1.48,nan,No,Hybrid,4.0,93.0,Bachelor's,0
EMP03461,24.0,Male,Marketing,56713.8,0.0,1.1,High,No,Full Remote,9.0,30.0,Bachelor's,0
EMP03462,47.0,Female,Marketing,68982.96,13.0,4.79,High,Yes,Full Remote,9.0,12.0,Master's,0
EMP03463,47.0,Female,Finance,70172.69,17.0,2.46,High,No,Hybrid,5.0,,Bachelor's,0
EMP03464,44.0,Male,Engineering,52109.31,31.0,4.45,High,No,On-site,3.0,15.0,Bachelor's,0
EMP03465,43.0,Female,Finance,38117.75,,4.3,High,,On-site,1.0,7.0,Bachelor's,0
EMP03466,50.0,Female,Sales,85582.35,27.0,3.68,High,No,nan,1.0,99.0,Master's,0
EMP03467,43.0,Male,HR,32919.79,14.0,1.96,Excellent,No,Hybrid,5.0,2.0,Master's,0
EMP03468,51.0,Male,Sales,40634.78,6.0,3.14,Excellent,Yes,On-site,8.0,53.0,Bachelor's,0
EMP03469,51.0,Male,engineering,54742.32,32.0,4.15,Medium,No,Full Remote,7.0,30.0,Master's,0
EMP03470,45.0,Female,Finance,48836.02,36.0,2.22,High,Yes,On-site,8.0,57.0,Master's,0
EMP03471,51.0,Female,Finance,70267.88,,3.92,Medium,no,Full Remote,7.0,95.0,Master's,1
EMP03472,35.0,Male,Marketing,53985.49,25.0,4.33,High,No,Full Remote,7.0,16.0,High School,0
EMP03473,24.0,Male,Engineering,46513.69,28.0,4.57,Medium,Yes,Full Remote,7.0,35.0,Master's,1
EMP03474,34.0,Male,HR,69100.25,1.0,4.43,High,No,Hybrid,8.0,14.0,Bachelor's,0
EMP03475,24.0,Male,engineering,37552.0,31.0,1.04,Medium,No,Hybrid,1.0,26.0,High School,0
EMP03476,55.0,Female,Engineering,56867.25,12.0,2.97,High,Yes,Hybrid,9.0,15.0,PhD,1
EMP03477,51.0,Female,Marketing,60116.59,39.0,2.12,Medium,No,Hybrid,7.0,21.0,Associate,0
EMP03478,23.0,Male,Engineering,61020.62,28.0,3.74,Medium,No,Hybrid,3.0,55.0,Bachelor's,1
EMP03479,31.0,Male,engineering,80452.88,30.0,2.67,High,Yes,On-site,7.0,53.0,nan,0
EMP03480,49.0,Male,Marketing,65159.18,7.0,3.15,Medium,Yes,Full Remote,,26.0,PhD,0
EMP03481,40.0,Female,Finance,31199.6,38.0,4.46,High,No,On-site,6.0,10.0,Bachelor's,1
EMP03482,48.0,Female,Sales,73739.67,29.0,4.89,Medium,No,On-site,7.0,39.0,High School,1
EMP03483,59.0,Female,,65224.6,37.0,4.48,Excellent,No,Hybrid,6.0,33.0,High School,1
EMP03484,36.0,Male,Finance,71663.67,0.0,3.87,Excellent,Yes,Hybrid,5.0,4.0,nan,0
EMP03485,55.0,Non-binary,HR,70952.06,4.0,2.78,Excellent,,On-site,8.0,57.0,Bachelor's,0
EMP03486,47.0,Female,Marketing,46180.9,24.0,1.37,High,No,On-site,4.0,92.0,Bachelor's,0
EMP03487,26.0,Male,Engineering,76209.27,33.0,1.71,Medium,No,Hybrid,2.0,25.0,Bachelor's,0
EMP03488,41.0,Male,Engineering,71226.77,7.0,2.76,Excellent,Yes,On-site,7.0,72.0,Master's,1
EMP03489,27.0,Male,Engineering,50735.36,12.0,2.24,Medium,No,nan,8.0,53.0,Master's,0
EMP03490,33.0,Female,Marketing,74419.42,38.0,2.96,High,no,Hybrid,3.0,21.0,Bachelor's,0
EMP03491,27.0,Female,Engineering,60664.29,28.0,1.98,Excellent,Yes,On-site,4.0,31.0,Master's,0
EMP03492,44.0,Non-binary,Marketing,85093.5,34.0,4.5,High,No,Full Remote,7.0,34.0,nan,0
EMP03493,37.0,Female,HR,85982.78,9.0,,High,,On-site,4.0,82.0,PhD,0
EMP03494,45.0,Male,Sales,95063.46,25.0,4.28,High,No,nan,5.0,43.0,Master's,0
EMP03495,27.0,Female,Finance,98186.08,37.0,1.62,Medium,,On-site,6.0,17.0,nan,0
EMP03496,55.0,Male,Marketing,70301.57,10.0,3.63,High,no,Hybrid,7.0,77.0,Bachelor's,0
EMP03497,43.0,Female,engineering,56903.02,20.0,4.43,High,Yes,On-site,5.0,16.0,Associate,0
EMP03498,33.0,Female,Sales,67668.98,6.0,4.38,Excellent,No,Hybrid,1.0,57.0,PhD,0
EMP03499,29.0,Female,HR,64308.37,31.0,3.88,High,,Full Remote,3.0,27.0,Bachelor's,0
EMP03500,49.0,Female,Sales,108629.07,22.0,2.36,Medium,No,Hybrid,1.0,46.0,Master's,0
EMP03501,47.0,Male,Finance,79637.91,25.0,1.21,High,Yes,On-site,4.0,50.0,High School,0
EMP03502,59.0,Male,Marketing,77397.87,36.0,2.02,High,No,On-site,1.0,74.0,Associate,0
EMP03503,39.0,Non-binary,Sales,89962.11,15.0,4.56,Low,No,Hybrid,6.0,39.0,Master's,0
EMP03504,59.0,Female,Engineering,74234.33,16.0,2.79,High,yes,Hybrid,9.0,68.0,Master's,0
EMP03505,27.0,Prefer not to say,Engineering,39198.92,10.0,3.02,Medium,No,On-site,9.0,49.0,PhD,0
EMP03506,31.0,Male,Sales,19510.45,22.0,2.09,Excellent,No,Full Remote,3.0,12.0,Bachelor's,1
EMP03507,28.0,Male,Engineering,39994.18,38.0,4.18,High,,On-site,4.0,83.0,Master's,0
EMP03508,27.0,Male,HR,51307.49,6.0,2.66,Excellent,,Full Remote,2.0,17.0,Associate,0
EMP03509,35.0,Female,Marketing,62563.06,13.0,1.64,Excellent,yes,Full Remote,2.0,58.0,Master's,0
EMP03510,33.0,Male,Engineering,48951.87,3.0,3.54,High,No,Hybrid,8.0,49.0,Master's,0
EMP03511,60.0,Female,Engineering,123918.59,26.0,3.92,Medium,Yes,Full Remote,3.0,41.0,Bachelor's,0
EMP03512,56.0,Female,Finance,95969.75,31.0,3.55,High,No,On-site,1.0,73.0,Bachelor's,0
EMP03513,34.0,Female,Finance,73812.87,37.0,4.67,Low,No,Hybrid,5.0,55.0,Master's,1
EMP03514,36.0,Prefer not to say,Finance,54232.34,37.0,4.56,Low,no,Hybrid,6.0,81.0,Bachelor's,0
EMP03515,51.0,Female,engineering,84886.52,34.0,1.5,High,No,On-site,1.0,,Associate,0
EMP03516,38.0,Male,Sales,84996.18,4.0,2.97,High,,Full Remote,4.0,42.0,Bachelor's,0
EMP03517,62.0,Female,,111871.43,33.0,3.0,nan,No,Full Remote,1.0,11.0,Bachelor's,1
EMP03518,53.0,Non-binary,Engineering,54257.3,21.0,2.41,Medium,No,Hybrid,8.0,98.0,Master's,0
EMP03519,60.0,Female,Marketing,57107.11,6.0,4.46,Excellent,,Full Remote,9.0,81.0,Bachelor's,1
EMP03520,46.0,Female,engineering,23755.02,7.0,4.03,High,Yes,Full Remote,4.0,76.0,Bachelor's,0
EMP03521,34.0,Male,Engineering,71311.74,34.0,1.53,Medium,No,Hybrid,8.0,9.0,PhD,0
EMP03522,28.0,Male,Engineering,91612.66,11.0,1.93,High,Yes,Full Remote,4.0,1.0,Bachelor's,0
EMP03523,59.0,Female,Engineering,93653.4,3.0,1.52,High,No,On-site,3.0,24.0,Master's,0
EMP03524,29.0,Female,Marketing,42325.37,28.0,1.7,High,,On-site,7.0,58.0,Associate,0
EMP03525,44.0,Prefer not to say,HR,57355.31,28.0,4.45,Medium,Yes,On-site,2.0,49.0,Master's,1
EMP03526,64.0,Female,HR,31757.92,14.0,3.2,Low,Yes,Full Remote,9.0,35.0,Bachelor's,0
EMP03527,43.0,Male,engineering,47316.95,12.0,3.95,Low,Yes,Full Remote,5.0,82.0,High School,0
EMP03528,52.0,,Engineering,115702.18,26.0,2.64,High,Yes,Full Remote,5.0,22.0,High School,0
EMP03529,43.0,Male,Sales,50741.52,35.0,1.35,Medium,Yes,Hybrid,4.0,63.0,Bachelor's,0
EMP03530,44.0,Female,,38345.33,12.0,2.08,Medium,Yes,Hybrid,9.0,91.0,Bachelor's,0
EMP03531,39.0,Male,Sales,102199.36,36.0,1.57,Medium,no,On-site,9.0,60.0,High School,0
EMP03532,59.0,Female,Finance,60711.17,12.0,3.3,Excellent,,Full Remote,6.0,46.0,Master's,0
EMP03533,49.0,,,82252.71,29.0,1.89,Excellent,Yes,Hybrid,7.0,42.0,Master's,0
EMP03534,30.0,Female,Finance,45198.82,15.0,1.73,High,No,Full Remote,6.0,3.0,High School,0
EMP03535,51.0,Female,SALES,58254.03,10.0,1.29,High,Yes,On-site,2.0,66.0,PhD,1
EMP03536,23.0,Male,Sales,69429.9,,3.5,Excellent,No,Full Remote,6.0,91.0,PhD,1
EMP03537,50.0,Male,engineering,,16.0,1.07,Excellent,Yes,nan,6.0,17.0,Master's,1
EMP03538,26.0,Female,Sales,94036.63,35.0,1.18,High,Yes,Hybrid,6.0,17.0,Bachelor's,0
EMP03539,43.0,Female,HR,63149.97,20.0,3.14,Excellent,Yes,On-site,1.0,53.0,Bachelor's,1
EMP03540,51.0,,Finance,52389.88,22.0,3.4,High,No,On-site,3.0,57.0,Master's,0
EMP03541,50.0,Female,engineering,45722.06,12.0,4.17,Medium,Yes,Hybrid,9.0,49.0,nan,0
EMP03542,35.0,Male,Engineering,106680.77,34.0,3.61,Excellent,Yes,Full Remote,3.0,1.0,Bachelor's,0
EMP03543,31.0,Non-binary,Finance,83647.84,21.0,2.31,Medium,No,Hybrid,4.0,85.0,Bachelor's,0
EMP03544,33.0,Prefer not to say,Marketing,85200.32,14.0,2.53,Excellent,No,On-site,3.0,68.0,Bachelor's,1
EMP03545,60.0,Male,Finance,78840.7,6.0,2.98,High,Yes,On-site,8.0,46.0,Master's,0
EMP03546,25.0,Male,Engineering,12751.15,11.0,1.4,Medium,No,nan,6.0,98.0,Bachelor's,0
EMP03547,53.0,Male,Engineering,83910.72,8.0,1.18,Excellent,no,Hybrid,4.0,6.0,Bachelor's,0
EMP03548,41.0,Male,engineering,83733.3,34.0,1.31,Medium,Yes,Full Remote,6.0,49.0,Bachelor's,0
EMP03549,29.0,Female,Engineering,49859.18,11.0,3.59,Low,Yes,nan,2.0,47.0,PhD,0
EMP03550,47.0,Prefer not to say,HR,39169.76,6.0,1.42,High,No,On-site,5.0,44.0,Associate,0
EMP03551,64.0,Male,Finance,81414.68,38.0,3.11,High,yes,Hybrid,7.0,34.0,Master's,1
EMP03552,60.0,Male,engineering,77501.73,15.0,4.33,Excellent,No,On-site,7.0,19.0,Bachelor's,0
EMP03553,54.0,Male,SALES,45726.45,34.0,1.2,Medium,Yes,Full Remote,9.0,38.0,Bachelor's,0
EMP03554,37.0,Female,engineering,68817.62,26.0,1.73,Excellent,,Full Remote,2.0,62.0,Bachelor's,0
EMP03555,51.0,Male,Sales,68353.03,8.0,2.27,Excellent,Yes,Hybrid,5.0,28.0,Bachelor's,0
EMP03556,41.0,Non-binary,Sales,35977.8,30.0,2.44,Medium,no,Full Remote,8.0,8.0,Master's,1
EMP03557,41.0,Female,,97545.23,17.0,2.54,High,No,nan,8.0,83.0,PhD,0
EMP03558,49.0,Female,engineering,19764.56,17.0,4.58,Medium,Yes,Hybrid,9.0,20.0,Master's,0
EMP03559,37.0,Male,Sales,61891.85,5.0,,nan,no,Full Remote,9.0,68.0,Master's,0
EMP03560,22.0,Female,engineering,52736.15,32.0,1.36,Medium,No,nan,3.0,27.0,Bachelor's,0
EMP03561,58.0,,Finance,42775.0,34.0,3.25,Medium,Yes,Full Remote,8.0,90.0,Master's,0
EMP03562,38.0,Non-binary,Engineering,62196.67,24.0,2.16,High,,On-site,3.0,12.0,Bachelor's,0
EMP03563,50.0,Male,Sales,84683.82,36.0,1.99,High,No,Full Remote,1.0,67.0,Master's,0
EMP03564,24.0,Female,Engineering,50513.89,39.0,2.26,Low,No,Hybrid,7.0,90.0,High School,0
EMP03565,59.0,Female,Engineering,70438.95,32.0,1.44,High,No,Full Remote,9.0,50.0,Master's,0
EMP03566,59.0,Male,Finance,69827.87,26.0,2.13,High,Yes,Full Remote,1.0,89.0,Master's,0
EMP03567,26.0,Female,HR,58168.73,1.0,1.25,High,no,Hybrid,4.0,21.0,Bachelor's,0
EMP03568,60.0,Male,Finance,44090.7,22.0,3.66,Low,yes,Hybrid,7.0,45.0,Bachelor's,0
EMP03569,23.0,Male,Sales,32963.26,12.0,4.69,Excellent,,Full Remote,4.0,44.0,Master's,0
EMP03570,55.0,Female,HR,68827.47,23.0,4.17,Medium,Yes,On-site,3.0,27.0,nan,0
EMP03571,53.0,Male,HR,64755.41,6.0,1.67,Low,No,On-site,2.0,66.0,Bachelor's,0
EMP03572,37.0,Male,Sales,79029.7,17.0,3.89,Excellent,Yes,Hybrid,3.0,43.0,PhD,0
EMP03573,22.0,Female,engineering,37434.12,29.0,4.7,Excellent,no,On-site,2.0,25.0,Bachelor's,0
EMP03574,27.0,Female,SALES,63751.22,2.0,4.5,Excellent,Yes,Full Remote,4.0,97.0,Bachelor's,0
EMP03575,64.0,Male,Sales,32362.03,30.0,1.33,Low,Yes,Hybrid,2.0,94.0,PhD,0
EMP03576,41.0,Male,engineering,96782.52,38.0,3.06,Medium,Yes,Full Remote,4.0,7.0,Bachelor's,0
EMP03577,55.0,,Engineering,80450.47,8.0,4.5,Medium,Yes,Full Remote,9.0,42.0,Bachelor's,0
EMP03578,44.0,Male,Marketing,62016.46,12.0,4.47,Medium,no,On-site,5.0,22.0,Bachelor's,0
EMP03579,42.0,Non-binary,SALES,67395.67,1.0,4.05,Excellent,No,On-site,3.0,51.0,Bachelor's,0
EMP03580,,Female,Sales,120095.03,5.0,1.7,Medium,No,Hybrid,1.0,76.0,PhD,0
EMP03581,41.0,Male,Finance,86453.43,12.0,1.71,High,Yes,nan,3.0,45.0,Bachelor's,0
EMP03582,23.0,Female,Sales,75054.84,27.0,3.22,Medium,No,Full Remote,9.0,33.0,Master's,0
EMP03583,51.0,Prefer not to say,HR,35215.37,27.0,2.07,High,,Hybrid,2.0,71.0,Bachelor's,0
EMP03584,38.0,Prefer not to say,Engineering,55133.01,15.0,1.36,Excellent,Yes,On-site,8.0,55.0,nan,1
EMP03585,23.0,Male,Finance,63171.4,27.0,4.2,Medium,No,On-site,3.0,73.0,Bachelor's,0
EMP03586,53.0,Female,HR,37293.67,13.0,2.41,Excellent,Yes,Full Remote,8.0,58.0,Master's,0
EMP03587,39.0,Female,engineering,78205.62,37.0,2.37,High,Yes,nan,5.0,76.0,Master's,0
EMP03588,64.0,Non-binary,Finance,101795.09,0.0,1.36,nan,No,On-site,3.0,93.0,Master's,0
EMP03589,31.0,Male,Marketing,31239.87,37.0,2.03,High,,Hybrid,9.0,6.0,Master's,0
EMP03590,45.0,Male,Sales,67899.95,39.0,2.02,High,No,Full Remote,2.0,49.0,Associate,0
EMP03591,55.0,Non-binary,HR,90660.61,2.0,4.12,High,Yes,Hybrid,1.0,29.0,Bachelor's,0
EMP03592,41.0,Female,Finance,33508.11,36.0,2.71,Medium,No,Hybrid,9.0,17.0,Master's,1
EMP03593,43.0,Female,HR,92405.49,2.0,4.5,High,yes,Full Remote,1.0,72.0,Master's,0
EMP03594,43.0,Non-binary,Engineering,72553.78,39.0,1.03,Excellent,Yes,On-site,8.0,96.0,Bachelor's,0
EMP03595,41.0,Female,Engineering,35793.59,29.0,2.19,Excellent,No,On-site,6.0,41.0,Bachelor's,1
EMP03596,54.0,Female,Finance,66110.01,15.0,3.53,High,No,On-site,1.0,33.0,Associate,0
EMP03597,27.0,Female,Sales,86428.62,15.0,1.25,Medium,yes,Hybrid,8.0,45.0,Bachelor's,0
EMP03598,48.0,Male,,82958.66,29.0,4.91,High,No,Hybrid,7.0,51.0,Bachelor's,0
EMP03599,45.0,Male,Marketing,83479.08,34.0,1.82,Excellent,,Hybrid,9.0,4.0,Bachelor's,0
EMP03600,34.0,Female,engineering,96865.23,0.0,2.33,High,Yes,On-site,1.0,95.0,Master's,0
EMP03601,26.0,Non-binary,Finance,73204.46,28.0,3.9,Medium,no,Full Remote,1.0,39.0,Master's,0
EMP03602,61.0,Male,Finance,42739.42,21.0,3.26,Low,Yes,Full Remote,3.0,9.0,Bachelor's,0
EMP03603,28.0,Male,Finance,71837.24,18.0,2.48,Medium,No,Hybrid,6.0,62.0,Bachelor's,0
EMP03604,50.0,Male,HR,58077.75,39.0,2.75,High,Yes,Hybrid,8.0,50.0,High School,0
EMP03605,29.0,Female,Engineering,59963.09,27.0,2.52,Excellent,No,On-site,3.0,92.0,nan,0
EMP03606,39.0,Female,Sales,68043.18,20.0,4.41,Medium,Yes,Hybrid,5.0,15.0,Bachelor's,0
EMP03607,44.0,Male,Marketing,56228.5,11.0,2.55,High,yes,On-site,5.0,13.0,Bachelor's,0
EMP03608,52.0,Female,SALES,79062.33,8.0,3.43,nan,No,On-site,1.0,64.0,PhD,0
EMP03609,59.0,Male,Sales,54168.23,27.0,2.73,High,,Hybrid,2.0,62.0,High School,0
EMP03610,,Male,Sales,69999.36,17.0,3.68,High,No,Full Remote,6.0,64.0,nan,0
EMP03611,27.0,Female,Marketing,61720.91,35.0,4.96,Medium,yes,On-site,4.0,76.0,Master's,0
EMP03612,39.0,Female,Sales,47399.45,34.0,3.5,Medium,Yes,Hybrid,,23.0,Master's,1
EMP03613,34.0,Male,Marketing,54618.1,8.0,2.51,Low,no,Full Remote,8.0,7.0,High School,1
EMP03614,25.0,Male,Engineering,56035.1,30.0,3.68,Medium,,On-site,6.0,93.0,High School,0
EMP03615,30.0,Male,Engineering,80662.86,20.0,2.99,High,No,Hybrid,6.0,46.0,Bachelor's,0
EMP03616,61.0,Female,Engineering,50507.88,31.0,3.28,High,Yes,Full Remote,7.0,9.0,Bachelor's,0
EMP03617,27.0,Male,Engineering,60786.25,16.0,2.96,High,No,On-site,7.0,19.0,PhD,0
EMP03618,30.0,Male,SALES,23547.87,27.0,2.42,Medium,No,On-site,7.0,14.0,Master's,0
EMP03619,62.0,Female,Sales,59780.46,38.0,4.24,Excellent,Yes,Hybrid,4.0,38.0,Bachelor's,0
EMP03620,46.0,Female,Sales,32269.99,26.0,4.09,Excellent,No,Full Remote,8.0,48.0,Bachelor's,1
EMP03621,25.0,Male,Sales,61977.92,33.0,3.85,High,Yes,Hybrid,1.0,70.0,PhD,0
EMP03622,42.0,,Marketing,,12.0,1.36,Excellent,No,Hybrid,9.0,91.0,PhD,0
EMP03623,31.0,Male,Finance,71173.84,3.0,2.42,High,No,On-site,4.0,75.0,PhD,1
EMP03624,56.0,Male,engineering,36457.29,3.0,2.01,Medium,no,On-site,4.0,1.0,Bachelor's,0
EMP03625,40.0,Female,Finance,81499.89,9.0,4.81,Excellent,yes,Full Remote,6.0,70.0,Associate,0
EMP03626,59.0,Female,Engineering,71124.8,24.0,1.97,Medium,Yes,Full Remote,8.0,84.0,Bachelor's,0
EMP03627,,Male,Marketing,58301.0,38.0,3.75,nan,No,On-site,3.0,44.0,Master's,0
EMP03628,26.0,Male,Engineering,86846.17,16.0,4.56,High,Yes,Hybrid,1.0,86.0,Master's,0
EMP03629,41.0,Female,Engineering,42274.86,14.0,1.82,High,Yes,On-site,4.0,40.0,Bachelor's,1
EMP03630,49.0,Male,Finance,70976.89,21.0,,High,No,Hybrid,9.0,31.0,Bachelor's,0
EMP03631,38.0,Female,Engineering,73103.95,25.0,4.69,Low,Yes,Hybrid,5.0,37.0,Bachelor's,1
EMP03632,44.0,Male,engineering,80984.99,35.0,1.16,Medium,,Hybrid,1.0,69.0,Master's,0
EMP03633,50.0,Male,HR,73501.76,9.0,4.6,High,,Hybrid,7.0,78.0,High School,0
EMP03634,57.0,Non-binary,engineering,48301.09,33.0,3.47,Low,Yes,On-site,1.0,11.0,Associate,1
EMP03635,45.0,Male,Marketing,77844.91,35.0,1.06,Medium,No,nan,3.0,29.0,Associate,1
EMP03636,38.0,Male,Sales,38132.93,18.0,2.19,Low,No,Full Remote,2.0,43.0,Bachelor's,0
EMP03637,40.0,Female,,62077.89,9.0,1.77,High,No,On-site,3.0,21.0,Master's,0
EMP03638,63.0,Female,HR,69606.15,35.0,4.46,Medium,Yes,Full Remote,8.0,94.0,Bachelor's,0
EMP03639,41.0,Male,Finance,59674.88,13.0,1.26,High,Yes,On-site,5.0,88.0,Bachelor's,0
EMP03640,51.0,Female,Finance,39065.94,9.0,4.88,Medium,yes,Full Remote,2.0,20.0,Bachelor's,0
EMP03641,37.0,Male,Sales,60296.82,37.0,3.83,High,No,On-site,8.0,50.0,Bachelor's,0
EMP03642,25.0,Female,engineering,50281.56,7.0,2.26,High,No,Full Remote,4.0,87.0,PhD,0
EMP03643,56.0,Male,HR,38642.07,32.0,2.63,Medium,,On-site,1.0,34.0,Master's,0
EMP03644,28.0,Male,,36777.92,35.0,3.13,High,yes,Full Remote,8.0,32.0,Master's,0
EMP03645,34.0,Male,HR,56566.95,13.0,1.18,High,Yes,Full Remote,1.0,65.0,Bachelor's,0
EMP03646,26.0,Male,Marketing,38018.72,34.0,4.25,High,No,Full Remote,7.0,8.0,Master's,0
EMP03647,,Male,Engineering,77852.86,0.0,3.52,High,No,Full Remote,1.0,64.0,High School,0
EMP03648,41.0,Female,Engineering,98660.33,18.0,2.46,Medium,no,Hybrid,3.0,63.0,Bachelor's,0
EMP03649,48.0,Male,engineering,58667.73,0.0,4.51,Excellent,Yes,On-site,3.0,25.0,Bachelor's,0
EMP03650,36.0,Male,engineering,94381.75,20.0,3.12,Medium,,Hybrid,5.0,71.0,Bachelor's,0
EMP03651,43.0,Female,HR,53008.85,22.0,1.83,Low,,Full Remote,9.0,18.0,Master's,0
EMP03652,59.0,Female,SALES,58158.98,3.0,2.28,Low,,Hybrid,8.0,34.0,Bachelor's,0
EMP03653,22.0,Female,Marketing,17491.24,12.0,3.77,Medium,Yes,On-site,8.0,43.0,Bachelor's,0
EMP03654,49.0,Male,Finance,23248.66,13.0,2.8,Excellent,No,On-site,7.0,42.0,Master's,0
EMP03655,,Female,Sales,54772.46,23.0,1.38,Excellent,Yes,Hybrid,2.0,18.0,Master's,0
EMP03656,29.0,Female,engineering,74114.2,19.0,2.31,Excellent,Yes,Hybrid,3.0,40.0,PhD,0
EMP03657,49.0,Male,Finance,47106.57,2.0,2.13,High,,On-site,1.0,44.0,Bachelor's,1
EMP03658,29.0,Prefer not to say,Finance,110196.71,26.0,1.58,Excellent,No,nan,4.0,84.0,PhD,1
EMP03659,34.0,Male,engineering,59290.0,28.0,1.49,Excellent,No,Hybrid,4.0,9.0,Master's,0
EMP03660,48.0,Female,Finance,75143.34,20.0,3.33,Excellent,No,Hybrid,5.0,53.0,Bachelor's,0
EMP03661,31.0,Male,Marketing,48956.18,31.0,1.3,Medium,yes,On-site,2.0,78.0,Master's,1
EMP03662,25.0,Female,engineering,88759.34,10.0,3.43,nan,No,Hybrid,1.0,20.0,PhD,0
EMP03663,41.0,Male,Engineering,54121.52,22.0,3.18,Medium,Yes,nan,4.0,80.0,Master's,0
EMP03664,34.0,Non-binary,engineering,92226.83,0.0,3.41,High,Yes,Hybrid,2.0,16.0,PhD,0
EMP03665,34.0,Female,Engineering,70601.6,17.0,4.68,High,No,Hybrid,9.0,15.0,Bachelor's,0
EMP03666,25.0,Female,Sales,41500.54,2.0,4.83,Excellent,No,Full Remote,2.0,28.0,High School,0
EMP03667,27.0,Male,Marketing,47388.38,18.0,1.86,High,No,Full Remote,,59.0,Master's,0
EMP03668,56.0,Female,Engineering,87115.33,5.0,2.88,Medium,no,Full Remote,9.0,67.0,Master's,0
EMP03669,53.0,Female,Sales,60362.32,35.0,3.83,Excellent,yes,Hybrid,5.0,84.0,High School,1
EMP03670,40.0,Female,Engineering,55467.21,11.0,2.93,Medium,no,Hybrid,3.0,89.0,High School,1
EMP03671,56.0,Female,Engineering,86223.47,38.0,3.17,Excellent,yes,Hybrid,7.0,88.0,Master's,1
EMP03672,51.0,Female,Engineering,45906.74,0.0,3.53,High,Yes,Hybrid,6.0,67.0,Bachelor's,0
EMP03673,53.0,,Marketing,90411.88,12.0,4.44,High,Yes,Hybrid,8.0,91.0,High School,0
EMP03674,42.0,Male,Marketing,63886.04,33.0,2.22,Medium,No,Full Remote,4.0,60.0,High School,0
EMP03675,62.0,Male,engineering,66907.93,2.0,3.86,Medium,No,Full Remote,5.0,97.0,Associate,0
EMP03676,60.0,Male,Finance,66143.25,21.0,2.14,High,Yes,On-site,4.0,91.0,Bachelor's,0
EMP03677,26.0,Non-binary,HR,43093.43,21.0,2.65,High,Yes,On-site,3.0,20.0,Bachelor's,0
EMP03678,44.0,Female,Engineering,102593.38,36.0,4.5,Medium,no,Hybrid,2.0,48.0,Bachelor's,0
EMP03679,43.0,Female,,20832.78,2.0,4.24,High,No,On-site,7.0,9.0,Master's,0
EMP03680,62.0,Male,Marketing,43504.43,22.0,1.6,Excellent,Yes,Hybrid,3.0,18.0,Bachelor's,0
EMP03681,49.0,Male,Engineering,74758.69,3.0,3.84,High,Yes,On-site,6.0,6.0,Bachelor's,0
EMP03682,25.0,Female,HR,63702.79,23.0,4.08,Medium,Yes,Full Remote,4.0,28.0,Bachelor's,0
EMP03683,30.0,Female,HR,8817.74,10.0,2.22,High,,Hybrid,1.0,50.0,Bachelor's,0
EMP03684,29.0,Female,HR,98988.53,7.0,4.49,Medium,Yes,Hybrid,5.0,30.0,nan,0
EMP03685,23.0,Female,,61110.28,16.0,1.19,Excellent,Yes,Full Remote,1.0,56.0,Bachelor's,1
EMP03686,50.0,Non-binary,Sales,67464.02,28.0,4.94,Medium,no,Hybrid,4.0,59.0,Master's,0
EMP03687,40.0,Female,Sales,46438.49,30.0,3.18,High,Yes,Full Remote,4.0,6.0,Master's,0
EMP03688,62.0,Male,Sales,52127.72,33.0,1.39,Medium,no,On-site,2.0,85.0,High School,0
EMP03689,26.0,Male,Finance,50562.22,29.0,3.31,Medium,yes,Hybrid,8.0,20.0,Bachelor's,0
EMP03690,60.0,Prefer not to say,Sales,80019.23,34.0,1.73,High,Yes,On-site,9.0,87.0,Bachelor's,0
EMP03691,27.0,Male,Sales,51052.9,26.0,3.58,High,No,nan,4.0,6.0,Associate,0
EMP03692,24.0,Female,SALES,44949.98,36.0,1.56,nan,No,Hybrid,9.0,99.0,PhD,0
EMP03693,32.0,Female,SALES,106825.61,34.0,3.58,Medium,no,Hybrid,8.0,53.0,PhD,0
EMP03694,57.0,Female,Sales,78226.28,33.0,3.3,High,No,On-site,2.0,14.0,Bachelor's,0
EMP03695,42.0,Female,Marketing,72493.88,5.0,4.26,High,No,On-site,5.0,0.0,nan,0
EMP03696,48.0,Male,HR,78110.92,24.0,2.22,Low,No,On-site,1.0,97.0,High School,0
EMP03697,46.0,Female,HR,31950.18,2.0,1.95,High,no,Full Remote,7.0,9.0,Bachelor's,0
EMP03698,24.0,Female,engineering,63221.58,26.0,4.09,Excellent,No,Hybrid,4.0,51.0,Bachelor's,0
EMP03699,28.0,Non-binary,Finance,79811.92,18.0,4.22,Medium,Yes,Full Remote,7.0,60.0,Bachelor's,1
EMP03700,24.0,Prefer not to say,Sales,81736.01,2.0,2.22,High,,Hybrid,5.0,25.0,High School,0
EMP03701,62.0,,engineering,62591.22,29.0,2.4,High,Yes,Full Remote,1.0,88.0,Bachelor's,0
EMP03702,53.0,Female,HR,66577.67,36.0,2.28,Low,Yes,Hybrid,5.0,44.0,Master's,1
EMP03703,59.0,Male,Engineering,72284.42,14.0,4.48,Excellent,yes,Hybrid,8.0,9.0,Bachelor's,1
EMP03704,23.0,Male,Finance,47608.0,0.0,2.24,Medium,yes,Hybrid,3.0,21.0,Master's,1
EMP03705,28.0,Male,SALES,38806.31,6.0,3.52,High,No,Hybrid,5.0,35.0,High School,0
EMP03706,25.0,Male,,40722.87,31.0,3.51,Excellent,No,On-site,9.0,44.0,Master's,0
EMP03707,52.0,Female,Sales,79896.04,19.0,2.56,Excellent,no,On-site,7.0,70.0,Master's,0
EMP03708,42.0,Prefer not to say,,57513.49,13.0,3.33,High,Yes,Full Remote,2.0,25.0,Master's,0
EMP03709,57.0,Female,Engineering,61510.28,36.0,1.5,Medium,Yes,Full Remote,6.0,56.0,Bachelor's,0
EMP03710,62.0,Male,Engineering,50827.89,21.0,2.91,High,no,Full Remote,6.0,40.0,Bachelor's,0
EMP03711,37.0,,HR,38486.26,4.0,2.3,High,Yes,On-site,2.0,9.0,Bachelor's,0
EMP03712,52.0,Female,Finance,83553.28,4.0,4.56,nan,Yes,Hybrid,4.0,97.0,Bachelor's,0
EMP03713,49.0,Female,HR,71497.66,20.0,1.44,High,no,On-site,8.0,18.0,Master's,0
EMP03714,49.0,Male,Sales,43340.98,3.0,1.49,Medium,Yes,On-site,2.0,57.0,High School,1
EMP03715,48.0,Male,HR,82648.03,2.0,2.28,Medium,No,On-site,7.0,23.0,Bachelor's,0
EMP03716,46.0,,Sales,52091.95,10.0,2.87,Low,No,Full Remote,4.0,11.0,Bachelor's,0
EMP03717,,Female,engineering,53503.77,39.0,3.07,High,Yes,Hybrid,9.0,49.0,Master's,0
EMP03718,63.0,Male,Sales,37532.04,38.0,1.77,Excellent,Yes,Hybrid,6.0,75.0,Bachelor's,0
EMP03719,46.0,Female,Engineering,73286.65,22.0,4.22,High,no,Hybrid,3.0,66.0,nan,0
EMP03720,23.0,Female,Sales,54209.68,17.0,4.89,Low,No,Hybrid,5.0,2.0,Bachelor's,0
EMP03721,28.0,Non-binary,Sales,21159.38,4.0,2.24,Excellent,No,nan,5.0,93.0,High School,0
EMP03722,58.0,Non-binary,engineering,74370.01,20.0,2.52,Medium,yes,Full Remote,1.0,42.0,Bachelor's,0
EMP03723,50.0,Male,Engineering,41615.51,27.0,4.27,High,No,Hybrid,7.0,70.0,Bachelor's,0
EMP03724,47.0,Non-binary,Marketing,73393.94,26.0,2.25,nan,no,Full Remote,1.0,41.0,Associate,0
EMP03725,26.0,Female,Engineering,82071.4,23.0,1.87,High,No,Hybrid,3.0,13.0,Master's,0
EMP03726,45.0,Female,Engineering,98135.29,6.0,2.82,High,No,On-site,2.0,79.0,High School,0
EMP03727,33.0,Female,HR,76072.66,5.0,2.4,Excellent,no,On-site,2.0,,Bachelor's,1
EMP03728,46.0,Male,Finance,58596.29,0.0,,Medium,Yes,Full Remote,1.0,73.0,Master's,0
EMP03729,50.0,Male,Finance,62865.57,19.0,3.88,High,Yes,On-site,7.0,32.0,Bachelor's,0
EMP03730,27.0,Female,SALES,62942.29,19.0,1.84,Medium,No,Hybrid,7.0,67.0,Bachelor's,1
EMP03731,55.0,Female,HR,62061.32,34.0,2.96,Medium,No,Hybrid,4.0,50.0,Master's,1
EMP03732,38.0,Female,Sales,57318.71,8.0,2.6,Medium,Yes,Hybrid,5.0,46.0,nan,0
EMP03733,44.0,Male,Sales,51033.27,4.0,2.55,High,Yes,On-site,3.0,54.0,Bachelor's,0
EMP03734,63.0,Prefer not to say,Sales,56464.11,22.0,1.41,Medium,No,Hybrid,4.0,98.0,nan,0
EMP03735,34.0,Male,,61253.04,21.0,2.62,Low,yes,On-site,9.0,64.0,Master's,0
EMP03736,26.0,Male,Marketing,44250.02,37.0,3.77,nan,No,Hybrid,6.0,38.0,Bachelor's,0
EMP03737,29.0,Male,Engineering,64124.29,11.0,3.22,Excellent,,On-site,5.0,21.0,Bachelor's,0
EMP03738,48.0,Female,Marketing,25204.58,21.0,1.26,Excellent,No,On-site,5.0,42.0,Bachelor's,0
EMP03739,39.0,Male,Engineering,68035.34,2.0,3.75,Excellent,No,Hybrid,3.0,91.0,Bachelor's,0
EMP03740,27.0,Female,Engineering,67962.92,37.0,4.31,High,No,Full Remote,1.0,78.0,Bachelor's,1
EMP03741,49.0,Female,Sales,51295.61,25.0,3.11,Medium,Yes,Full Remote,5.0,12.0,High School,0
EMP03742,25.0,Female,Finance,81055.17,23.0,4.15,Medium,Yes,Hybrid,3.0,73.0,Master's,0
EMP03743,59.0,Male,Sales,62007.72,12.0,1.49,Excellent,No,On-site,7.0,40.0,Master's,1
EMP03744,,Male,Engineering,49902.96,2.0,1.69,High,Yes,On-site,7.0,75.0,Bachelor's,0
EMP03745,25.0,Male,Sales,65863.27,4.0,1.21,High,no,Hybrid,1.0,41.0,Bachelor's,0
EMP03746,55.0,Male,HR,71434.72,21.0,4.4,High,No,Hybrid,8.0,5.0,Master's,0
EMP03747,22.0,Female,Marketing,68023.06,22.0,2.99,High,yes,Full Remote,5.0,46.0,Master's,0
EMP03748,50.0,Female,Engineering,57019.22,,3.2,High,No,Full Remote,5.0,96.0,Bachelor's,0
EMP03749,57.0,Female,Sales,85553.81,1.0,4.02,Medium,Yes,On-site,6.0,38.0,Master's,0
EMP03750,57.0,Male,engineering,49615.75,31.0,2.13,High,Yes,Hybrid,2.0,97.0,Bachelor's,0
EMP03751,43.0,Male,Marketing,51808.25,31.0,2.75,Medium,No,nan,7.0,47.0,Master's,1
EMP03752,27.0,Male,engineering,46236.17,26.0,,High,No,Hybrid,1.0,53.0,Bachelor's,0
EMP03753,55.0,Female,Marketing,35904.8,21.0,4.23,High,No,On-site,1.0,80.0,Master's,0
EMP03754,22.0,,Finance,35739.85,30.0,4.35,Excellent,No,Hybrid,8.0,96.0,Bachelor's,0
EMP03755,31.0,Male,Sales,73791.51,26.0,2.88,nan,,Full Remote,7.0,89.0,PhD,0
EMP03756,24.0,Female,Marketing,16465.87,31.0,3.99,Medium,No,Hybrid,1.0,73.0,Bachelor's,0
EMP03757,54.0,Male,Sales,53361.99,28.0,,Excellent,no,Hybrid,4.0,94.0,Master's,1
EMP03758,42.0,Female,Finance,50377.52,0.0,4.47,Excellent,No,Full Remote,6.0,59.0,Bachelor's,1
EMP03759,31.0,Male,Sales,54837.95,20.0,2.04,High,Yes,Full Remote,5.0,46.0,PhD,0
EMP03760,47.0,Female,Engineering,,28.0,1.82,High,No,Hybrid,7.0,97.0,Master's,0
EMP03761,44.0,Male,HR,100587.6,14.0,2.14,Medium,No,On-site,1.0,49.0,Bachelor's,1
EMP03762,37.0,Female,Finance,48402.43,36.0,4.69,High,yes,Hybrid,8.0,24.0,PhD,0
EMP03763,62.0,Male,Sales,47087.2,17.0,4.32,Excellent,Yes,On-site,4.0,32.0,nan,0
EMP03764,23.0,Female,Finance,63985.01,34.0,3.87,Excellent,yes,On-site,4.0,96.0,Master's,0
EMP03765,38.0,Non-binary,Marketing,53946.37,19.0,2.49,Low,No,Hybrid,1.0,26.0,Associate,0
EMP03766,42.0,Male,,37402.35,36.0,1.16,Medium,No,Hybrid,1.0,69.0,Bachelor's,0
EMP03767,52.0,Female,Finance,94261.72,0.0,4.54,Medium,Yes,Full Remote,9.0,50.0,Bachelor's,0
EMP03768,60.0,Non-binary,Marketing,42199.84,18.0,3.11,Medium,No,Hybrid,4.0,31.0,Bachelor's,0
EMP03769,54.0,Female,HR,68026.93,1.0,2.27,Medium,No,On-site,6.0,40.0,Master's,0
EMP03770,47.0,Female,Sales,39914.53,32.0,1.96,High,No,Full Remote,7.0,53.0,Bachelor's,0
EMP03771,44.0,Female,HR,28549.37,24.0,1.12,Medium,Yes,On-site,5.0,17.0,Master's,0
EMP03772,33.0,Female,Sales,61222.19,24.0,1.31,Medium,No,On-site,7.0,86.0,Associate,0
EMP03773,32.0,Male,Engineering,68711.71,34.0,1.71,High,no,On-site,2.0,0.0,nan,1
EMP03774,46.0,,Finance,43896.59,1.0,1.97,High,Yes,Hybrid,4.0,90.0,Bachelor's,0
EMP03775,27.0,Male,Finance,55162.51,9.0,3.3,High,No,Full Remote,4.0,80.0,nan,0
EMP03776,25.0,Male,Sales,76495.83,15.0,2.61,Medium,Yes,nan,3.0,58.0,Bachelor's,0
EMP03777,61.0,Male,Sales,53513.73,26.0,1.47,Excellent,No,Hybrid,5.0,63.0,Associate,0
EMP03778,52.0,Prefer not to say,Engineering,52329.64,31.0,2.33,Medium,No,On-site,1.0,29.0,Bachelor's,1
EMP03779,64.0,Male,Finance,74193.19,9.0,1.64,Medium,No,Hybrid,9.0,87.0,PhD,0
EMP03780,61.0,Male,Engineering,43639.28,21.0,1.48,Low,,Full Remote,9.0,73.0,Bachelor's,0
EMP03781,40.0,Non-binary,Finance,81345.87,9.0,2.13,Excellent,Yes,On-site,3.0,21.0,Bachelor's,0
EMP03782,50.0,Prefer not to say,Engineering,48732.82,18.0,2.22,High,Yes,Hybrid,2.0,35.0,Master's,0
EMP03783,59.0,Female,Finance,48066.49,1.0,3.26,High,No,On-site,7.0,55.0,Bachelor's,0
EMP03784,34.0,Male,,92993.29,35.0,2.8,Excellent,No,On-site,8.0,9.0,Master's,0
EMP03785,63.0,Female,Marketing,44797.87,19.0,2.06,Medium,no,Hybrid,8.0,9.0,Master's,0
EMP03786,37.0,Male,Marketing,64089.16,11.0,2.77,Low,Yes,On-site,8.0,42.0,Bachelor's,0
EMP03787,35.0,Male,Sales,84918.27,7.0,2.69,High,Yes,Hybrid,4.0,7.0,Bachelor's,0
EMP03788,60.0,Male,Sales,37252.61,25.0,3.57,Medium,No,Hybrid,2.0,32.0,Master's,1
EMP03789,44.0,Male,Engineering,40409.23,24.0,2.0,High,Yes,On-site,6.0,85.0,Master's,0
EMP03790,55.0,,Marketing,73346.34,4.0,,Medium,Yes,Hybrid,1.0,87.0,Master's,0
EMP03791,30.0,Prefer not to say,Engineering,73696.49,18.0,3.31,High,yes,Hybrid,3.0,89.0,nan,0
EMP03792,42.0,Female,Sales,42242.76,3.0,3.13,High,Yes,Full Remote,7.0,85.0,Bachelor's,0
EMP03793,57.0,Male,HR,70146.22,15.0,3.17,Excellent,Yes,Full Remote,8.0,54.0,Bachelor's,1
EMP03794,48.0,Male,Engineering,96719.33,30.0,3.35,High,no,Hybrid,5.0,91.0,Bachelor's,0
EMP03795,57.0,Female,Finance,45396.46,31.0,1.06,High,No,Full Remote,6.0,3.0,Bachelor's,0
EMP03796,42.0,Female,Sales,51872.49,29.0,4.93,High,No,Hybrid,1.0,99.0,High School,0
EMP03797,32.0,Male,Finance,74640.45,38.0,1.8,Medium,,Hybrid,6.0,49.0,Associate,0
EMP03798,27.0,Female,Finance,0.0,5.0,1.05,High,yes,Full Remote,2.0,22.0,Master's,0
EMP03799,28.0,Male,SALES,101260.79,1.0,4.13,Medium,yes,Hybrid,4.0,71.0,Bachelor's,0
EMP03800,23.0,Female,Engineering,65626.08,1.0,2.78,Medium,Yes,Hybrid,9.0,98.0,Master's,0
EMP03801,25.0,Male,Sales,67260.1,20.0,1.61,Medium,Yes,On-site,9.0,83.0,Bachelor's,0
EMP03802,58.0,Male,Finance,58701.48,4.0,4.34,Medium,yes,On-site,1.0,15.0,Bachelor's,1
EMP03803,29.0,Female,engineering,103712.6,0.0,3.75,High,yes,Full Remote,5.0,84.0,Master's,0
EMP03804,51.0,Male,Sales,44242.17,16.0,4.2,nan,No,Full Remote,4.0,46.0,PhD,0
EMP03805,42.0,Male,Sales,73155.09,19.0,1.16,High,Yes,Full Remote,7.0,98.0,Bachelor's,0
EMP03806,46.0,Female,Finance,48257.38,39.0,1.57,Low,No,Full Remote,5.0,44.0,High School,0
EMP03807,57.0,Female,engineering,50249.26,11.0,3.16,Low,yes,On-site,2.0,84.0,Master's,0
EMP03808,52.0,Male,engineering,69238.87,29.0,4.94,Medium,,Full Remote,1.0,29.0,Master's,0
EMP03809,23.0,Female,Finance,44986.89,2.0,3.07,Medium,no,Full Remote,8.0,68.0,Bachelor's,0
EMP03810,46.0,Female,engineering,76684.52,11.0,1.96,Low,,Hybrid,7.0,,Master's,0
EMP03811,62.0,Female,Finance,47049.01,28.0,1.24,Excellent,No,On-site,5.0,72.0,Master's,0
EMP03812,38.0,Non-binary,Engineering,,28.0,2.04,nan,No,On-site,6.0,7.0,Bachelor's,0
EMP03813,33.0,Female,HR,50479.16,14.0,2.13,High,No,Hybrid,6.0,63.0,PhD,0
EMP03814,24.0,Male,Finance,71878.39,6.0,3.66,Medium,No,Hybrid,9.0,60.0,Bachelor's,0
EMP03815,28.0,Male,Sales,55119.75,39.0,2.69,High,Yes,Hybrid,2.0,34.0,Master's,0
EMP03816,49.0,Female,engineering,94415.73,28.0,3.84,High,yes,nan,1.0,99.0,nan,1
EMP03817,24.0,Male,Sales,49479.51,29.0,2.66,High,,On-site,5.0,77.0,Bachelor's,0
EMP03818,60.0,Male,Sales,27531.46,39.0,2.5,High,,On-site,2.0,46.0,nan,0
EMP03819,41.0,Female,,106531.94,9.0,2.35,High,,Hybrid,2.0,54.0,Bachelor's,0
EMP03820,43.0,Male,Marketing,74535.79,33.0,3.08,High,No,On-site,8.0,80.0,Bachelor's,0
EMP03821,49.0,Male,Finance,82549.13,17.0,4.49,High,No,Full Remote,4.0,58.0,High School,0
EMP03822,51.0,Male,Finance,55871.45,4.0,3.51,Excellent,Yes,Hybrid,6.0,55.0,Bachelor's,1
EMP03823,,Female,Sales,91106.68,13.0,3.6,High,no,On-site,1.0,85.0,nan,0
EMP03824,25.0,Male,Marketing,52109.83,24.0,3.48,Excellent,no,Full Remote,3.0,65.0,Bachelor's,0
EMP03825,45.0,Female,HR,109504.25,11.0,4.74,Excellent,No,Hybrid,3.0,25.0,PhD,0
EMP03826,55.0,Female,Engineering,56802.4,22.0,3.32,Medium,no,Full Remote,1.0,66.0,PhD,1
EMP03827,44.0,Male,Engineering,104955.63,6.0,2.05,Medium,Yes,Full Remote,4.0,81.0,nan,0
EMP03828,29.0,Male,Finance,72995.72,7.0,3.99,High,,Hybrid,2.0,76.0,Bachelor's,0
EMP03829,54.0,Male,HR,50200.07,3.0,1.52,Medium,yes,Full Remote,1.0,9.0,Bachelor's,0
EMP03830,64.0,Female,Finance,45673.1,25.0,3.96,Medium,No,On-site,5.0,73.0,Bachelor's,0
EMP03831,33.0,Female,engineering,50844.06,15.0,2.14,High,Yes,On-site,2.0,38.0,PhD,0
EMP03832,45.0,Male,Engineering,78201.62,35.0,3.55,Medium,No,On-site,5.0,91.0,Associate,0
EMP03833,40.0,Male,engineering,90361.01,28.0,3.55,Excellent,No,Full Remote,9.0,87.0,High School,1
EMP03834,53.0,Non-binary,Sales,39961.38,0.0,4.0,nan,Yes,On-site,6.0,74.0,PhD,1
EMP03835,26.0,Female,Marketing,68188.56,27.0,2.35,High,Yes,nan,7.0,42.0,nan,0
EMP03836,32.0,Male,Sales,72316.49,34.0,4.17,Excellent,Yes,On-site,9.0,8.0,Bachelor's,0
EMP03837,58.0,Male,Finance,83195.54,10.0,4.15,Medium,Yes,Full Remote,3.0,63.0,Bachelor's,1
EMP03838,41.0,Female,Marketing,33333.32,13.0,2.61,Excellent,No,Hybrid,5.0,92.0,Bachelor's,0
EMP03839,40.0,Male,Marketing,41738.26,11.0,2.98,Low,Yes,Hybrid,7.0,24.0,Bachelor's,0
EMP03840,47.0,Non-binary,,79345.79,28.0,4.03,nan,Yes,Full Remote,4.0,29.0,Master's,1
EMP03841,38.0,Male,Finance,47958.24,12.0,2.38,Low,No,nan,5.0,54.0,PhD,0
EMP03842,29.0,Non-binary,Sales,88877.16,30.0,4.6,Excellent,no,On-site,4.0,73.0,Bachelor's,0
EMP03843,40.0,Male,SALES,28184.37,6.0,3.56,Medium,Yes,On-site,4.0,59.0,PhD,0
EMP03844,25.0,Male,Sales,49296.76,10.0,2.38,High,No,Hybrid,1.0,25.0,Bachelor's,0
EMP03845,57.0,Male,Sales,78347.85,32.0,1.43,Medium,Yes,On-site,1.0,7.0,High School,0
EMP03846,48.0,Male,Marketing,60327.0,20.0,3.6,nan,Yes,Hybrid,7.0,17.0,Bachelor's,0
EMP03847,59.0,Female,Sales,49882.36,37.0,3.82,High,No,Full Remote,1.0,25.0,Master's,0
EMP03848,43.0,Male,Finance,52507.16,34.0,1.63,Medium,No,Hybrid,9.0,33.0,High School,1
EMP03849,23.0,Male,Engineering,67551.76,5.0,3.79,High,No,On-site,2.0,7.0,Bachelor's,0
EMP03850,32.0,Female,Marketing,37677.78,18.0,1.02,Excellent,No,Hybrid,5.0,33.0,Master's,0
EMP03851,36.0,Female,engineering,71668.76,15.0,2.8,Medium,,Hybrid,6.0,54.0,Master's,0
EMP03852,27.0,Female,HR,83734.63,17.0,3.02,Low,no,On-site,5.0,70.0,PhD,0
EMP03853,29.0,Female,Finance,76852.78,16.0,4.16,High,no,Hybrid,1.0,44.0,Master's,0
EMP03854,43.0,Female,HR,64710.25,34.0,4.8,High,Yes,Hybrid,2.0,15.0,Bachelor's,0
EMP03855,64.0,Male,SALES,66983.94,26.0,3.56,Low,No,Hybrid,8.0,41.0,Master's,1
EMP03856,35.0,Female,Marketing,36466.21,25.0,4.02,Medium,Yes,Hybrid,9.0,2.0,PhD,1
EMP03857,30.0,Male,engineering,65731.76,21.0,4.83,High,Yes,Hybrid,7.0,11.0,Bachelor's,0
EMP03858,55.0,Female,Finance,70039.64,18.0,1.38,High,yes,Hybrid,6.0,70.0,Bachelor's,0
EMP03859,37.0,Female,HR,81000.14,38.0,2.97,Medium,No,nan,6.0,1.0,Master's,0
EMP03860,63.0,Female,HR,77759.62,32.0,4.97,High,no,On-site,9.0,57.0,High School,0
EMP03861,49.0,Female,Engineering,57160.19,1.0,1.64,nan,,Full Remote,3.0,17.0,PhD,0
EMP03862,60.0,Female,,69356.94,33.0,1.29,Medium,yes,Hybrid,5.0,79.0,PhD,1
EMP03863,57.0,Male,Sales,83018.16,1.0,1.96,Excellent,No,On-site,3.0,53.0,Bachelor's,1
EMP03864,34.0,Female,Finance,52991.85,5.0,2.3,High,No,On-site,7.0,5.0,Master's,0
EMP03865,39.0,Male,Sales,77697.62,33.0,1.79,High,No,Hybrid,6.0,18.0,Master's,0
EMP03866,53.0,Female,Engineering,97489.84,3.0,3.86,Low,No,Hybrid,2.0,90.0,Master's,0
EMP03867,55.0,Male,engineering,79161.68,29.0,3.09,Excellent,No,Hybrid,3.0,37.0,Bachelor's,0
EMP03868,61.0,Female,Marketing,54592.04,26.0,2.22,nan,No,Full Remote,4.0,35.0,Bachelor's,1
EMP03869,32.0,Female,SALES,88255.25,14.0,4.35,Excellent,yes,Full Remote,3.0,69.0,Bachelor's,0
EMP03870,48.0,Male,Engineering,88595.23,25.0,1.53,High,No,On-site,9.0,58.0,Bachelor's,1
EMP03871,22.0,Female,Marketing,75547.68,3.0,2.66,High,Yes,nan,1.0,53.0,Bachelor's,0
EMP03872,58.0,Male,Finance,47766.17,29.0,3.98,Medium,Yes,Hybrid,4.0,90.0,High School,1
EMP03873,47.0,Female,Finance,82526.99,5.0,1.09,Medium,No,On-site,9.0,96.0,Bachelor's,0
EMP03874,26.0,Female,Finance,68647.25,1.0,4.34,Medium,No,Hybrid,5.0,66.0,Master's,0
EMP03875,56.0,Male,HR,61261.36,12.0,3.66,Medium,No,Hybrid,4.0,55.0,Bachelor's,0
EMP03876,48.0,,engineering,32787.4,36.0,3.12,Medium,,On-site,9.0,58.0,nan,0
EMP03877,58.0,Male,Engineering,53104.31,1.0,1.27,Excellent,No,On-site,3.0,15.0,Bachelor's,0
EMP03878,59.0,Female,engineering,75332.06,34.0,4.32,Low,Yes,On-site,8.0,56.0,Master's,0
EMP03879,39.0,Female,Engineering,104485.38,20.0,3.86,High,,Hybrid,6.0,41.0,Master's,0
EMP03880,48.0,Non-binary,Finance,64301.11,27.0,4.98,Low,No,Hybrid,,34.0,Associate,1
EMP03881,56.0,Female,HR,27346.42,13.0,5.0,High,Yes,Hybrid,4.0,41.0,Master's,0
EMP03882,61.0,Female,Engineering,27084.78,25.0,1.74,Medium,Yes,On-site,5.0,52.0,Master's,0
EMP03883,39.0,Male,Sales,73160.94,5.0,1.01,Excellent,No,Full Remote,1.0,86.0,Bachelor's,0
EMP03884,47.0,Male,Marketing,35120.25,10.0,1.43,Medium,yes,Hybrid,2.0,15.0,Bachelor's,0
EMP03885,,Prefer not to say,Marketing,49332.66,10.0,1.31,Low,No,On-site,5.0,87.0,Bachelor's,0
EMP03886,27.0,Female,Engineering,34647.49,39.0,1.23,Medium,no,Full Remote,9.0,11.0,nan,0
EMP03887,30.0,Male,engineering,78616.04,39.0,3.68,Low,Yes,nan,1.0,75.0,Bachelor's,0
EMP03888,33.0,Male,engineering,72433.2,29.0,1.85,Medium,Yes,Full Remote,9.0,33.0,Master's,0
EMP03889,62.0,Male,Engineering,50286.43,24.0,2.35,High,No,Hybrid,1.0,30.0,Bachelor's,0
EMP03890,27.0,Male,Marketing,90643.62,34.0,2.17,Medium,No,On-site,3.0,88.0,Bachelor's,1
EMP03891,26.0,Female,Finance,40920.19,25.0,1.46,Medium,Yes,Hybrid,1.0,81.0,Master's,0
EMP03892,24.0,Male,Engineering,77225.58,21.0,3.37,High,Yes,On-site,1.0,19.0,nan,0
EMP03893,56.0,Female,engineering,43307.69,14.0,4.38,Excellent,No,Full Remote,3.0,26.0,High School,0
EMP03894,62.0,Female,Sales,53783.89,31.0,2.96,nan,Yes,Hybrid,9.0,90.0,PhD,0
EMP03895,41.0,Prefer not to say,Finance,38790.36,17.0,1.41,Low,,On-site,7.0,19.0,PhD,0
EMP03896,40.0,Female,Engineering,63096.85,13.0,4.99,Medium,yes,On-site,7.0,98.0,Master's,0
EMP03897,56.0,Female,Engineering,73189.03,37.0,3.32,Medium,No,Full Remote,6.0,14.0,Bachelor's,0
EMP03898,56.0,Female,Marketing,65940.61,4.0,1.73,Medium,No,Hybrid,9.0,23.0,PhD,0
EMP03899,61.0,,Sales,65643.73,34.0,3.11,Excellent,no,On-site,5.0,1.0,nan,1
EMP03900,45.0,Male,Finance,66159.03,22.0,2.73,nan,Yes,Full Remote,4.0,46.0,Master's,0
EMP03901,47.0,Male,Marketing,60116.84,,4.73,Medium,yes,Hybrid,3.0,27.0,PhD,0
EMP03902,45.0,Male,Sales,108619.08,28.0,2.89,Low,No,Full Remote,6.0,82.0,High School,0
EMP03903,43.0,Male,Marketing,45049.06,23.0,1.57,Excellent,Yes,On-site,9.0,16.0,nan,0
EMP03904,59.0,Female,Sales,51057.72,11.0,2.81,Excellent,No,Hybrid,3.0,60.0,Master's,0
EMP03905,32.0,Male,Sales,44963.3,14.0,1.66,Excellent,No,Hybrid,6.0,28.0,High School,0
EMP03906,37.0,Female,Sales,43056.2,19.0,3.69,Low,No,On-site,1.0,16.0,Bachelor's,0
EMP03907,44.0,Female,,47875.83,1.0,4.9,Excellent,yes,Full Remote,3.0,51.0,nan,0
EMP03908,42.0,Female,engineering,59340.6,15.0,4.9,High,No,On-site,1.0,48.0,nan,1
EMP03909,39.0,Male,Marketing,89102.28,38.0,3.02,High,,Hybrid,7.0,25.0,Bachelor's,0
EMP03910,23.0,Female,Engineering,95115.09,19.0,4.4,Low,Yes,nan,4.0,2.0,Master's,0
EMP03911,56.0,Female,Finance,48891.5,10.0,2.34,Medium,Yes,Hybrid,2.0,85.0,Bachelor's,0
EMP03912,28.0,Prefer not to say,HR,79145.45,16.0,1.43,High,No,Hybrid,2.0,77.0,Bachelor's,0
EMP03913,39.0,Male,HR,80086.12,32.0,3.56,nan,Yes,Full Remote,5.0,93.0,Bachelor's,0
EMP03914,63.0,Male,Marketing,87651.99,4.0,2.74,High,No,Hybrid,6.0,25.0,High School,0
EMP03915,31.0,Female,SALES,40716.64,33.0,2.6,nan,No,Hybrid,5.0,9.0,Bachelor's,0
EMP03916,56.0,Male,HR,84005.28,27.0,3.93,Excellent,Yes,On-site,9.0,3.0,Bachelor's,0
EMP03917,44.0,Female,Sales,55903.96,11.0,3.25,Excellent,Yes,On-site,4.0,72.0,Bachelor's,1
EMP03918,54.0,Male,Finance,92140.62,34.0,2.1,High,No,On-site,5.0,44.0,PhD,0
EMP03919,46.0,Female,,60196.61,9.0,4.67,High,No,On-site,8.0,10.0,Bachelor's,0
EMP03920,42.0,Prefer not to say,Marketing,78288.48,5.0,1.31,Excellent,,nan,8.0,,Bachelor's,1
EMP03921,39.0,,Sales,60339.81,21.0,4.77,High,No,Hybrid,9.0,25.0,Associate,0
EMP03922,34.0,Prefer not to say,SALES,44250.58,29.0,1.54,Low,No,On-site,1.0,22.0,Associate,0
EMP03923,58.0,Male,,56570.86,21.0,1.16,Excellent,No,On-site,1.0,0.0,Bachelor's,1
EMP03924,44.0,Male,engineering,69841.6,39.0,1.38,Medium,No,On-site,5.0,98.0,Master's,0
EMP03925,,Female,SALES,55755.55,37.0,4.35,nan,No,Hybrid,8.0,73.0,Bachelor's,1
EMP03926,24.0,Male,Engineering,62338.99,25.0,1.62,Medium,No,Full Remote,5.0,63.0,Master's,0
EMP03927,40.0,Male,HR,59358.51,33.0,4.14,Medium,No,Hybrid,4.0,92.0,Master's,0
EMP03928,58.0,Female,Marketing,66514.84,18.0,4.1,Medium,No,On-site,,71.0,Bachelor's,0
EMP03929,61.0,Male,HR,72279.06,10.0,4.6,Low,yes,Full Remote,8.0,74.0,Bachelor's,1
EMP03930,44.0,Male,HR,78659.35,23.0,4.81,High,Yes,Full Remote,8.0,89.0,Master's,0
EMP03931,31.0,Male,Marketing,70763.3,1.0,4.92,Excellent,No,On-site,8.0,45.0,Bachelor's,0
EMP03932,30.0,Female,engineering,74804.08,27.0,1.2,High,No,On-site,4.0,71.0,PhD,0
EMP03933,33.0,Male,Marketing,32964.28,10.0,3.81,High,no,Hybrid,9.0,90.0,Master's,0
EMP03934,54.0,Prefer not to say,engineering,37457.32,24.0,4.33,Low,No,Hybrid,4.0,97.0,Bachelor's,1
EMP03935,62.0,Female,Engineering,12708.77,4.0,3.22,Excellent,Yes,On-site,9.0,56.0,Bachelor's,0
EMP03936,56.0,Non-binary,engineering,75626.82,26.0,3.03,Medium,No,On-site,3.0,57.0,PhD,0
EMP03937,55.0,Male,Marketing,49793.1,14.0,1.92,High,Yes,Hybrid,1.0,75.0,Master's,1
EMP03938,43.0,Male,Engineering,51242.25,19.0,3.74,Medium,Yes,Full Remote,7.0,28.0,PhD,0
EMP03939,27.0,Female,Engineering,74105.81,4.0,3.41,High,yes,On-site,2.0,87.0,High School,0
EMP03940,61.0,Female,SALES,73671.32,6.0,4.71,High,yes,On-site,7.0,2.0,Master's,1
EMP03941,25.0,Female,engineering,94607.82,25.0,1.74,High,Yes,Full Remote,8.0,85.0,Master's,0
EMP03942,46.0,Male,Marketing,80328.16,19.0,3.82,High,no,Full Remote,2.0,0.0,Master's,0
EMP03943,63.0,Male,Engineering,55138.8,30.0,4.92,nan,Yes,On-site,5.0,77.0,Bachelor's,0
EMP03944,64.0,Male,Finance,67594.18,4.0,1.35,Medium,No,On-site,6.0,73.0,Master's,0
EMP03945,26.0,Male,Engineering,69262.73,2.0,2.26,Low,No,On-site,7.0,55.0,Bachelor's,0
EMP03946,60.0,Male,Finance,58961.71,32.0,1.63,High,Yes,On-site,7.0,53.0,Associate,0
EMP03947,62.0,Female,Finance,39723.43,17.0,3.29,Medium,No,Full Remote,,56.0,Bachelor's,1
EMP03948,34.0,Female,Sales,89785.96,1.0,3.92,High,Yes,On-site,4.0,2.0,Associate,0
EMP03949,25.0,Male,Sales,70888.53,31.0,3.93,Excellent,No,Full Remote,1.0,93.0,Bachelor's,1
EMP03950,55.0,Female,HR,76698.01,19.0,1.13,High,yes,Hybrid,1.0,1.0,Bachelor's,0
EMP03951,61.0,Male,Finance,86877.38,22.0,2.51,nan,No,Hybrid,3.0,13.0,Bachelor's,0
EMP03952,62.0,Prefer not to say,,60708.38,0.0,3.68,High,Yes,nan,6.0,31.0,Master's,0
EMP03953,42.0,Female,Marketing,34062.67,22.0,2.17,Medium,No,On-site,2.0,66.0,Master's,0
EMP03954,47.0,Male,Finance,53519.14,29.0,2.61,Medium,,Hybrid,8.0,61.0,Bachelor's,0
EMP03955,48.0,Male,Engineering,54382.2,39.0,3.6,Medium,No,Full Remote,9.0,0.0,Bachelor's,0
EMP03956,39.0,Male,engineering,81184.3,21.0,4.95,High,yes,On-site,4.0,29.0,PhD,0
EMP03957,38.0,Female,engineering,85351.46,27.0,2.4,Excellent,No,Full Remote,3.0,77.0,Master's,0
EMP03958,62.0,Female,Sales,63156.29,4.0,3.97,Excellent,no,Full Remote,9.0,94.0,Bachelor's,0
EMP03959,40.0,Male,Marketing,101852.24,29.0,2.88,Medium,No,Full Remote,8.0,39.0,Master's,1
EMP03960,55.0,Male,Marketing,67412.91,18.0,3.01,Excellent,No,On-site,4.0,8.0,Master's,0
EMP03961,40.0,Male,Finance,42958.57,34.0,1.11,Excellent,Yes,On-site,8.0,49.0,PhD,0
EMP03962,60.0,Female,Sales,34077.62,22.0,3.82,Medium,No,On-site,5.0,21.0,nan,0
EMP03963,64.0,Female,Sales,58896.58,6.0,3.93,Medium,No,Full Remote,3.0,59.0,Bachelor's,0
EMP03964,37.0,Male,engineering,71147.75,19.0,4.54,Medium,Yes,On-site,8.0,35.0,Bachelor's,1
EMP03965,60.0,Female,,59843.12,22.0,3.45,Medium,,Full Remote,1.0,45.0,Master's,0
EMP03966,50.0,Male,Finance,63882.05,34.0,3.31,Medium,No,Hybrid,5.0,75.0,Bachelor's,0
EMP03967,45.0,Female,engineering,19287.71,34.0,2.23,Medium,no,On-site,5.0,47.0,Bachelor's,0
EMP03968,24.0,Male,engineering,67153.7,39.0,3.43,Low,yes,On-site,1.0,89.0,Bachelor's,0
EMP03969,55.0,Male,Sales,82761.14,29.0,3.76,nan,Yes,On-site,5.0,63.0,PhD,0
EMP03970,49.0,Male,,52050.6,24.0,4.08,High,No,Hybrid,,15.0,Bachelor's,0
EMP03971,61.0,Male,Marketing,57214.38,2.0,3.41,Medium,Yes,Full Remote,8.0,23.0,Bachelor's,1
EMP03972,30.0,Male,Finance,58845.61,39.0,4.91,Medium,No,Full Remote,4.0,40.0,PhD,1
EMP03973,24.0,Male,Engineering,68392.72,14.0,3.93,Medium,No,Hybrid,2.0,11.0,nan,0
EMP03974,37.0,Male,Marketing,69769.05,17.0,,Medium,,Hybrid,3.0,35.0,Bachelor's,0
EMP03975,58.0,Female,HR,47759.5,25.0,1.94,Low,Yes,On-site,8.0,35.0,PhD,0
EMP03976,33.0,Prefer not to say,SALES,17579.62,36.0,1.84,High,Yes,Full Remote,5.0,92.0,Master's,1
EMP03977,24.0,Male,Sales,,38.0,4.85,nan,No,Full Remote,3.0,,High School,0
EMP03978,60.0,Male,HR,88950.3,31.0,4.91,High,No,On-site,6.0,25.0,Bachelor's,1
EMP03979,48.0,Female,engineering,51122.01,12.0,3.45,High,no,Hybrid,4.0,37.0,High School,0
EMP03980,45.0,Male,engineering,69421.4,1.0,4.5,Low,Yes,On-site,6.0,67.0,Bachelor's,0
EMP03981,29.0,Female,HR,67077.93,12.0,3.58,nan,No,Hybrid,2.0,,Master's,0
EMP03982,45.0,Female,Marketing,61089.36,35.0,4.51,Low,yes,On-site,4.0,54.0,PhD,0
EMP03983,54.0,Female,Marketing,100094.56,7.0,2.66,Medium,Yes,Hybrid,4.0,18.0,Bachelor's,0
EMP03984,33.0,Female,Finance,91276.42,26.0,2.92,High,No,Hybrid,2.0,34.0,Master's,1
EMP03985,38.0,Male,Engineering,62685.21,29.0,4.46,High,Yes,Hybrid,9.0,4.0,Master's,0
EMP03986,34.0,Female,Engineering,60848.03,22.0,3.82,Medium,no,On-site,3.0,6.0,nan,0
EMP03987,55.0,Male,HR,,14.0,1.89,Medium,No,Full Remote,5.0,95.0,Master's,0
EMP03988,40.0,Male,,85696.01,16.0,2.56,Excellent,No,Hybrid,7.0,66.0,Bachelor's,0
EMP03989,62.0,Male,HR,101052.42,2.0,3.61,High,Yes,Full Remote,5.0,63.0,Bachelor's,0
EMP03990,59.0,Female,Sales,65710.9,29.0,3.27,Excellent,No,On-site,2.0,23.0,PhD,0
EMP03991,61.0,Male,,68757.18,39.0,4.3,High,Yes,On-site,7.0,84.0,Master's,0
EMP03992,34.0,Female,Sales,50847.0,20.0,2.2,High,Yes,Hybrid,9.0,5.0,PhD,1
EMP03993,63.0,Female,Engineering,16065.26,28.0,3.23,High,Yes,On-site,1.0,32.0,PhD,0
EMP03994,57.0,Female,Engineering,69142.92,18.0,4.39,Excellent,yes,On-site,7.0,6.0,Bachelor's,0
EMP03995,26.0,,Finance,37238.45,9.0,4.99,Medium,,Hybrid,2.0,3.0,Bachelor's,0
EMP03996,50.0,Male,Sales,47403.55,29.0,,Medium,,Full Remote,6.0,58.0,Bachelor's,0
EMP03997,,Male,Finance,62337.45,19.0,2.0,Low,No,Full Remote,3.0,69.0,Master's,1
EMP03998,63.0,Male,Marketing,103154.66,1.0,3.04,Excellent,Yes,Hybrid,1.0,37.0,Associate,0
EMP03999,63.0,Male,Marketing,53579.5,36.0,4.47,Medium,No,Hybrid,8.0,15.0,Bachelor's,0
EMP04000,44.0,Prefer not to say,engineering,88001.65,8.0,,High,,On-site,3.0,96.0,Master's,1
EMP04001,35.0,Female,Sales,70711.01,0.0,4.74,High,yes,Full Remote,4.0,2.0,Bachelor's,0
EMP04002,34.0,Female,Finance,43865.62,35.0,4.11,High,Yes,Hybrid,5.0,5.0,nan,0
EMP04003,39.0,Male,Sales,42042.62,38.0,4.93,Medium,yes,On-site,7.0,79.0,Bachelor's,1
EMP04004,58.0,Male,Finance,63430.55,0.0,1.77,Medium,Yes,Hybrid,7.0,13.0,Bachelor's,0
EMP04005,54.0,Female,Engineering,72943.03,5.0,1.65,Low,No,Hybrid,7.0,46.0,Bachelor's,1
EMP04006,34.0,Female,Sales,100870.83,38.0,4.75,High,,Full Remote,2.0,9.0,Bachelor's,0
EMP04007,44.0,Female,HR,48884.69,9.0,3.37,High,No,Hybrid,6.0,37.0,Bachelor's,0
EMP04008,47.0,Male,Finance,102112.66,9.0,4.59,Medium,No,Hybrid,4.0,28.0,Master's,1
EMP04009,22.0,Male,Sales,67467.47,14.0,3.97,Medium,No,On-site,5.0,19.0,Master's,1
EMP04010,37.0,,Marketing,87162.58,1.0,4.84,Medium,no,On-site,8.0,97.0,High School,0
EMP04011,63.0,Male,HR,68189.45,31.0,1.64,High,no,Full Remote,4.0,28.0,Associate,1
EMP04012,38.0,Male,Engineering,69746.41,15.0,3.11,Medium,Yes,On-site,2.0,56.0,Bachelor's,0
EMP04013,57.0,Female,Sales,28277.77,3.0,2.22,Low,Yes,Hybrid,5.0,38.0,Master's,0
EMP04014,49.0,Male,Finance,83105.81,7.0,2.87,Low,Yes,nan,5.0,64.0,PhD,1
EMP04015,26.0,Male,Marketing,23675.56,17.0,1.7,High,yes,Hybrid,6.0,64.0,Master's,0
EMP04016,36.0,Male,Finance,109516.76,4.0,2.08,High,No,Full Remote,8.0,70.0,Master's,0
EMP04017,35.0,Female,Sales,64496.61,2.0,3.5,High,Yes,Hybrid,8.0,3.0,PhD,0
EMP04018,24.0,Male,Engineering,61945.51,30.0,2.65,High,No,Full Remote,2.0,96.0,Master's,0
EMP04019,34.0,Male,Marketing,61360.51,37.0,3.7,nan,No,Full Remote,1.0,33.0,Master's,0
EMP04020,35.0,Female,Finance,77395.32,3.0,2.98,Medium,Yes,Hybrid,3.0,15.0,Master's,0
EMP04021,25.0,Female,Finance,27377.7,34.0,3.43,Excellent,No,On-site,5.0,64.0,Bachelor's,0
EMP04022,39.0,Male,engineering,46194.02,17.0,1.13,Low,no,Hybrid,9.0,72.0,PhD,0
EMP04023,35.0,Male,engineering,60557.76,17.0,3.12,Excellent,yes,On-site,8.0,0.0,High School,0
EMP04024,52.0,Male,Sales,55079.1,12.0,4.52,High,Yes,Full Remote,1.0,6.0,Bachelor's,0
EMP04025,56.0,Female,Marketing,56372.93,6.0,1.5,Medium,,Hybrid,5.0,19.0,nan,0
EMP04026,26.0,Prefer not to say,Finance,35125.95,0.0,4.6,Medium,No,On-site,9.0,8.0,Bachelor's,0
EMP04027,45.0,Female,Finance,67573.54,38.0,3.24,Low,,Hybrid,3.0,23.0,Bachelor's,0
EMP04028,22.0,Prefer not to say,Finance,81603.68,10.0,4.73,Medium,No,Hybrid,5.0,79.0,Master's,0
EMP04029,39.0,Male,Sales,83820.23,23.0,2.01,Medium,No,Hybrid,9.0,37.0,Bachelor's,0
EMP04030,62.0,Male,Engineering,88550.04,,1.19,Medium,,On-site,5.0,76.0,Master's,0
EMP04031,59.0,Male,,49895.03,10.0,1.37,Medium,Yes,Hybrid,4.0,86.0,Bachelor's,0
EMP04032,28.0,Male,SALES,98871.92,38.0,3.6,High,,On-site,6.0,99.0,Bachelor's,0
EMP04033,55.0,Male,Sales,45320.25,29.0,3.47,Low,No,Full Remote,4.0,78.0,Master's,0
EMP04034,40.0,Male,Marketing,57371.69,27.0,3.6,Excellent,No,Hybrid,5.0,37.0,Associate,1
EMP04035,45.0,Female,SALES,22021.47,39.0,2.4,Medium,no,On-site,2.0,39.0,Master's,0
EMP04036,51.0,Female,Sales,64299.12,30.0,2.7,Medium,No,Full Remote,1.0,97.0,Bachelor's,0
EMP04037,35.0,Female,,79775.41,17.0,2.12,Excellent,Yes,Full Remote,7.0,0.0,Bachelor's,0
EMP04038,53.0,Male,HR,54651.29,6.0,4.88,Medium,,Full Remote,9.0,74.0,Bachelor's,0
EMP04039,51.0,Male,SALES,64754.65,33.0,1.62,High,yes,On-site,7.0,23.0,Master's,0
EMP04040,25.0,Female,Finance,79631.55,23.0,1.19,Medium,No,Hybrid,6.0,69.0,Associate,1
EMP04041,54.0,Prefer not to say,Engineering,63953.32,13.0,2.54,High,Yes,Hybrid,5.0,23.0,High School,1
EMP04042,49.0,Male,Engineering,69908.17,5.0,4.89,Medium,Yes,Hybrid,6.0,68.0,nan,0
EMP04043,59.0,Female,,95749.03,25.0,4.84,Low,Yes,Hybrid,2.0,10.0,Bachelor's,0
EMP04044,55.0,Male,Finance,79320.91,36.0,4.83,Excellent,no,nan,5.0,33.0,Bachelor's,1
EMP04045,50.0,Male,Marketing,58433.63,29.0,3.22,Excellent,no,Full Remote,5.0,30.0,Bachelor's,1
EMP04046,22.0,Female,Marketing,60411.87,7.0,4.24,Low,no,On-site,1.0,49.0,PhD,1
EMP04047,32.0,Male,Engineering,78440.76,7.0,3.25,Medium,no,On-site,7.0,48.0,Master's,1
EMP04048,28.0,Male,engineering,49087.73,30.0,3.01,Medium,Yes,On-site,2.0,61.0,Bachelor's,0
EMP04049,44.0,Male,Finance,66084.31,15.0,3.81,High,No,Full Remote,3.0,37.0,Master's,1
EMP04050,34.0,Female,Finance,72887.19,1.0,4.71,High,no,On-site,6.0,75.0,Bachelor's,0
EMP04051,25.0,Female,Engineering,90836.95,11.0,2.28,Excellent,No,Full Remote,6.0,85.0,Master's,0
EMP04052,28.0,Female,Marketing,67751.19,33.0,1.4,High,No,Full Remote,3.0,97.0,Master's,0
EMP04053,35.0,Male,Sales,85905.43,28.0,3.96,Low,yes,Full Remote,7.0,44.0,High School,0
EMP04054,47.0,Male,Engineering,57444.43,18.0,2.65,Medium,No,Full Remote,7.0,87.0,Bachelor's,0
EMP04055,64.0,Male,Marketing,69228.6,34.0,3.09,nan,Yes,On-site,9.0,11.0,Bachelor's,0
EMP04056,53.0,Non-binary,engineering,59850.32,3.0,3.77,High,Yes,On-site,7.0,61.0,High School,0
EMP04057,28.0,Female,Marketing,64949.16,10.0,2.49,Medium,No,Hybrid,2.0,70.0,Master's,0
EMP04058,53.0,Male,Marketing,65913.67,11.0,2.01,Medium,Yes,Full Remote,1.0,36.0,Master's,1
EMP04059,36.0,Prefer not to say,,86104.04,37.0,3.25,Medium,No,Hybrid,1.0,40.0,Bachelor's,0
EMP04060,59.0,,Sales,79781.96,19.0,,Medium,No,Hybrid,7.0,53.0,Bachelor's,0
EMP04061,40.0,Female,engineering,58259.87,22.0,3.39,nan,Yes,On-site,7.0,2.0,Master's,0
EMP04062,36.0,Female,Marketing,24840.2,29.0,1.77,Medium,yes,Full Remote,8.0,74.0,Bachelor's,0
EMP04063,40.0,Male,Engineering,93318.23,15.0,3.76,High,No,Hybrid,6.0,31.0,Master's,0
EMP04064,56.0,Female,engineering,26798.46,25.0,3.72,High,No,Hybrid,9.0,30.0,Bachelor's,0
EMP04065,36.0,Female,Engineering,61911.09,31.0,4.6,High,Yes,Hybrid,4.0,16.0,Bachelor's,0
EMP04066,63.0,Male,Finance,60024.85,9.0,3.44,High,no,Hybrid,9.0,97.0,Bachelor's,0
EMP04067,51.0,Male,HR,83998.57,7.0,1.72,Medium,Yes,On-site,5.0,96.0,High School,0
EMP04068,51.0,Male,Marketing,84060.91,17.0,1.24,Medium,No,Full Remote,9.0,22.0,High School,0
EMP04069,54.0,Female,Engineering,46268.89,27.0,1.6,Medium,No,On-site,6.0,82.0,Master's,0
EMP04070,30.0,Female,,67740.22,10.0,1.32,Low,No,Full Remote,5.0,56.0,Master's,0
EMP04071,56.0,Male,engineering,57907.71,7.0,1.06,Medium,,Full Remote,9.0,6.0,Bachelor's,1
EMP04072,57.0,Prefer not to say,Sales,50211.94,31.0,2.39,High,No,Hybrid,9.0,69.0,Associate,1
EMP04073,27.0,Female,Marketing,47996.21,11.0,4.26,High,no,On-site,8.0,30.0,PhD,0
EMP04074,35.0,Female,SALES,57644.12,17.0,3.36,Medium,No,Full Remote,3.0,,Master's,0
EMP04075,31.0,Male,engineering,56782.97,37.0,3.77,Medium,Yes,Full Remote,4.0,61.0,High School,1
EMP04076,58.0,Male,HR,96445.36,12.0,4.65,Low,Yes,On-site,7.0,59.0,PhD,0
EMP04077,56.0,Female,Finance,101709.17,32.0,1.51,Low,yes,Full Remote,1.0,73.0,High School,0
EMP04078,45.0,Male,Finance,40315.48,10.0,3.33,High,No,Full Remote,4.0,63.0,Master's,0
EMP04079,23.0,Female,Finance,65501.32,26.0,3.42,Medium,yes,On-site,7.0,59.0,nan,0
EMP04080,43.0,Male,Engineering,57480.22,12.0,3.92,Excellent,Yes,Full Remote,8.0,9.0,Master's,0
EMP04081,59.0,Female,Engineering,54815.72,8.0,4.18,nan,Yes,Full Remote,6.0,18.0,Master's,0
EMP04082,42.0,Male,Sales,94496.04,,3.04,High,Yes,Hybrid,9.0,64.0,High School,0
EMP04083,30.0,Male,Finance,81965.67,26.0,3.33,High,No,Hybrid,2.0,11.0,Bachelor's,0
EMP04084,57.0,Male,Sales,,2.0,1.89,Excellent,No,On-site,8.0,74.0,Master's,1
EMP04085,62.0,Non-binary,,55451.57,27.0,1.44,Medium,No,On-site,9.0,11.0,High School,0
EMP04086,44.0,Female,Sales,88372.21,1.0,4.9,Low,Yes,On-site,5.0,18.0,PhD,0
EMP04087,44.0,Female,HR,74087.94,26.0,2.29,Excellent,yes,On-site,,40.0,Master's,0
EMP04088,41.0,Male,Engineering,69499.33,34.0,3.52,Medium,Yes,Hybrid,9.0,27.0,Associate,0
EMP04089,,Male,Sales,38642.67,3.0,1.99,High,Yes,On-site,2.0,9.0,PhD,0
EMP04090,36.0,Male,Engineering,59323.31,18.0,2.71,Excellent,No,Hybrid,6.0,50.0,Associate,1
EMP04091,48.0,Male,Marketing,55863.41,18.0,2.3,High,,Hybrid,,13.0,Master's,0
EMP04092,57.0,Male,Finance,45089.18,39.0,2.06,Excellent,No,Full Remote,9.0,14.0,High School,0
EMP04093,58.0,Male,Sales,112026.79,4.0,4.61,Excellent,Yes,Hybrid,6.0,56.0,Bachelor's,0
EMP04094,27.0,Male,engineering,41726.16,30.0,4.76,Low,yes,On-site,4.0,26.0,Associate,0
EMP04095,47.0,Female,HR,94943.68,24.0,3.11,High,Yes,On-site,8.0,52.0,Bachelor's,0
EMP04096,33.0,Male,Finance,53697.68,8.0,3.35,Excellent,no,Hybrid,6.0,49.0,Master's,0
EMP04097,33.0,Female,Sales,51123.3,31.0,2.64,Medium,yes,On-site,2.0,2.0,Master's,0
EMP04098,30.0,Male,Marketing,71973.27,2.0,4.89,Medium,No,On-site,7.0,26.0,Associate,0
EMP04099,23.0,Female,SALES,56622.64,16.0,4.74,Medium,No,On-site,7.0,98.0,Master's,0
EMP04100,58.0,Female,Sales,91197.94,4.0,4.67,Medium,Yes,Hybrid,2.0,39.0,Bachelor's,0
EMP04101,35.0,Male,Sales,61348.14,36.0,1.17,High,no,On-site,6.0,19.0,Bachelor's,0
EMP04102,47.0,Female,Finance,29642.99,34.0,4.82,Excellent,No,Full Remote,3.0,24.0,Bachelor's,0
EMP04103,58.0,Male,Engineering,55341.84,38.0,1.04,Medium,Yes,On-site,4.0,90.0,High School,0
EMP04104,39.0,Male,HR,74515.31,31.0,1.42,Excellent,yes,On-site,1.0,96.0,High School,1
EMP04105,25.0,Male,Sales,48259.08,2.0,1.53,Low,Yes,On-site,3.0,48.0,High School,0
EMP04106,33.0,Female,engineering,86327.79,25.0,4.57,Medium,No,Full Remote,1.0,62.0,Bachelor's,0
EMP04107,48.0,Male,Marketing,59494.95,21.0,3.94,Excellent,yes,Hybrid,3.0,12.0,PhD,0
EMP04108,56.0,Male,Finance,22890.89,29.0,1.14,High,No,On-site,7.0,97.0,Bachelor's,0
EMP04109,43.0,Female,Sales,88661.06,6.0,3.4,Low,no,Hybrid,6.0,14.0,Bachelor's,0
EMP04110,50.0,Female,Finance,52976.4,23.0,3.97,High,No,On-site,4.0,77.0,Bachelor's,0
EMP04111,37.0,Female,Engineering,38494.31,13.0,4.86,High,yes,On-site,9.0,95.0,Associate,0
EMP04112,51.0,Male,Sales,33628.36,19.0,3.6,Excellent,yes,Hybrid,7.0,12.0,Bachelor's,0
EMP04113,35.0,Female,Sales,69919.36,8.0,4.03,Medium,no,Hybrid,8.0,30.0,Master's,0
EMP04114,43.0,Female,engineering,83199.16,0.0,3.88,Excellent,Yes,Hybrid,2.0,40.0,High School,0
EMP04115,54.0,Male,Sales,41225.91,26.0,3.63,Low,Yes,On-site,5.0,67.0,Master's,0
EMP04116,38.0,Male,HR,62302.87,32.0,2.51,nan,no,Hybrid,3.0,71.0,Bachelor's,0
EMP04117,34.0,Male,Sales,47451.86,38.0,2.92,High,No,On-site,1.0,44.0,PhD,0
EMP04118,27.0,Male,Engineering,83689.16,31.0,3.09,nan,,On-site,9.0,36.0,High School,0
EMP04119,,Prefer not to say,engineering,49791.42,39.0,4.4,High,yes,On-site,7.0,62.0,PhD,1
EMP04120,53.0,Male,HR,67905.08,21.0,2.01,High,Yes,Full Remote,7.0,38.0,nan,0
EMP04121,32.0,Male,engineering,72356.09,20.0,1.81,Excellent,,Hybrid,6.0,20.0,Master's,1
EMP04122,40.0,Male,,54762.22,29.0,2.59,Medium,,On-site,2.0,88.0,Master's,0
EMP04123,43.0,Male,Sales,45168.21,4.0,2.28,High,,nan,9.0,92.0,High School,0
EMP04124,30.0,Female,,52947.1,29.0,1.61,High,Yes,On-site,4.0,60.0,Bachelor's,0
EMP04125,24.0,Male,Finance,73325.04,26.0,1.93,High,No,On-site,8.0,87.0,High School,0
EMP04126,59.0,Male,Engineering,50493.69,36.0,4.34,High,,On-site,4.0,74.0,Master's,0
EMP04127,23.0,Female,Engineering,68780.57,10.0,1.45,Low,No,Full Remote,2.0,93.0,Bachelor's,0
EMP04128,58.0,Male,HR,72981.45,25.0,3.07,High,No,Full Remote,4.0,6.0,PhD,0
EMP04129,50.0,Male,Engineering,78899.47,15.0,3.81,High,,On-site,2.0,9.0,Master's,0
EMP04130,59.0,Female,Finance,67856.95,3.0,1.03,Medium,No,Hybrid,,31.0,Bachelor's,0
EMP04131,54.0,Female,HR,54856.89,13.0,3.57,Medium,No,Full Remote,8.0,25.0,Master's,0
EMP04132,62.0,Male,engineering,63314.15,33.0,1.24,High,Yes,Hybrid,8.0,94.0,Bachelor's,0
EMP04133,39.0,Female,Sales,67018.49,28.0,1.39,Medium,Yes,On-site,7.0,32.0,Master's,0
EMP04134,35.0,Female,,31089.9,9.0,3.2,Excellent,Yes,On-site,7.0,80.0,Master's,1
EMP04135,34.0,Non-binary,engineering,82991.9,7.0,2.83,Medium,No,Full Remote,8.0,72.0,Master's,0
EMP04136,51.0,Male,HR,66783.56,,2.92,Medium,Yes,Hybrid,3.0,21.0,Master's,0
EMP04137,22.0,Male,engineering,82880.67,20.0,3.19,Medium,,Hybrid,5.0,33.0,High School,0
EMP04138,46.0,Female,Engineering,99143.74,33.0,3.93,High,No,Hybrid,2.0,87.0,nan,1
EMP04139,26.0,Female,Finance,78914.7,1.0,3.06,Low,No,nan,9.0,70.0,Master's,0
EMP04140,53.0,Male,engineering,61523.27,28.0,4.95,High,No,On-site,7.0,49.0,Associate,0
EMP04141,42.0,Female,Sales,62923.81,15.0,2.54,High,No,Full Remote,9.0,51.0,PhD,0
EMP04142,33.0,Male,HR,78803.69,16.0,1.25,High,Yes,Full Remote,8.0,1.0,Bachelor's,0
EMP04143,29.0,Male,Marketing,48915.86,22.0,4.6,High,No,On-site,8.0,37.0,High School,0
EMP04144,30.0,Female,Engineering,70131.23,38.0,4.02,Excellent,no,Hybrid,4.0,24.0,Bachelor's,1
EMP04145,23.0,Female,Sales,43904.32,19.0,3.23,Medium,No,Full Remote,8.0,,Associate,0
EMP04146,54.0,Male,Finance,50208.21,3.0,2.03,High,No,Full Remote,7.0,62.0,Master's,0
EMP04147,49.0,Male,Marketing,41204.91,35.0,4.14,Medium,Yes,On-site,8.0,45.0,PhD,0
EMP04148,49.0,Male,Marketing,65636.42,14.0,4.88,Medium,No,Hybrid,8.0,30.0,Bachelor's,0
EMP04149,46.0,Male,Sales,,,2.28,Medium,Yes,On-site,8.0,26.0,PhD,0
EMP04150,48.0,Male,Marketing,42221.32,6.0,1.16,High,,Full Remote,2.0,70.0,Master's,0
EMP04151,64.0,Male,Marketing,69798.57,30.0,4.49,High,Yes,Hybrid,3.0,24.0,Master's,0
EMP04152,57.0,Male,engineering,40749.73,30.0,4.41,Excellent,Yes,Full Remote,9.0,57.0,Bachelor's,0
EMP04153,36.0,Female,HR,51988.33,4.0,2.07,Excellent,No,Hybrid,5.0,48.0,Bachelor's,0
EMP04154,34.0,Male,Marketing,39728.65,0.0,4.67,nan,Yes,On-site,8.0,46.0,Master's,0
EMP04155,27.0,Male,Finance,97043.58,3.0,2.3,Low,Yes,Hybrid,7.0,50.0,Master's,0
EMP04156,54.0,Male,Finance,59648.94,16.0,2.68,Excellent,no,On-site,8.0,45.0,Master's,0
EMP04157,42.0,Prefer not to say,Sales,56598.85,37.0,1.58,Medium,Yes,On-site,8.0,77.0,Master's,0
EMP04158,60.0,Female,Engineering,72859.85,32.0,4.7,High,No,On-site,3.0,81.0,Master's,0
EMP04159,43.0,Male,SALES,52212.97,15.0,4.1,High,,On-site,9.0,20.0,Bachelor's,0
EMP04160,61.0,Female,HR,69633.05,29.0,3.26,Excellent,Yes,On-site,7.0,1.0,Master's,0
EMP04161,33.0,Female,Sales,38886.48,9.0,3.84,Medium,Yes,On-site,8.0,50.0,Master's,0
EMP04162,61.0,Male,Finance,36482.9,,2.77,nan,No,Hybrid,6.0,17.0,Master's,0
EMP04163,45.0,Male,,33493.55,30.0,1.52,nan,Yes,Hybrid,4.0,16.0,Bachelor's,1
EMP04164,60.0,Male,Finance,55988.45,27.0,2.18,Medium,No,Hybrid,9.0,42.0,Master's,0
EMP04165,53.0,Female,Marketing,102480.88,28.0,1.4,High,No,Full Remote,9.0,78.0,Bachelor's,0
EMP04166,50.0,Male,engineering,53696.89,7.0,4.33,Excellent,No,On-site,8.0,11.0,Bachelor's,0
EMP04167,49.0,Non-binary,engineering,43320.17,24.0,1.88,High,No,On-site,4.0,36.0,Master's,0
EMP04168,46.0,Male,Marketing,80480.51,13.0,1.33,Medium,no,On-site,4.0,88.0,Bachelor's,0
EMP04169,46.0,Male,SALES,61636.71,2.0,4.21,High,No,On-site,6.0,1.0,Bachelor's,1
EMP04170,,Female,SALES,74090.32,16.0,3.08,High,No,nan,6.0,73.0,PhD,1
EMP04171,64.0,Male,HR,70618.09,33.0,1.28,Low,Yes,On-site,4.0,65.0,Associate,1
EMP04172,50.0,Female,SALES,63215.01,29.0,2.3,Medium,No,On-site,2.0,99.0,Bachelor's,0
EMP04173,46.0,Prefer not to say,Sales,,9.0,3.07,Low,Yes,Full Remote,2.0,49.0,nan,0
EMP04174,33.0,Male,Sales,53717.29,16.0,3.42,Medium,Yes,Full Remote,7.0,31.0,PhD,1
EMP04175,45.0,Male,Engineering,75551.84,23.0,4.67,High,No,On-site,3.0,70.0,Master's,0
EMP04176,39.0,Male,engineering,87298.95,25.0,3.48,Medium,no,Hybrid,6.0,43.0,Bachelor's,0
EMP04177,63.0,Female,HR,71751.79,36.0,4.52,Medium,no,nan,7.0,10.0,Bachelor's,0
EMP04178,25.0,Female,Engineering,120081.13,39.0,2.11,High,No,Hybrid,3.0,50.0,Associate,0
EMP04179,22.0,Male,Engineering,43523.28,31.0,2.07,High,No,Full Remote,4.0,83.0,Bachelor's,0
EMP04180,36.0,Female,engineering,56158.23,27.0,4.19,Medium,No,On-site,5.0,46.0,Master's,0
EMP04181,32.0,,HR,33515.88,4.0,2.72,Medium,No,Full Remote,9.0,85.0,Master's,0
EMP04182,44.0,Male,Engineering,78061.01,25.0,3.38,Medium,Yes,Full Remote,2.0,55.0,PhD,0
EMP04183,,Female,Engineering,71280.84,5.0,1.93,Medium,no,On-site,8.0,22.0,Associate,0
EMP04184,29.0,Female,Engineering,61867.65,8.0,4.39,High,no,On-site,7.0,80.0,Master's,0
EMP04185,45.0,Prefer not to say,Marketing,90225.74,30.0,3.87,nan,No,Full Remote,7.0,64.0,Master's,0
EMP04186,45.0,Female,HR,55499.66,34.0,4.26,High,yes,Full Remote,3.0,3.0,nan,0
EMP04187,48.0,Male,SALES,76951.45,27.0,2.59,Medium,yes,Hybrid,3.0,35.0,Master's,1
EMP04188,61.0,Male,Finance,55439.27,37.0,1.99,Excellent,Yes,Hybrid,3.0,53.0,Bachelor's,1
EMP04189,23.0,Male,Sales,37829.51,14.0,1.09,High,No,On-site,9.0,38.0,Master's,0
EMP04190,57.0,Male,Sales,95444.57,24.0,4.85,High,No,Full Remote,5.0,69.0,High School,0
EMP04191,42.0,Non-binary,HR,87155.27,2.0,1.18,Medium,No,Hybrid,3.0,38.0,Master's,0
EMP04192,50.0,Male,Sales,98131.33,38.0,4.16,High,no,On-site,3.0,64.0,Master's,1
EMP04193,59.0,Male,HR,89586.71,22.0,1.49,Excellent,No,On-site,4.0,27.0,Bachelor's,0
EMP04194,51.0,Female,Marketing,93364.29,3.0,3.2,Low,Yes,Full Remote,2.0,4.0,Bachelor's,0
EMP04195,64.0,Male,Sales,76667.5,15.0,1.61,Medium,No,On-site,5.0,71.0,Bachelor's,1
EMP04196,64.0,Male,Sales,54040.29,3.0,3.9,High,No,Full Remote,6.0,8.0,Associate,0
EMP04197,,Non-binary,Engineering,138038.85,4.0,1.04,Excellent,,On-site,9.0,94.0,Bachelor's,0
EMP04198,37.0,Male,SALES,54287.26,27.0,1.67,Excellent,yes,Full Remote,2.0,3.0,Associate,0
EMP04199,64.0,Prefer not to say,Finance,82255.56,28.0,4.56,Excellent,Yes,On-site,1.0,60.0,Bachelor's,0
EMP04200,52.0,Female,HR,48147.75,11.0,3.78,Excellent,,On-site,1.0,75.0,Bachelor's,0
EMP04201,26.0,Male,Finance,49574.23,25.0,2.78,Excellent,Yes,On-site,3.0,79.0,High School,0
EMP04202,54.0,Female,Finance,68418.28,18.0,1.07,High,no,nan,7.0,26.0,Bachelor's,0
EMP04203,35.0,Female,SALES,18590.78,4.0,4.99,Excellent,No,On-site,1.0,54.0,High School,0
EMP04204,57.0,Female,HR,49831.52,4.0,2.97,Medium,Yes,On-site,2.0,21.0,Bachelor's,0
EMP04205,50.0,Female,Marketing,51784.61,4.0,1.0,Excellent,Yes,Hybrid,1.0,29.0,Bachelor's,0
EMP04206,56.0,Female,Engineering,74343.77,27.0,3.19,High,no,Hybrid,4.0,74.0,nan,0
EMP04207,36.0,Male,Marketing,93001.7,0.0,4.6,Low,No,Full Remote,2.0,95.0,nan,1
EMP04208,59.0,Male,Finance,92533.65,21.0,3.41,Medium,Yes,nan,4.0,79.0,Master's,0
EMP04209,34.0,Male,Engineering,97223.44,8.0,2.88,High,yes,Hybrid,2.0,53.0,Master's,0
EMP04210,27.0,Female,Engineering,90101.24,19.0,3.98,High,Yes,Hybrid,9.0,58.0,Master's,0
EMP04211,46.0,Male,Sales,80642.67,13.0,4.21,High,Yes,Hybrid,1.0,88.0,nan,0
EMP04212,55.0,Female,Sales,67396.53,18.0,4.2,Excellent,Yes,On-site,4.0,19.0,Bachelor's,0
EMP04213,50.0,Female,Marketing,85271.34,,2.92,Medium,No,Hybrid,7.0,,Bachelor's,0
EMP04214,40.0,Male,Sales,71364.2,26.0,3.69,Low,Yes,On-site,7.0,24.0,Associate,1
EMP04215,39.0,Female,Engineering,51187.97,0.0,3.77,Medium,Yes,Hybrid,5.0,44.0,Bachelor's,0
EMP04216,44.0,Female,Engineering,50571.88,0.0,2.91,High,No,Hybrid,5.0,66.0,PhD,0
EMP04217,23.0,Female,SALES,84827.92,22.0,4.81,Medium,No,Hybrid,4.0,21.0,Master's,0
EMP04218,,Male,Marketing,65293.58,7.0,2.27,Medium,No,Hybrid,9.0,71.0,Bachelor's,0
EMP04219,55.0,Female,Finance,66714.64,4.0,3.97,Medium,,nan,1.0,25.0,Master's,0
EMP04220,38.0,Male,Engineering,90681.98,17.0,2.36,Excellent,,Full Remote,7.0,36.0,Bachelor's,0
EMP04221,44.0,Male,Finance,83987.4,20.0,3.25,Low,Yes,Full Remote,7.0,1.0,Bachelor's,0
EMP04222,32.0,Female,Marketing,,25.0,3.74,Low,No,Full Remote,1.0,47.0,High School,0
EMP04223,29.0,Male,Marketing,79400.2,35.0,1.68,Excellent,Yes,On-site,3.0,94.0,Bachelor's,0
EMP04224,51.0,Female,Finance,46590.43,18.0,2.1,High,no,Hybrid,3.0,15.0,Bachelor's,0
EMP04225,63.0,Non-binary,Sales,81762.85,31.0,4.54,Medium,yes,Hybrid,1.0,81.0,Master's,0
EMP04226,35.0,Female,Engineering,58127.04,38.0,4.38,Medium,No,Hybrid,1.0,19.0,Bachelor's,0
EMP04227,36.0,Female,Engineering,84538.79,28.0,2.76,Low,Yes,Hybrid,2.0,12.0,High School,0
EMP04228,58.0,Male,Finance,50738.99,6.0,4.41,Medium,No,On-site,3.0,65.0,Bachelor's,1
EMP04229,27.0,,HR,76956.29,6.0,1.79,Medium,no,Full Remote,7.0,23.0,Bachelor's,1
EMP04230,,Prefer not to say,Sales,29792.78,23.0,1.45,High,No,On-site,1.0,32.0,Associate,0
EMP04231,52.0,Male,Marketing,84339.39,26.0,1.45,Medium,No,Hybrid,6.0,14.0,Master's,0
EMP04232,60.0,Male,Sales,27982.01,32.0,2.73,Medium,yes,Hybrid,3.0,49.0,Master's,0
EMP04233,56.0,Female,Finance,84462.5,29.0,2.98,Medium,Yes,On-site,8.0,41.0,Master's,0
EMP04234,29.0,Male,Sales,54211.97,31.0,2.89,High,no,On-site,8.0,6.0,High School,0
EMP04235,40.0,Male,Sales,71637.86,31.0,3.97,Low,No,On-site,6.0,35.0,Bachelor's,0
EMP04236,49.0,Male,Finance,64604.71,9.0,3.56,Medium,Yes,nan,8.0,16.0,Bachelor's,0
EMP04237,24.0,Male,Engineering,62443.02,13.0,1.14,Medium,No,nan,7.0,40.0,Associate,0
EMP04238,63.0,Female,SALES,44510.09,24.0,3.71,High,no,Full Remote,9.0,65.0,Master's,0
EMP04239,41.0,Female,HR,84774.29,27.0,3.53,High,Yes,Hybrid,9.0,13.0,Associate,0
EMP04240,57.0,Female,Finance,46020.52,38.0,4.84,High,Yes,Hybrid,8.0,82.0,Bachelor's,1
EMP04241,41.0,Male,Engineering,50674.19,,4.75,Medium,Yes,On-site,5.0,55.0,High School,0
EMP04242,51.0,Female,HR,89797.52,17.0,1.71,Medium,No,nan,5.0,18.0,High School,0
EMP04243,25.0,Non-binary,Engineering,75345.53,29.0,1.07,nan,No,On-site,4.0,40.0,Bachelor's,0
EMP04244,31.0,Male,Engineering,54764.54,22.0,1.9,High,Yes,Hybrid,8.0,85.0,Associate,0
EMP04245,48.0,Male,Engineering,80951.42,3.0,4.38,High,Yes,On-site,1.0,29.0,Bachelor's,1
EMP04246,38.0,Male,engineering,54629.51,26.0,3.99,nan,,On-site,2.0,86.0,Associate,0
EMP04247,45.0,Male,SALES,46518.85,20.0,1.56,High,No,Full Remote,2.0,98.0,Bachelor's,0
EMP04248,45.0,Male,Finance,47740.1,27.0,2.66,Low,No,On-site,1.0,7.0,High School,1
EMP04249,43.0,Female,engineering,71537.37,13.0,3.12,Excellent,no,On-site,4.0,0.0,Bachelor's,1
EMP04250,36.0,,Finance,99319.72,28.0,1.34,Excellent,Yes,Full Remote,8.0,23.0,Bachelor's,0
EMP04251,30.0,Female,HR,61761.79,0.0,4.19,High,no,On-site,6.0,45.0,High School,0
EMP04252,57.0,Female,SALES,68316.45,2.0,3.61,Excellent,Yes,On-site,1.0,11.0,Bachelor's,0
EMP04253,37.0,Female,Engineering,72669.81,8.0,4.8,Medium,yes,Full Remote,6.0,20.0,High School,0
EMP04254,31.0,Male,Finance,37193.12,8.0,1.19,Excellent,No,On-site,3.0,42.0,Bachelor's,0
EMP04255,22.0,Male,HR,38051.49,14.0,2.15,Excellent,Yes,Hybrid,6.0,72.0,Master's,1
EMP04256,,Female,Marketing,71408.93,37.0,2.48,Excellent,,nan,8.0,27.0,High School,0
EMP04257,28.0,Female,engineering,30122.54,4.0,2.14,High,yes,On-site,4.0,2.0,Master's,0
EMP04258,33.0,Male,HR,65106.15,20.0,1.45,High,No,Full Remote,5.0,34.0,Bachelor's,0
EMP04259,26.0,Male,Sales,52518.08,17.0,2.34,High,No,Full Remote,1.0,48.0,Associate,0
EMP04260,52.0,Female,Sales,85462.69,37.0,2.25,Medium,No,Full Remote,8.0,13.0,High School,0
EMP04261,50.0,Male,Sales,75372.43,25.0,4.0,High,No,On-site,6.0,36.0,Master's,0
EMP04262,56.0,,Marketing,83804.48,32.0,1.63,High,Yes,On-site,5.0,62.0,Master's,0
EMP04263,48.0,Male,HR,49429.0,15.0,1.42,Low,yes,Hybrid,2.0,97.0,Bachelor's,0
EMP04264,60.0,Male,Engineering,39996.59,27.0,4.26,Medium,yes,On-site,5.0,64.0,High School,0
EMP04265,62.0,Male,Finance,67560.53,38.0,4.71,High,Yes,nan,7.0,42.0,High School,0
EMP04266,47.0,Female,Sales,,33.0,3.21,Medium,no,On-site,9.0,85.0,Master's,0
EMP04267,37.0,Female,Sales,62011.52,2.0,3.93,High,,Full Remote,,68.0,High School,0
EMP04268,45.0,Male,Engineering,24002.68,38.0,1.96,High,no,Full Remote,4.0,26.0,Master's,0
EMP04269,52.0,Female,Finance,70281.67,38.0,4.17,Excellent,No,Full Remote,7.0,59.0,Bachelor's,0
EMP04270,40.0,Male,Engineering,63528.3,11.0,3.44,Medium,Yes,Full Remote,8.0,44.0,Master's,0
EMP04271,26.0,Male,Sales,63251.77,12.0,1.95,Low,no,Full Remote,,87.0,PhD,0
EMP04272,30.0,Female,HR,83703.48,12.0,2.05,High,No,Full Remote,4.0,24.0,Master's,0
EMP04273,48.0,Male,Sales,46859.77,5.0,3.72,High,Yes,Hybrid,6.0,85.0,Master's,1
EMP04274,58.0,Male,Sales,83608.77,15.0,4.59,nan,No,Full Remote,7.0,10.0,Master's,0
EMP04275,62.0,Male,Sales,80821.42,9.0,4.94,Medium,No,On-site,1.0,8.0,Master's,0
EMP04276,59.0,Non-binary,Engineering,64705.81,4.0,1.09,High,no,On-site,2.0,85.0,nan,0
EMP04277,27.0,Prefer not to say,Engineering,66582.84,32.0,3.64,High,No,Hybrid,1.0,72.0,Master's,0
EMP04278,53.0,Male,Engineering,60173.51,22.0,3.3,Excellent,,On-site,7.0,39.0,Bachelor's,0
EMP04279,43.0,Male,HR,83386.56,20.0,1.03,High,yes,On-site,6.0,69.0,PhD,0
EMP04280,55.0,Male,Engineering,50103.31,12.0,1.9,Excellent,No,Hybrid,6.0,48.0,Master's,0
EMP04281,54.0,Male,Finance,96413.08,7.0,3.65,High,No,On-site,2.0,49.0,Bachelor's,1
EMP04282,51.0,Male,engineering,1114.21,9.0,2.56,Medium,,On-site,9.0,94.0,Master's,0
EMP04283,45.0,Female,Marketing,53949.41,31.0,,nan,no,Full Remote,5.0,68.0,Bachelor's,0
EMP04284,34.0,Female,Engineering,65427.54,35.0,3.59,Medium,,Hybrid,9.0,93.0,nan,0
EMP04285,49.0,Male,SALES,64501.39,17.0,2.83,High,yes,nan,1.0,26.0,nan,0
EMP04286,59.0,Male,Marketing,109985.42,31.0,1.23,nan,Yes,Hybrid,3.0,65.0,Master's,1
EMP04287,46.0,Female,Engineering,44020.28,5.0,1.99,Excellent,No,Hybrid,7.0,76.0,Master's,1
EMP04288,25.0,,Engineering,80841.53,0.0,1.02,Excellent,No,On-site,5.0,33.0,Master's,0
EMP04289,40.0,Female,Sales,17252.84,6.0,4.03,Low,No,Full Remote,8.0,97.0,PhD,0
EMP04290,29.0,Male,Engineering,62514.25,4.0,3.91,High,Yes,On-site,7.0,74.0,PhD,0
EMP04291,48.0,Male,Marketing,48900.61,4.0,2.45,nan,Yes,Hybrid,6.0,42.0,PhD,0
EMP04292,58.0,Non-binary,Sales,80700.24,37.0,2.62,High,Yes,On-site,6.0,26.0,Master's,0
EMP04293,34.0,Female,engineering,47104.01,3.0,2.94,Excellent,No,Hybrid,3.0,78.0,Bachelor's,0
EMP04294,37.0,Male,Sales,85542.94,27.0,4.67,Low,No,Hybrid,2.0,31.0,Bachelor's,0
EMP04295,27.0,Male,Engineering,77671.54,3.0,1.48,Low,Yes,Hybrid,2.0,53.0,Master's,0
EMP04296,62.0,Male,Marketing,107649.54,3.0,1.07,Low,Yes,On-site,9.0,39.0,nan,0
EMP04297,55.0,Male,Marketing,48881.87,34.0,3.39,Excellent,no,On-site,2.0,28.0,Master's,0
EMP04298,54.0,Female,HR,55015.22,25.0,4.32,High,Yes,Full Remote,1.0,,Bachelor's,0
EMP04299,,Male,Engineering,45681.67,28.0,2.69,High,Yes,On-site,6.0,62.0,Bachelor's,0
EMP04300,33.0,Female,SALES,46733.13,38.0,4.47,High,Yes,nan,7.0,14.0,Bachelor's,0
EMP04301,,Male,engineering,94908.97,1.0,2.22,Medium,,Hybrid,8.0,22.0,Bachelor's,0
EMP04302,53.0,Female,,49821.22,39.0,1.01,High,,nan,1.0,32.0,Bachelor's,0
EMP04303,63.0,Male,HR,67851.6,25.0,1.92,Excellent,no,Full Remote,5.0,58.0,Bachelor's,0
EMP04304,45.0,Male,,78509.39,27.0,1.78,Excellent,no,Full Remote,3.0,75.0,Bachelor's,0
EMP04305,48.0,Male,Sales,56772.79,29.0,4.49,Excellent,Yes,Full Remote,3.0,26.0,PhD,0
EMP04306,25.0,Female,SALES,62817.35,3.0,1.96,Medium,yes,Full Remote,1.0,30.0,Master's,0
EMP04307,39.0,Male,HR,48457.82,28.0,3.69,Medium,No,Hybrid,9.0,91.0,PhD,0
EMP04308,48.0,Male,Sales,36887.99,38.0,1.94,High,,On-site,5.0,42.0,Master's,1
EMP04309,37.0,Male,Finance,74078.79,19.0,1.01,High,,Hybrid,5.0,11.0,PhD,0
EMP04310,42.0,Female,Sales,68014.65,7.0,2.43,High,No,Hybrid,9.0,19.0,Master's,1
EMP04311,32.0,Female,SALES,79563.92,36.0,3.7,Low,No,Full Remote,6.0,96.0,High School,0
EMP04312,41.0,Male,,58408.35,26.0,4.88,Medium,No,On-site,7.0,66.0,Bachelor's,0
EMP04313,40.0,Female,Finance,63196.77,22.0,4.06,High,No,Full Remote,9.0,10.0,PhD,0
EMP04314,57.0,Male,Marketing,39546.4,18.0,2.6,Excellent,No,On-site,5.0,11.0,Bachelor's,0
EMP04315,62.0,Male,Sales,86630.8,22.0,3.06,Medium,Yes,Hybrid,8.0,82.0,Associate,0
EMP04316,,Male,Sales,89954.74,17.0,1.73,nan,No,On-site,6.0,78.0,Bachelor's,0
EMP04317,24.0,Female,HR,64949.93,13.0,1.96,Medium,Yes,Full Remote,7.0,51.0,Master's,0
EMP04318,64.0,Female,engineering,53394.4,35.0,3.05,Low,Yes,nan,5.0,45.0,High School,0
EMP04319,40.0,Male,Sales,108504.23,22.0,2.44,Medium,yes,Hybrid,6.0,50.0,Bachelor's,0
EMP04320,46.0,Male,Engineering,43264.08,5.0,4.86,High,No,Hybrid,1.0,35.0,nan,0
EMP04321,35.0,Male,HR,60758.74,29.0,4.29,Medium,no,Full Remote,7.0,86.0,Master's,0
EMP04322,36.0,Non-binary,Engineering,0.0,0.0,1.12,High,No,On-site,1.0,95.0,nan,0
EMP04323,55.0,Female,Sales,41007.35,2.0,4.76,Excellent,Yes,Hybrid,8.0,89.0,nan,0
EMP04324,31.0,Female,Finance,56127.11,33.0,1.74,Medium,No,Full Remote,8.0,5.0,Master's,0
EMP04325,41.0,Female,HR,48810.48,22.0,4.66,Excellent,No,Full Remote,5.0,61.0,PhD,0
EMP04326,26.0,Male,,74393.95,30.0,1.43,Medium,yes,Full Remote,8.0,,High School,0
EMP04327,34.0,Female,Sales,46628.06,4.0,3.06,Medium,Yes,Hybrid,4.0,90.0,Master's,1
EMP04328,37.0,Female,Sales,76352.64,36.0,2.32,Medium,Yes,Hybrid,9.0,90.0,Bachelor's,0
EMP04329,24.0,Male,Engineering,56427.91,33.0,2.19,Medium,no,Full Remote,5.0,31.0,High School,0
EMP04330,30.0,Female,Engineering,97657.0,9.0,4.23,Medium,No,On-site,4.0,42.0,Bachelor's,1
EMP04331,40.0,Female,HR,62311.56,9.0,2.47,Excellent,,Full Remote,8.0,22.0,Master's,0
EMP04332,25.0,Male,SALES,62368.34,16.0,1.36,Low,No,Hybrid,1.0,86.0,Master's,0
EMP04333,50.0,Female,,86457.99,0.0,2.31,Medium,No,Hybrid,7.0,,nan,0
EMP04334,54.0,Female,engineering,22298.23,0.0,2.96,Low,no,On-site,2.0,28.0,High School,0
EMP04335,60.0,Prefer not to say,Marketing,,14.0,4.58,High,No,On-site,8.0,57.0,PhD,1
EMP04336,52.0,Male,,50915.73,32.0,4.21,Excellent,yes,Hybrid,8.0,30.0,Bachelor's,0
EMP04337,23.0,Male,Marketing,88643.47,29.0,3.96,Medium,No,On-site,5.0,96.0,nan,0
EMP04338,50.0,Male,Sales,72131.62,22.0,1.75,High,Yes,On-site,9.0,59.0,PhD,0
EMP04339,56.0,Female,SALES,56741.56,39.0,4.55,Medium,yes,Hybrid,3.0,24.0,Bachelor's,0
EMP04340,32.0,Female,,76533.04,20.0,3.52,Medium,No,On-site,1.0,53.0,High School,0
EMP04341,25.0,Non-binary,Marketing,69584.24,30.0,1.51,Medium,no,nan,6.0,91.0,PhD,0
EMP04342,36.0,Female,Engineering,65784.87,21.0,2.21,Medium,,On-site,4.0,43.0,Bachelor's,1
EMP04343,35.0,Non-binary,engineering,61580.77,27.0,3.67,Low,No,Full Remote,1.0,33.0,Bachelor's,0
EMP04344,36.0,Male,Sales,49531.04,18.0,3.02,Excellent,No,On-site,5.0,85.0,Bachelor's,0
EMP04345,38.0,Female,engineering,74938.66,13.0,2.04,High,Yes,Hybrid,3.0,20.0,Master's,0
EMP04346,51.0,Female,Finance,70266.47,0.0,1.96,Medium,No,On-site,8.0,62.0,Bachelor's,0
EMP04347,43.0,Female,Marketing,74793.22,36.0,2.58,High,Yes,Hybrid,2.0,59.0,Bachelor's,0
EMP04348,64.0,Male,Sales,96884.41,2.0,2.89,High,Yes,On-site,7.0,62.0,Master's,0
EMP04349,22.0,Non-binary,Finance,58830.15,26.0,1.03,Excellent,Yes,Hybrid,7.0,49.0,High School,0
EMP04350,60.0,Prefer not to say,Finance,51866.26,38.0,1.21,High,No,Hybrid,3.0,5.0,PhD,0
EMP04351,50.0,Male,Finance,54432.67,21.0,3.11,Excellent,Yes,Hybrid,8.0,51.0,Master's,0
EMP04352,24.0,Female,Engineering,40664.03,3.0,2.4,High,No,On-site,8.0,51.0,Bachelor's,1
EMP04353,58.0,Male,HR,95231.09,31.0,1.93,Low,No,On-site,9.0,75.0,Master's,0
EMP04354,44.0,Male,Marketing,69398.21,29.0,2.82,Low,No,On-site,3.0,93.0,Associate,0
EMP04355,60.0,Female,Sales,63437.55,18.0,4.14,Low,Yes,Hybrid,8.0,4.0,PhD,0
EMP04356,34.0,Non-binary,Sales,21299.08,17.0,2.78,High,Yes,Full Remote,7.0,55.0,Bachelor's,0
EMP04357,51.0,Male,Engineering,49166.27,39.0,1.14,Medium,Yes,On-site,9.0,97.0,PhD,0
EMP04358,58.0,Male,Marketing,67613.42,1.0,4.39,High,No,Full Remote,4.0,63.0,High School,1
EMP04359,42.0,Male,HR,59342.37,,2.23,High,No,nan,1.0,25.0,High School,0
EMP04360,28.0,Female,Engineering,89334.99,11.0,4.66,Medium,No,Full Remote,2.0,43.0,Bachelor's,0
EMP04361,44.0,Male,engineering,55207.09,12.0,4.91,Excellent,No,Full Remote,8.0,11.0,Bachelor's,0
EMP04362,48.0,Female,Finance,0.0,24.0,3.2,Low,Yes,On-site,3.0,9.0,High School,0
EMP04363,47.0,Male,Engineering,91146.42,19.0,1.06,Excellent,No,Hybrid,9.0,17.0,Bachelor's,0
EMP04364,41.0,Female,Marketing,33838.46,4.0,4.25,Low,No,Hybrid,4.0,12.0,High School,0
EMP04365,25.0,Female,Sales,48857.44,4.0,2.87,High,No,Hybrid,9.0,2.0,Bachelor's,0
EMP04366,38.0,Male,HR,61715.63,2.0,2.77,Low,No,Hybrid,2.0,87.0,Bachelor's,1
EMP04367,42.0,Prefer not to say,Marketing,82520.88,23.0,1.38,High,Yes,Full Remote,5.0,48.0,nan,0
EMP04368,43.0,Female,engineering,80731.71,22.0,3.61,Excellent,No,Full Remote,7.0,24.0,Bachelor's,0
EMP04369,63.0,Female,Engineering,86582.28,39.0,2.98,High,No,Hybrid,6.0,84.0,Master's,0
EMP04370,39.0,Female,HR,47851.31,20.0,1.48,High,No,nan,4.0,61.0,Master's,0
EMP04371,50.0,Female,Sales,79640.5,4.0,1.65,Medium,yes,Full Remote,2.0,97.0,High School,0
EMP04372,57.0,Male,SALES,69687.84,24.0,1.77,Medium,No,On-site,8.0,43.0,Master's,0
EMP04373,51.0,Female,Marketing,43983.11,24.0,4.41,Medium,No,Full Remote,9.0,93.0,Master's,1
EMP04374,50.0,Male,Finance,85990.51,2.0,1.93,Medium,Yes,Hybrid,2.0,62.0,Bachelor's,0
EMP04375,62.0,Female,Finance,69481.56,11.0,4.36,High,yes,Full Remote,4.0,5.0,Bachelor's,0
EMP04376,52.0,Male,engineering,66825.55,38.0,3.6,High,Yes,Hybrid,3.0,54.0,Master's,0
EMP04377,26.0,Female,Engineering,62876.69,16.0,4.79,Medium,No,Hybrid,1.0,12.0,Master's,0
EMP04378,48.0,Male,SALES,69602.79,16.0,3.35,High,No,Hybrid,9.0,41.0,High School,0
EMP04379,43.0,Female,Engineering,54154.28,29.0,3.3,High,Yes,On-site,3.0,68.0,Master's,1
EMP04380,63.0,Male,SALES,64792.78,5.0,3.93,High,,On-site,1.0,85.0,Master's,0
EMP04381,38.0,Prefer not to say,Sales,73499.09,35.0,1.08,High,yes,Full Remote,2.0,75.0,Bachelor's,0
EMP04382,41.0,Male,engineering,38922.91,6.0,3.21,High,No,Hybrid,8.0,38.0,Bachelor's,0
EMP04383,27.0,Prefer not to say,Engineering,24736.32,10.0,2.08,High,no,On-site,1.0,30.0,Master's,0
EMP04384,39.0,Female,Marketing,60851.78,32.0,4.59,Medium,No,On-site,8.0,39.0,Master's,0
EMP04385,34.0,Male,Engineering,46509.24,34.0,,Excellent,No,On-site,7.0,89.0,Master's,0
EMP04386,57.0,Female,Sales,79473.66,14.0,2.72,Excellent,Yes,Full Remote,9.0,8.0,PhD,0
EMP04387,52.0,Prefer not to say,Marketing,76184.82,14.0,1.46,High,No,On-site,7.0,92.0,PhD,0
EMP04388,59.0,Male,Sales,63281.36,32.0,4.07,Medium,no,Full Remote,6.0,0.0,Bachelor's,0
EMP04389,48.0,Male,Finance,58586.72,20.0,4.85,Low,Yes,On-site,6.0,21.0,High School,1
EMP04390,47.0,Male,Engineering,66162.12,0.0,4.47,Excellent,No,On-site,8.0,28.0,Bachelor's,0
EMP04391,46.0,Female,Engineering,43473.3,32.0,2.77,Medium,No,Hybrid,,95.0,Bachelor's,0
EMP04392,26.0,Female,Sales,91634.07,35.0,2.08,High,No,Hybrid,4.0,2.0,High School,1
EMP04393,54.0,Male,Engineering,61913.62,33.0,4.3,Medium,No,On-site,,35.0,nan,0
EMP04394,36.0,Female,Marketing,54085.28,13.0,1.2,Medium,Yes,On-site,7.0,76.0,High School,0
EMP04395,54.0,Male,Engineering,37230.5,24.0,4.28,High,,nan,3.0,51.0,Master's,0
EMP04396,33.0,Female,Sales,63508.43,29.0,3.59,Excellent,Yes,nan,8.0,68.0,Master's,0
EMP04397,42.0,Female,Sales,91804.71,6.0,2.88,Medium,Yes,On-site,9.0,93.0,Bachelor's,0
EMP04398,23.0,Female,HR,60346.19,36.0,3.86,Medium,Yes,Full Remote,4.0,80.0,Bachelor's,0
EMP04399,44.0,Female,Marketing,79920.31,25.0,2.37,Excellent,Yes,Hybrid,6.0,67.0,Bachelor's,0
EMP04400,48.0,Female,engineering,38295.71,2.0,2.11,High,No,nan,6.0,10.0,Bachelor's,0
EMP04401,34.0,Female,Marketing,49172.66,5.0,2.25,Excellent,Yes,On-site,8.0,,Bachelor's,0
EMP04402,61.0,Male,Finance,90894.69,14.0,,Medium,No,On-site,5.0,52.0,Bachelor's,0
EMP04403,51.0,,,78592.27,20.0,1.48,nan,No,Full Remote,3.0,83.0,Master's,0
EMP04404,29.0,Male,engineering,66227.74,17.0,3.01,Medium,No,nan,2.0,59.0,Master's,0
EMP04405,41.0,Non-binary,Finance,54348.68,20.0,3.84,Low,No,Full Remote,1.0,70.0,Bachelor's,0
EMP04406,39.0,Female,Engineering,78236.67,4.0,3.34,High,yes,Full Remote,8.0,52.0,Master's,0
EMP04407,26.0,Male,Sales,65858.12,29.0,4.73,Excellent,,Hybrid,8.0,32.0,Bachelor's,0
EMP04408,38.0,Male,HR,72593.83,10.0,1.72,Low,No,Full Remote,1.0,81.0,High School,1
EMP04409,44.0,Female,HR,111339.53,30.0,2.5,High,No,Hybrid,8.0,65.0,Bachelor's,0
EMP04410,60.0,Female,Finance,62921.6,10.0,1.88,High,No,Full Remote,7.0,30.0,Master's,0
EMP04411,38.0,Female,engineering,19706.57,36.0,1.57,Medium,Yes,Hybrid,8.0,82.0,Bachelor's,0
EMP04412,45.0,Male,HR,66909.25,30.0,-1.0,Medium,Yes,Hybrid,2.0,26.0,Master's,1
EMP04413,39.0,Prefer not to say,HR,56883.19,14.0,4.19,Excellent,Yes,On-site,6.0,7.0,Master's,0
EMP04414,46.0,Female,Engineering,20639.69,35.0,3.42,Medium,No,Full Remote,2.0,14.0,Bachelor's,1
EMP04415,32.0,Female,HR,43397.82,34.0,1.9,High,No,Full Remote,1.0,,Bachelor's,0
EMP04416,46.0,Male,Marketing,128072.08,23.0,1.41,Medium,no,On-site,7.0,88.0,High School,1
EMP04417,43.0,Male,HR,39729.91,4.0,3.1,Medium,No,On-site,5.0,43.0,Associate,0
EMP04418,34.0,,HR,86410.28,17.0,3.29,Medium,No,Hybrid,1.0,99.0,Bachelor's,0
EMP04419,28.0,Non-binary,Engineering,68446.3,39.0,3.1,Excellent,,Hybrid,7.0,23.0,High School,0
EMP04420,59.0,Male,Engineering,63994.58,34.0,1.53,High,Yes,On-site,5.0,15.0,Bachelor's,0
EMP04421,25.0,Male,Engineering,82599.52,14.0,3.02,Medium,Yes,Hybrid,6.0,55.0,Master's,0
EMP04422,40.0,Female,HR,49379.44,35.0,4.03,Medium,,Full Remote,2.0,90.0,Master's,0
EMP04423,53.0,Female,SALES,54269.47,30.0,4.42,High,No,On-site,3.0,10.0,Master's,0
EMP04424,51.0,Non-binary,Engineering,50010.72,17.0,2.39,Excellent,Yes,Full Remote,7.0,39.0,Bachelor's,0
EMP04425,40.0,Male,Engineering,78985.8,13.0,1.49,Medium,No,Hybrid,1.0,38.0,High School,0
EMP04426,32.0,Male,Finance,31765.02,5.0,3.28,High,,Full Remote,7.0,25.0,Bachelor's,1
EMP04427,62.0,Female,Sales,93058.11,0.0,2.32,High,,On-site,5.0,16.0,Bachelor's,0
EMP04428,56.0,Male,Marketing,90595.71,15.0,1.95,High,No,On-site,7.0,60.0,Master's,0
EMP04429,54.0,Female,Marketing,62568.26,23.0,3.12,Excellent,,On-site,9.0,78.0,High School,0
EMP04430,53.0,Female,Sales,75457.39,27.0,1.99,High,No,Full Remote,3.0,81.0,PhD,0
EMP04431,45.0,Male,Finance,28290.3,28.0,3.28,Medium,,On-site,7.0,,Master's,0
EMP04432,57.0,Male,Engineering,72656.25,37.0,3.18,High,,Full Remote,6.0,77.0,Master's,0
EMP04433,38.0,Female,Engineering,129836.19,20.0,4.01,Medium,No,Hybrid,3.0,9.0,Associate,0
EMP04434,43.0,Male,engineering,76364.37,29.0,1.63,Excellent,No,On-site,2.0,79.0,Bachelor's,0
EMP04435,43.0,Male,Finance,70400.58,23.0,1.95,High,,On-site,5.0,27.0,Bachelor's,0
EMP04436,42.0,Female,Engineering,78904.05,16.0,2.41,Excellent,No,On-site,9.0,33.0,Bachelor's,0
EMP04437,57.0,Male,Sales,81921.36,19.0,1.31,nan,No,Hybrid,3.0,43.0,Master's,0
EMP04438,56.0,Female,Sales,81576.67,6.0,1.6,High,Yes,Hybrid,3.0,61.0,Bachelor's,0
EMP04439,48.0,Female,Marketing,56028.93,35.0,2.8,Low,No,Hybrid,7.0,71.0,PhD,0
EMP04440,44.0,Female,Sales,74556.05,11.0,3.22,High,no,Hybrid,9.0,66.0,Bachelor's,0
EMP04441,48.0,Male,HR,53728.14,31.0,4.85,Excellent,yes,Full Remote,8.0,57.0,High School,0
EMP04442,33.0,Male,Sales,103900.44,19.0,2.57,High,Yes,Full Remote,9.0,85.0,High School,1
EMP04443,42.0,Male,Sales,51991.28,13.0,4.41,Medium,No,Hybrid,6.0,68.0,Master's,1
EMP04444,63.0,Female,HR,34775.98,7.0,4.1,High,yes,Hybrid,2.0,87.0,nan,1
EMP04445,22.0,Male,Engineering,64681.65,5.0,4.98,Medium,no,Hybrid,5.0,72.0,Bachelor's,1
EMP04446,46.0,Female,Sales,115745.73,36.0,3.63,High,No,Hybrid,9.0,83.0,nan,0
EMP04447,31.0,Female,HR,48925.73,8.0,2.66,Medium,No,On-site,2.0,46.0,Bachelor's,0
EMP04448,50.0,Male,Sales,80642.21,35.0,2.81,Excellent,no,On-site,7.0,5.0,Bachelor's,0
EMP04449,57.0,Male,Sales,64155.29,18.0,1.05,Low,Yes,Hybrid,4.0,11.0,Bachelor's,0
EMP04450,46.0,Male,Sales,14935.06,25.0,1.17,Excellent,Yes,Full Remote,6.0,70.0,Bachelor's,1
EMP04451,62.0,Male,engineering,36430.43,37.0,1.62,Medium,No,Hybrid,9.0,34.0,Bachelor's,1
EMP04452,53.0,Female,Engineering,81673.55,30.0,1.56,Medium,Yes,Hybrid,5.0,29.0,Bachelor's,0
EMP04453,24.0,Female,HR,57491.37,33.0,1.67,Medium,no,On-site,2.0,27.0,PhD,0
EMP04454,34.0,Female,Sales,43267.29,22.0,3.1,Medium,,On-site,8.0,38.0,Master's,0
EMP04455,41.0,Female,Engineering,46960.67,11.0,4.2,Medium,Yes,Full Remote,3.0,3.0,PhD,0
EMP04456,58.0,Female,engineering,76443.37,9.0,4.53,High,yes,Hybrid,4.0,15.0,Master's,1
EMP04457,38.0,Female,Engineering,83605.22,8.0,2.86,Medium,no,On-site,2.0,80.0,Master's,0
EMP04458,59.0,Female,Marketing,89970.95,16.0,2.05,Medium,Yes,Full Remote,5.0,46.0,Bachelor's,0
EMP04459,53.0,Female,Sales,57977.14,11.0,3.33,Excellent,Yes,Full Remote,5.0,30.0,Bachelor's,0
EMP04460,26.0,Male,Finance,47720.62,6.0,4.07,Medium,Yes,Full Remote,6.0,76.0,Bachelor's,0
EMP04461,31.0,Male,Engineering,78337.83,23.0,4.1,Excellent,No,Hybrid,8.0,37.0,Associate,0
EMP04462,25.0,Female,Sales,92567.28,14.0,3.8,Low,,Hybrid,3.0,66.0,nan,1
EMP04463,32.0,Female,Sales,84509.7,33.0,1.02,High,yes,On-site,6.0,4.0,Bachelor's,0
EMP04464,33.0,Male,Finance,70617.03,3.0,3.41,High,yes,Hybrid,6.0,89.0,PhD,0
EMP04465,25.0,,SALES,69329.2,32.0,3.99,High,no,On-site,5.0,47.0,Bachelor's,1
EMP04466,29.0,Male,HR,62449.58,39.0,2.06,High,No,Hybrid,9.0,57.0,Bachelor's,0
EMP04467,46.0,Male,Marketing,61198.01,25.0,2.64,Medium,,Hybrid,2.0,43.0,PhD,1
EMP04468,49.0,Female,engineering,89595.41,0.0,4.95,Excellent,No,Hybrid,2.0,3.0,Master's,0
EMP04469,52.0,Male,Sales,82619.1,18.0,1.79,Excellent,,Hybrid,6.0,39.0,High School,0
EMP04470,44.0,Prefer not to say,Finance,60065.67,31.0,4.58,Medium,no,On-site,9.0,29.0,Associate,0
EMP04471,43.0,Male,Marketing,95528.94,12.0,3.53,Medium,No,Full Remote,3.0,57.0,Bachelor's,0
EMP04472,24.0,Non-binary,Engineering,45408.52,3.0,4.1,Medium,,nan,7.0,32.0,Associate,1
EMP04473,33.0,Female,Engineering,64553.83,35.0,3.07,Low,yes,On-site,5.0,86.0,Bachelor's,0
EMP04474,56.0,Male,HR,63066.7,39.0,3.98,Medium,No,On-site,7.0,31.0,Bachelor's,0
EMP04475,51.0,Female,Sales,63632.06,8.0,4.76,High,Yes,Hybrid,5.0,8.0,Bachelor's,0
EMP04476,44.0,Female,Sales,72222.7,32.0,3.65,Medium,No,On-site,6.0,97.0,Bachelor's,0
EMP04477,28.0,Male,Marketing,62349.85,5.0,1.48,High,No,Full Remote,8.0,26.0,Bachelor's,0
EMP04478,47.0,Male,Sales,69846.58,31.0,,Low,Yes,Hybrid,3.0,72.0,High School,0
EMP04479,63.0,Female,Finance,37159.33,15.0,2.9,High,yes,On-site,1.0,84.0,Bachelor's,0
EMP04480,27.0,Male,SALES,64767.15,24.0,3.57,Excellent,Yes,Full Remote,9.0,21.0,Bachelor's,0
EMP04481,46.0,Male,HR,64233.85,34.0,3.19,Medium,No,On-site,5.0,15.0,Master's,0
EMP04482,27.0,Female,,63595.74,,3.08,Excellent,,Hybrid,5.0,33.0,Master's,0
EMP04483,44.0,Prefer not to say,Engineering,95020.98,25.0,2.56,Low,Yes,Hybrid,4.0,42.0,Bachelor's,0
EMP04484,45.0,Female,Engineering,50531.05,20.0,1.57,nan,Yes,Full Remote,7.0,23.0,Bachelor's,0
EMP04485,51.0,Male,engineering,57809.89,15.0,2.33,Low,no,Hybrid,2.0,56.0,PhD,1
EMP04486,36.0,Male,Sales,62903.03,9.0,1.26,High,,Full Remote,3.0,53.0,Master's,0
EMP04487,58.0,Male,SALES,74999.45,11.0,4.76,Medium,No,Hybrid,2.0,4.0,Bachelor's,0
EMP04488,58.0,Male,Finance,54265.62,27.0,4.93,Medium,No,Full Remote,9.0,64.0,High School,0
EMP04489,,Female,Sales,72069.25,6.0,2.26,Medium,,Hybrid,7.0,37.0,Associate,0
EMP04490,,Female,Marketing,66540.46,26.0,4.11,High,yes,On-site,2.0,9.0,Bachelor's,1
EMP04491,39.0,Female,Finance,63493.16,34.0,1.13,Excellent,Yes,Hybrid,6.0,,Master's,0
EMP04492,45.0,Male,Engineering,54665.12,11.0,4.28,Low,Yes,Full Remote,4.0,9.0,Bachelor's,0
EMP04493,30.0,Female,HR,100197.26,13.0,3.6,Excellent,yes,Hybrid,5.0,76.0,Master's,0
EMP04494,57.0,Female,Engineering,,14.0,4.74,Excellent,No,On-site,4.0,71.0,Bachelor's,0
EMP04495,22.0,Female,Sales,97847.96,28.0,3.81,Excellent,,On-site,3.0,93.0,Bachelor's,1
EMP04496,62.0,Prefer not to say,HR,31316.61,19.0,3.12,Medium,Yes,Hybrid,1.0,8.0,Master's,0
EMP04497,37.0,Female,Marketing,71284.85,38.0,2.53,High,,On-site,2.0,6.0,High School,0
EMP04498,54.0,Male,Sales,54145.49,24.0,3.44,High,No,Full Remote,8.0,29.0,Master's,1
EMP04499,33.0,Male,Finance,88842.79,24.0,3.89,High,No,Full Remote,9.0,37.0,Master's,0
EMP04500,55.0,Male,Sales,96720.83,23.0,3.63,High,No,Hybrid,9.0,41.0,Bachelor's,0
EMP04501,29.0,Female,Sales,68555.2,33.0,3.82,High,Yes,On-site,2.0,35.0,Bachelor's,0
EMP04502,41.0,Male,Sales,67743.83,6.0,2.3,nan,No,On-site,2.0,94.0,Bachelor's,1
EMP04503,35.0,Female,Sales,38428.07,6.0,1.44,High,Yes,Full Remote,7.0,6.0,Bachelor's,1
EMP04504,53.0,Female,Engineering,33549.07,9.0,,nan,Yes,Hybrid,2.0,10.0,Bachelor's,0
EMP04505,57.0,Female,Finance,78408.35,33.0,3.96,Excellent,No,Full Remote,6.0,91.0,Associate,1
EMP04506,40.0,Male,Engineering,66080.18,21.0,4.06,Medium,Yes,Full Remote,8.0,31.0,Master's,0
EMP04507,27.0,Female,Marketing,64807.32,28.0,3.94,Excellent,Yes,On-site,2.0,51.0,Bachelor's,0
EMP04508,57.0,Male,Sales,78348.44,11.0,1.34,High,No,Full Remote,7.0,21.0,Bachelor's,0
EMP04509,62.0,Male,Marketing,78610.09,33.0,3.41,Medium,no,On-site,7.0,50.0,Bachelor's,0
EMP04510,35.0,Female,HR,45815.68,6.0,2.08,Medium,No,On-site,6.0,71.0,Bachelor's,0
EMP04511,47.0,Female,Sales,56380.8,0.0,4.25,Excellent,No,Hybrid,3.0,96.0,Master's,0
EMP04512,44.0,Prefer not to say,HR,82185.27,17.0,3.13,Medium,yes,On-site,2.0,42.0,Associate,0
EMP04513,57.0,,Marketing,27170.18,16.0,4.4,Low,,Hybrid,3.0,40.0,Bachelor's,0
EMP04514,48.0,Female,Marketing,73450.98,38.0,3.86,Low,No,Hybrid,8.0,33.0,Associate,1
EMP04515,58.0,Male,Marketing,76968.31,35.0,4.6,Medium,No,Full Remote,2.0,94.0,High School,0
EMP04516,63.0,Male,Engineering,58144.17,,2.72,High,No,Full Remote,5.0,75.0,PhD,0
EMP04517,64.0,Female,engineering,42351.66,19.0,1.89,High,No,On-site,,43.0,Bachelor's,0
EMP04518,63.0,Male,,71441.4,2.0,3.56,Medium,No,Hybrid,6.0,77.0,Master's,0
EMP04519,23.0,Male,Engineering,96311.6,10.0,2.46,Medium,yes,Hybrid,9.0,82.0,Bachelor's,0
EMP04520,30.0,Prefer not to say,Finance,50894.63,5.0,2.61,Medium,No,nan,2.0,14.0,High School,0
EMP04521,36.0,Non-binary,Engineering,74741.18,14.0,2.22,Medium,Yes,Hybrid,4.0,63.0,High School,0
EMP04522,36.0,Female,Engineering,14111.9,26.0,3.15,High,No,Hybrid,5.0,66.0,Associate,0
EMP04523,27.0,Male,Sales,98873.36,6.0,1.81,Medium,No,On-site,7.0,91.0,High School,1
EMP04524,30.0,Non-binary,Sales,29061.49,15.0,3.02,Medium,No,Full Remote,3.0,86.0,Bachelor's,1
EMP04525,33.0,Male,engineering,110666.94,23.0,1.9,Medium,,Hybrid,2.0,74.0,Master's,0
EMP04526,47.0,Male,SALES,48934.72,6.0,2.55,Medium,yes,Hybrid,3.0,13.0,Associate,1
EMP04527,54.0,Male,Finance,26589.23,6.0,3.81,Medium,Yes,On-site,6.0,51.0,nan,1
EMP04528,56.0,Female,Marketing,74381.77,31.0,4.42,Medium,No,Hybrid,7.0,6.0,Bachelor's,1
EMP04529,58.0,Female,Sales,88094.9,38.0,3.94,Low,No,Hybrid,3.0,94.0,Master's,1
EMP04530,40.0,Female,Engineering,46228.26,20.0,2.99,High,No,Hybrid,7.0,12.0,nan,0
EMP04531,36.0,Female,Marketing,49309.89,39.0,3.53,Low,No,Full Remote,7.0,56.0,Associate,0
EMP04532,32.0,Male,engineering,37983.65,29.0,4.29,Excellent,No,On-site,1.0,31.0,PhD,0
EMP04533,28.0,Prefer not to say,Sales,63110.8,17.0,3.32,Low,no,On-site,4.0,77.0,Master's,0
EMP04534,60.0,Male,,70341.45,18.0,,Low,Yes,Hybrid,2.0,74.0,nan,0
EMP04535,49.0,Male,Finance,100059.64,33.0,2.54,High,No,On-site,7.0,17.0,PhD,0
EMP04536,29.0,Non-binary,Sales,93072.2,0.0,3.17,High,no,Full Remote,5.0,88.0,High School,0
EMP04537,39.0,Male,,73415.7,27.0,1.89,Excellent,Yes,nan,7.0,95.0,Master's,0
EMP04538,36.0,Female,Marketing,61165.47,34.0,3.48,Medium,,Full Remote,6.0,93.0,Bachelor's,1
EMP04539,31.0,Female,Marketing,44458.41,15.0,,nan,No,Full Remote,8.0,28.0,Master's,0
EMP04540,58.0,Female,Finance,86709.36,5.0,2.15,Excellent,No,Hybrid,9.0,64.0,Bachelor's,0
EMP04541,52.0,Female,Engineering,65700.04,1.0,2.97,Excellent,yes,Hybrid,5.0,63.0,PhD,0
EMP04542,61.0,Female,Sales,46308.76,25.0,3.83,High,No,On-site,1.0,53.0,Master's,0
EMP04543,32.0,Female,HR,79122.05,15.0,1.41,Medium,Yes,Hybrid,7.0,82.0,Bachelor's,0
EMP04544,35.0,Non-binary,,31658.24,12.0,2.24,Medium,No,On-site,8.0,64.0,Bachelor's,0
EMP04545,22.0,Male,Finance,52050.86,0.0,,Excellent,Yes,Full Remote,1.0,52.0,PhD,0
EMP04546,28.0,Male,Finance,72484.65,5.0,1.07,Excellent,No,On-site,8.0,31.0,nan,1
EMP04547,54.0,Male,Sales,49138.03,17.0,3.85,Excellent,Yes,Hybrid,1.0,98.0,Master's,1
EMP04548,34.0,Female,HR,90117.84,15.0,3.28,Excellent,Yes,On-site,2.0,26.0,Bachelor's,0
EMP04549,40.0,Male,SALES,62299.68,0.0,2.09,Low,Yes,Hybrid,8.0,53.0,Bachelor's,0
EMP04550,30.0,Male,Sales,53221.67,0.0,1.17,Medium,Yes,Hybrid,6.0,39.0,Bachelor's,1
EMP04551,,Male,Marketing,50308.36,38.0,4.7,Excellent,No,Full Remote,8.0,10.0,nan,0
EMP04552,62.0,Female,Engineering,81368.23,16.0,3.5,Excellent,no,Full Remote,8.0,59.0,Bachelor's,0
EMP04553,30.0,Female,Marketing,75429.42,,1.88,Medium,Yes,Full Remote,5.0,88.0,High School,1
EMP04554,48.0,Male,Marketing,52554.83,5.0,4.52,Excellent,yes,Full Remote,4.0,92.0,Master's,0
EMP04555,44.0,Female,Engineering,73484.08,15.0,3.45,High,Yes,On-site,5.0,83.0,Bachelor's,0
EMP04556,29.0,Male,Sales,75680.7,3.0,2.68,nan,,On-site,3.0,19.0,Bachelor's,0
EMP04557,46.0,Male,Engineering,43497.68,12.0,3.41,High,yes,On-site,7.0,19.0,Bachelor's,0
EMP04558,43.0,Male,engineering,84120.85,0.0,2.2,High,No,Full Remote,4.0,15.0,Master's,0
EMP04559,57.0,Male,Sales,94464.6,3.0,1.27,Medium,Yes,Full Remote,5.0,52.0,Bachelor's,0
EMP04560,26.0,Male,SALES,54921.31,38.0,1.75,Medium,No,Hybrid,9.0,45.0,Master's,0
EMP04561,35.0,Female,Engineering,77415.84,0.0,2.16,Excellent,Yes,Hybrid,7.0,94.0,Bachelor's,0
EMP04562,62.0,Male,Sales,74000.79,0.0,1.86,Medium,no,Full Remote,4.0,13.0,PhD,0
EMP04563,22.0,Male,HR,43862.54,5.0,3.48,High,No,Full Remote,7.0,98.0,Bachelor's,1
EMP04564,49.0,Male,Marketing,53463.69,22.0,3.03,Excellent,Yes,Full Remote,4.0,1.0,High School,0
EMP04565,40.0,Male,Sales,51960.3,16.0,1.31,High,Yes,Hybrid,3.0,29.0,Bachelor's,0
EMP04566,48.0,Male,Sales,106151.88,22.0,1.89,High,no,On-site,1.0,4.0,nan,0
EMP04567,43.0,Male,Marketing,21277.95,12.0,1.83,Low,Yes,Hybrid,7.0,52.0,Bachelor's,1
EMP04568,35.0,Male,Engineering,65183.82,8.0,2.17,Medium,Yes,Hybrid,8.0,95.0,Master's,0
EMP04569,33.0,Female,Sales,99786.89,10.0,4.14,Excellent,yes,Hybrid,4.0,33.0,Bachelor's,0
EMP04570,25.0,Male,Sales,79143.45,23.0,4.36,Excellent,,Hybrid,3.0,44.0,Bachelor's,0
EMP04571,49.0,Male,Sales,97862.78,15.0,4.04,Excellent,No,On-site,6.0,21.0,Bachelor's,0
EMP04572,58.0,Male,HR,49054.75,15.0,4.56,High,Yes,Full Remote,6.0,88.0,High School,1
EMP04573,42.0,Female,Sales,79809.23,32.0,2.42,Medium,Yes,Full Remote,2.0,32.0,Master's,0
EMP04574,27.0,Male,Finance,66707.41,20.0,1.23,Low,Yes,Full Remote,2.0,57.0,Bachelor's,0
EMP04575,32.0,Male,Finance,67637.0,36.0,3.83,High,Yes,nan,3.0,28.0,PhD,0
EMP04576,26.0,Female,Finance,54313.01,10.0,1.47,Medium,Yes,Hybrid,6.0,49.0,Bachelor's,0
EMP04577,44.0,Male,HR,67253.36,18.0,2.0,Medium,No,Hybrid,3.0,11.0,Bachelor's,0
EMP04578,24.0,Male,Sales,0.0,30.0,2.18,Medium,,Hybrid,4.0,88.0,Master's,0
EMP04579,37.0,Female,HR,48154.35,32.0,1.25,High,Yes,On-site,3.0,28.0,Bachelor's,0
EMP04580,58.0,Female,Marketing,29794.77,9.0,4.87,Excellent,No,nan,4.0,16.0,High School,0
EMP04581,26.0,Non-binary,Engineering,69843.87,18.0,3.07,High,No,On-site,7.0,37.0,Master's,0
EMP04582,25.0,Female,,60269.48,33.0,2.02,High,Yes,Full Remote,3.0,42.0,Bachelor's,0
EMP04583,35.0,Male,Sales,73243.13,22.0,3.6,High,no,Hybrid,6.0,7.0,Bachelor's,0
EMP04584,42.0,Female,Sales,103848.86,21.0,2.93,nan,No,Hybrid,8.0,28.0,Master's,0
EMP04585,61.0,Male,Engineering,65458.0,38.0,3.28,Low,Yes,Full Remote,1.0,34.0,Bachelor's,0
EMP04586,54.0,Male,Engineering,86072.47,23.0,1.87,Medium,,Full Remote,5.0,12.0,Bachelor's,0
EMP04587,50.0,Prefer not to say,Marketing,44732.31,39.0,1.26,Medium,Yes,Hybrid,5.0,54.0,High School,1
EMP04588,49.0,Female,Finance,16875.58,34.0,1.22,Medium,Yes,On-site,2.0,31.0,High School,0
EMP04589,41.0,Male,Engineering,85649.54,17.0,4.66,High,No,Hybrid,3.0,99.0,Bachelor's,0
EMP04590,29.0,Male,Engineering,36608.48,6.0,4.79,Low,no,Full Remote,3.0,80.0,Bachelor's,0
EMP04591,25.0,Male,HR,86211.19,2.0,2.69,High,No,On-site,7.0,73.0,Associate,1
EMP04592,34.0,Male,,66234.15,16.0,4.7,Medium,No,Hybrid,8.0,38.0,Master's,0
EMP04593,62.0,Male,engineering,81507.48,27.0,3.96,nan,yes,Hybrid,6.0,47.0,nan,0
EMP04594,58.0,Non-binary,SALES,56580.55,33.0,1.9,Medium,Yes,On-site,1.0,68.0,Bachelor's,0
EMP04595,44.0,Male,Sales,66528.16,39.0,2.34,High,No,nan,6.0,18.0,Bachelor's,0
EMP04596,35.0,Female,Engineering,67579.08,24.0,1.82,High,No,On-site,3.0,54.0,Bachelor's,0
EMP04597,55.0,Male,Finance,67765.27,23.0,3.04,High,no,Full Remote,4.0,22.0,Master's,0
EMP04598,64.0,Male,Finance,94005.6,17.0,4.15,Excellent,No,Hybrid,5.0,8.0,Bachelor's,0
EMP04599,62.0,Female,Engineering,67312.25,32.0,1.49,Medium,no,On-site,6.0,41.0,nan,0
EMP04600,58.0,Female,Engineering,69797.91,22.0,1.79,High,No,On-site,2.0,46.0,Bachelor's,0
EMP04601,49.0,Female,Sales,40376.95,2.0,4.48,Medium,no,Hybrid,5.0,1.0,Master's,0
EMP04602,38.0,Female,Sales,111998.53,27.0,2.74,Low,No,On-site,6.0,84.0,Associate,1
EMP04603,33.0,Female,Marketing,66179.67,2.0,2.43,High,No,On-site,2.0,89.0,Associate,0
EMP04604,40.0,Male,Engineering,59233.46,25.0,2.73,High,No,Hybrid,8.0,55.0,Master's,0
EMP04605,61.0,Male,HR,74680.81,19.0,4.12,Low,No,Hybrid,2.0,66.0,Master's,0
EMP04606,39.0,Male,Sales,109377.05,22.0,4.44,Medium,No,Hybrid,1.0,12.0,PhD,0
EMP04607,39.0,Female,Marketing,61541.6,17.0,2.09,nan,Yes,Full Remote,5.0,13.0,Master's,0
EMP04608,27.0,Male,Marketing,82855.09,9.0,2.88,High,Yes,Full Remote,6.0,84.0,Master's,0
EMP04609,56.0,Prefer not to say,Finance,35674.61,23.0,4.52,nan,Yes,On-site,6.0,49.0,Bachelor's,0
EMP04610,24.0,Female,SALES,50819.66,14.0,4.49,Low,yes,Full Remote,2.0,82.0,Master's,1
EMP04611,57.0,Male,Marketing,76056.68,10.0,2.84,High,,Hybrid,5.0,5.0,Master's,0
EMP04612,40.0,Female,Sales,73769.49,37.0,2.13,Medium,No,nan,6.0,71.0,Bachelor's,0
EMP04613,64.0,Female,Finance,64162.95,23.0,4.02,Excellent,No,Hybrid,1.0,74.0,Bachelor's,0
EMP04614,62.0,Male,Finance,15026.18,2.0,4.13,Medium,Yes,Hybrid,7.0,87.0,PhD,0
EMP04615,62.0,Male,Engineering,68179.67,31.0,4.96,High,yes,On-site,7.0,30.0,Master's,0
EMP04616,39.0,Female,Marketing,26982.36,7.0,4.4,Medium,Yes,Full Remote,4.0,18.0,Bachelor's,0
EMP04617,30.0,Prefer not to say,Marketing,41520.18,31.0,3.38,Medium,No,Hybrid,5.0,23.0,Master's,0
EMP04618,63.0,,Engineering,54061.25,20.0,1.23,Medium,No,Hybrid,6.0,66.0,Bachelor's,0
EMP04619,42.0,Female,Engineering,67975.78,29.0,4.67,High,No,Full Remote,9.0,68.0,PhD,0
EMP04620,29.0,Male,Marketing,79705.57,15.0,3.56,High,,On-site,7.0,,Bachelor's,0
EMP04621,55.0,Male,Finance,57159.26,19.0,3.43,Low,yes,nan,2.0,81.0,Master's,0
EMP04622,38.0,Male,Engineering,72774.83,35.0,2.94,nan,yes,On-site,2.0,64.0,Master's,0
EMP04623,55.0,Male,Sales,48982.21,11.0,3.82,Medium,No,Hybrid,7.0,22.0,Associate,0
EMP04624,26.0,Female,Marketing,80792.8,34.0,3.5,High,no,Hybrid,2.0,49.0,Associate,0
EMP04625,60.0,Non-binary,SALES,77197.15,13.0,3.42,Low,Yes,On-site,5.0,11.0,Bachelor's,0
EMP04626,24.0,Female,Engineering,69568.15,31.0,1.62,Medium,Yes,Hybrid,8.0,42.0,Bachelor's,0
EMP04627,60.0,Male,Sales,66572.22,31.0,2.9,nan,No,Full Remote,1.0,23.0,Bachelor's,1
EMP04628,54.0,Male,Marketing,75858.22,22.0,3.21,Medium,No,nan,9.0,69.0,Master's,0
EMP04629,39.0,,Sales,64896.21,15.0,1.21,Medium,Yes,On-site,9.0,46.0,High School,0
EMP04630,45.0,Female,Sales,86489.52,11.0,4.98,Medium,no,nan,1.0,24.0,Master's,0
EMP04631,28.0,Male,Finance,55184.16,5.0,3.92,Medium,yes,Hybrid,3.0,94.0,nan,0
EMP04632,46.0,Male,Engineering,54255.37,32.0,1.33,High,No,On-site,5.0,80.0,nan,0
EMP04633,54.0,Female,Sales,79004.82,12.0,2.62,Excellent,No,Full Remote,5.0,1.0,Associate,0
EMP04634,64.0,Female,HR,65828.52,38.0,4.71,Low,no,Hybrid,8.0,53.0,Bachelor's,0
EMP04635,47.0,Prefer not to say,Sales,84646.74,29.0,3.81,Medium,yes,Hybrid,7.0,43.0,High School,0
EMP04636,47.0,Female,Finance,68373.26,2.0,4.32,Low,Yes,Hybrid,6.0,74.0,High School,0
EMP04637,28.0,Male,engineering,55515.82,16.0,1.45,Excellent,No,nan,1.0,62.0,Master's,0
EMP04638,41.0,Female,Finance,50480.89,39.0,2.41,High,Yes,On-site,1.0,45.0,Master's,0
EMP04639,34.0,Female,Sales,48858.54,1.0,4.99,Low,Yes,Hybrid,8.0,28.0,Master's,0
EMP04640,63.0,Male,Finance,67150.43,22.0,4.82,Low,Yes,Hybrid,7.0,90.0,High School,0
EMP04641,24.0,Female,engineering,86320.48,27.0,2.03,Medium,Yes,On-site,5.0,1.0,Bachelor's,0
EMP04642,29.0,Female,Finance,70810.89,9.0,4.44,Low,No,Hybrid,5.0,71.0,Bachelor's,0
EMP04643,49.0,Male,Engineering,73921.55,29.0,3.58,Medium,No,Full Remote,8.0,26.0,Bachelor's,1
EMP04644,24.0,Female,Sales,14667.4,16.0,1.27,High,No,On-site,6.0,3.0,Bachelor's,0
EMP04645,60.0,Female,Sales,91092.85,28.0,3.82,High,No,Hybrid,2.0,64.0,Master's,1
EMP04646,61.0,Female,HR,80338.88,8.0,2.03,High,Yes,Full Remote,4.0,49.0,Master's,0
EMP04647,51.0,Female,Marketing,69439.9,15.0,1.86,Excellent,yes,On-site,6.0,74.0,Master's,0
EMP04648,61.0,Non-binary,Marketing,64868.91,39.0,4.82,nan,Yes,Hybrid,9.0,70.0,nan,0
EMP04649,39.0,Non-binary,Finance,35211.68,33.0,4.91,Medium,Yes,nan,7.0,30.0,Master's,0
EMP04650,57.0,Male,Finance,65560.1,37.0,1.64,High,Yes,Full Remote,7.0,93.0,Bachelor's,0
EMP04651,63.0,Male,Sales,69875.8,17.0,,High,Yes,On-site,3.0,43.0,PhD,0
EMP04652,48.0,Male,Engineering,61106.76,18.0,3.1,High,,On-site,9.0,30.0,Bachelor's,0
EMP04653,39.0,,Sales,93602.34,32.0,2.97,Medium,yes,nan,9.0,84.0,Master's,0
EMP04654,57.0,Male,engineering,78862.28,2.0,1.85,Excellent,No,On-site,4.0,88.0,Bachelor's,0
EMP04655,25.0,Male,Engineering,47999.38,20.0,4.7,Excellent,Yes,On-site,7.0,81.0,nan,0
EMP04656,49.0,Male,HR,61814.26,2.0,2.36,Medium,yes,On-site,9.0,28.0,Bachelor's,1
EMP04657,43.0,Male,Sales,74745.6,19.0,2.25,High,No,On-site,6.0,48.0,Bachelor's,0
EMP04658,52.0,Female,Marketing,75917.74,37.0,1.87,High,no,On-site,5.0,40.0,Master's,0
EMP04659,30.0,Male,Marketing,60086.13,26.0,2.5,Medium,yes,On-site,2.0,89.0,Bachelor's,0
EMP04660,40.0,Female,SALES,65982.18,24.0,2.19,High,No,Hybrid,2.0,35.0,Bachelor's,0
EMP04661,57.0,Male,Engineering,35885.78,2.0,3.46,Excellent,Yes,Hybrid,3.0,39.0,Master's,0
EMP04662,59.0,Male,Engineering,77783.21,9.0,1.3,Medium,Yes,On-site,7.0,51.0,Bachelor's,0
EMP04663,62.0,Female,engineering,69132.56,1.0,3.57,Medium,no,On-site,9.0,73.0,Bachelor's,0
EMP04664,64.0,Male,Engineering,25829.5,6.0,2.02,Excellent,Yes,On-site,5.0,84.0,Bachelor's,0
EMP04665,45.0,Female,,59791.04,15.0,2.45,High,yes,On-site,4.0,73.0,Associate,0
EMP04666,36.0,Male,Finance,93076.09,37.0,1.45,Medium,Yes,On-site,5.0,42.0,Bachelor's,0
EMP04667,30.0,Male,Marketing,,0.0,1.84,Medium,No,Full Remote,4.0,19.0,High School,0
EMP04668,40.0,Non-binary,Engineering,90941.57,33.0,1.03,Excellent,No,On-site,9.0,4.0,Bachelor's,0
EMP04669,64.0,Female,engineering,41850.74,23.0,1.3,Low,No,Hybrid,8.0,26.0,Master's,0
EMP04670,29.0,Female,Marketing,71342.29,11.0,3.38,High,no,On-site,6.0,50.0,Bachelor's,0
EMP04671,46.0,Male,Finance,54202.42,4.0,2.5,Excellent,Yes,Hybrid,7.0,23.0,PhD,0
EMP04672,61.0,Prefer not to say,Sales,56466.94,29.0,2.82,Medium,Yes,Hybrid,3.0,2.0,Master's,1
EMP04673,34.0,Female,engineering,81439.09,10.0,4.78,Medium,No,Hybrid,3.0,51.0,High School,0
EMP04674,27.0,Non-binary,Marketing,82618.86,18.0,3.41,High,No,Hybrid,7.0,39.0,Associate,0
EMP04675,30.0,Prefer not to say,Sales,68841.36,8.0,1.65,Excellent,,On-site,3.0,30.0,Master's,0
EMP04676,44.0,Female,HR,74182.32,27.0,3.4,Excellent,No,On-site,6.0,60.0,Master's,0
EMP04677,29.0,Female,HR,11663.41,3.0,3.89,High,No,Hybrid,1.0,49.0,Bachelor's,0
EMP04678,46.0,Female,Engineering,58920.6,31.0,1.1,Medium,No,Full Remote,,0.0,nan,0
EMP04679,37.0,Male,Finance,77401.32,7.0,4.61,Low,No,Hybrid,8.0,78.0,PhD,0
EMP04680,58.0,Prefer not to say,HR,,15.0,1.56,Excellent,Yes,On-site,6.0,28.0,Bachelor's,0
EMP04681,25.0,Female,Finance,,,1.56,High,No,Full Remote,8.0,17.0,High School,0
EMP04682,25.0,Female,,75284.8,14.0,1.28,High,No,On-site,1.0,2.0,PhD,0
EMP04683,27.0,Male,Marketing,51070.55,12.0,,nan,Yes,On-site,,13.0,Master's,0
EMP04684,33.0,Female,engineering,52049.03,35.0,3.35,Medium,No,On-site,4.0,9.0,PhD,0
EMP04685,31.0,Female,Engineering,60613.78,32.0,1.65,Medium,Yes,Hybrid,8.0,8.0,Bachelor's,0
EMP04686,62.0,Male,Engineering,80247.97,39.0,2.61,Medium,No,Full Remote,8.0,26.0,High School,0
EMP04687,50.0,Female,Sales,39964.28,15.0,3.82,Excellent,Yes,Full Remote,2.0,55.0,Master's,0
EMP04688,55.0,Female,engineering,36188.7,22.0,2.94,Medium,No,On-site,4.0,34.0,High School,1
EMP04689,36.0,Female,engineering,85013.05,35.0,4.06,Medium,No,Full Remote,9.0,71.0,Master's,0
EMP04690,36.0,Male,engineering,84206.07,38.0,2.4,Excellent,no,On-site,9.0,32.0,High School,0
EMP04691,39.0,Prefer not to say,Sales,72972.18,31.0,3.62,Medium,No,Full Remote,8.0,44.0,Bachelor's,0
EMP04692,40.0,Male,Marketing,65902.09,34.0,1.18,High,yes,On-site,2.0,47.0,Bachelor's,0
EMP04693,29.0,Male,Marketing,38642.49,33.0,2.5,High,No,Full Remote,4.0,21.0,Master's,0
EMP04694,27.0,Male,SALES,56460.04,30.0,4.66,Excellent,No,Hybrid,4.0,29.0,Master's,0
EMP04695,55.0,,engineering,63850.55,37.0,1.05,High,No,Hybrid,3.0,6.0,Master's,0
EMP04696,39.0,Male,Sales,60279.19,13.0,4.3,Low,No,Hybrid,6.0,13.0,Bachelor's,0
EMP04697,62.0,Female,Finance,87325.73,26.0,3.08,nan,No,nan,6.0,83.0,High School,1
EMP04698,54.0,Male,HR,36388.02,36.0,1.3,High,Yes,Full Remote,5.0,33.0,Master's,0
EMP04699,34.0,Male,Sales,0.0,7.0,3.33,High,no,Hybrid,2.0,66.0,Bachelor's,0
EMP04700,35.0,Female,Finance,67052.72,1.0,4.59,High,yes,On-site,3.0,15.0,Bachelor's,0
EMP04701,54.0,Male,Sales,64433.6,13.0,2.28,Excellent,Yes,Hybrid,8.0,17.0,Bachelor's,0
EMP04702,36.0,Male,Sales,79726.32,6.0,3.51,Excellent,No,Full Remote,5.0,52.0,Bachelor's,0
EMP04703,39.0,Male,Finance,115302.72,3.0,4.27,nan,Yes,Full Remote,1.0,63.0,Master's,0
EMP04704,37.0,Female,Sales,80327.24,15.0,3.36,Excellent,no,Hybrid,7.0,9.0,PhD,0
EMP04705,48.0,Female,SALES,56843.3,36.0,1.82,Medium,No,Hybrid,8.0,27.0,PhD,0
EMP04706,35.0,Female,engineering,33881.37,10.0,2.79,Excellent,Yes,Hybrid,7.0,10.0,Master's,0
EMP04707,26.0,Male,HR,65034.06,7.0,3.47,Excellent,Yes,nan,6.0,66.0,Bachelor's,0
EMP04708,35.0,Female,Engineering,33523.9,39.0,4.77,High,,Hybrid,7.0,10.0,High School,0
EMP04709,31.0,Female,Finance,75850.26,15.0,3.39,High,no,On-site,9.0,65.0,Bachelor's,1
EMP04710,53.0,Female,Engineering,42705.91,26.0,1.17,High,no,On-site,7.0,7.0,Master's,0
EMP04711,41.0,Male,engineering,54526.57,5.0,2.19,High,No,Full Remote,3.0,61.0,PhD,1
EMP04712,50.0,Prefer not to say,SALES,29201.98,26.0,4.33,Medium,No,On-site,3.0,34.0,Master's,0
EMP04713,24.0,Female,Engineering,85403.66,4.0,3.36,Excellent,Yes,Full Remote,9.0,78.0,Master's,0
EMP04714,52.0,Male,Engineering,121703.31,25.0,2.92,High,Yes,On-site,3.0,57.0,High School,0
EMP04715,,Male,Engineering,72264.31,2.0,3.33,High,yes,Full Remote,3.0,44.0,Master's,0
EMP04716,31.0,Male,Engineering,11806.91,7.0,3.76,Medium,No,Full Remote,6.0,93.0,Bachelor's,0
EMP04717,55.0,Male,Engineering,35612.98,0.0,1.08,Medium,Yes,Hybrid,2.0,6.0,nan,0
EMP04718,46.0,Female,SALES,26880.28,0.0,1.67,Excellent,Yes,Hybrid,5.0,2.0,Bachelor's,1
EMP04719,60.0,Female,Sales,43747.95,29.0,4.35,Medium,No,Full Remote,3.0,4.0,PhD,0
EMP04720,54.0,Female,Sales,77498.24,21.0,3.0,nan,No,Hybrid,7.0,5.0,Master's,0
EMP04721,63.0,,Marketing,43543.16,8.0,3.26,Medium,No,Full Remote,9.0,24.0,Bachelor's,1
EMP04722,34.0,Female,Sales,44720.68,21.0,4.22,Medium,No,Full Remote,6.0,93.0,Bachelor's,0
EMP04723,32.0,Non-binary,HR,60900.03,16.0,1.78,Medium,Yes,Full Remote,9.0,99.0,High School,0
EMP04724,41.0,Male,Sales,74839.68,0.0,3.28,nan,Yes,On-site,5.0,59.0,Bachelor's,0
EMP04725,31.0,Female,engineering,52449.36,13.0,3.91,High,No,Full Remote,3.0,96.0,Master's,0
EMP04726,43.0,Male,HR,65956.36,39.0,1.53,Medium,No,Hybrid,9.0,64.0,PhD,0
EMP04727,25.0,Female,Finance,67884.84,32.0,2.45,Excellent,,Hybrid,1.0,0.0,High School,0
EMP04728,57.0,Female,Engineering,68431.16,14.0,4.89,High,No,Full Remote,2.0,60.0,High School,0
EMP04729,48.0,Female,HR,49485.99,24.0,1.35,Excellent,No,nan,4.0,90.0,Bachelor's,0
EMP04730,56.0,Female,Finance,73240.46,18.0,3.09,Low,No,Full Remote,7.0,45.0,Master's,0
EMP04731,41.0,Female,Sales,67866.53,39.0,2.0,Excellent,Yes,Full Remote,9.0,7.0,Associate,0
EMP04732,63.0,Male,Finance,79385.15,28.0,,Medium,no,On-site,9.0,72.0,Master's,0
EMP04733,61.0,Female,SALES,61025.41,2.0,2.89,Excellent,Yes,On-site,3.0,52.0,High School,0
EMP04734,34.0,Female,,79268.54,10.0,3.3,High,Yes,Hybrid,3.0,27.0,High School,0
EMP04735,22.0,Male,engineering,90025.41,15.0,2.01,nan,,Hybrid,8.0,19.0,Master's,0
EMP04736,34.0,Female,Marketing,52113.72,13.0,3.68,High,Yes,Hybrid,9.0,68.0,Bachelor's,0
EMP04737,22.0,Male,SALES,65445.94,8.0,2.17,High,Yes,Hybrid,1.0,50.0,Bachelor's,1
EMP04738,49.0,Female,Finance,89654.0,20.0,2.08,Medium,no,On-site,7.0,63.0,PhD,0
EMP04739,53.0,Male,Finance,80154.07,20.0,4.25,Medium,No,On-site,8.0,26.0,Associate,0
EMP04740,34.0,Female,Sales,66967.05,28.0,1.54,Excellent,No,On-site,,86.0,Bachelor's,0
EMP04741,57.0,Female,Sales,87855.19,10.0,2.24,Medium,No,nan,8.0,72.0,PhD,1
EMP04742,,Male,,67834.99,13.0,4.15,Low,Yes,Hybrid,1.0,21.0,Master's,0
EMP04743,35.0,Female,Marketing,67307.64,39.0,3.7,Excellent,No,Full Remote,6.0,28.0,nan,0
EMP04744,36.0,Male,Finance,84398.91,34.0,4.45,High,No,Hybrid,9.0,38.0,nan,0
EMP04745,43.0,Male,HR,77485.52,15.0,2.94,Medium,Yes,Hybrid,6.0,40.0,Bachelor's,0
EMP04746,33.0,Male,,81761.99,30.0,2.99,High,No,On-site,5.0,98.0,Master's,1
EMP04747,42.0,Male,SALES,64867.7,9.0,3.66,Low,,Hybrid,4.0,99.0,Bachelor's,0
EMP04748,37.0,Female,Marketing,68375.89,7.0,1.43,High,Yes,Hybrid,3.0,56.0,Master's,0
EMP04749,47.0,Male,Sales,80840.35,38.0,2.46,Medium,No,On-site,6.0,67.0,Bachelor's,1
EMP04750,25.0,Female,Engineering,79259.81,39.0,4.09,High,No,On-site,4.0,90.0,PhD,0
EMP04751,25.0,Male,Finance,42430.92,37.0,4.92,Medium,No,Hybrid,5.0,19.0,Master's,0
EMP04752,31.0,Male,HR,60162.46,21.0,1.23,High,no,Full Remote,5.0,76.0,Master's,0
EMP04753,49.0,Prefer not to say,engineering,89332.1,20.0,,Excellent,no,Full Remote,2.0,69.0,PhD,0
EMP04754,41.0,Female,Sales,66334.98,25.0,2.68,Medium,Yes,Hybrid,7.0,4.0,High School,0
EMP04755,44.0,Female,,53509.62,9.0,3.87,High,,Full Remote,8.0,47.0,High School,0
EMP04756,26.0,Female,engineering,79617.99,4.0,4.95,Excellent,,Hybrid,7.0,73.0,High School,0
EMP04757,30.0,Female,Marketing,70416.75,7.0,1.41,Low,Yes,Full Remote,2.0,74.0,Master's,0
EMP04758,52.0,Male,Finance,73628.88,0.0,3.35,Medium,no,Hybrid,5.0,14.0,Bachelor's,0
EMP04759,33.0,Female,Engineering,59115.98,32.0,1.59,Medium,No,On-site,8.0,63.0,Master's,0
EMP04760,57.0,Female,engineering,69958.8,6.0,4.21,High,No,Full Remote,1.0,10.0,Master's,0
EMP04761,55.0,Male,engineering,76183.58,16.0,4.75,Low,No,Hybrid,6.0,22.0,Master's,0
EMP04762,43.0,Female,Marketing,75914.46,30.0,1.25,Low,No,On-site,8.0,92.0,nan,0
EMP04763,43.0,Female,Marketing,90742.47,16.0,4.87,Medium,No,Hybrid,7.0,86.0,Master's,0
EMP04764,34.0,Female,Sales,65873.62,35.0,2.43,Medium,No,On-site,8.0,76.0,High School,0
EMP04765,37.0,Female,Finance,59591.53,22.0,1.21,Medium,Yes,Hybrid,4.0,9.0,PhD,1
EMP04766,57.0,Female,Finance,112959.9,2.0,1.98,Excellent,No,Full Remote,6.0,49.0,PhD,0
EMP04767,26.0,Female,engineering,95191.66,12.0,3.93,High,No,Full Remote,7.0,17.0,nan,0
EMP04768,58.0,Male,Finance,76407.83,2.0,1.24,Low,No,Hybrid,5.0,37.0,Master's,0
EMP04769,47.0,Female,Engineering,41582.66,31.0,3.25,Excellent,,Full Remote,6.0,84.0,Bachelor's,0
EMP04770,56.0,Male,Sales,57190.78,34.0,1.51,Medium,,On-site,4.0,15.0,PhD,0
EMP04771,50.0,Male,Finance,65864.67,39.0,3.14,Excellent,Yes,Full Remote,6.0,54.0,Bachelor's,0
EMP04772,22.0,Female,SALES,69054.64,14.0,1.32,High,No,Hybrid,7.0,57.0,nan,1
EMP04773,64.0,Female,Engineering,27913.34,17.0,1.07,High,yes,Full Remote,9.0,62.0,Associate,0
EMP04774,40.0,Non-binary,Marketing,79259.94,22.0,4.13,Excellent,No,Hybrid,4.0,21.0,Bachelor's,0
EMP04775,51.0,Female,Finance,73266.4,37.0,2.47,Medium,Yes,On-site,6.0,53.0,Master's,0
EMP04776,49.0,Female,Finance,91603.59,21.0,2.61,Excellent,,Hybrid,3.0,55.0,Bachelor's,0
EMP04777,46.0,Female,HR,66326.62,24.0,4.46,High,Yes,Hybrid,4.0,12.0,Bachelor's,0
EMP04778,43.0,Prefer not to say,Engineering,46691.85,6.0,3.42,Medium,yes,Hybrid,4.0,81.0,Master's,0
EMP04779,41.0,Male,HR,81473.58,36.0,3.84,Excellent,,Full Remote,5.0,42.0,Bachelor's,0
EMP04780,64.0,Male,Marketing,72109.45,34.0,4.62,High,Yes,Hybrid,4.0,94.0,Master's,0
EMP04781,49.0,Female,,30959.42,36.0,3.62,Excellent,Yes,On-site,1.0,49.0,Master's,0
EMP04782,63.0,Female,Finance,57215.89,35.0,2.93,Medium,No,Full Remote,6.0,40.0,Bachelor's,0
EMP04783,61.0,Female,Sales,62561.67,23.0,4.52,Excellent,No,Hybrid,1.0,92.0,PhD,1
EMP04784,22.0,Male,Marketing,47490.56,0.0,1.42,Medium,No,nan,1.0,34.0,Associate,0
EMP04785,31.0,Female,Engineering,39854.28,33.0,4.26,High,yes,Hybrid,2.0,30.0,Bachelor's,1
EMP04786,34.0,Male,Sales,89164.74,27.0,3.15,Low,Yes,Hybrid,8.0,72.0,Bachelor's,0
EMP04787,36.0,Prefer not to say,HR,92394.99,37.0,2.94,High,Yes,On-site,9.0,3.0,Bachelor's,0
EMP04788,41.0,Female,Marketing,61778.53,26.0,4.19,High,Yes,Full Remote,7.0,45.0,Associate,0
EMP04789,59.0,Female,Marketing,80504.73,12.0,4.41,Medium,No,On-site,5.0,54.0,Bachelor's,0
EMP04790,55.0,Non-binary,Finance,93579.38,15.0,3.65,nan,No,Hybrid,7.0,24.0,Master's,0
EMP04791,40.0,Male,Finance,60947.76,7.0,2.59,Medium,no,Hybrid,8.0,67.0,Master's,0
EMP04792,45.0,Non-binary,Engineering,43129.72,29.0,4.78,Medium,No,On-site,6.0,4.0,Master's,0
EMP04793,48.0,Male,engineering,95194.44,19.0,4.37,High,,Hybrid,4.0,37.0,Bachelor's,0
EMP04794,58.0,Male,Sales,88086.55,21.0,2.72,Excellent,yes,Hybrid,8.0,95.0,Bachelor's,1
EMP04795,64.0,Non-binary,Engineering,114165.69,32.0,,Medium,No,Full Remote,4.0,43.0,Bachelor's,0
EMP04796,47.0,Female,Finance,34150.97,21.0,4.72,High,no,On-site,8.0,1.0,Bachelor's,0
EMP04797,40.0,Male,Sales,95470.55,31.0,1.77,Low,Yes,On-site,2.0,24.0,High School,0
EMP04798,22.0,Male,Engineering,82303.76,14.0,2.42,High,Yes,Hybrid,4.0,76.0,Bachelor's,0
EMP04799,47.0,Female,Engineering,104020.64,16.0,2.17,Medium,Yes,Hybrid,2.0,21.0,Master's,0
EMP04800,34.0,Male,Engineering,59094.96,37.0,3.8,Low,No,On-site,9.0,87.0,Bachelor's,0
EMP04801,35.0,Female,Marketing,68588.89,29.0,2.1,Medium,No,On-site,3.0,56.0,Bachelor's,0
EMP04802,62.0,Prefer not to say,Finance,53092.29,10.0,1.74,High,No,Hybrid,6.0,49.0,PhD,0
EMP04803,61.0,Male,HR,55563.87,5.0,3.88,Medium,no,Full Remote,3.0,50.0,Master's,0
EMP04804,42.0,Prefer not to say,Finance,48903.9,18.0,4.96,Medium,Yes,Hybrid,2.0,88.0,Bachelor's,1
EMP04805,24.0,Female,Finance,49838.29,13.0,3.89,Medium,Yes,On-site,2.0,69.0,Bachelor's,1
EMP04806,,Female,Sales,62596.22,23.0,3.19,High,Yes,Hybrid,2.0,24.0,Master's,0
EMP04807,62.0,Male,HR,43569.78,6.0,2.37,Medium,No,nan,5.0,49.0,Bachelor's,0
EMP04808,58.0,Female,Finance,78672.4,18.0,2.5,High,Yes,Hybrid,8.0,49.0,Bachelor's,0
EMP04809,31.0,Female,Engineering,48603.58,,4.82,High,No,Full Remote,2.0,8.0,Bachelor's,0
EMP04810,46.0,Female,Finance,66544.14,23.0,3.35,Medium,Yes,Full Remote,7.0,49.0,Master's,0
EMP04811,62.0,Female,Sales,64410.11,0.0,4.72,Low,No,On-site,7.0,36.0,PhD,0
EMP04812,29.0,Female,Marketing,89983.09,37.0,4.74,Excellent,No,Hybrid,4.0,89.0,Bachelor's,0
EMP04813,54.0,Non-binary,Sales,79707.4,39.0,2.16,Excellent,No,Full Remote,6.0,68.0,nan,0
EMP04814,26.0,Male,Marketing,85392.12,13.0,4.84,High,No,Hybrid,2.0,68.0,Bachelor's,1
EMP04815,63.0,Female,Sales,37287.22,25.0,1.43,Medium,No,Full Remote,2.0,35.0,Master's,0
EMP04816,25.0,Male,Sales,60115.79,37.0,4.25,High,no,Full Remote,2.0,26.0,Bachelor's,0
EMP04817,42.0,Female,Engineering,60777.13,39.0,1.24,High,Yes,Hybrid,6.0,27.0,Master's,1
EMP04818,39.0,Male,Marketing,70118.8,13.0,3.28,High,yes,Full Remote,4.0,70.0,PhD,0
EMP04819,22.0,Male,Sales,51740.38,6.0,1.68,High,Yes,Hybrid,1.0,84.0,Bachelor's,0
EMP04820,27.0,Male,Engineering,35662.92,2.0,2.18,nan,yes,On-site,,5.0,PhD,0
EMP04821,40.0,Female,,65403.22,16.0,3.34,Medium,Yes,Hybrid,8.0,10.0,Master's,0
EMP04822,33.0,Non-binary,Engineering,45458.33,13.0,1.13,nan,Yes,On-site,7.0,54.0,PhD,1
EMP04823,25.0,Female,SALES,58163.26,39.0,1.56,High,,Full Remote,8.0,43.0,Bachelor's,0
EMP04824,34.0,Male,engineering,62303.12,35.0,2.35,Medium,,On-site,3.0,39.0,Bachelor's,0
EMP04825,38.0,Male,Engineering,36383.78,11.0,2.91,High,Yes,On-site,2.0,13.0,High School,0
EMP04826,60.0,Prefer not to say,Engineering,71776.09,24.0,1.78,Medium,Yes,On-site,6.0,,Master's,0
EMP04827,28.0,Female,,25968.19,25.0,2.84,Excellent,Yes,Hybrid,2.0,35.0,Master's,1
EMP04828,25.0,Male,Marketing,50767.46,34.0,2.94,High,No,Hybrid,7.0,61.0,Bachelor's,0
EMP04829,34.0,Female,Engineering,68734.73,4.0,2.36,Low,Yes,nan,,83.0,Master's,1
EMP04830,43.0,Female,engineering,85508.56,0.0,1.34,Low,No,Hybrid,9.0,52.0,Master's,0
EMP04831,61.0,Male,Finance,60077.49,35.0,4.73,Excellent,no,Hybrid,6.0,28.0,High School,1
EMP04832,24.0,Female,Marketing,97617.86,35.0,4.44,Medium,no,Hybrid,8.0,68.0,Bachelor's,0
EMP04833,64.0,Male,Sales,46917.81,12.0,1.95,Medium,No,Hybrid,8.0,0.0,PhD,0
EMP04834,44.0,Female,HR,27598.78,2.0,4.87,Medium,Yes,On-site,3.0,56.0,Bachelor's,1
EMP04835,38.0,Male,Finance,29588.25,32.0,2.73,nan,yes,On-site,9.0,10.0,Master's,0
EMP04836,63.0,Female,engineering,65578.7,35.0,4.06,High,Yes,Hybrid,3.0,78.0,Bachelor's,0
EMP04837,23.0,Male,Engineering,53727.94,23.0,,High,yes,On-site,2.0,17.0,Bachelor's,1
EMP04838,23.0,Female,Engineering,71745.45,2.0,-1.0,nan,Yes,Full Remote,4.0,52.0,PhD,0
EMP04839,28.0,Female,Engineering,67643.0,11.0,3.45,Medium,no,Full Remote,9.0,86.0,Bachelor's,0
EMP04840,53.0,Male,Marketing,51287.51,20.0,2.77,nan,No,nan,7.0,14.0,Bachelor's,0
EMP04841,31.0,Female,,60370.3,6.0,3.64,nan,No,Hybrid,2.0,7.0,PhD,0
EMP04842,33.0,Female,Marketing,27356.49,31.0,2.3,Low,yes,Hybrid,6.0,95.0,High School,0
EMP04843,36.0,Male,Marketing,68186.72,12.0,3.61,Excellent,Yes,Full Remote,7.0,54.0,Bachelor's,0
EMP04844,56.0,Male,Finance,76260.28,22.0,2.47,High,no,On-site,5.0,45.0,Bachelor's,0
EMP04845,50.0,Prefer not to say,Sales,80168.49,2.0,2.23,High,No,Hybrid,6.0,12.0,Associate,0
EMP04846,24.0,Female,HR,73824.27,25.0,1.94,High,No,nan,4.0,79.0,Bachelor's,0
EMP04847,39.0,Male,,59298.68,28.0,2.63,High,Yes,Full Remote,8.0,25.0,Bachelor's,0
EMP04848,45.0,Male,HR,127728.8,37.0,3.46,High,Yes,On-site,1.0,57.0,Bachelor's,0
EMP04849,49.0,Prefer not to say,Engineering,100216.68,26.0,4.36,Excellent,Yes,Hybrid,,66.0,Master's,0
EMP04850,24.0,Female,SALES,53494.17,3.0,2.72,High,,Hybrid,4.0,20.0,Bachelor's,0
EMP04851,30.0,Female,Sales,58733.46,17.0,4.62,nan,No,Full Remote,2.0,51.0,Bachelor's,0
EMP04852,40.0,Female,Engineering,69434.3,29.0,4.28,Low,Yes,Hybrid,4.0,35.0,Master's,0
EMP04853,44.0,Male,Engineering,81739.29,39.0,1.68,High,No,nan,2.0,8.0,Bachelor's,0
EMP04854,45.0,Female,Marketing,59600.15,16.0,4.2,Excellent,Yes,On-site,9.0,80.0,Master's,0
EMP04855,55.0,Male,Sales,64617.06,20.0,1.06,Medium,,On-site,7.0,47.0,Bachelor's,0
EMP04856,55.0,Non-binary,Finance,54798.04,22.0,2.24,Medium,Yes,Full Remote,7.0,72.0,Master's,0
EMP04857,26.0,Female,HR,77717.25,20.0,2.04,Medium,Yes,On-site,1.0,12.0,Master's,0
EMP04858,25.0,Male,Engineering,54335.65,26.0,3.91,nan,yes,nan,1.0,12.0,nan,0
EMP04859,35.0,Female,Marketing,91727.91,3.0,4.66,Excellent,No,Hybrid,1.0,50.0,nan,0
EMP04860,48.0,Male,,45070.79,28.0,4.78,Medium,,Full Remote,4.0,3.0,Master's,0
EMP04861,28.0,Male,,63097.59,7.0,2.39,Medium,no,On-site,9.0,39.0,Bachelor's,0
EMP04862,44.0,Female,Engineering,86078.08,13.0,1.63,Medium,yes,Full Remote,3.0,85.0,Bachelor's,0
EMP04863,26.0,Female,Sales,83121.77,8.0,2.82,Medium,yes,Full Remote,4.0,26.0,Bachelor's,0
EMP04864,53.0,Non-binary,HR,68872.46,27.0,3.95,High,No,Hybrid,3.0,67.0,Master's,0
EMP04865,25.0,Female,Marketing,66350.06,33.0,4.31,Medium,No,Full Remote,3.0,60.0,Master's,0
EMP04866,23.0,Male,Marketing,85286.24,18.0,4.41,Medium,,Hybrid,6.0,89.0,Associate,0
EMP04867,57.0,Female,Sales,95353.71,13.0,3.42,Excellent,No,On-site,1.0,16.0,Master's,1
EMP04868,23.0,Female,engineering,57113.2,30.0,3.85,High,No,Full Remote,6.0,57.0,Master's,1
EMP04869,61.0,Male,,79658.94,29.0,4.18,Medium,No,Hybrid,8.0,81.0,Master's,1
EMP04870,28.0,Male,Engineering,86593.04,6.0,1.73,High,Yes,Full Remote,4.0,82.0,Bachelor's,0
EMP04871,39.0,Male,HR,44007.31,31.0,4.41,High,no,Full Remote,5.0,19.0,nan,1
EMP04872,27.0,Female,HR,48992.6,22.0,3.16,High,No,Hybrid,5.0,73.0,Master's,0
EMP04873,36.0,Female,Finance,79294.11,16.0,2.04,Excellent,No,Hybrid,1.0,16.0,Master's,0
EMP04874,32.0,Female,Marketing,81268.92,23.0,2.26,Low,No,Full Remote,5.0,43.0,Master's,1
EMP04875,63.0,Female,Finance,81627.28,37.0,2.84,Excellent,Yes,Hybrid,4.0,95.0,Master's,0
EMP04876,63.0,Female,engineering,83967.27,37.0,2.74,Medium,No,nan,7.0,44.0,Bachelor's,0
EMP04877,35.0,,Marketing,91236.7,37.0,4.34,Medium,,Full Remote,4.0,44.0,Master's,0
EMP04878,50.0,Female,Sales,86894.88,22.0,3.98,Low,No,On-site,1.0,69.0,Bachelor's,0
EMP04879,63.0,Female,Sales,41034.13,32.0,3.81,High,Yes,Full Remote,6.0,11.0,Bachelor's,1
EMP04880,44.0,Male,Engineering,52659.25,37.0,4.12,Excellent,No,Full Remote,3.0,51.0,High School,0
EMP04881,24.0,,Finance,37233.98,16.0,3.94,Medium,Yes,Hybrid,1.0,13.0,PhD,0
EMP04882,30.0,Female,Sales,76825.31,10.0,1.79,High,no,On-site,2.0,49.0,Master's,0
EMP04883,41.0,Male,SALES,47289.14,4.0,1.78,Medium,No,On-site,8.0,21.0,Master's,0
EMP04884,34.0,Female,Sales,63110.62,1.0,3.29,Low,no,On-site,7.0,50.0,Bachelor's,0
EMP04885,25.0,Male,Sales,,30.0,3.44,nan,,Full Remote,3.0,45.0,Master's,0
EMP04886,53.0,Female,Engineering,41630.94,37.0,2.12,High,,On-site,3.0,39.0,PhD,0
EMP04887,23.0,Male,engineering,44659.69,36.0,3.95,Excellent,Yes,Full Remote,6.0,95.0,Bachelor's,0
EMP04888,34.0,Female,Finance,75315.25,9.0,3.68,Low,Yes,Full Remote,3.0,43.0,PhD,0
EMP04889,52.0,Female,Engineering,50884.19,12.0,2.3,Excellent,Yes,nan,8.0,18.0,High School,0
EMP04890,62.0,Male,Sales,77803.42,26.0,3.32,Medium,,nan,7.0,79.0,Bachelor's,0
EMP04891,55.0,Male,Engineering,27353.73,32.0,2.43,Medium,No,Hybrid,1.0,39.0,Master's,1
EMP04892,32.0,Non-binary,Engineering,35083.37,9.0,1.27,High,No,Hybrid,5.0,24.0,Bachelor's,1
EMP04893,42.0,Non-binary,Engineering,52420.92,0.0,4.48,High,No,On-site,9.0,91.0,High School,0
EMP04894,63.0,Female,Engineering,60167.54,31.0,4.76,High,Yes,Hybrid,6.0,64.0,Master's,1
EMP04895,29.0,Female,Engineering,28154.96,15.0,4.49,Low,yes,Full Remote,8.0,59.0,Master's,0
EMP04896,44.0,,Finance,84789.77,0.0,3.45,High,Yes,On-site,6.0,76.0,Bachelor's,0
EMP04897,48.0,Non-binary,Engineering,22511.89,38.0,4.27,High,,nan,8.0,97.0,Master's,0
EMP04898,42.0,Male,Sales,99325.5,35.0,3.94,High,Yes,Hybrid,4.0,75.0,Master's,0
EMP04899,62.0,Female,Finance,49723.92,37.0,3.42,High,no,Hybrid,7.0,11.0,Master's,0
EMP04900,50.0,Female,HR,49682.67,33.0,3.26,High,,Hybrid,9.0,76.0,Bachelor's,0
EMP04901,51.0,Male,Finance,87627.78,30.0,2.95,Excellent,no,Hybrid,7.0,7.0,Bachelor's,0
EMP04902,59.0,Female,Sales,95979.0,25.0,2.38,High,Yes,Hybrid,2.0,99.0,High School,1
EMP04903,62.0,Female,Engineering,42019.52,12.0,1.73,Low,Yes,On-site,9.0,41.0,Master's,0
EMP04904,22.0,Female,Sales,53349.6,32.0,1.69,Medium,No,On-site,8.0,55.0,High School,0
EMP04905,27.0,Female,Engineering,37974.74,28.0,1.51,Medium,Yes,Hybrid,6.0,82.0,High School,0
EMP04906,30.0,Male,SALES,45608.27,10.0,2.65,Excellent,No,On-site,5.0,10.0,PhD,0
EMP04907,45.0,Male,,49929.64,21.0,2.9,Medium,No,Hybrid,6.0,89.0,Master's,0
EMP04908,44.0,Female,,39309.33,31.0,2.39,High,yes,On-site,2.0,26.0,Master's,1
EMP04909,48.0,Male,Finance,76354.03,0.0,2.8,High,No,Hybrid,5.0,72.0,PhD,0
EMP04910,38.0,Male,Finance,97928.4,19.0,1.94,High,,Hybrid,9.0,2.0,Master's,0
EMP04911,33.0,Male,Sales,69159.87,27.0,1.83,Excellent,Yes,Full Remote,6.0,18.0,Bachelor's,0
EMP04912,53.0,Female,Marketing,72076.87,36.0,3.58,Excellent,Yes,On-site,8.0,64.0,Bachelor's,0
EMP04913,62.0,Female,Marketing,50199.73,19.0,1.09,Medium,No,On-site,4.0,61.0,High School,0
EMP04914,33.0,Non-binary,engineering,76201.8,14.0,3.27,Medium,yes,Full Remote,8.0,93.0,Bachelor's,0
EMP04915,48.0,Male,Engineering,79273.85,12.0,2.99,High,Yes,On-site,3.0,8.0,High School,0
EMP04916,41.0,Female,engineering,68988.44,17.0,3.34,High,,Hybrid,,77.0,Bachelor's,0
EMP04917,34.0,Female,Sales,39079.0,16.0,3.95,Medium,yes,On-site,3.0,82.0,Master's,0
EMP04918,39.0,Male,,54728.87,34.0,2.47,High,No,Full Remote,9.0,11.0,Bachelor's,0
EMP04919,43.0,Male,engineering,31775.33,9.0,1.9,nan,,Hybrid,3.0,76.0,Master's,0
EMP04920,23.0,Male,Marketing,75194.99,23.0,3.83,Excellent,Yes,Hybrid,3.0,29.0,Master's,1
EMP04921,40.0,Female,Engineering,83904.56,8.0,3.22,High,No,Hybrid,5.0,83.0,Bachelor's,0
EMP04922,46.0,Male,Marketing,81459.66,2.0,2.35,High,,Full Remote,2.0,78.0,Master's,0
EMP04923,47.0,Prefer not to say,engineering,115512.87,29.0,3.6,Medium,No,Full Remote,9.0,47.0,Bachelor's,0
EMP04924,37.0,Female,engineering,64244.53,14.0,2.7,Medium,Yes,On-site,9.0,3.0,Bachelor's,0
EMP04925,54.0,Male,engineering,66798.93,6.0,1.67,Excellent,no,On-site,7.0,14.0,PhD,0
EMP04926,42.0,,Marketing,62496.18,27.0,1.61,High,yes,Full Remote,9.0,3.0,Bachelor's,0
EMP04927,49.0,Female,Marketing,51125.27,19.0,4.38,Low,Yes,On-site,2.0,11.0,High School,0
EMP04928,35.0,Male,engineering,54597.94,33.0,2.57,Low,No,Full Remote,9.0,10.0,Bachelor's,0
EMP04929,64.0,Female,Sales,69190.91,22.0,3.51,High,no,Hybrid,6.0,15.0,Master's,1
EMP04930,31.0,Female,Finance,103507.38,32.0,2.51,High,yes,Hybrid,2.0,89.0,Master's,0
EMP04931,38.0,Non-binary,Marketing,72521.92,21.0,2.04,Medium,No,Hybrid,2.0,75.0,Master's,0
EMP04932,40.0,Male,Finance,75355.23,16.0,3.21,Medium,No,Hybrid,1.0,38.0,PhD,0
EMP04933,51.0,Male,Sales,36155.19,17.0,4.41,Low,No,Full Remote,4.0,58.0,Master's,1
EMP04934,60.0,Male,Engineering,84959.04,38.0,4.12,High,No,On-site,9.0,54.0,Master's,0
EMP04935,38.0,Female,HR,74342.36,31.0,1.42,Medium,no,Full Remote,2.0,10.0,Bachelor's,0
EMP04936,42.0,Female,Finance,33289.26,12.0,3.92,High,yes,Full Remote,2.0,33.0,Master's,0
EMP04937,62.0,Male,Sales,53344.85,4.0,1.0,High,yes,Hybrid,6.0,86.0,Master's,1
EMP04938,37.0,Female,Engineering,68713.07,,2.36,Medium,no,Full Remote,6.0,0.0,High School,0
EMP04939,61.0,Male,Engineering,84210.85,8.0,4.87,High,,Full Remote,3.0,41.0,Master's,0
EMP04940,46.0,Male,HR,49229.15,16.0,3.0,Medium,Yes,On-site,5.0,7.0,Bachelor's,1
EMP04941,55.0,Prefer not to say,Sales,85552.33,27.0,3.78,nan,Yes,On-site,2.0,21.0,Master's,0
EMP04942,28.0,Male,engineering,35850.24,8.0,1.55,Low,no,nan,8.0,98.0,Bachelor's,0
EMP04943,32.0,Female,Finance,70615.77,26.0,1.38,High,No,On-site,8.0,78.0,PhD,0
EMP04944,31.0,Male,Sales,37543.9,39.0,2.95,Excellent,No,Full Remote,2.0,47.0,Associate,0
EMP04945,39.0,Male,Engineering,102635.31,20.0,3.99,nan,Yes,Hybrid,2.0,4.0,Master's,0
EMP04946,61.0,Non-binary,SALES,51147.71,,4.7,High,No,Hybrid,6.0,51.0,Bachelor's,0
EMP04947,64.0,Female,Engineering,61955.75,4.0,2.61,Medium,Yes,nan,6.0,,Master's,1
EMP04948,35.0,Male,engineering,46236.72,31.0,4.31,Excellent,no,Hybrid,3.0,25.0,Master's,0
EMP04949,49.0,Male,Marketing,39400.06,16.0,2.36,High,No,On-site,4.0,97.0,Master's,0
EMP04950,33.0,Female,Marketing,89630.91,33.0,4.71,Medium,No,Full Remote,7.0,13.0,Master's,0
EMP04951,62.0,Female,engineering,60855.11,17.0,4.35,High,No,Hybrid,1.0,52.0,Bachelor's,0
EMP04952,45.0,Female,,60154.1,3.0,1.8,High,Yes,On-site,7.0,8.0,Master's,0
EMP04953,33.0,Male,Finance,68342.39,32.0,2.96,High,No,Hybrid,6.0,47.0,Bachelor's,0
EMP04954,36.0,Female,HR,80394.98,1.0,4.47,Medium,yes,On-site,7.0,60.0,Master's,0
EMP04955,46.0,Male,Sales,79793.27,12.0,3.88,Excellent,no,On-site,6.0,4.0,Bachelor's,0
EMP04956,52.0,Male,Marketing,68487.79,,4.64,High,Yes,Full Remote,2.0,58.0,Bachelor's,0
EMP04957,28.0,Female,Sales,50234.24,32.0,3.52,nan,No,Hybrid,4.0,43.0,nan,0
EMP04958,62.0,Male,Sales,66642.19,31.0,1.3,Medium,Yes,Full Remote,8.0,65.0,Associate,1
EMP04959,59.0,Female,SALES,73519.42,37.0,3.08,Low,no,Hybrid,9.0,77.0,Bachelor's,0
EMP04960,33.0,Male,HR,47765.88,3.0,2.64,High,Yes,Full Remote,2.0,71.0,Master's,0
EMP04961,63.0,Female,Engineering,35193.91,5.0,1.1,High,Yes,Hybrid,9.0,46.0,Bachelor's,0
EMP04962,50.0,Female,engineering,75578.4,24.0,1.64,Low,No,Hybrid,6.0,2.0,Master's,0
EMP04963,58.0,Female,Finance,80229.87,19.0,3.93,High,no,Hybrid,5.0,85.0,Bachelor's,0
EMP04964,27.0,Male,,63953.11,0.0,3.12,High,no,Hybrid,6.0,64.0,Bachelor's,0
EMP04965,43.0,Male,SALES,94057.01,35.0,2.42,High,,On-site,3.0,76.0,Master's,1
EMP04966,30.0,Female,Sales,63983.43,7.0,4.71,High,no,Hybrid,6.0,5.0,Master's,1
EMP04967,25.0,Female,,57876.54,33.0,1.7,High,No,Full Remote,7.0,25.0,Bachelor's,0
EMP04968,42.0,Female,Marketing,91817.68,25.0,1.83,Excellent,yes,On-site,4.0,23.0,Master's,0
EMP04969,51.0,Prefer not to say,Sales,73191.43,25.0,2.49,Low,No,Full Remote,7.0,,Master's,0
EMP04970,23.0,Non-binary,SALES,81770.85,20.0,3.63,Excellent,Yes,Full Remote,5.0,35.0,Master's,0
EMP04971,30.0,Male,engineering,73519.18,9.0,2.72,High,No,On-site,3.0,25.0,Master's,0
EMP04972,58.0,Non-binary,Sales,32319.1,14.0,4.7,Medium,no,On-site,5.0,86.0,Bachelor's,1
EMP04973,23.0,Female,Engineering,89997.12,29.0,2.21,High,No,Full Remote,1.0,52.0,PhD,0
EMP04974,40.0,Non-binary,Sales,50525.1,2.0,1.75,High,No,Hybrid,5.0,35.0,Master's,0
EMP04975,48.0,Female,Finance,84317.51,11.0,3.6,Excellent,No,On-site,3.0,28.0,Bachelor's,0
EMP04976,52.0,Male,Sales,36960.27,22.0,4.92,Excellent,No,nan,7.0,62.0,Master's,0
EMP04977,41.0,Female,Finance,71977.25,17.0,2.1,High,No,On-site,7.0,72.0,Master's,0
EMP04978,64.0,Male,Finance,52191.61,10.0,4.95,Low,,On-site,1.0,76.0,Master's,0
EMP04979,33.0,Female,engineering,85351.13,33.0,2.53,High,Yes,Full Remote,9.0,86.0,PhD,0
EMP04980,52.0,,Marketing,57674.93,30.0,4.3,Excellent,No,nan,2.0,95.0,High School,0
EMP04981,61.0,Prefer not to say,Engineering,72849.6,19.0,3.36,High,No,On-site,5.0,7.0,High School,0
EMP04982,60.0,Male,Sales,66932.83,34.0,1.02,Low,yes,On-site,3.0,5.0,PhD,0
EMP04983,34.0,Female,Finance,48675.22,12.0,4.91,High,No,On-site,5.0,9.0,Bachelor's,1
EMP04984,53.0,Male,,74728.4,15.0,3.16,High,,On-site,3.0,60.0,Bachelor's,0
EMP04985,27.0,Male,SALES,70728.53,13.0,2.42,Medium,No,Hybrid,8.0,83.0,Bachelor's,0
EMP04986,41.0,Male,engineering,99522.44,27.0,3.58,Low,yes,Hybrid,9.0,69.0,Master's,0
EMP04987,22.0,Non-binary,Finance,71743.05,11.0,3.31,High,No,Full Remote,3.0,72.0,Master's,0
EMP04988,23.0,Female,Engineering,46912.04,9.0,2.37,Excellent,No,On-site,1.0,99.0,Master's,0
EMP04989,57.0,Non-binary,Finance,91400.34,34.0,2.01,High,Yes,On-site,6.0,81.0,Master's,1
EMP04990,45.0,Female,Engineering,72856.29,39.0,1.25,Medium,Yes,Hybrid,9.0,86.0,High School,0
EMP04991,38.0,Female,Marketing,48602.91,22.0,4.54,High,No,Hybrid,5.0,7.0,Bachelor's,1
EMP04992,36.0,Male,,41403.95,18.0,2.32,Excellent,Yes,On-site,8.0,25.0,Master's,0
EMP04993,58.0,Male,HR,52005.19,32.0,3.36,High,Yes,Hybrid,,19.0,High School,0
EMP04994,51.0,Male,Engineering,92103.72,3.0,3.49,Medium,yes,Hybrid,3.0,65.0,Bachelor's,0
EMP04995,58.0,Female,Finance,52871.47,12.0,4.18,Low,no,Hybrid,1.0,35.0,Bachelor's,0
EMP04996,43.0,Prefer not to say,Sales,27630.67,25.0,4.79,nan,No,Full Remote,7.0,33.0,Bachelor's,0
EMP04997,22.0,Male,Engineering,63203.87,33.0,3.56,Excellent,No,On-site,5.0,23.0,Bachelor's,0
EMP04998,,Male,Engineering,63707.76,17.0,4.47,High,No,Hybrid,9.0,63.0,Bachelor's,0
EMP04999,47.0,Male,Marketing,53735.89,33.0,3.08,Low,No,On-site,7.0,24.0,PhD,0
EMP05000,41.0,Female,,76817.23,29.0,1.19,High,,On-site,2.0,41.0,Master's,0
EMP05001,63.0,Female,Marketing,49321.47,23.0,4.02,High,Yes,On-site,1.0,89.0,High School,0
EMP05002,38.0,Female,engineering,65964.27,23.0,3.03,High,Yes,Hybrid,1.0,60.0,Master's,0
EMP05003,35.0,Female,Engineering,57137.49,7.0,2.58,Low,no,On-site,9.0,83.0,nan,0
EMP05004,24.0,Male,Sales,8279.85,12.0,1.85,Medium,No,Full Remote,9.0,0.0,Bachelor's,0
EMP05005,28.0,Male,Marketing,73242.88,28.0,2.97,High,No,Full Remote,8.0,31.0,Master's,0
EMP05006,50.0,Male,Finance,63980.04,10.0,3.89,High,No,Full Remote,1.0,71.0,PhD,0
EMP05007,28.0,Male,Marketing,47940.81,1.0,3.47,Medium,Yes,On-site,5.0,52.0,PhD,0
EMP05008,27.0,Male,Marketing,45398.07,24.0,1.16,Medium,No,On-site,8.0,0.0,Bachelor's,1
EMP05009,53.0,Male,,69190.14,27.0,4.75,nan,No,On-site,7.0,18.0,nan,0
EMP05010,37.0,Prefer not to say,Engineering,54344.33,14.0,1.77,Medium,Yes,Full Remote,7.0,8.0,Bachelor's,0
EMP05011,33.0,Male,Engineering,63531.73,10.0,4.08,Medium,yes,On-site,6.0,65.0,PhD,0
EMP05012,55.0,Female,HR,58882.91,25.0,4.77,Excellent,yes,On-site,9.0,11.0,nan,0
EMP05013,25.0,Non-binary,Sales,36380.29,9.0,3.06,nan,yes,Hybrid,7.0,13.0,Master's,0
EMP05014,28.0,Male,Marketing,87117.14,32.0,2.04,Medium,no,Hybrid,1.0,57.0,Associate,0
EMP05015,34.0,,Marketing,21320.93,28.0,2.51,Excellent,Yes,Full Remote,5.0,66.0,Master's,1
EMP05016,41.0,Female,engineering,23726.25,38.0,2.02,Low,Yes,Hybrid,3.0,28.0,High School,0
EMP05017,25.0,Female,Engineering,82458.22,37.0,1.19,High,yes,On-site,8.0,70.0,Master's,0
EMP05018,41.0,Male,engineering,41798.45,11.0,2.09,Medium,Yes,On-site,5.0,78.0,Bachelor's,0
EMP05019,29.0,Male,Marketing,60120.22,37.0,1.74,High,yes,Full Remote,5.0,26.0,Master's,0
EMP05020,45.0,Female,engineering,86031.01,30.0,4.15,High,No,Hybrid,9.0,99.0,Master's,0
EMP05021,57.0,Male,engineering,90367.59,15.0,1.96,Medium,yes,Full Remote,8.0,90.0,Master's,0
EMP05022,31.0,Female,Engineering,58993.64,19.0,4.15,High,,Hybrid,6.0,91.0,Bachelor's,0
EMP05023,26.0,Male,Marketing,48636.11,6.0,2.68,Medium,yes,On-site,4.0,0.0,Bachelor's,1
EMP05024,54.0,Female,Engineering,19409.53,25.0,3.16,Medium,no,Full Remote,2.0,98.0,Master's,0
EMP05025,34.0,Male,Engineering,16680.08,26.0,2.46,Low,no,nan,4.0,44.0,High School,1
EMP05026,48.0,Male,Engineering,78688.3,16.0,-1.0,Excellent,,Hybrid,1.0,3.0,Bachelor's,0
EMP05027,24.0,Female,Sales,84492.13,17.0,2.24,Excellent,yes,On-site,3.0,95.0,Bachelor's,1
EMP05028,33.0,Female,Sales,51369.75,10.0,4.75,High,No,Hybrid,7.0,58.0,PhD,0
EMP05029,27.0,Female,Marketing,45756.19,4.0,2.4,nan,no,Hybrid,3.0,65.0,Master's,0
EMP05030,49.0,Female,Sales,75347.45,23.0,1.13,High,yes,On-site,6.0,90.0,Master's,1
EMP05031,35.0,Female,Finance,76985.99,14.0,3.82,High,no,Hybrid,9.0,83.0,Master's,1
EMP05032,36.0,Male,Engineering,78907.83,16.0,4.09,Excellent,Yes,Hybrid,9.0,91.0,Master's,0
EMP05033,43.0,Male,engineering,67755.59,30.0,1.04,High,No,On-site,,92.0,Bachelor's,0
EMP05034,51.0,Female,Sales,59957.74,13.0,2.73,High,No,Hybrid,5.0,10.0,High School,1
EMP05035,42.0,Male,Engineering,89319.36,34.0,4.22,High,,Hybrid,4.0,93.0,Master's,0
EMP05036,,Male,Sales,41728.6,21.0,3.87,Excellent,Yes,Hybrid,3.0,4.0,Master's,0
EMP05037,58.0,Male,,68164.69,20.0,1.0,High,yes,Hybrid,7.0,93.0,Bachelor's,0
EMP05038,48.0,Male,Sales,82749.39,0.0,2.95,Low,no,Full Remote,6.0,83.0,Bachelor's,0
EMP05039,23.0,Female,Finance,74221.38,9.0,2.61,High,Yes,Full Remote,9.0,76.0,Master's,1
EMP05040,25.0,Female,Engineering,78391.06,11.0,2.27,High,,Full Remote,5.0,67.0,Master's,0
EMP05041,38.0,Female,Engineering,64876.94,20.0,3.93,Medium,no,nan,6.0,29.0,Bachelor's,0
EMP05042,27.0,Female,Marketing,75307.22,39.0,3.54,High,No,Full Remote,1.0,91.0,Bachelor's,0
EMP05043,32.0,Female,Marketing,88887.06,33.0,1.16,High,,On-site,1.0,67.0,Master's,0
EMP05044,39.0,Male,,72065.94,32.0,1.63,nan,No,Hybrid,8.0,47.0,Bachelor's,0
EMP05045,37.0,Female,Finance,69259.52,22.0,2.69,High,No,Full Remote,2.0,5.0,Master's,0
EMP05046,42.0,Male,Finance,55758.34,3.0,4.33,High,Yes,On-site,3.0,82.0,Master's,0
EMP05047,39.0,Female,Engineering,68388.33,34.0,1.03,Excellent,No,On-site,6.0,6.0,Associate,0
EMP05048,28.0,Male,Sales,68582.25,12.0,1.64,Medium,No,Full Remote,8.0,49.0,Master's,0
EMP05049,48.0,Non-binary,Marketing,65330.73,30.0,1.23,Excellent,yes,Hybrid,2.0,51.0,Bachelor's,0
EMP05050,24.0,Male,Finance,47424.79,17.0,2.68,Medium,No,On-site,2.0,38.0,Associate,0
EMP05051,47.0,Male,Marketing,75387.71,38.0,3.22,Medium,,On-site,9.0,30.0,Master's,0
EMP05052,24.0,Prefer not to say,Engineering,62924.9,7.0,2.3,Medium,Yes,On-site,6.0,54.0,Bachelor's,0
EMP05053,22.0,Female,engineering,108032.52,19.0,3.85,Medium,No,Hybrid,8.0,47.0,High School,0
EMP05054,52.0,Male,Marketing,54445.1,31.0,3.19,Medium,No,Hybrid,3.0,19.0,Bachelor's,0
EMP05055,37.0,Male,SALES,36244.34,39.0,3.94,Excellent,No,Hybrid,5.0,13.0,Bachelor's,0
EMP05056,35.0,Female,Marketing,62194.19,7.0,3.4,Low,Yes,Full Remote,7.0,32.0,Bachelor's,0
EMP05057,43.0,Female,Finance,52197.17,20.0,3.28,nan,yes,Hybrid,5.0,33.0,Master's,0
EMP05058,26.0,Male,HR,61317.94,9.0,2.22,High,Yes,On-site,4.0,99.0,Bachelor's,0
EMP05059,34.0,Male,Sales,75921.19,11.0,2.8,Excellent,No,On-site,2.0,85.0,Bachelor's,1
EMP05060,53.0,Female,Engineering,50258.97,9.0,2.38,Medium,yes,Hybrid,1.0,88.0,Bachelor's,0
EMP05061,56.0,,,66303.97,35.0,1.6,Low,No,Hybrid,3.0,43.0,High School,0
EMP05062,43.0,Male,Finance,67649.88,29.0,2.71,High,Yes,Full Remote,7.0,50.0,Master's,0
EMP05063,56.0,Male,Marketing,37656.55,8.0,4.76,Excellent,no,Hybrid,9.0,45.0,Bachelor's,0
EMP05064,56.0,Non-binary,Finance,78645.68,33.0,1.72,Medium,Yes,Full Remote,2.0,79.0,PhD,1
EMP05065,31.0,Male,Marketing,43887.85,30.0,4.75,High,,Full Remote,3.0,94.0,Master's,0
EMP05066,38.0,Female,Finance,97551.81,4.0,2.6,Medium,no,Full Remote,2.0,14.0,Master's,0
EMP05067,60.0,Female,Marketing,16327.79,20.0,1.8,High,No,On-site,5.0,97.0,Bachelor's,0
EMP05068,30.0,Male,Engineering,71834.3,26.0,3.82,High,yes,Full Remote,8.0,46.0,Master's,1
EMP05069,52.0,,HR,90970.09,10.0,4.25,Excellent,,Full Remote,8.0,7.0,Bachelor's,0
EMP05070,55.0,Female,Finance,56619.18,28.0,4.7,High,No,Full Remote,9.0,1.0,Bachelor's,0
EMP05071,58.0,Male,Marketing,58360.34,11.0,3.0,High,Yes,Hybrid,8.0,5.0,Bachelor's,0
EMP05072,41.0,Male,engineering,90772.01,1.0,3.87,Low,No,Full Remote,1.0,3.0,nan,0
EMP05073,29.0,Male,Engineering,,14.0,2.51,Excellent,No,Full Remote,7.0,71.0,Master's,0
EMP05074,63.0,Female,Engineering,86254.0,18.0,2.89,Excellent,no,Hybrid,7.0,22.0,Bachelor's,0
EMP05075,56.0,Female,SALES,71011.06,14.0,4.48,Excellent,Yes,Full Remote,3.0,14.0,nan,0
EMP05076,60.0,Male,Engineering,58395.35,26.0,4.1,High,,Hybrid,8.0,8.0,High School,0
EMP05077,53.0,Male,Marketing,71389.17,0.0,4.11,Medium,yes,Full Remote,6.0,74.0,Associate,0
EMP05078,51.0,Male,SALES,50414.41,18.0,1.56,High,No,Hybrid,1.0,80.0,Master's,0
EMP05079,,Prefer not to say,SALES,73887.88,15.0,1.12,High,Yes,Hybrid,,30.0,High School,1
EMP05080,53.0,Non-binary,Sales,80034.14,19.0,1.99,High,No,On-site,9.0,88.0,PhD,0
EMP05081,27.0,Female,Finance,42338.03,24.0,1.33,Medium,Yes,On-site,8.0,82.0,Bachelor's,0
EMP05082,49.0,Male,Sales,90304.96,30.0,1.68,Medium,No,Hybrid,7.0,22.0,Bachelor's,0
EMP05083,56.0,Male,Finance,23507.22,17.0,2.04,Medium,Yes,On-site,7.0,72.0,Bachelor's,0
EMP05084,34.0,Male,Sales,50733.16,36.0,4.16,Medium,no,Hybrid,6.0,69.0,Master's,0
EMP05085,40.0,Female,Engineering,88617.04,8.0,3.65,Medium,Yes,Full Remote,5.0,16.0,Master's,0
EMP05086,23.0,Female,Marketing,60752.98,7.0,4.81,Medium,No,On-site,,24.0,Bachelor's,0
EMP05087,59.0,Female,Sales,57029.25,27.0,1.28,Medium,Yes,Full Remote,3.0,42.0,Bachelor's,0
EMP05088,64.0,Male,Marketing,43213.82,19.0,4.7,Excellent,no,On-site,6.0,27.0,Associate,0
EMP05089,54.0,Female,Engineering,61595.3,28.0,3.24,High,Yes,Full Remote,4.0,72.0,Bachelor's,1
EMP05090,60.0,Female,Marketing,22592.1,35.0,1.57,Excellent,Yes,Hybrid,7.0,59.0,Bachelor's,0
EMP05091,46.0,Male,Sales,49283.7,34.0,3.55,High,No,Hybrid,7.0,95.0,Associate,0
EMP05092,55.0,Male,Sales,56604.16,16.0,1.64,Excellent,Yes,Full Remote,6.0,24.0,Bachelor's,0
EMP05093,24.0,Female,engineering,81270.93,16.0,4.45,High,Yes,On-site,2.0,13.0,High School,0
EMP05094,24.0,Non-binary,Sales,79206.63,10.0,1.99,Excellent,yes,Hybrid,8.0,79.0,Master's,0
EMP05095,37.0,Prefer not to say,Marketing,57701.48,11.0,4.78,High,No,On-site,9.0,92.0,PhD,0
EMP05096,55.0,Non-binary,HR,88442.85,27.0,-1.0,Excellent,No,On-site,1.0,67.0,Master's,0
EMP05097,39.0,Male,Sales,85563.12,9.0,1.63,High,Yes,Full Remote,3.0,84.0,Bachelor's,0
EMP05098,22.0,Female,Engineering,71745.09,6.0,1.64,Excellent,no,Hybrid,9.0,65.0,Master's,0
EMP05099,54.0,Female,Finance,87263.86,37.0,4.33,nan,No,On-site,8.0,16.0,Associate,0
EMP05100,23.0,Female,engineering,34168.53,38.0,1.9,Excellent,,Full Remote,4.0,8.0,Master's,0
EMP05101,58.0,Female,HR,63915.65,34.0,4.48,Low,No,Full Remote,1.0,53.0,Bachelor's,0
EMP05102,43.0,Male,Marketing,98249.64,4.0,2.36,High,Yes,On-site,6.0,44.0,Bachelor's,0
EMP05103,64.0,Female,Marketing,53146.77,11.0,2.4,High,,Hybrid,6.0,20.0,Master's,1
EMP05104,53.0,Male,SALES,68690.24,35.0,2.33,nan,No,On-site,6.0,78.0,nan,0
EMP05105,38.0,Male,Engineering,47848.47,17.0,,Medium,yes,Hybrid,4.0,48.0,Bachelor's,0
EMP05106,43.0,Male,HR,61706.32,28.0,2.58,High,Yes,Full Remote,1.0,81.0,Master's,0
EMP05107,54.0,Female,Sales,55134.27,37.0,1.7,High,Yes,Hybrid,3.0,3.0,Associate,1
EMP05108,25.0,Male,Engineering,72404.34,37.0,4.16,High,No,Hybrid,3.0,89.0,PhD,0
EMP05109,58.0,Female,SALES,79578.35,16.0,1.51,Medium,Yes,nan,8.0,56.0,Master's,0
EMP05110,63.0,Male,Engineering,101317.35,24.0,2.78,High,No,On-site,8.0,17.0,Bachelor's,0
EMP05111,40.0,,Sales,61537.42,39.0,4.37,High,,Full Remote,1.0,63.0,Bachelor's,0
EMP05112,60.0,Female,Marketing,65246.0,16.0,2.8,Medium,,On-site,7.0,60.0,Master's,0
EMP05113,45.0,Female,Engineering,73948.68,16.0,4.59,Excellent,Yes,On-site,8.0,49.0,Bachelor's,0
EMP05114,40.0,Non-binary,engineering,38976.66,9.0,1.08,Excellent,Yes,Hybrid,8.0,70.0,Bachelor's,0
EMP05115,22.0,Female,engineering,85262.41,8.0,4.25,Medium,Yes,On-site,9.0,82.0,Master's,0
EMP05116,55.0,Prefer not to say,Sales,76055.35,4.0,1.75,High,Yes,Hybrid,9.0,71.0,PhD,0
EMP05117,49.0,Female,Engineering,55334.2,22.0,3.23,High,,On-site,6.0,97.0,PhD,0
EMP05118,55.0,Female,Sales,77988.8,22.0,3.56,High,No,On-site,8.0,73.0,Bachelor's,0
EMP05119,62.0,Female,engineering,43637.58,35.0,3.04,High,No,Hybrid,4.0,10.0,Master's,1
EMP05120,39.0,Female,Sales,65425.49,38.0,1.03,High,yes,Hybrid,6.0,88.0,Bachelor's,0
EMP05121,59.0,,Finance,46445.99,,2.98,Excellent,No,On-site,4.0,2.0,Associate,0
EMP05122,33.0,Female,SALES,48348.33,24.0,1.66,High,,On-site,2.0,51.0,Master's,0
EMP05123,49.0,Male,Sales,59880.68,3.0,2.64,Medium,yes,Full Remote,2.0,39.0,Bachelor's,0
EMP05124,52.0,Male,Marketing,64370.09,2.0,2.01,High,no,On-site,6.0,64.0,PhD,0
EMP05125,23.0,Male,,61585.8,34.0,4.12,High,Yes,Hybrid,4.0,19.0,Bachelor's,0
EMP05126,38.0,Male,Sales,32331.35,26.0,2.07,Excellent,No,Full Remote,3.0,8.0,Associate,1
EMP05127,29.0,Male,HR,43596.11,1.0,2.41,Low,No,On-site,3.0,52.0,High School,0
EMP05128,39.0,Prefer not to say,HR,66566.33,35.0,3.14,High,no,On-site,3.0,56.0,Master's,0
EMP05129,23.0,Female,Sales,81578.43,7.0,3.19,Medium,Yes,Hybrid,6.0,47.0,Master's,0
EMP05130,39.0,Female,Sales,73916.78,18.0,3.48,Medium,No,Hybrid,3.0,54.0,PhD,0
EMP05131,31.0,,Engineering,69564.19,29.0,2.85,High,No,On-site,6.0,7.0,Bachelor's,0
EMP05132,44.0,Female,Finance,44617.01,6.0,2.19,Medium,no,Hybrid,7.0,91.0,nan,1
EMP05133,32.0,Male,Finance,66096.59,1.0,1.85,Low,no,Hybrid,8.0,44.0,Associate,0
EMP05134,22.0,Female,engineering,33628.22,17.0,1.2,Medium,No,Hybrid,4.0,61.0,Bachelor's,0
EMP05135,33.0,Male,Finance,85224.32,3.0,3.41,Medium,No,Full Remote,3.0,2.0,Associate,0
EMP05136,,Male,Finance,79167.6,5.0,2.63,High,yes,Hybrid,6.0,88.0,Bachelor's,0
EMP05137,41.0,Male,engineering,78715.97,27.0,4.85,Excellent,,On-site,8.0,61.0,Master's,0
EMP05138,24.0,Female,HR,79009.33,4.0,3.53,Medium,Yes,On-site,1.0,87.0,Bachelor's,0
EMP05139,50.0,Female,HR,77088.02,20.0,1.84,Low,No,Hybrid,5.0,16.0,Bachelor's,0
EMP05140,46.0,Male,,44641.09,15.0,,Excellent,,On-site,2.0,83.0,Bachelor's,0
EMP05141,40.0,Male,Marketing,30461.48,24.0,2.43,High,no,On-site,4.0,84.0,Bachelor's,0
EMP05142,23.0,Female,HR,52598.5,33.0,3.38,High,No,On-site,3.0,3.0,nan,0
EMP05143,41.0,Female,SALES,78477.4,15.0,2.3,High,no,Hybrid,1.0,48.0,Bachelor's,0
EMP05144,49.0,Female,engineering,89009.41,9.0,1.32,High,Yes,On-site,1.0,46.0,Bachelor's,0
EMP05145,41.0,Prefer not to say,,84010.9,24.0,1.93,High,Yes,Full Remote,8.0,49.0,Bachelor's,0
EMP05146,24.0,Non-binary,Finance,49399.62,35.0,4.86,Medium,Yes,Full Remote,1.0,19.0,Bachelor's,0
EMP05147,32.0,Male,Sales,82125.36,5.0,4.72,High,No,On-site,9.0,87.0,Bachelor's,1
EMP05148,56.0,Female,Sales,73233.92,6.0,3.97,Low,Yes,Hybrid,4.0,21.0,Master's,0
EMP05149,27.0,Female,engineering,89466.86,8.0,3.4,Medium,Yes,Hybrid,8.0,57.0,Master's,0
EMP05150,43.0,,Marketing,111946.15,15.0,4.69,Excellent,No,On-site,7.0,51.0,High School,0
EMP05151,60.0,Male,Engineering,57361.73,31.0,1.38,Medium,No,Hybrid,6.0,58.0,Bachelor's,0
EMP05152,24.0,Male,HR,63036.44,9.0,2.15,High,no,On-site,1.0,20.0,Master's,0
EMP05153,30.0,Male,HR,53302.5,6.0,1.33,High,No,Full Remote,5.0,33.0,Master's,1
EMP05154,54.0,Female,Engineering,99987.49,24.0,4.29,High,Yes,Hybrid,1.0,83.0,Bachelor's,1
EMP05155,28.0,Male,Marketing,62517.76,15.0,4.72,Excellent,No,On-site,4.0,61.0,PhD,1
EMP05156,50.0,,Marketing,48550.52,38.0,2.76,Medium,No,Hybrid,3.0,88.0,nan,0
EMP05157,42.0,Male,,116809.64,37.0,3.21,Medium,No,Hybrid,1.0,96.0,Bachelor's,1
EMP05158,61.0,Female,HR,70536.86,16.0,2.38,High,no,Hybrid,3.0,39.0,Master's,0
EMP05159,22.0,Female,HR,77765.96,18.0,4.82,nan,yes,Full Remote,7.0,63.0,Master's,1
EMP05160,32.0,Female,HR,51927.78,8.0,3.17,Excellent,yes,Full Remote,2.0,12.0,Associate,0
EMP05161,54.0,Female,Marketing,84905.08,14.0,1.81,High,no,On-site,6.0,65.0,Bachelor's,0
EMP05162,33.0,Male,Sales,64915.36,34.0,1.17,Medium,Yes,Full Remote,8.0,46.0,Associate,0
EMP05163,,Female,Engineering,44901.51,7.0,2.9,nan,Yes,Hybrid,9.0,44.0,nan,0
EMP05164,63.0,Male,,94218.51,33.0,2.89,nan,no,On-site,1.0,1.0,PhD,0
EMP05165,49.0,Female,Marketing,83317.47,34.0,1.2,High,No,Hybrid,2.0,90.0,Master's,1
EMP05166,46.0,Male,engineering,52291.13,28.0,1.13,High,yes,Full Remote,1.0,57.0,Master's,1
EMP05167,33.0,Non-binary,Marketing,22726.41,21.0,1.88,High,no,On-site,5.0,83.0,Bachelor's,0
EMP05168,22.0,Female,Sales,92335.71,9.0,4.83,High,No,Full Remote,9.0,12.0,Master's,0
EMP05169,24.0,Female,Sales,,17.0,4.5,High,No,Hybrid,5.0,33.0,Master's,1
EMP05170,34.0,Male,Engineering,56990.99,34.0,1.17,Medium,Yes,Full Remote,2.0,28.0,Master's,0
EMP05171,62.0,Male,engineering,98086.47,23.0,1.56,High,yes,nan,6.0,87.0,nan,0
EMP05172,59.0,Male,Finance,49577.03,34.0,1.02,High,Yes,nan,8.0,90.0,Master's,0
EMP05173,24.0,Female,Sales,90162.67,19.0,1.64,High,No,Hybrid,9.0,12.0,Associate,1
EMP05174,30.0,Male,Finance,68930.34,11.0,4.66,Medium,Yes,Full Remote,3.0,52.0,Master's,0
EMP05175,63.0,Female,Sales,54521.98,0.0,1.24,Excellent,Yes,On-site,2.0,11.0,Master's,1
EMP05176,38.0,Male,,46202.23,19.0,3.3,Medium,No,On-site,2.0,81.0,Bachelor's,0
EMP05177,53.0,Female,Marketing,84352.82,39.0,4.08,Medium,No,Full Remote,5.0,82.0,Master's,0
EMP05178,26.0,Male,Engineering,84080.57,28.0,4.34,Medium,Yes,Hybrid,5.0,82.0,Bachelor's,0
EMP05179,60.0,Female,engineering,18066.44,6.0,2.33,Excellent,no,Full Remote,4.0,54.0,Bachelor's,0
EMP05180,45.0,Male,Marketing,129238.98,24.0,4.97,High,No,Hybrid,1.0,79.0,Bachelor's,1
EMP05181,63.0,Female,,87361.27,26.0,1.39,Excellent,No,Hybrid,9.0,77.0,Bachelor's,0
EMP05182,25.0,Male,Sales,92281.57,26.0,3.71,High,No,Hybrid,1.0,73.0,PhD,1
EMP05183,39.0,Male,,68891.85,24.0,1.08,Medium,yes,Hybrid,6.0,23.0,High School,0
EMP05184,44.0,Female,Sales,39512.99,0.0,4.54,Medium,yes,On-site,1.0,69.0,nan,0
EMP05185,54.0,Female,,61906.96,1.0,3.43,Low,No,Hybrid,8.0,98.0,Bachelor's,0
EMP05186,22.0,Female,Sales,87703.3,5.0,4.92,High,No,Hybrid,4.0,29.0,High School,0
EMP05187,32.0,Female,,51911.31,33.0,3.02,Excellent,No,On-site,3.0,85.0,Bachelor's,0
EMP05188,36.0,Female,Marketing,56423.65,37.0,3.11,High,yes,nan,9.0,80.0,High School,0
EMP05189,47.0,Male,Marketing,50407.46,16.0,4.25,Medium,No,Hybrid,7.0,42.0,High School,0
EMP05190,50.0,Male,Finance,70110.91,15.0,2.85,Medium,Yes,Full Remote,3.0,27.0,PhD,1
EMP05191,51.0,Female,,76869.29,7.0,3.36,Medium,Yes,Full Remote,6.0,78.0,nan,0
EMP05192,36.0,Male,,84383.76,22.0,4.14,nan,no,On-site,2.0,79.0,High School,1
EMP05193,39.0,Female,Sales,56780.03,13.0,3.87,High,no,Hybrid,6.0,66.0,Master's,0
EMP05194,26.0,Male,engineering,44976.57,39.0,4.53,High,no,On-site,9.0,4.0,Master's,0
EMP05195,46.0,Female,Engineering,45096.71,24.0,2.44,High,No,Hybrid,7.0,,Bachelor's,0
EMP05196,38.0,Female,Sales,83442.91,13.0,1.96,High,Yes,On-site,9.0,4.0,Bachelor's,0
EMP05197,44.0,Male,HR,67098.17,14.0,4.27,Medium,Yes,Full Remote,4.0,35.0,Associate,1
EMP05198,32.0,Male,Finance,89662.19,38.0,3.01,Medium,Yes,Hybrid,1.0,49.0,nan,0
EMP05199,,Female,Sales,75800.77,23.0,3.28,Excellent,Yes,Hybrid,8.0,36.0,Master's,0
EMP05200,64.0,Female,Engineering,79880.23,0.0,3.4,High,No,Hybrid,5.0,84.0,Bachelor's,0
EMP05201,23.0,Male,Sales,57210.33,10.0,3.24,nan,no,Full Remote,8.0,32.0,Bachelor's,0
EMP05202,53.0,Female,Finance,79260.6,0.0,3.83,High,yes,On-site,2.0,4.0,Bachelor's,0
EMP05203,45.0,Female,Sales,73425.1,39.0,2.41,High,Yes,Hybrid,3.0,83.0,High School,0
EMP05204,33.0,Female,Finance,75296.21,31.0,2.5,High,Yes,Full Remote,3.0,60.0,Master's,1
EMP05205,59.0,Male,,29942.83,14.0,2.83,High,No,Hybrid,3.0,85.0,nan,0
EMP05206,46.0,Male,HR,89361.64,8.0,4.78,High,No,On-site,3.0,73.0,Bachelor's,0
EMP05207,32.0,Male,Engineering,45171.16,30.0,1.55,Excellent,Yes,Hybrid,3.0,91.0,PhD,0
EMP05208,61.0,Female,SALES,41800.91,,3.85,Low,Yes,Full Remote,6.0,59.0,Bachelor's,0
EMP05209,37.0,Female,Sales,52995.29,13.0,2.03,Excellent,Yes,On-site,5.0,65.0,Bachelor's,1
EMP05210,62.0,Female,Engineering,69094.72,36.0,4.38,nan,Yes,On-site,1.0,76.0,High School,0
EMP05211,56.0,Male,Sales,83063.98,23.0,1.59,Low,No,Full Remote,4.0,90.0,Master's,0
EMP05212,37.0,Male,Sales,46508.96,30.0,4.85,High,No,On-site,1.0,55.0,nan,0
EMP05213,63.0,Male,Marketing,91061.36,9.0,2.84,Low,Yes,Hybrid,3.0,56.0,Bachelor's,0
EMP05214,57.0,Male,Sales,67981.11,,3.96,High,yes,Hybrid,6.0,75.0,Bachelor's,0
EMP05215,62.0,Male,Marketing,81027.65,9.0,1.75,nan,No,Full Remote,3.0,37.0,Bachelor's,0
EMP05216,26.0,Female,SALES,62849.06,35.0,1.55,Medium,no,On-site,2.0,7.0,Bachelor's,0
EMP05217,41.0,Female,HR,55023.68,,4.79,High,Yes,On-site,2.0,70.0,Bachelor's,0
EMP05218,64.0,Non-binary,Sales,56571.85,6.0,2.91,Excellent,No,Full Remote,4.0,11.0,Bachelor's,0
EMP05219,22.0,Male,Engineering,31185.58,31.0,2.61,nan,No,On-site,4.0,79.0,Bachelor's,1
EMP05220,61.0,Female,Marketing,38701.22,28.0,2.24,Low,Yes,On-site,9.0,32.0,High School,0
EMP05221,56.0,Male,SALES,88629.26,6.0,1.82,High,Yes,On-site,,8.0,Bachelor's,0
EMP05222,22.0,Male,Marketing,51099.16,0.0,3.37,High,Yes,On-site,2.0,34.0,Bachelor's,0
EMP05223,59.0,Male,Engineering,80865.19,27.0,2.08,High,no,Hybrid,6.0,92.0,Bachelor's,0
EMP05224,62.0,Female,Marketing,81140.9,36.0,1.65,High,No,Hybrid,1.0,63.0,PhD,1
EMP05225,64.0,Female,Finance,79701.91,33.0,4.58,High,No,Full Remote,8.0,76.0,Bachelor's,0
EMP05226,45.0,Male,engineering,61422.62,7.0,3.47,nan,No,Hybrid,1.0,56.0,nan,1
EMP05227,43.0,Non-binary,engineering,9490.91,8.0,3.01,High,,nan,5.0,49.0,Master's,1
EMP05228,22.0,Female,Finance,104074.81,1.0,4.43,Medium,No,On-site,7.0,0.0,Bachelor's,0
EMP05229,26.0,Male,Sales,104898.41,4.0,3.38,Excellent,no,Full Remote,3.0,65.0,Bachelor's,0
EMP05230,43.0,Prefer not to say,Finance,79608.62,33.0,3.2,Medium,Yes,On-site,7.0,4.0,Bachelor's,0
EMP05231,27.0,Non-binary,Sales,83871.66,1.0,2.68,Excellent,no,On-site,2.0,12.0,Bachelor's,0
EMP05232,45.0,Male,,60717.05,39.0,1.81,High,no,Hybrid,7.0,71.0,Master's,0
EMP05233,40.0,Male,HR,20675.49,36.0,2.74,Excellent,No,Hybrid,8.0,48.0,Bachelor's,0
EMP05234,51.0,Female,Finance,61600.23,1.0,3.65,High,No,Hybrid,5.0,77.0,Bachelor's,0
EMP05235,50.0,Male,Engineering,75153.69,37.0,1.39,High,no,On-site,6.0,60.0,Master's,1
EMP05236,61.0,,Engineering,21107.0,5.0,3.07,Excellent,Yes,Hybrid,,98.0,Bachelor's,1
EMP05237,23.0,Female,Engineering,43205.21,33.0,4.97,Medium,yes,Hybrid,2.0,24.0,Bachelor's,0
EMP05238,27.0,Non-binary,HR,53943.08,26.0,2.9,Excellent,no,Full Remote,6.0,69.0,High School,0
EMP05239,58.0,Male,,45081.43,36.0,1.65,Excellent,Yes,Hybrid,9.0,80.0,Master's,0
EMP05240,41.0,Male,Finance,53155.54,20.0,4.91,High,Yes,Full Remote,3.0,29.0,Bachelor's,0
EMP05241,48.0,,Engineering,60558.81,15.0,1.86,High,no,On-site,3.0,51.0,Bachelor's,0
EMP05242,61.0,Male,Engineering,35977.31,36.0,3.99,High,no,On-site,2.0,2.0,High School,0
EMP05243,51.0,Female,Engineering,37594.15,7.0,3.71,Excellent,No,On-site,7.0,17.0,High School,0
EMP05244,39.0,Female,Marketing,72580.62,13.0,4.98,Medium,No,On-site,2.0,60.0,High School,0
EMP05245,44.0,Male,HR,80004.62,15.0,3.52,Excellent,No,Hybrid,6.0,44.0,Master's,0
EMP05246,53.0,Male,SALES,77177.43,31.0,3.9,Low,yes,Full Remote,4.0,11.0,Bachelor's,0
EMP05247,43.0,Male,HR,47990.65,13.0,1.5,High,Yes,On-site,2.0,88.0,High School,0
EMP05248,56.0,Male,HR,59462.14,35.0,4.98,Medium,No,On-site,9.0,7.0,Master's,0
EMP05249,64.0,Male,Sales,72258.0,34.0,2.82,High,Yes,On-site,6.0,63.0,Master's,0
EMP05250,48.0,Female,Marketing,33192.27,17.0,3.55,Medium,no,Hybrid,5.0,19.0,Master's,0
EMP05251,45.0,Male,Finance,80040.21,2.0,3.03,High,Yes,nan,7.0,59.0,Bachelor's,0
EMP05252,28.0,Non-binary,Finance,68744.94,0.0,1.85,High,No,Full Remote,3.0,16.0,Bachelor's,0
EMP05253,46.0,Male,engineering,46069.72,7.0,2.8,High,no,Hybrid,9.0,99.0,High School,0
EMP05254,35.0,Male,Marketing,47350.47,16.0,4.83,Excellent,No,Full Remote,5.0,40.0,Master's,1
EMP05255,27.0,Male,Finance,60834.9,8.0,3.66,High,Yes,On-site,2.0,31.0,Master's,1
EMP05256,53.0,Female,Marketing,42969.25,5.0,1.34,High,No,nan,8.0,31.0,Bachelor's,1
EMP05257,53.0,Male,Engineering,100026.98,15.0,4.8,Medium,No,On-site,2.0,76.0,Bachelor's,0
EMP05258,62.0,Male,Marketing,41204.76,21.0,1.61,Medium,No,Hybrid,9.0,75.0,Master's,0
EMP05259,41.0,Male,Sales,78989.63,35.0,3.36,High,Yes,Hybrid,2.0,63.0,Master's,0
EMP05260,38.0,Male,Sales,88128.17,36.0,4.1,High,,On-site,9.0,77.0,Bachelor's,0
EMP05261,43.0,Female,Sales,29390.15,17.0,2.15,High,No,Full Remote,3.0,31.0,PhD,0
EMP05262,25.0,Male,Finance,64344.79,14.0,4.9,Medium,Yes,On-site,1.0,88.0,PhD,0
EMP05263,24.0,Female,Sales,73290.91,38.0,3.11,Low,Yes,On-site,2.0,37.0,High School,0
EMP05264,38.0,Female,Marketing,49792.35,34.0,4.71,nan,Yes,Hybrid,8.0,9.0,Associate,0
EMP05265,56.0,Female,SALES,56015.78,8.0,3.24,Medium,No,Full Remote,6.0,68.0,Bachelor's,1
EMP05266,30.0,Male,HR,49532.33,38.0,4.78,Medium,,On-site,3.0,70.0,Master's,0
EMP05267,27.0,Female,Marketing,90902.63,10.0,2.12,Excellent,yes,Full Remote,6.0,1.0,Bachelor's,0
EMP05268,52.0,Female,Engineering,73066.59,29.0,1.96,High,No,On-site,8.0,82.0,Bachelor's,0
EMP05269,58.0,Male,Marketing,81369.16,36.0,2.78,Low,No,Full Remote,4.0,26.0,Bachelor's,0
EMP05270,27.0,Male,HR,84112.35,31.0,2.34,Medium,yes,Hybrid,3.0,21.0,Bachelor's,0
EMP05271,58.0,Female,Sales,62791.2,35.0,3.35,Low,Yes,On-site,7.0,69.0,PhD,1
EMP05272,41.0,Male,SALES,30379.92,3.0,2.82,Medium,Yes,On-site,9.0,20.0,Master's,0
EMP05273,33.0,Male,Engineering,81561.94,22.0,3.15,Medium,No,On-site,2.0,8.0,Bachelor's,0
EMP05274,39.0,Male,Sales,20025.68,26.0,4.33,Low,no,On-site,4.0,25.0,PhD,0
EMP05275,29.0,Female,,50159.52,29.0,4.74,Medium,No,Hybrid,4.0,9.0,High School,0
EMP05276,40.0,Non-binary,HR,42950.96,26.0,3.35,Medium,,Full Remote,1.0,28.0,Master's,0
EMP05277,63.0,Male,HR,77449.27,15.0,1.92,Medium,No,On-site,3.0,86.0,Bachelor's,0
EMP05278,28.0,Female,Marketing,59128.82,30.0,3.75,Low,No,Full Remote,1.0,62.0,Bachelor's,1
EMP05279,26.0,Male,SALES,81816.72,20.0,4.83,nan,Yes,Full Remote,8.0,0.0,Bachelor's,0
EMP05280,48.0,Female,Marketing,78638.47,23.0,4.92,High,No,On-site,6.0,49.0,nan,0
EMP05281,29.0,Female,engineering,,8.0,2.62,Low,No,Hybrid,3.0,3.0,nan,0
EMP05282,26.0,Female,Finance,67510.39,6.0,3.51,Medium,Yes,Full Remote,6.0,32.0,Master's,0
EMP05283,43.0,Female,SALES,66636.99,17.0,3.82,Medium,yes,Hybrid,9.0,36.0,Bachelor's,0
EMP05284,22.0,Male,Engineering,67013.58,25.0,4.67,High,No,Full Remote,3.0,71.0,Master's,0
EMP05285,45.0,Female,Finance,50044.84,33.0,3.93,Medium,no,On-site,1.0,56.0,Master's,0
EMP05286,26.0,Female,Sales,21853.53,30.0,3.41,Medium,No,On-site,4.0,17.0,Master's,0
EMP05287,22.0,Prefer not to say,Sales,79528.29,32.0,1.29,High,No,nan,8.0,30.0,Master's,0
EMP05288,41.0,Female,SALES,73589.04,26.0,3.05,Excellent,Yes,On-site,8.0,43.0,Associate,0
EMP05289,43.0,Female,Marketing,91139.11,14.0,3.4,Excellent,No,Hybrid,9.0,80.0,Master's,0
EMP05290,49.0,Female,Sales,46245.02,1.0,1.96,High,Yes,Full Remote,3.0,12.0,Bachelor's,0
EMP05291,39.0,Male,Sales,58876.91,7.0,3.01,Medium,yes,On-site,3.0,74.0,Bachelor's,1
EMP05292,22.0,Female,Finance,63894.02,6.0,3.95,High,Yes,Full Remote,8.0,90.0,High School,0
EMP05293,40.0,Female,Sales,66453.78,10.0,2.03,Medium,Yes,Full Remote,1.0,15.0,Master's,0
EMP05294,53.0,Male,engineering,16875.9,0.0,1.24,Excellent,Yes,Hybrid,6.0,95.0,Bachelor's,0
EMP05295,54.0,Female,Engineering,43954.34,8.0,4.65,Medium,No,Full Remote,3.0,54.0,Bachelor's,0
EMP05296,24.0,Male,Finance,63814.95,19.0,2.42,Low,No,Hybrid,3.0,7.0,High School,0
EMP05297,47.0,Female,engineering,62623.28,13.0,2.72,Medium,No,Hybrid,2.0,64.0,Master's,0
EMP05298,55.0,Female,Marketing,68293.79,7.0,4.81,Medium,Yes,Full Remote,2.0,46.0,PhD,1
EMP05299,63.0,Male,HR,37723.12,11.0,1.98,High,No,Hybrid,2.0,97.0,PhD,1
EMP05300,61.0,Female,SALES,65661.06,25.0,3.56,Medium,Yes,Hybrid,5.0,6.0,Bachelor's,0
EMP05301,39.0,Female,Finance,70652.59,35.0,4.3,High,No,Hybrid,5.0,87.0,Master's,0
EMP05302,36.0,Male,Engineering,66092.09,23.0,,High,Yes,nan,6.0,88.0,Bachelor's,0
EMP05303,43.0,Non-binary,Marketing,50150.99,6.0,3.05,Medium,no,On-site,8.0,27.0,Bachelor's,0
EMP05304,24.0,Female,Sales,40207.61,6.0,2.55,Excellent,yes,Full Remote,3.0,77.0,Master's,0
EMP05305,40.0,Female,Sales,56579.65,20.0,1.59,High,No,Full Remote,8.0,90.0,Master's,0
EMP05306,60.0,Female,Sales,92114.6,9.0,3.0,High,Yes,Full Remote,8.0,40.0,PhD,0
EMP05307,33.0,Female,Sales,58998.19,7.0,4.64,Low,,Hybrid,7.0,33.0,Master's,1
EMP05308,54.0,Female,Marketing,86509.16,27.0,1.28,High,yes,On-site,2.0,77.0,High School,0
EMP05309,52.0,Male,Engineering,63249.09,20.0,2.81,High,,Hybrid,9.0,37.0,Bachelor's,1
EMP05310,26.0,Male,Sales,53346.88,34.0,3.08,Low,Yes,Hybrid,6.0,70.0,Master's,0
EMP05311,31.0,Male,Engineering,82995.5,30.0,2.54,High,Yes,Hybrid,3.0,78.0,Master's,0
EMP05312,57.0,Male,Marketing,97533.13,15.0,1.59,High,Yes,Hybrid,3.0,60.0,Master's,0
EMP05313,41.0,Male,Sales,99952.68,9.0,3.7,High,Yes,On-site,1.0,36.0,Master's,0
EMP05314,55.0,Female,Finance,82750.14,2.0,3.44,High,Yes,Hybrid,9.0,98.0,Bachelor's,0
EMP05315,39.0,Male,Marketing,36218.48,0.0,2.15,Medium,no,On-site,8.0,15.0,Bachelor's,0
EMP05316,64.0,Male,Finance,37589.19,,1.32,Medium,yes,Hybrid,6.0,86.0,Bachelor's,0
EMP05317,52.0,Non-binary,engineering,67581.46,22.0,2.75,Low,Yes,On-site,5.0,12.0,Bachelor's,0
EMP05318,49.0,Male,Engineering,75569.52,,3.02,High,Yes,Full Remote,6.0,92.0,Bachelor's,0
EMP05319,40.0,Male,Finance,92664.37,5.0,1.04,Low,yes,Hybrid,7.0,19.0,High School,1
EMP05320,45.0,Male,Finance,75234.93,29.0,1.55,Low,No,Full Remote,6.0,83.0,Master's,0
EMP05321,53.0,,,52637.16,33.0,1.81,Medium,No,On-site,7.0,29.0,Associate,1
EMP05322,58.0,Male,Marketing,67039.93,22.0,3.08,Excellent,No,Hybrid,9.0,52.0,Bachelor's,0
EMP05323,63.0,Male,HR,86938.28,32.0,3.06,Medium,No,Hybrid,3.0,25.0,Master's,1
EMP05324,33.0,Male,Sales,61158.77,26.0,2.38,Medium,Yes,On-site,7.0,53.0,Master's,0
EMP05325,56.0,Male,engineering,44042.27,6.0,1.07,High,,Hybrid,1.0,22.0,High School,0
EMP05326,51.0,Male,Marketing,73740.26,3.0,1.67,nan,,nan,5.0,32.0,Bachelor's,0
EMP05327,59.0,Female,Sales,79840.98,0.0,2.64,High,Yes,On-site,1.0,53.0,nan,1
EMP05328,26.0,Male,Marketing,77376.58,8.0,1.16,Excellent,No,Hybrid,9.0,36.0,Bachelor's,0
EMP05329,40.0,Prefer not to say,engineering,70651.55,16.0,3.9,Medium,No,Hybrid,5.0,69.0,Master's,0
EMP05330,57.0,Female,Engineering,0.0,17.0,2.0,Medium,No,Full Remote,9.0,42.0,PhD,0
EMP05331,48.0,Male,Sales,63285.39,24.0,1.05,High,Yes,On-site,1.0,46.0,High School,0
EMP05332,31.0,Prefer not to say,Engineering,27751.59,10.0,4.63,Medium,No,Hybrid,8.0,8.0,Master's,0
EMP05333,47.0,Male,Engineering,81451.13,26.0,2.74,Excellent,Yes,Hybrid,3.0,26.0,Master's,0
EMP05334,28.0,Male,Marketing,58440.91,37.0,1.5,Excellent,Yes,Hybrid,9.0,,Master's,1
EMP05335,25.0,Prefer not to say,Finance,74593.24,1.0,1.94,Medium,Yes,Hybrid,5.0,29.0,Bachelor's,0
EMP05336,44.0,Male,Finance,40919.97,14.0,1.36,Medium,No,Hybrid,9.0,15.0,Master's,1
EMP05337,53.0,Male,HR,77701.18,33.0,3.24,High,Yes,Full Remote,3.0,90.0,nan,0
EMP05338,24.0,Female,Engineering,65618.01,9.0,2.98,High,Yes,Full Remote,8.0,33.0,PhD,0
EMP05339,53.0,Male,Finance,67861.3,27.0,4.93,Excellent,No,Hybrid,6.0,11.0,Master's,0
EMP05340,60.0,Female,,117788.31,9.0,2.96,Medium,Yes,On-site,4.0,97.0,Associate,0
EMP05341,35.0,Prefer not to say,Finance,83525.86,31.0,1.14,Medium,Yes,nan,8.0,35.0,nan,1
EMP05342,63.0,Male,HR,37834.53,10.0,4.02,High,Yes,On-site,4.0,65.0,nan,1
EMP05343,32.0,Female,Engineering,34941.66,14.0,1.61,Medium,Yes,Hybrid,6.0,90.0,Bachelor's,0
EMP05344,,Female,engineering,76023.67,37.0,,Medium,Yes,nan,2.0,78.0,Bachelor's,0
EMP05345,25.0,Male,engineering,69646.57,32.0,1.92,nan,Yes,Hybrid,3.0,52.0,High School,0
EMP05346,47.0,Male,Sales,90350.82,9.0,4.82,Medium,No,Full Remote,2.0,15.0,Bachelor's,0
EMP05347,42.0,Female,Sales,77633.15,34.0,-1.0,Low,Yes,Hybrid,6.0,51.0,High School,1
EMP05348,56.0,Male,Finance,54953.88,32.0,,Medium,No,On-site,2.0,86.0,Bachelor's,0
EMP05349,43.0,Female,HR,72363.12,32.0,4.38,High,yes,On-site,8.0,98.0,Bachelor's,0
EMP05350,25.0,Male,SALES,65411.85,35.0,4.34,Excellent,,Hybrid,7.0,82.0,High School,0
EMP05351,26.0,Male,Marketing,38990.68,35.0,1.3,High,Yes,Full Remote,4.0,70.0,Master's,0
EMP05352,22.0,Female,,30649.75,31.0,4.39,Excellent,,Full Remote,9.0,78.0,nan,0
EMP05353,22.0,Female,Finance,73846.11,31.0,4.52,Excellent,,On-site,3.0,7.0,Bachelor's,0
EMP05354,52.0,Female,engineering,60957.52,30.0,4.03,Medium,No,On-site,7.0,8.0,Bachelor's,0
EMP05355,38.0,Male,HR,72144.64,19.0,1.21,Medium,No,Hybrid,9.0,54.0,PhD,0
EMP05356,30.0,Male,Marketing,45765.34,36.0,4.6,Excellent,Yes,On-site,9.0,65.0,Master's,0
EMP05357,34.0,Male,Engineering,59152.08,17.0,3.35,High,yes,Full Remote,9.0,75.0,nan,0
EMP05358,24.0,Male,Marketing,59820.83,28.0,4.32,Excellent,No,Hybrid,7.0,76.0,High School,0
EMP05359,51.0,Male,Engineering,55980.71,33.0,3.57,High,No,Full Remote,6.0,27.0,Bachelor's,0
EMP05360,48.0,Female,Sales,95687.06,16.0,3.68,High,yes,Hybrid,7.0,84.0,nan,0
EMP05361,43.0,Female,Marketing,82633.84,24.0,3.85,High,No,On-site,4.0,81.0,Master's,0
EMP05362,61.0,Male,Marketing,71560.58,37.0,3.08,High,,Full Remote,7.0,55.0,Bachelor's,0
EMP05363,23.0,Female,Sales,36826.01,35.0,4.82,Excellent,Yes,Hybrid,1.0,56.0,Bachelor's,0
EMP05364,43.0,Female,engineering,55291.76,14.0,3.52,High,Yes,Hybrid,9.0,10.0,High School,0
EMP05365,23.0,Male,Marketing,88176.49,29.0,1.19,High,no,Hybrid,7.0,40.0,Master's,1
EMP05366,29.0,Male,Engineering,63410.56,1.0,4.81,High,No,On-site,2.0,18.0,Master's,0
EMP05367,32.0,Male,HR,55520.37,9.0,4.72,High,Yes,Hybrid,6.0,47.0,Associate,0
EMP05368,29.0,Male,HR,65435.39,6.0,2.22,Low,no,On-site,9.0,75.0,PhD,0
EMP05369,23.0,Male,Finance,89583.19,1.0,3.12,High,No,Full Remote,4.0,48.0,High School,0
EMP05370,63.0,Female,Engineering,83340.53,10.0,3.52,High,no,Full Remote,1.0,82.0,Master's,1
EMP05371,45.0,Female,Engineering,105549.27,28.0,3.98,Medium,Yes,On-site,3.0,20.0,High School,0
EMP05372,40.0,Female,Engineering,58135.14,13.0,4.16,High,No,On-site,5.0,20.0,Bachelor's,1
EMP05373,47.0,Male,Marketing,65233.95,24.0,3.0,High,No,Hybrid,4.0,77.0,Master's,0
EMP05374,37.0,Female,Finance,38494.31,30.0,3.67,Excellent,Yes,On-site,7.0,3.0,Master's,0
EMP05375,56.0,Female,Engineering,43968.3,1.0,4.15,Low,Yes,On-site,2.0,69.0,Bachelor's,0
EMP05376,59.0,Female,Engineering,79923.6,32.0,4.59,High,No,On-site,6.0,62.0,Bachelor's,0
EMP05377,58.0,Prefer not to say,Engineering,54162.31,24.0,4.12,Low,Yes,Full Remote,5.0,95.0,Master's,0
EMP05378,,Male,Finance,87199.07,36.0,4.04,High,Yes,On-site,4.0,68.0,PhD,0
EMP05379,56.0,Male,Engineering,90744.99,14.0,1.84,Medium,Yes,Hybrid,6.0,,Bachelor's,1
EMP05380,63.0,Female,HR,65621.21,4.0,3.11,High,Yes,nan,5.0,80.0,Bachelor's,1
EMP05381,60.0,Male,Sales,23353.48,2.0,1.73,High,no,Full Remote,5.0,30.0,Bachelor's,0
EMP05382,25.0,Male,Finance,85334.75,18.0,4.11,Low,No,Full Remote,3.0,31.0,High School,0
EMP05383,63.0,Male,Marketing,61508.05,30.0,3.23,Excellent,No,Hybrid,1.0,81.0,Bachelor's,0
EMP05384,36.0,Female,Marketing,42356.43,33.0,1.93,High,no,On-site,8.0,32.0,PhD,0
EMP05385,55.0,Male,engineering,66297.5,32.0,1.54,Medium,,nan,9.0,14.0,Master's,0
EMP05386,54.0,Female,SALES,90266.59,26.0,1.58,Medium,,Hybrid,7.0,29.0,PhD,0
EMP05387,52.0,Male,HR,37106.9,8.0,4.42,Medium,No,nan,3.0,30.0,Bachelor's,0
EMP05388,38.0,Male,Marketing,65629.32,29.0,4.04,Low,No,Hybrid,6.0,71.0,Master's,0
EMP05389,50.0,Female,Engineering,86448.97,19.0,4.12,High,No,On-site,2.0,61.0,nan,1
EMP05390,48.0,Male,Sales,32587.46,0.0,3.77,Excellent,Yes,On-site,4.0,82.0,Bachelor's,0
EMP05391,46.0,Prefer not to say,Finance,70274.09,13.0,1.74,Excellent,No,Full Remote,2.0,69.0,Bachelor's,0
EMP05392,23.0,Male,Sales,46029.27,28.0,1.57,Excellent,Yes,On-site,5.0,14.0,Bachelor's,0
EMP05393,62.0,Female,Marketing,85427.9,11.0,2.5,Excellent,No,Full Remote,8.0,77.0,PhD,1
EMP05394,48.0,Male,Engineering,30997.43,32.0,3.99,Medium,yes,Hybrid,3.0,10.0,Bachelor's,0
EMP05395,32.0,Female,Engineering,84516.51,33.0,4.5,Excellent,no,On-site,5.0,0.0,Bachelor's,0
EMP05396,37.0,Male,Engineering,52933.54,19.0,2.08,Medium,No,Full Remote,9.0,5.0,PhD,0
EMP05397,22.0,,Engineering,39882.86,20.0,3.84,High,No,Full Remote,1.0,53.0,PhD,0
EMP05398,64.0,Female,Engineering,64706.36,36.0,3.49,Excellent,No,On-site,9.0,44.0,Master's,0
EMP05399,44.0,Female,Marketing,89673.4,9.0,1.78,Excellent,,Hybrid,8.0,59.0,nan,0
EMP05400,60.0,Male,,48444.04,0.0,3.61,Low,,Hybrid,4.0,92.0,Bachelor's,0
EMP05401,57.0,Female,Sales,74981.85,2.0,2.08,High,No,Hybrid,6.0,20.0,Master's,0
EMP05402,61.0,,HR,57160.51,39.0,2.82,Medium,No,Full Remote,7.0,68.0,Bachelor's,0
EMP05403,33.0,Non-binary,Engineering,73294.86,39.0,4.33,High,No,On-site,4.0,48.0,PhD,0
EMP05404,29.0,Female,Finance,64056.04,34.0,2.98,High,Yes,Hybrid,7.0,1.0,nan,0
EMP05405,23.0,Male,Sales,45705.43,5.0,1.08,Low,No,Hybrid,8.0,45.0,Bachelor's,0
EMP05406,45.0,Male,,98711.31,16.0,4.73,Medium,Yes,Hybrid,9.0,92.0,Bachelor's,0
EMP05407,43.0,Male,Finance,43547.23,33.0,4.21,High,,nan,7.0,36.0,Associate,1
EMP05408,24.0,Female,engineering,55678.07,19.0,3.0,High,Yes,On-site,5.0,22.0,Bachelor's,0
EMP05409,31.0,Male,Engineering,72018.93,5.0,4.41,Low,Yes,Hybrid,9.0,52.0,Master's,0
EMP05410,41.0,Male,Engineering,31866.91,17.0,4.49,nan,No,nan,3.0,71.0,PhD,0
EMP05411,61.0,Female,Finance,61785.5,5.0,2.28,Medium,yes,On-site,8.0,71.0,Bachelor's,0
EMP05412,60.0,Male,SALES,47587.92,31.0,2.98,Excellent,yes,Hybrid,4.0,89.0,Master's,0
EMP05413,32.0,Female,engineering,77285.76,9.0,3.42,High,yes,On-site,1.0,98.0,Bachelor's,1
EMP05414,38.0,Female,Marketing,51729.97,28.0,2.99,High,Yes,Hybrid,1.0,6.0,Bachelor's,0
EMP05415,53.0,Male,Finance,54431.23,18.0,3.45,Medium,Yes,On-site,1.0,86.0,Bachelor's,0
EMP05416,24.0,Female,Marketing,93415.89,20.0,1.78,High,Yes,On-site,5.0,12.0,High School,0
EMP05417,36.0,Prefer not to say,Engineering,56406.33,14.0,2.2,Medium,Yes,Full Remote,7.0,44.0,Bachelor's,1
EMP05418,64.0,Male,Finance,72502.21,8.0,4.67,Excellent,no,Hybrid,5.0,34.0,High School,1
EMP05419,29.0,Male,Sales,97319.83,9.0,2.06,Medium,Yes,On-site,8.0,26.0,Bachelor's,0
EMP05420,24.0,Female,Sales,80932.22,9.0,1.93,Low,yes,Hybrid,9.0,50.0,Bachelor's,0
EMP05421,22.0,Male,HR,28626.13,20.0,1.45,Medium,No,nan,5.0,78.0,PhD,0
EMP05422,54.0,Female,Sales,80025.9,24.0,3.29,Excellent,Yes,On-site,7.0,42.0,PhD,0
EMP05423,54.0,Male,Sales,37908.08,19.0,4.18,Excellent,No,On-site,8.0,86.0,Master's,0
EMP05424,62.0,Female,Engineering,47041.43,22.0,4.26,Medium,no,On-site,5.0,37.0,Master's,0
EMP05425,30.0,Male,Marketing,49885.21,38.0,3.35,Excellent,No,On-site,7.0,81.0,Master's,0
EMP05426,51.0,Female,Sales,19172.2,39.0,3.95,Medium,Yes,On-site,6.0,64.0,Bachelor's,1
EMP05427,28.0,Female,HR,48371.93,9.0,4.68,Excellent,,On-site,5.0,21.0,Bachelor's,0
EMP05428,41.0,Male,Engineering,73017.37,19.0,2.32,Medium,Yes,Hybrid,9.0,36.0,Bachelor's,1
EMP05429,23.0,Male,SALES,49491.3,11.0,3.1,High,yes,Hybrid,4.0,69.0,Master's,0
EMP05430,37.0,Male,engineering,95530.39,28.0,1.42,nan,No,nan,5.0,39.0,Associate,0
EMP05431,54.0,Male,,55950.96,12.0,4.4,Excellent,Yes,On-site,8.0,6.0,nan,0
EMP05432,41.0,Male,HR,82528.03,14.0,1.38,Low,Yes,On-site,7.0,,Master's,0
EMP05433,22.0,Male,Engineering,79435.35,7.0,2.93,High,Yes,On-site,5.0,94.0,High School,0
EMP05434,28.0,Female,HR,82794.18,18.0,2.46,Excellent,no,Hybrid,1.0,61.0,Associate,0
EMP05435,49.0,Male,Sales,76207.24,37.0,1.53,nan,No,Full Remote,4.0,47.0,Bachelor's,1
EMP05436,41.0,Female,Sales,72350.8,38.0,4.72,Medium,no,Full Remote,5.0,36.0,Bachelor's,0
EMP05437,,Female,Finance,81085.47,30.0,3.58,High,Yes,On-site,1.0,71.0,Master's,0
EMP05438,27.0,Male,Marketing,63378.36,33.0,1.07,Medium,,Hybrid,7.0,41.0,Master's,0
EMP05439,52.0,,Sales,71839.08,32.0,1.1,Medium,No,Hybrid,9.0,77.0,PhD,0
EMP05440,25.0,Male,Marketing,56460.75,16.0,3.73,Excellent,No,On-site,3.0,91.0,Master's,0
EMP05441,22.0,Male,Sales,72970.85,23.0,1.18,High,yes,Full Remote,5.0,15.0,nan,0
EMP05442,60.0,Male,Engineering,78899.46,5.0,2.53,High,No,On-site,9.0,78.0,Bachelor's,1
EMP05443,33.0,Female,,49102.6,7.0,3.92,Excellent,Yes,Hybrid,1.0,79.0,PhD,0
EMP05444,63.0,Male,Sales,86317.72,19.0,2.65,Low,No,On-site,5.0,38.0,Bachelor's,0
EMP05445,49.0,Female,Sales,69668.62,6.0,3.15,High,Yes,nan,7.0,18.0,High School,0
EMP05446,35.0,Female,Sales,27175.69,9.0,3.79,High,No,nan,6.0,94.0,Bachelor's,0
EMP05447,43.0,Male,Sales,0.0,34.0,2.06,Medium,Yes,On-site,8.0,55.0,High School,1
EMP05448,42.0,Male,Engineering,80307.8,7.0,3.2,Excellent,No,On-site,7.0,22.0,Bachelor's,0
EMP05449,47.0,Female,Sales,77645.46,35.0,3.07,Medium,No,On-site,8.0,43.0,Bachelor's,0
EMP05450,63.0,Female,,67615.71,32.0,1.18,Excellent,no,On-site,3.0,91.0,Master's,0
EMP05451,39.0,,Engineering,85705.34,33.0,2.12,Excellent,No,Hybrid,8.0,94.0,PhD,0
EMP05452,34.0,Female,Sales,62418.56,34.0,1.81,Medium,No,Hybrid,9.0,54.0,Bachelor's,0
EMP05453,61.0,Female,Marketing,39465.96,27.0,2.18,Excellent,No,On-site,3.0,14.0,Bachelor's,0
EMP05454,34.0,Female,engineering,42498.38,13.0,2.57,Medium,Yes,On-site,8.0,61.0,nan,0
EMP05455,46.0,Male,Finance,51291.0,3.0,3.64,High,yes,Full Remote,7.0,77.0,Associate,0
EMP05456,54.0,Male,HR,45161.91,9.0,3.4,High,Yes,Full Remote,6.0,88.0,Bachelor's,0
EMP05457,64.0,Male,Engineering,108888.87,14.0,,High,No,Full Remote,9.0,89.0,Bachelor's,0
EMP05458,37.0,Female,,81411.91,5.0,4.68,Medium,Yes,Hybrid,5.0,40.0,PhD,0
EMP05459,37.0,Female,Finance,77578.48,27.0,3.08,nan,Yes,On-site,8.0,94.0,PhD,1
EMP05460,24.0,Male,engineering,63423.51,26.0,3.78,High,No,On-site,2.0,39.0,Bachelor's,0
EMP05461,32.0,Male,engineering,27311.29,26.0,,Medium,No,Hybrid,5.0,57.0,Bachelor's,1
EMP05462,50.0,Male,Finance,82263.17,10.0,2.95,High,No,Full Remote,3.0,23.0,High School,0
EMP05463,43.0,Female,Engineering,44780.39,19.0,2.54,Excellent,no,Full Remote,9.0,8.0,Associate,0
EMP05464,60.0,Male,Engineering,57070.98,29.0,2.18,Excellent,Yes,Hybrid,1.0,79.0,Master's,0
EMP05465,53.0,Female,Marketing,81847.79,9.0,3.4,Excellent,No,Full Remote,,45.0,Master's,1
EMP05466,61.0,Female,,36687.26,26.0,2.7,High,No,Hybrid,3.0,68.0,Bachelor's,0
EMP05467,47.0,Male,HR,86563.0,11.0,3.62,High,No,Hybrid,6.0,67.0,Master's,0
EMP05468,24.0,Female,Marketing,59163.75,38.0,4.5,High,Yes,Hybrid,8.0,62.0,Bachelor's,1
EMP05469,43.0,Male,Sales,49635.25,2.0,2.88,Low,No,Hybrid,6.0,77.0,Associate,0
EMP05470,45.0,Male,Finance,63893.58,30.0,3.73,High,No,On-site,6.0,70.0,Bachelor's,0
EMP05471,23.0,,Engineering,88200.5,0.0,4.25,High,Yes,Full Remote,8.0,29.0,Master's,0
EMP05472,46.0,Male,,39311.5,13.0,3.95,Medium,No,Full Remote,8.0,49.0,PhD,0
EMP05473,40.0,Female,,78912.85,11.0,4.99,Medium,yes,Full Remote,7.0,63.0,Bachelor's,1
EMP05474,38.0,Female,engineering,35898.18,38.0,1.84,High,no,On-site,5.0,99.0,Master's,0
EMP05475,55.0,Male,Sales,70496.62,12.0,3.72,Medium,No,Full Remote,7.0,9.0,Bachelor's,0
EMP05476,38.0,Male,Engineering,80116.0,8.0,4.24,High,Yes,Hybrid,6.0,22.0,Master's,0
EMP05477,38.0,,Marketing,82461.5,27.0,,Low,No,Hybrid,1.0,96.0,High School,0
EMP05478,52.0,Male,Sales,37908.39,27.0,4.05,Low,Yes,On-site,5.0,5.0,Bachelor's,0
EMP05479,37.0,Male,Sales,78076.79,28.0,1.6,Medium,No,On-site,5.0,25.0,Bachelor's,0
EMP05480,34.0,Prefer not to say,engineering,71083.98,15.0,1.35,Medium,yes,Hybrid,6.0,76.0,Bachelor's,0
EMP05481,34.0,Male,Finance,54841.03,0.0,2.0,Excellent,Yes,On-site,1.0,53.0,High School,0
EMP05482,26.0,Male,Marketing,82745.25,14.0,4.88,Excellent,no,nan,4.0,97.0,Master's,0
EMP05483,,Female,Engineering,66917.92,16.0,1.55,Excellent,no,On-site,4.0,85.0,Bachelor's,1
EMP05484,47.0,Female,Marketing,93878.22,32.0,4.1,Excellent,No,Hybrid,2.0,5.0,PhD,0
EMP05485,60.0,Male,Marketing,52695.86,1.0,4.4,High,No,Hybrid,2.0,70.0,Master's,0
EMP05486,32.0,Male,HR,55942.27,15.0,3.71,High,Yes,On-site,6.0,29.0,Master's,1
EMP05487,59.0,Male,Sales,72879.17,39.0,1.22,Excellent,,nan,1.0,81.0,Master's,0
EMP05488,35.0,Female,HR,60368.35,9.0,4.47,Medium,No,Hybrid,9.0,37.0,PhD,0
EMP05489,31.0,Female,HR,76603.09,2.0,2.67,Low,Yes,On-site,2.0,83.0,Bachelor's,0
EMP05490,31.0,Male,Sales,56943.51,34.0,3.59,Medium,yes,Full Remote,2.0,72.0,Master's,0
EMP05491,36.0,Non-binary,Sales,65348.0,10.0,4.86,Medium,No,On-site,3.0,7.0,Master's,0
EMP05492,57.0,Male,SALES,77168.03,14.0,3.98,Low,Yes,On-site,5.0,20.0,Master's,0
EMP05493,45.0,Male,engineering,84251.57,7.0,4.72,High,no,Hybrid,1.0,82.0,Master's,0
EMP05494,60.0,,,53265.54,14.0,2.71,High,No,On-site,5.0,6.0,Bachelor's,0
EMP05495,61.0,Female,Finance,49062.14,22.0,3.19,High,no,On-site,6.0,43.0,PhD,0
EMP05496,33.0,Non-binary,SALES,74248.33,4.0,3.25,High,yes,Hybrid,7.0,88.0,Bachelor's,0
EMP05497,61.0,Non-binary,Finance,55771.73,28.0,4.2,Excellent,Yes,Hybrid,3.0,37.0,PhD,0
EMP05498,27.0,Female,Sales,42080.32,35.0,3.43,High,No,On-site,9.0,74.0,nan,0
EMP05499,48.0,Male,SALES,69715.19,25.0,4.6,Low,,Hybrid,7.0,32.0,Master's,0
